ISO-10303-21;
HEADER;
/* Generated by software containing ST-Developer
 * from STEP Tools, Inc. (www.steptools.com) 
 */

FILE_DESCRIPTION(
/* description */ (''),
/* implementation_level */ '2;1');

FILE_NAME(
/* name */ 'belt_guide.step',
/* time_stamp */ '2026-08-14T19:14:28+09:00',
/* author */ (''),
/* organization */ (''),
/* preprocessor_version */ 'ST-DEVELOPER v20.1',
/* originating_system */ 'Autodesk Translation Framework v15.8.0.0',
/* authorisation */ '');

FILE_SCHEMA (('AUTOMOTIVE_DESIGN { 1 0 10303 214 3 1 1 }'));
ENDSEC;

DATA;
#10=MECHANICAL_DESIGN_GEOMETRIC_PRESENTATION_REPRESENTATION('',(#15,#16),
#3895);
#11=SHAPE_REPRESENTATION_RELATIONSHIP('SRR','None',#3902,#12);
#12=ADVANCED_BREP_SHAPE_REPRESENTATION('',(#17,#14),#3894);
#13=ORIENTED_CLOSED_SHELL('',*,#2250,.F.);
#14=BREP_WITH_VOIDS('Body3',#2249,(#13));
#15=STYLED_ITEM('',(#3911),#17);
#16=STYLED_ITEM('',(#3911),#14);
#17=MANIFOLD_SOLID_BREP('Body1',#2248);
#18=SPHERICAL_SURFACE('',#2279,4.);
#19=SPHERICAL_SURFACE('',#2281,4.);
#20=SPHERICAL_SURFACE('',#2290,4.);
#21=SPHERICAL_SURFACE('',#2293,4.);
#22=SPHERICAL_SURFACE('',#2315,4.);
#23=SPHERICAL_SURFACE('',#2317,4.);
#24=SPHERICAL_SURFACE('',#2338,4.);
#25=SPHERICAL_SURFACE('',#2339,4.);
#26=SPHERICAL_SURFACE('',#2348,4.);
#27=SPHERICAL_SURFACE('',#2350,4.);
#28=SPHERICAL_SURFACE('',#2354,4.);
#29=SPHERICAL_SURFACE('',#2363,4.);
#30=SPHERICAL_SURFACE('',#2366,4.);
#31=SPHERICAL_SURFACE('',#2369,4.);
#32=SPHERICAL_SURFACE('',#2381,4.);
#33=SPHERICAL_SURFACE('',#2383,4.);
#34=SPHERICAL_SURFACE('',#2402,0.999999999999999);
#35=SPHERICAL_SURFACE('',#2404,0.999999999999999);
#36=SPHERICAL_SURFACE('',#2413,1.);
#37=SPHERICAL_SURFACE('',#2416,1.);
#38=SPHERICAL_SURFACE('',#2440,1.);
#39=SPHERICAL_SURFACE('',#2442,0.999999999999999);
#40=SPHERICAL_SURFACE('',#2463,1.);
#41=SPHERICAL_SURFACE('',#2464,1.);
#42=SPHERICAL_SURFACE('',#2472,1.);
#43=SPHERICAL_SURFACE('',#2474,1.);
#44=SPHERICAL_SURFACE('',#2478,1.);
#45=SPHERICAL_SURFACE('',#2486,1.);
#46=SPHERICAL_SURFACE('',#2489,1.);
#47=SPHERICAL_SURFACE('',#2492,1.);
#48=SPHERICAL_SURFACE('',#2504,1.);
#49=ELLIPSE('',#2272,5.65685424949238,4.);
#50=ELLIPSE('',#2275,5.65685424949238,4.);
#51=ELLIPSE('',#2297,5.65685424949238,4.);
#52=ELLIPSE('',#2300,5.65685424949238,4.);
#53=ELLIPSE('',#2307,5.65685424949238,4.);
#54=ELLIPSE('',#2321,5.65685424949238,4.);
#55=ELLIPSE('',#2324,5.65685424949238,4.);
#56=ELLIPSE('',#2361,5.65685424949238,4.);
#57=ELLIPSE('',#2394,1.41421356237309,1.);
#58=ELLIPSE('',#2397,1.41421356237309,1.);
#59=ELLIPSE('',#2420,1.4142135623731,1.);
#60=ELLIPSE('',#2423,1.4142135623731,1.);
#61=ELLIPSE('',#2431,1.4142135623731,1.);
#62=ELLIPSE('',#2446,1.4142135623731,0.999999999999999);
#63=ELLIPSE('',#2449,1.41421356237309,1.);
#64=ELLIPSE('',#2461,1.41421356237309,0.999999999999999);
#65=CYLINDRICAL_SURFACE('',#2268,5.);
#66=CYLINDRICAL_SURFACE('',#2270,4.);
#67=CYLINDRICAL_SURFACE('',#2273,4.);
#68=CYLINDRICAL_SURFACE('',#2276,4.);
#69=CYLINDRICAL_SURFACE('',#2284,4.);
#70=CYLINDRICAL_SURFACE('',#2287,4.);
#71=CYLINDRICAL_SURFACE('',#2296,4.);
#72=CYLINDRICAL_SURFACE('',#2298,4.);
#73=CYLINDRICAL_SURFACE('',#2299,4.);
#74=CYLINDRICAL_SURFACE('',#2302,4.);
#75=CYLINDRICAL_SURFACE('',#2305,4.);
#76=CYLINDRICAL_SURFACE('',#2308,4.);
#77=CYLINDRICAL_SURFACE('',#2310,4.);
#78=CYLINDRICAL_SURFACE('',#2313,4.);
#79=CYLINDRICAL_SURFACE('',#2319,4.);
#80=CYLINDRICAL_SURFACE('',#2322,4.);
#81=CYLINDRICAL_SURFACE('',#2325,4.);
#82=CYLINDRICAL_SURFACE('',#2328,4.);
#83=CYLINDRICAL_SURFACE('',#2330,4.);
#84=CYLINDRICAL_SURFACE('',#2332,4.);
#85=CYLINDRICAL_SURFACE('',#2335,4.);
#86=CYLINDRICAL_SURFACE('',#2341,4.);
#87=CYLINDRICAL_SURFACE('',#2343,4.);
#88=CYLINDRICAL_SURFACE('',#2345,4.);
#89=CYLINDRICAL_SURFACE('',#2356,4.);
#90=CYLINDRICAL_SURFACE('',#2359,4.);
#91=CYLINDRICAL_SURFACE('',#2368,4.);
#92=CYLINDRICAL_SURFACE('',#2372,4.);
#93=CYLINDRICAL_SURFACE('',#2373,4.);
#94=CYLINDRICAL_SURFACE('',#2374,4.);
#95=CYLINDRICAL_SURFACE('',#2376,4.);
#96=CYLINDRICAL_SURFACE('',#2379,4.);
#97=CYLINDRICAL_SURFACE('',#2385,4.);
#98=CYLINDRICAL_SURFACE('',#2391,2.);
#99=CYLINDRICAL_SURFACE('',#2393,1.);
#100=CYLINDRICAL_SURFACE('',#2396,0.999999999999999);
#101=CYLINDRICAL_SURFACE('',#2399,1.);
#102=CYLINDRICAL_SURFACE('',#2407,1.);
#103=CYLINDRICAL_SURFACE('',#2410,0.999999999999999);
#104=CYLINDRICAL_SURFACE('',#2419,1.);
#105=CYLINDRICAL_SURFACE('',#2421,0.999999999999999);
#106=CYLINDRICAL_SURFACE('',#2422,1.);
#107=CYLINDRICAL_SURFACE('',#2427,1.);
#108=CYLINDRICAL_SURFACE('',#2430,1.);
#109=CYLINDRICAL_SURFACE('',#2433,1.);
#110=CYLINDRICAL_SURFACE('',#2435,0.999999999999999);
#111=CYLINDRICAL_SURFACE('',#2438,1.);
#112=CYLINDRICAL_SURFACE('',#2444,1.);
#113=CYLINDRICAL_SURFACE('',#2447,1.);
#114=CYLINDRICAL_SURFACE('',#2450,1.);
#115=CYLINDRICAL_SURFACE('',#2453,1.);
#116=CYLINDRICAL_SURFACE('',#2455,1.);
#117=CYLINDRICAL_SURFACE('',#2457,1.);
#118=CYLINDRICAL_SURFACE('',#2460,1.);
#119=CYLINDRICAL_SURFACE('',#2466,0.999999999999999);
#120=CYLINDRICAL_SURFACE('',#2467,0.999999999999999);
#121=CYLINDRICAL_SURFACE('',#2469,1.);
#122=CYLINDRICAL_SURFACE('',#2480,1.);
#123=CYLINDRICAL_SURFACE('',#2483,0.999999999999999);
#124=CYLINDRICAL_SURFACE('',#2491,1.);
#125=CYLINDRICAL_SURFACE('',#2495,1.);
#126=CYLINDRICAL_SURFACE('',#2496,1.);
#127=CYLINDRICAL_SURFACE('',#2497,1.);
#128=CYLINDRICAL_SURFACE('',#2499,1.);
#129=CYLINDRICAL_SURFACE('',#2502,1.);
#130=CIRCLE('',#2267,5.);
#131=CIRCLE('',#2269,5.);
#132=CIRCLE('',#2271,4.);
#133=CIRCLE('',#2274,4.);
#134=CIRCLE('',#2277,4.);
#135=CIRCLE('',#2278,4.);
#136=CIRCLE('',#2280,4.);
#137=CIRCLE('',#2282,4.);
#138=CIRCLE('',#2285,4.);
#139=CIRCLE('',#2288,4.);
#140=CIRCLE('',#2291,4.);
#141=CIRCLE('',#2292,4.);
#142=CIRCLE('',#2294,4.);
#143=CIRCLE('',#2295,4.);
#144=CIRCLE('',#2303,4.);
#145=CIRCLE('',#2304,4.);
#146=CIRCLE('',#2306,4.);
#147=CIRCLE('',#2309,4.);
#148=CIRCLE('',#2311,4.);
#149=CIRCLE('',#2312,4.);
#150=CIRCLE('',#2314,4.);
#151=CIRCLE('',#2316,4.);
#152=CIRCLE('',#2318,4.);
#153=CIRCLE('',#2320,4.);
#154=CIRCLE('',#2323,4.);
#155=CIRCLE('',#2326,4.);
#156=CIRCLE('',#2327,4.);
#157=CIRCLE('',#2329,4.);
#158=CIRCLE('',#2331,4.);
#159=CIRCLE('',#2333,4.);
#160=CIRCLE('',#2336,4.);
#161=CIRCLE('',#2337,4.);
#162=CIRCLE('',#2340,4.);
#163=CIRCLE('',#2342,4.);
#164=CIRCLE('',#2344,4.);
#165=CIRCLE('',#2346,4.);
#166=CIRCLE('',#2349,4.);
#167=CIRCLE('',#2351,4.);
#168=CIRCLE('',#2355,4.);
#169=CIRCLE('',#2357,4.);
#170=CIRCLE('',#2360,4.);
#171=CIRCLE('',#2364,4.);
#172=CIRCLE('',#2365,4.);
#173=CIRCLE('',#2367,4.);
#174=CIRCLE('',#2370,4.);
#175=CIRCLE('',#2371,4.);
#176=CIRCLE('',#2375,4.);
#177=CIRCLE('',#2377,4.);
#178=CIRCLE('',#2380,4.);
#179=CIRCLE('',#2384,4.);
#180=CIRCLE('',#2390,2.);
#181=CIRCLE('',#2392,2.);
#182=CIRCLE('',#2395,0.999999999999998);
#183=CIRCLE('',#2398,0.999999999999999);
#184=CIRCLE('',#2400,0.999999999999998);
#185=CIRCLE('',#2401,0.999999999999998);
#186=CIRCLE('',#2403,0.999999999999998);
#187=CIRCLE('',#2405,0.999999999999998);
#188=CIRCLE('',#2408,1.);
#189=CIRCLE('',#2411,1.);
#190=CIRCLE('',#2414,0.999999999999999);
#191=CIRCLE('',#2415,1.);
#192=CIRCLE('',#2417,0.999999999999999);
#193=CIRCLE('',#2418,1.);
#194=CIRCLE('',#2425,0.999999999999999);
#195=CIRCLE('',#2428,1.);
#196=CIRCLE('',#2429,1.);
#197=CIRCLE('',#2432,0.999999999999998);
#198=CIRCLE('',#2434,1.);
#199=CIRCLE('',#2436,1.);
#200=CIRCLE('',#2437,1.);
#201=CIRCLE('',#2439,1.);
#202=CIRCLE('',#2441,1.);
#203=CIRCLE('',#2443,1.);
#204=CIRCLE('',#2445,1.);
#205=CIRCLE('',#2448,1.);
#206=CIRCLE('',#2451,1.);
#207=CIRCLE('',#2452,1.);
#208=CIRCLE('',#2454,1.);
#209=CIRCLE('',#2456,1.);
#210=CIRCLE('',#2458,1.);
#211=CIRCLE('',#2462,1.);
#212=CIRCLE('',#2465,1.);
#213=CIRCLE('',#2468,1.);
#214=CIRCLE('',#2470,1.);
#215=CIRCLE('',#2473,0.999999999999999);
#216=CIRCLE('',#2475,1.);
#217=CIRCLE('',#2479,0.999999999999999);
#218=CIRCLE('',#2481,0.999999999999999);
#219=CIRCLE('',#2484,1.);
#220=CIRCLE('',#2487,1.);
#221=CIRCLE('',#2488,0.999999999999999);
#222=CIRCLE('',#2490,0.999999999999999);
#223=CIRCLE('',#2493,0.999999999999999);
#224=CIRCLE('',#2494,0.999999999999999);
#225=CIRCLE('',#2498,0.999999999999999);
#226=CIRCLE('',#2500,1.);
#227=CIRCLE('',#2503,0.999999999999999);
#228=FACE_BOUND('',#387,.T.);
#229=FACE_BOUND('',#428,.T.);
#230=FACE_BOUND('',#453,.T.);
#231=FACE_BOUND('',#496,.T.);
#232=FACE_BOUND('',#521,.T.);
#233=FACE_BOUND('',#535,.T.);
#234=FACE_BOUND('',#537,.T.);
#235=FACE_OUTER_BOUND('',#386,.T.);
#236=FACE_OUTER_BOUND('',#388,.T.);
#237=FACE_OUTER_BOUND('',#389,.T.);
#238=FACE_OUTER_BOUND('',#390,.T.);
#239=FACE_OUTER_BOUND('',#391,.T.);
#240=FACE_OUTER_BOUND('',#392,.T.);
#241=FACE_OUTER_BOUND('',#393,.T.);
#242=FACE_OUTER_BOUND('',#394,.T.);
#243=FACE_OUTER_BOUND('',#395,.T.);
#244=FACE_OUTER_BOUND('',#396,.T.);
#245=FACE_OUTER_BOUND('',#397,.T.);
#246=FACE_OUTER_BOUND('',#398,.T.);
#247=FACE_OUTER_BOUND('',#399,.T.);
#248=FACE_OUTER_BOUND('',#400,.T.);
#249=FACE_OUTER_BOUND('',#401,.T.);
#250=FACE_OUTER_BOUND('',#402,.T.);
#251=FACE_OUTER_BOUND('',#403,.T.);
#252=FACE_OUTER_BOUND('',#404,.T.);
#253=FACE_OUTER_BOUND('',#405,.T.);
#254=FACE_OUTER_BOUND('',#406,.T.);
#255=FACE_OUTER_BOUND('',#407,.T.);
#256=FACE_OUTER_BOUND('',#408,.T.);
#257=FACE_OUTER_BOUND('',#409,.T.);
#258=FACE_OUTER_BOUND('',#410,.T.);
#259=FACE_OUTER_BOUND('',#411,.T.);
#260=FACE_OUTER_BOUND('',#412,.T.);
#261=FACE_OUTER_BOUND('',#413,.T.);
#262=FACE_OUTER_BOUND('',#414,.T.);
#263=FACE_OUTER_BOUND('',#415,.T.);
#264=FACE_OUTER_BOUND('',#416,.T.);
#265=FACE_OUTER_BOUND('',#417,.T.);
#266=FACE_OUTER_BOUND('',#418,.T.);
#267=FACE_OUTER_BOUND('',#419,.T.);
#268=FACE_OUTER_BOUND('',#420,.T.);
#269=FACE_OUTER_BOUND('',#421,.T.);
#270=FACE_OUTER_BOUND('',#422,.T.);
#271=FACE_OUTER_BOUND('',#423,.T.);
#272=FACE_OUTER_BOUND('',#424,.T.);
#273=FACE_OUTER_BOUND('',#425,.T.);
#274=FACE_OUTER_BOUND('',#426,.T.);
#275=FACE_OUTER_BOUND('',#427,.T.);
#276=FACE_OUTER_BOUND('',#429,.T.);
#277=FACE_OUTER_BOUND('',#430,.T.);
#278=FACE_OUTER_BOUND('',#431,.T.);
#279=FACE_OUTER_BOUND('',#432,.T.);
#280=FACE_OUTER_BOUND('',#433,.T.);
#281=FACE_OUTER_BOUND('',#434,.T.);
#282=FACE_OUTER_BOUND('',#435,.T.);
#283=FACE_OUTER_BOUND('',#436,.T.);
#284=FACE_OUTER_BOUND('',#437,.T.);
#285=FACE_OUTER_BOUND('',#438,.T.);
#286=FACE_OUTER_BOUND('',#439,.T.);
#287=FACE_OUTER_BOUND('',#440,.T.);
#288=FACE_OUTER_BOUND('',#441,.T.);
#289=FACE_OUTER_BOUND('',#442,.T.);
#290=FACE_OUTER_BOUND('',#443,.T.);
#291=FACE_OUTER_BOUND('',#444,.T.);
#292=FACE_OUTER_BOUND('',#445,.T.);
#293=FACE_OUTER_BOUND('',#446,.T.);
#294=FACE_OUTER_BOUND('',#447,.T.);
#295=FACE_OUTER_BOUND('',#448,.T.);
#296=FACE_OUTER_BOUND('',#449,.T.);
#297=FACE_OUTER_BOUND('',#450,.T.);
#298=FACE_OUTER_BOUND('',#451,.T.);
#299=FACE_OUTER_BOUND('',#452,.T.);
#300=FACE_OUTER_BOUND('',#454,.T.);
#301=FACE_OUTER_BOUND('',#455,.T.);
#302=FACE_OUTER_BOUND('',#456,.T.);
#303=FACE_OUTER_BOUND('',#457,.T.);
#304=FACE_OUTER_BOUND('',#458,.T.);
#305=FACE_OUTER_BOUND('',#459,.T.);
#306=FACE_OUTER_BOUND('',#460,.T.);
#307=FACE_OUTER_BOUND('',#461,.T.);
#308=FACE_OUTER_BOUND('',#462,.T.);
#309=FACE_OUTER_BOUND('',#463,.T.);
#310=FACE_OUTER_BOUND('',#464,.T.);
#311=FACE_OUTER_BOUND('',#465,.T.);
#312=FACE_OUTER_BOUND('',#466,.T.);
#313=FACE_OUTER_BOUND('',#467,.T.);
#314=FACE_OUTER_BOUND('',#468,.T.);
#315=FACE_OUTER_BOUND('',#469,.T.);
#316=FACE_OUTER_BOUND('',#470,.T.);
#317=FACE_OUTER_BOUND('',#471,.T.);
#318=FACE_OUTER_BOUND('',#472,.T.);
#319=FACE_OUTER_BOUND('',#473,.T.);
#320=FACE_OUTER_BOUND('',#474,.T.);
#321=FACE_OUTER_BOUND('',#475,.T.);
#322=FACE_OUTER_BOUND('',#476,.T.);
#323=FACE_OUTER_BOUND('',#477,.T.);
#324=FACE_OUTER_BOUND('',#478,.T.);
#325=FACE_OUTER_BOUND('',#479,.T.);
#326=FACE_OUTER_BOUND('',#480,.T.);
#327=FACE_OUTER_BOUND('',#481,.T.);
#328=FACE_OUTER_BOUND('',#482,.T.);
#329=FACE_OUTER_BOUND('',#483,.T.);
#330=FACE_OUTER_BOUND('',#484,.T.);
#331=FACE_OUTER_BOUND('',#485,.T.);
#332=FACE_OUTER_BOUND('',#486,.T.);
#333=FACE_OUTER_BOUND('',#487,.T.);
#334=FACE_OUTER_BOUND('',#488,.T.);
#335=FACE_OUTER_BOUND('',#489,.T.);
#336=FACE_OUTER_BOUND('',#490,.T.);
#337=FACE_OUTER_BOUND('',#491,.T.);
#338=FACE_OUTER_BOUND('',#492,.T.);
#339=FACE_OUTER_BOUND('',#493,.T.);
#340=FACE_OUTER_BOUND('',#494,.T.);
#341=FACE_OUTER_BOUND('',#495,.T.);
#342=FACE_OUTER_BOUND('',#497,.T.);
#343=FACE_OUTER_BOUND('',#498,.T.);
#344=FACE_OUTER_BOUND('',#499,.T.);
#345=FACE_OUTER_BOUND('',#500,.T.);
#346=FACE_OUTER_BOUND('',#501,.T.);
#347=FACE_OUTER_BOUND('',#502,.T.);
#348=FACE_OUTER_BOUND('',#503,.T.);
#349=FACE_OUTER_BOUND('',#504,.T.);
#350=FACE_OUTER_BOUND('',#505,.T.);
#351=FACE_OUTER_BOUND('',#506,.T.);
#352=FACE_OUTER_BOUND('',#507,.T.);
#353=FACE_OUTER_BOUND('',#508,.T.);
#354=FACE_OUTER_BOUND('',#509,.T.);
#355=FACE_OUTER_BOUND('',#510,.T.);
#356=FACE_OUTER_BOUND('',#511,.T.);
#357=FACE_OUTER_BOUND('',#512,.T.);
#358=FACE_OUTER_BOUND('',#513,.T.);
#359=FACE_OUTER_BOUND('',#514,.T.);
#360=FACE_OUTER_BOUND('',#515,.T.);
#361=FACE_OUTER_BOUND('',#516,.T.);
#362=FACE_OUTER_BOUND('',#517,.T.);
#363=FACE_OUTER_BOUND('',#518,.T.);
#364=FACE_OUTER_BOUND('',#519,.T.);
#365=FACE_OUTER_BOUND('',#520,.T.);
#366=FACE_OUTER_BOUND('',#522,.T.);
#367=FACE_OUTER_BOUND('',#523,.T.);
#368=FACE_OUTER_BOUND('',#524,.T.);
#369=FACE_OUTER_BOUND('',#525,.T.);
#370=FACE_OUTER_BOUND('',#526,.T.);
#371=FACE_OUTER_BOUND('',#527,.T.);
#372=FACE_OUTER_BOUND('',#528,.T.);
#373=FACE_OUTER_BOUND('',#529,.T.);
#374=FACE_OUTER_BOUND('',#530,.T.);
#375=FACE_OUTER_BOUND('',#531,.T.);
#376=FACE_OUTER_BOUND('',#532,.T.);
#377=FACE_OUTER_BOUND('',#533,.T.);
#378=FACE_OUTER_BOUND('',#534,.T.);
#379=FACE_OUTER_BOUND('',#536,.T.);
#380=FACE_OUTER_BOUND('',#538,.T.);
#381=FACE_OUTER_BOUND('',#539,.T.);
#382=FACE_OUTER_BOUND('',#540,.T.);
#383=FACE_OUTER_BOUND('',#541,.T.);
#384=FACE_OUTER_BOUND('',#542,.T.);
#385=FACE_OUTER_BOUND('',#543,.T.);
#386=EDGE_LOOP('',(#1420,#1421,#1422,#1423,#1424,#1425,#1426,#1427,#1428,
#1429,#1430,#1431));
#387=EDGE_LOOP('',(#1432,#1433,#1434,#1435));
#388=EDGE_LOOP('',(#1436,#1437,#1438,#1439));
#389=EDGE_LOOP('',(#1440));
#390=EDGE_LOOP('',(#1441,#1442,#1443,#1444));
#391=EDGE_LOOP('',(#1445,#1446,#1447,#1448));
#392=EDGE_LOOP('',(#1449,#1450,#1451,#1452));
#393=EDGE_LOOP('',(#1453,#1454,#1455,#1456));
#394=EDGE_LOOP('',(#1457,#1458,#1459));
#395=EDGE_LOOP('',(#1460,#1461,#1462));
#396=EDGE_LOOP('',(#1463,#1464,#1465,#1466));
#397=EDGE_LOOP('',(#1467,#1468,#1469,#1470));
#398=EDGE_LOOP('',(#1471,#1472,#1473,#1474));
#399=EDGE_LOOP('',(#1475,#1476,#1477,#1478));
#400=EDGE_LOOP('',(#1479,#1480,#1481,#1482));
#401=EDGE_LOOP('',(#1483,#1484,#1485));
#402=EDGE_LOOP('',(#1486,#1487,#1488));
#403=EDGE_LOOP('',(#1489,#1490,#1491,#1492));
#404=EDGE_LOOP('',(#1493,#1494,#1495,#1496));
#405=EDGE_LOOP('',(#1497,#1498,#1499,#1500));
#406=EDGE_LOOP('',(#1501,#1502,#1503,#1504));
#407=EDGE_LOOP('',(#1505,#1506,#1507,#1508));
#408=EDGE_LOOP('',(#1509,#1510,#1511,#1512));
#409=EDGE_LOOP('',(#1513,#1514,#1515,#1516));
#410=EDGE_LOOP('',(#1517,#1518,#1519,#1520));
#411=EDGE_LOOP('',(#1521,#1522,#1523,#1524));
#412=EDGE_LOOP('',(#1525,#1526,#1527));
#413=EDGE_LOOP('',(#1528,#1529,#1530));
#414=EDGE_LOOP('',(#1531,#1532,#1533,#1534));
#415=EDGE_LOOP('',(#1535,#1536,#1537,#1538));
#416=EDGE_LOOP('',(#1539,#1540,#1541,#1542));
#417=EDGE_LOOP('',(#1543,#1544,#1545,#1546));
#418=EDGE_LOOP('',(#1547,#1548,#1549,#1550));
#419=EDGE_LOOP('',(#1551,#1552,#1553,#1554));
#420=EDGE_LOOP('',(#1555,#1556,#1557,#1558));
#421=EDGE_LOOP('',(#1559,#1560,#1561,#1562));
#422=EDGE_LOOP('',(#1563,#1564,#1565));
#423=EDGE_LOOP('',(#1566,#1567,#1568));
#424=EDGE_LOOP('',(#1569,#1570,#1571,#1572));
#425=EDGE_LOOP('',(#1573,#1574,#1575,#1576));
#426=EDGE_LOOP('',(#1577,#1578,#1579,#1580));
#427=EDGE_LOOP('',(#1581,#1582,#1583,#1584));
#428=EDGE_LOOP('',(#1585));
#429=EDGE_LOOP('',(#1586,#1587,#1588));
#430=EDGE_LOOP('',(#1589,#1590,#1591));
#431=EDGE_LOOP('',(#1592,#1593,#1594,#1595));
#432=EDGE_LOOP('',(#1596,#1597,#1598,#1599));
#433=EDGE_LOOP('',(#1600,#1601,#1602));
#434=EDGE_LOOP('',(#1603,#1604,#1605,#1606));
#435=EDGE_LOOP('',(#1607,#1608,#1609,#1610));
#436=EDGE_LOOP('',(#1611,#1612,#1613,#1614));
#437=EDGE_LOOP('',(#1615,#1616,#1617,#1618,#1619,#1620,#1621,#1622,#1623,
#1624,#1625,#1626));
#438=EDGE_LOOP('',(#1627,#1628,#1629));
#439=EDGE_LOOP('',(#1630,#1631,#1632));
#440=EDGE_LOOP('',(#1633,#1634,#1635,#1636));
#441=EDGE_LOOP('',(#1637,#1638,#1639));
#442=EDGE_LOOP('',(#1640,#1641,#1642,#1643));
#443=EDGE_LOOP('',(#1644,#1645,#1646,#1647));
#444=EDGE_LOOP('',(#1648,#1649,#1650,#1651));
#445=EDGE_LOOP('',(#1652,#1653,#1654,#1655));
#446=EDGE_LOOP('',(#1656,#1657,#1658,#1659));
#447=EDGE_LOOP('',(#1660,#1661,#1662,#1663));
#448=EDGE_LOOP('',(#1664,#1665,#1666));
#449=EDGE_LOOP('',(#1667,#1668,#1669,#1670));
#450=EDGE_LOOP('',(#1671,#1672,#1673));
#451=EDGE_LOOP('',(#1674,#1675,#1676,#1677));
#452=EDGE_LOOP('',(#1678,#1679,#1680,#1681,#1682,#1683,#1684,#1685,#1686,
#1687,#1688,#1689));
#453=EDGE_LOOP('',(#1690,#1691,#1692,#1693));
#454=EDGE_LOOP('',(#1694,#1695,#1696,#1697));
#455=EDGE_LOOP('',(#1698,#1699,#1700,#1701));
#456=EDGE_LOOP('',(#1702));
#457=EDGE_LOOP('',(#1703,#1704,#1705,#1706));
#458=EDGE_LOOP('',(#1707,#1708,#1709,#1710));
#459=EDGE_LOOP('',(#1711,#1712,#1713,#1714));
#460=EDGE_LOOP('',(#1715,#1716,#1717,#1718));
#461=EDGE_LOOP('',(#1719,#1720,#1721));
#462=EDGE_LOOP('',(#1722,#1723,#1724));
#463=EDGE_LOOP('',(#1725,#1726,#1727,#1728));
#464=EDGE_LOOP('',(#1729,#1730,#1731,#1732));
#465=EDGE_LOOP('',(#1733,#1734,#1735,#1736));
#466=EDGE_LOOP('',(#1737,#1738,#1739,#1740));
#467=EDGE_LOOP('',(#1741,#1742,#1743,#1744));
#468=EDGE_LOOP('',(#1745,#1746,#1747));
#469=EDGE_LOOP('',(#1748,#1749,#1750));
#470=EDGE_LOOP('',(#1751,#1752,#1753,#1754));
#471=EDGE_LOOP('',(#1755,#1756,#1757,#1758));
#472=EDGE_LOOP('',(#1759,#1760,#1761,#1762));
#473=EDGE_LOOP('',(#1763,#1764,#1765,#1766,#1767));
#474=EDGE_LOOP('',(#1768,#1769,#1770,#1771));
#475=EDGE_LOOP('',(#1772,#1773,#1774,#1775));
#476=EDGE_LOOP('',(#1776,#1777,#1778,#1779));
#477=EDGE_LOOP('',(#1780,#1781,#1782,#1783));
#478=EDGE_LOOP('',(#1784,#1785,#1786,#1787));
#479=EDGE_LOOP('',(#1788,#1789,#1790,#1791));
#480=EDGE_LOOP('',(#1792,#1793,#1794));
#481=EDGE_LOOP('',(#1795,#1796,#1797));
#482=EDGE_LOOP('',(#1798,#1799,#1800,#1801));
#483=EDGE_LOOP('',(#1802,#1803,#1804,#1805));
#484=EDGE_LOOP('',(#1806,#1807,#1808,#1809));
#485=EDGE_LOOP('',(#1810,#1811,#1812,#1813));
#486=EDGE_LOOP('',(#1814,#1815,#1816,#1817));
#487=EDGE_LOOP('',(#1818,#1819,#1820,#1821));
#488=EDGE_LOOP('',(#1822,#1823,#1824,#1825));
#489=EDGE_LOOP('',(#1826,#1827,#1828,#1829));
#490=EDGE_LOOP('',(#1830,#1831,#1832));
#491=EDGE_LOOP('',(#1833,#1834,#1835));
#492=EDGE_LOOP('',(#1836,#1837,#1838,#1839));
#493=EDGE_LOOP('',(#1840,#1841,#1842,#1843));
#494=EDGE_LOOP('',(#1844,#1845,#1846,#1847));
#495=EDGE_LOOP('',(#1848,#1849,#1850,#1851));
#496=EDGE_LOOP('',(#1852));
#497=EDGE_LOOP('',(#1853,#1854,#1855));
#498=EDGE_LOOP('',(#1856,#1857,#1858));
#499=EDGE_LOOP('',(#1859,#1860,#1861,#1862));
#500=EDGE_LOOP('',(#1863,#1864,#1865,#1866));
#501=EDGE_LOOP('',(#1867,#1868,#1869));
#502=EDGE_LOOP('',(#1870,#1871,#1872,#1873));
#503=EDGE_LOOP('',(#1874,#1875,#1876,#1877));
#504=EDGE_LOOP('',(#1878,#1879,#1880,#1881));
#505=EDGE_LOOP('',(#1882,#1883,#1884,#1885,#1886,#1887,#1888,#1889,#1890,
#1891,#1892,#1893));
#506=EDGE_LOOP('',(#1894,#1895,#1896));
#507=EDGE_LOOP('',(#1897,#1898,#1899));
#508=EDGE_LOOP('',(#1900,#1901,#1902,#1903));
#509=EDGE_LOOP('',(#1904,#1905,#1906));
#510=EDGE_LOOP('',(#1907,#1908,#1909,#1910));
#511=EDGE_LOOP('',(#1911,#1912,#1913,#1914));
#512=EDGE_LOOP('',(#1915,#1916,#1917,#1918));
#513=EDGE_LOOP('',(#1919,#1920,#1921,#1922));
#514=EDGE_LOOP('',(#1923,#1924,#1925,#1926));
#515=EDGE_LOOP('',(#1927,#1928,#1929,#1930));
#516=EDGE_LOOP('',(#1931,#1932,#1933));
#517=EDGE_LOOP('',(#1934,#1935,#1936,#1937));
#518=EDGE_LOOP('',(#1938,#1939,#1940,#1941));
#519=EDGE_LOOP('',(#1942,#1943,#1944,#1945));
#520=EDGE_LOOP('',(#1946,#1947,#1948,#1949));
#521=EDGE_LOOP('',(#1950,#1951,#1952,#1953));
#522=EDGE_LOOP('',(#1954,#1955,#1956,#1957));
#523=EDGE_LOOP('',(#1958,#1959,#1960,#1961));
#524=EDGE_LOOP('',(#1962,#1963,#1964,#1965));
#525=EDGE_LOOP('',(#1966,#1967,#1968,#1969));
#526=EDGE_LOOP('',(#1970,#1971,#1972,#1973));
#527=EDGE_LOOP('',(#1974,#1975,#1976,#1977));
#528=EDGE_LOOP('',(#1978,#1979,#1980,#1981));
#529=EDGE_LOOP('',(#1982,#1983,#1984,#1985));
#530=EDGE_LOOP('',(#1986,#1987,#1988,#1989));
#531=EDGE_LOOP('',(#1990,#1991,#1992,#1993));
#532=EDGE_LOOP('',(#1994,#1995,#1996,#1997));
#533=EDGE_LOOP('',(#1998,#1999,#2000,#2001));
#534=EDGE_LOOP('',(#2002,#2003,#2004,#2005));
#535=EDGE_LOOP('',(#2006,#2007,#2008,#2009));
#536=EDGE_LOOP('',(#2010,#2011,#2012,#2013));
#537=EDGE_LOOP('',(#2014,#2015,#2016,#2017));
#538=EDGE_LOOP('',(#2018,#2019,#2020,#2021));
#539=EDGE_LOOP('',(#2022,#2023,#2024,#2025));
#540=EDGE_LOOP('',(#2026,#2027,#2028,#2029));
#541=EDGE_LOOP('',(#2030,#2031,#2032,#2033));
#542=EDGE_LOOP('',(#2034,#2035,#2036,#2037));
#543=EDGE_LOOP('',(#2038,#2039,#2040,#2041));
#544=LINE('',#3262,#741);
#545=LINE('',#3264,#742);
#546=LINE('',#3266,#743);
#547=LINE('',#3268,#744);
#548=LINE('',#3270,#745);
#549=LINE('',#3272,#746);
#550=LINE('',#3274,#747);
#551=LINE('',#3276,#748);
#552=LINE('',#3278,#749);
#553=LINE('',#3280,#750);
#554=LINE('',#3282,#751);
#555=LINE('',#3283,#752);
#556=LINE('',#3286,#753);
#557=LINE('',#3288,#754);
#558=LINE('',#3290,#755);
#559=LINE('',#3291,#756);
#560=LINE('',#3295,#757);
#561=LINE('',#3297,#758);
#562=LINE('',#3299,#759);
#563=LINE('',#3300,#760);
#564=LINE('',#3306,#761);
#565=LINE('',#3311,#762);
#566=LINE('',#3315,#763);
#567=LINE('',#3320,#764);
#568=LINE('',#3324,#765);
#569=LINE('',#3329,#766);
#570=LINE('',#3332,#767);
#571=LINE('',#3340,#768);
#572=LINE('',#3341,#769);
#573=LINE('',#3342,#770);
#574=LINE('',#3346,#771);
#575=LINE('',#3349,#772);
#576=LINE('',#3350,#773);
#577=LINE('',#3354,#774);
#578=LINE('',#3357,#775);
#579=LINE('',#3358,#776);
#580=LINE('',#3372,#777);
#581=LINE('',#3374,#778);
#582=LINE('',#3375,#779);
#583=LINE('',#3380,#780);
#584=LINE('',#3388,#781);
#585=LINE('',#3393,#782);
#586=LINE('',#3406,#783);
#587=LINE('',#3412,#784);
#588=LINE('',#3417,#785);
#589=LINE('',#3422,#786);
#590=LINE('',#3426,#787);
#591=LINE('',#3430,#788);
#592=LINE('',#3433,#789);
#593=LINE('',#3434,#790);
#594=LINE('',#3438,#791);
#595=LINE('',#3446,#792);
#596=LINE('',#3450,#793);
#597=LINE('',#3454,#794);
#598=LINE('',#3457,#795);
#599=LINE('',#3458,#796);
#600=LINE('',#3466,#797);
#601=LINE('',#3467,#798);
#602=LINE('',#3468,#799);
#603=LINE('',#3471,#800);
#604=LINE('',#3472,#801);
#605=LINE('',#3479,#802);
#606=LINE('',#3481,#803);
#607=LINE('',#3482,#804);
#608=LINE('',#3488,#805);
#609=LINE('',#3490,#806);
#610=LINE('',#3492,#807);
#611=LINE('',#3493,#808);
#612=LINE('',#3495,#809);
#613=LINE('',#3496,#810);
#614=LINE('',#3513,#811);
#615=LINE('',#3515,#812);
#616=LINE('',#3520,#813);
#617=LINE('',#3527,#814);
#618=LINE('',#3529,#815);
#619=LINE('',#3531,#816);
#620=LINE('',#3533,#817);
#621=LINE('',#3535,#818);
#622=LINE('',#3537,#819);
#623=LINE('',#3539,#820);
#624=LINE('',#3541,#821);
#625=LINE('',#3543,#822);
#626=LINE('',#3545,#823);
#627=LINE('',#3547,#824);
#628=LINE('',#3548,#825);
#629=LINE('',#3551,#826);
#630=LINE('',#3553,#827);
#631=LINE('',#3555,#828);
#632=LINE('',#3556,#829);
#633=LINE('',#3560,#830);
#634=LINE('',#3562,#831);
#635=LINE('',#3564,#832);
#636=LINE('',#3565,#833);
#637=LINE('',#3567,#834);
#638=LINE('',#3568,#835);
#639=LINE('',#3575,#836);
#640=LINE('',#3579,#837);
#641=LINE('',#3583,#838);
#642=LINE('',#3588,#839);
#643=LINE('',#3592,#840);
#644=LINE('',#3598,#841);
#645=LINE('',#3600,#842);
#646=LINE('',#3608,#843);
#647=LINE('',#3609,#844);
#648=LINE('',#3610,#845);
#649=LINE('',#3614,#846);
#650=LINE('',#3617,#847);
#651=LINE('',#3618,#848);
#652=LINE('',#3622,#849);
#653=LINE('',#3625,#850);
#654=LINE('',#3626,#851);
#655=LINE('',#3641,#852);
#656=LINE('',#3643,#853);
#657=LINE('',#3645,#854);
#658=LINE('',#3648,#855);
#659=LINE('',#3651,#856);
#660=LINE('',#3653,#857);
#661=LINE('',#3654,#858);
#662=LINE('',#3660,#859);
#663=LINE('',#3667,#860);
#664=LINE('',#3673,#861);
#665=LINE('',#3684,#862);
#666=LINE('',#3689,#863);
#667=LINE('',#3696,#864);
#668=LINE('',#3700,#865);
#669=LINE('',#3706,#866);
#670=LINE('',#3709,#867);
#671=LINE('',#3710,#868);
#672=LINE('',#3718,#869);
#673=LINE('',#3722,#870);
#674=LINE('',#3726,#871);
#675=LINE('',#3729,#872);
#676=LINE('',#3730,#873);
#677=LINE('',#3738,#874);
#678=LINE('',#3739,#875);
#679=LINE('',#3740,#876);
#680=LINE('',#3743,#877);
#681=LINE('',#3744,#878);
#682=LINE('',#3751,#879);
#683=LINE('',#3752,#880);
#684=LINE('',#3756,#881);
#685=LINE('',#3759,#882);
#686=LINE('',#3760,#883);
#687=LINE('',#3762,#884);
#688=LINE('',#3763,#885);
#689=LINE('',#3780,#886);
#690=LINE('',#3782,#887);
#691=LINE('',#3787,#888);
#692=LINE('',#3789,#889);
#693=LINE('',#3794,#890);
#694=LINE('',#3796,#891);
#695=LINE('',#3798,#892);
#696=LINE('',#3799,#893);
#697=LINE('',#3802,#894);
#698=LINE('',#3804,#895);
#699=LINE('',#3806,#896);
#700=LINE('',#3807,#897);
#701=LINE('',#3810,#898);
#702=LINE('',#3812,#899);
#703=LINE('',#3813,#900);
#704=LINE('',#3816,#901);
#705=LINE('',#3817,#902);
#706=LINE('',#3820,#903);
#707=LINE('',#3821,#904);
#708=LINE('',#3823,#905);
#709=LINE('',#3828,#906);
#710=LINE('',#3830,#907);
#711=LINE('',#3832,#908);
#712=LINE('',#3833,#909);
#713=LINE('',#3836,#910);
#714=LINE('',#3838,#911);
#715=LINE('',#3839,#912);
#716=LINE('',#3842,#913);
#717=LINE('',#3844,#914);
#718=LINE('',#3845,#915);
#719=LINE('',#3847,#916);
#720=LINE('',#3848,#917);
#721=LINE('',#3851,#918);
#722=LINE('',#3853,#919);
#723=LINE('',#3854,#920);
#724=LINE('',#3857,#921);
#725=LINE('',#3859,#922);
#726=LINE('',#3860,#923);
#727=LINE('',#3862,#924);
#728=LINE('',#3863,#925);
#729=LINE('',#3869,#926);
#730=LINE('',#3871,#927);
#731=LINE('',#3873,#928);
#732=LINE('',#3874,#929);
#733=LINE('',#3878,#930);
#734=LINE('',#3880,#931);
#735=LINE('',#3882,#932);
#736=LINE('',#3883,#933);
#737=LINE('',#3885,#934);
#738=LINE('',#3886,#935);
#739=LINE('',#3888,#936);
#740=LINE('',#3890,#937);
#741=VECTOR('',#2533,10.);
#742=VECTOR('',#2534,10.);
#743=VECTOR('',#2535,10.);
#744=VECTOR('',#2536,10.);
#745=VECTOR('',#2537,10.);
#746=VECTOR('',#2538,10.);
#747=VECTOR('',#2539,10.);
#748=VECTOR('',#2540,10.);
#749=VECTOR('',#2541,10.);
#750=VECTOR('',#2542,10.);
#751=VECTOR('',#2543,10.);
#752=VECTOR('',#2544,10.);
#753=VECTOR('',#2545,10.);
#754=VECTOR('',#2546,10.);
#755=VECTOR('',#2547,10.);
#756=VECTOR('',#2548,10.);
#757=VECTOR('',#2551,10.);
#758=VECTOR('',#2552,10.);
#759=VECTOR('',#2553,10.);
#760=VECTOR('',#2554,10.);
#761=VECTOR('',#2561,5.);
#762=VECTOR('',#2566,10.);
#763=VECTOR('',#2569,10.);
#764=VECTOR('',#2574,10.);
#765=VECTOR('',#2577,10.);
#766=VECTOR('',#2584,10.);
#767=VECTOR('',#2587,10.);
#768=VECTOR('',#2598,10.);
#769=VECTOR('',#2599,10.);
#770=VECTOR('',#2600,10.);
#771=VECTOR('',#2605,10.);
#772=VECTOR('',#2608,10.);
#773=VECTOR('',#2609,10.);
#774=VECTOR('',#2614,10.);
#775=VECTOR('',#2617,10.);
#776=VECTOR('',#2618,10.);
#777=VECTOR('',#2643,10.);
#778=VECTOR('',#2644,10.);
#779=VECTOR('',#2645,10.);
#780=VECTOR('',#2650,10.);
#781=VECTOR('',#2663,10.);
#782=VECTOR('',#2668,10.);
#783=VECTOR('',#2689,10.);
#784=VECTOR('',#2696,10.);
#785=VECTOR('',#2701,10.);
#786=VECTOR('',#2708,10.);
#787=VECTOR('',#2713,10.);
#788=VECTOR('',#2718,10.);
#789=VECTOR('',#2721,10.);
#790=VECTOR('',#2722,10.);
#791=VECTOR('',#2727,10.);
#792=VECTOR('',#2740,10.);
#793=VECTOR('',#2745,10.);
#794=VECTOR('',#2750,10.);
#795=VECTOR('',#2753,10.);
#796=VECTOR('',#2754,10.);
#797=VECTOR('',#2765,10.);
#798=VECTOR('',#2766,10.);
#799=VECTOR('',#2767,10.);
#800=VECTOR('',#2770,10.);
#801=VECTOR('',#2771,10.);
#802=VECTOR('',#2782,10.);
#803=VECTOR('',#2783,10.);
#804=VECTOR('',#2784,10.);
#805=VECTOR('',#2791,10.);
#806=VECTOR('',#2794,10.);
#807=VECTOR('',#2795,10.);
#808=VECTOR('',#2796,10.);
#809=VECTOR('',#2797,10.);
#810=VECTOR('',#2798,10.);
#811=VECTOR('',#2829,10.);
#812=VECTOR('',#2832,10.);
#813=VECTOR('',#2841,10.);
#814=VECTOR('',#2850,10.);
#815=VECTOR('',#2851,10.);
#816=VECTOR('',#2852,10.);
#817=VECTOR('',#2853,10.);
#818=VECTOR('',#2854,10.);
#819=VECTOR('',#2855,10.);
#820=VECTOR('',#2856,10.);
#821=VECTOR('',#2857,10.);
#822=VECTOR('',#2858,10.);
#823=VECTOR('',#2859,10.);
#824=VECTOR('',#2860,10.);
#825=VECTOR('',#2861,10.);
#826=VECTOR('',#2862,10.);
#827=VECTOR('',#2863,10.);
#828=VECTOR('',#2864,10.);
#829=VECTOR('',#2865,10.);
#830=VECTOR('',#2868,10.);
#831=VECTOR('',#2869,10.);
#832=VECTOR('',#2870,10.);
#833=VECTOR('',#2871,10.);
#834=VECTOR('',#2874,10.);
#835=VECTOR('',#2875,10.);
#836=VECTOR('',#2884,5.);
#837=VECTOR('',#2887,10.);
#838=VECTOR('',#2890,10.);
#839=VECTOR('',#2895,10.);
#840=VECTOR('',#2898,10.);
#841=VECTOR('',#2905,10.);
#842=VECTOR('',#2908,10.);
#843=VECTOR('',#2919,10.);
#844=VECTOR('',#2920,10.);
#845=VECTOR('',#2921,10.);
#846=VECTOR('',#2926,10.);
#847=VECTOR('',#2929,10.);
#848=VECTOR('',#2930,10.);
#849=VECTOR('',#2935,10.);
#850=VECTOR('',#2938,10.);
#851=VECTOR('',#2939,10.);
#852=VECTOR('',#2964,10.);
#853=VECTOR('',#2965,10.);
#854=VECTOR('',#2966,10.);
#855=VECTOR('',#2969,10.);
#856=VECTOR('',#2972,10.);
#857=VECTOR('',#2973,10.);
#858=VECTOR('',#2974,10.);
#859=VECTOR('',#2981,10.);
#860=VECTOR('',#2992,10.);
#861=VECTOR('',#2999,10.);
#862=VECTOR('',#3016,10.);
#863=VECTOR('',#3023,10.);
#864=VECTOR('',#3032,10.);
#865=VECTOR('',#3037,10.);
#866=VECTOR('',#3046,10.);
#867=VECTOR('',#3049,10.);
#868=VECTOR('',#3050,10.);
#869=VECTOR('',#3065,10.);
#870=VECTOR('',#3070,10.);
#871=VECTOR('',#3075,10.);
#872=VECTOR('',#3078,10.);
#873=VECTOR('',#3079,10.);
#874=VECTOR('',#3090,10.);
#875=VECTOR('',#3091,10.);
#876=VECTOR('',#3092,10.);
#877=VECTOR('',#3095,10.);
#878=VECTOR('',#3096,10.);
#879=VECTOR('',#3107,10.);
#880=VECTOR('',#3108,10.);
#881=VECTOR('',#3113,10.);
#882=VECTOR('',#3116,10.);
#883=VECTOR('',#3117,10.);
#884=VECTOR('',#3118,10.);
#885=VECTOR('',#3119,10.);
#886=VECTOR('',#3150,10.);
#887=VECTOR('',#3153,10.);
#888=VECTOR('',#3162,10.);
#889=VECTOR('',#3165,10.);
#890=VECTOR('',#3170,10.);
#891=VECTOR('',#3171,10.);
#892=VECTOR('',#3172,10.);
#893=VECTOR('',#3173,10.);
#894=VECTOR('',#3174,10.);
#895=VECTOR('',#3175,10.);
#896=VECTOR('',#3176,10.);
#897=VECTOR('',#3177,10.);
#898=VECTOR('',#3180,5.);
#899=VECTOR('',#3181,10.);
#900=VECTOR('',#3182,5.);
#901=VECTOR('',#3185,5.);
#902=VECTOR('',#3186,10.);
#903=VECTOR('',#3189,5.);
#904=VECTOR('',#3190,10.);
#905=VECTOR('',#3193,10.);
#906=VECTOR('',#3198,10.);
#907=VECTOR('',#3199,10.);
#908=VECTOR('',#3200,10.);
#909=VECTOR('',#3201,10.);
#910=VECTOR('',#3204,5.);
#911=VECTOR('',#3205,5.);
#912=VECTOR('',#3206,10.);
#913=VECTOR('',#3209,10.);
#914=VECTOR('',#3210,10.);
#915=VECTOR('',#3211,10.);
#916=VECTOR('',#3214,5.);
#917=VECTOR('',#3215,5.);
#918=VECTOR('',#3218,5.);
#919=VECTOR('',#3219,5.);
#920=VECTOR('',#3220,10.);
#921=VECTOR('',#3223,10.);
#922=VECTOR('',#3224,10.);
#923=VECTOR('',#3225,10.);
#924=VECTOR('',#3228,5.);
#925=VECTOR('',#3229,5.);
#926=VECTOR('',#3236,10.);
#927=VECTOR('',#3237,5.);
#928=VECTOR('',#3238,10.);
#929=VECTOR('',#3239,5.);
#930=VECTOR('',#3242,10.);
#931=VECTOR('',#3243,5.);
#932=VECTOR('',#3244,10.);
#933=VECTOR('',#3245,5.);
#934=VECTOR('',#3248,10.);
#935=VECTOR('',#3249,10.);
#936=VECTOR('',#3252,10.);
#937=VECTOR('',#3255,10.);
#938=VERTEX_POINT('',#3260);
#939=VERTEX_POINT('',#3261);
#940=VERTEX_POINT('',#3263);
#941=VERTEX_POINT('',#3265);
#942=VERTEX_POINT('',#3267);
#943=VERTEX_POINT('',#3269);
#944=VERTEX_POINT('',#3271);
#945=VERTEX_POINT('',#3273);
#946=VERTEX_POINT('',#3275);
#947=VERTEX_POINT('',#3277);
#948=VERTEX_POINT('',#3279);
#949=VERTEX_POINT('',#3281);
#950=VERTEX_POINT('',#3284);
#951=VERTEX_POINT('',#3285);
#952=VERTEX_POINT('',#3287);
#953=VERTEX_POINT('',#3289);
#954=VERTEX_POINT('',#3293);
#955=VERTEX_POINT('',#3294);
#956=VERTEX_POINT('',#3296);
#957=VERTEX_POINT('',#3298);
#958=VERTEX_POINT('',#3302);
#959=VERTEX_POINT('',#3305);
#960=VERTEX_POINT('',#3309);
#961=VERTEX_POINT('',#3310);
#962=VERTEX_POINT('',#3312);
#963=VERTEX_POINT('',#3314);
#964=VERTEX_POINT('',#3318);
#965=VERTEX_POINT('',#3319);
#966=VERTEX_POINT('',#3321);
#967=VERTEX_POINT('',#3323);
#968=VERTEX_POINT('',#3327);
#969=VERTEX_POINT('',#3330);
#970=VERTEX_POINT('',#3338);
#971=VERTEX_POINT('',#3339);
#972=VERTEX_POINT('',#3344);
#973=VERTEX_POINT('',#3348);
#974=VERTEX_POINT('',#3352);
#975=VERTEX_POINT('',#3356);
#976=VERTEX_POINT('',#3371);
#977=VERTEX_POINT('',#3373);
#978=VERTEX_POINT('',#3377);
#979=VERTEX_POINT('',#3379);
#980=VERTEX_POINT('',#3386);
#981=VERTEX_POINT('',#3390);
#982=VERTEX_POINT('',#3392);
#983=VERTEX_POINT('',#3402);
#984=VERTEX_POINT('',#3404);
#985=VERTEX_POINT('',#3408);
#986=VERTEX_POINT('',#3410);
#987=VERTEX_POINT('',#3414);
#988=VERTEX_POINT('',#3416);
#989=VERTEX_POINT('',#3420);
#990=VERTEX_POINT('',#3424);
#991=VERTEX_POINT('',#3428);
#992=VERTEX_POINT('',#3432);
#993=VERTEX_POINT('',#3436);
#994=VERTEX_POINT('',#3444);
#995=VERTEX_POINT('',#3448);
#996=VERTEX_POINT('',#3452);
#997=VERTEX_POINT('',#3456);
#998=VERTEX_POINT('',#3464);
#999=VERTEX_POINT('',#3465);
#1000=VERTEX_POINT('',#3470);
#1001=VERTEX_POINT('',#3478);
#1002=VERTEX_POINT('',#3480);
#1003=VERTEX_POINT('',#3484);
#1004=VERTEX_POINT('',#3486);
#1005=VERTEX_POINT('',#3491);
#1006=VERTEX_POINT('',#3494);
#1007=VERTEX_POINT('',#3511);
#1008=VERTEX_POINT('',#3525);
#1009=VERTEX_POINT('',#3526);
#1010=VERTEX_POINT('',#3528);
#1011=VERTEX_POINT('',#3530);
#1012=VERTEX_POINT('',#3532);
#1013=VERTEX_POINT('',#3534);
#1014=VERTEX_POINT('',#3536);
#1015=VERTEX_POINT('',#3538);
#1016=VERTEX_POINT('',#3540);
#1017=VERTEX_POINT('',#3542);
#1018=VERTEX_POINT('',#3544);
#1019=VERTEX_POINT('',#3546);
#1020=VERTEX_POINT('',#3549);
#1021=VERTEX_POINT('',#3550);
#1022=VERTEX_POINT('',#3552);
#1023=VERTEX_POINT('',#3554);
#1024=VERTEX_POINT('',#3558);
#1025=VERTEX_POINT('',#3559);
#1026=VERTEX_POINT('',#3561);
#1027=VERTEX_POINT('',#3563);
#1028=VERTEX_POINT('',#3570);
#1029=VERTEX_POINT('',#3573);
#1030=VERTEX_POINT('',#3577);
#1031=VERTEX_POINT('',#3578);
#1032=VERTEX_POINT('',#3580);
#1033=VERTEX_POINT('',#3582);
#1034=VERTEX_POINT('',#3586);
#1035=VERTEX_POINT('',#3587);
#1036=VERTEX_POINT('',#3589);
#1037=VERTEX_POINT('',#3591);
#1038=VERTEX_POINT('',#3595);
#1039=VERTEX_POINT('',#3597);
#1040=VERTEX_POINT('',#3606);
#1041=VERTEX_POINT('',#3607);
#1042=VERTEX_POINT('',#3612);
#1043=VERTEX_POINT('',#3616);
#1044=VERTEX_POINT('',#3620);
#1045=VERTEX_POINT('',#3624);
#1046=VERTEX_POINT('',#3639);
#1047=VERTEX_POINT('',#3640);
#1048=VERTEX_POINT('',#3642);
#1049=VERTEX_POINT('',#3644);
#1050=VERTEX_POINT('',#3646);
#1051=VERTEX_POINT('',#3650);
#1052=VERTEX_POINT('',#3652);
#1053=VERTEX_POINT('',#3656);
#1054=VERTEX_POINT('',#3658);
#1055=VERTEX_POINT('',#3665);
#1056=VERTEX_POINT('',#3669);
#1057=VERTEX_POINT('',#3671);
#1058=VERTEX_POINT('',#3681);
#1059=VERTEX_POINT('',#3683);
#1060=VERTEX_POINT('',#3687);
#1061=VERTEX_POINT('',#3692);
#1062=VERTEX_POINT('',#3694);
#1063=VERTEX_POINT('',#3698);
#1064=VERTEX_POINT('',#3704);
#1065=VERTEX_POINT('',#3708);
#1066=VERTEX_POINT('',#3720);
#1067=VERTEX_POINT('',#3724);
#1068=VERTEX_POINT('',#3728);
#1069=VERTEX_POINT('',#3736);
#1070=VERTEX_POINT('',#3737);
#1071=VERTEX_POINT('',#3742);
#1072=VERTEX_POINT('',#3750);
#1073=VERTEX_POINT('',#3754);
#1074=VERTEX_POINT('',#3758);
#1075=VERTEX_POINT('',#3761);
#1076=VERTEX_POINT('',#3778);
#1077=VERTEX_POINT('',#3792);
#1078=VERTEX_POINT('',#3793);
#1079=VERTEX_POINT('',#3795);
#1080=VERTEX_POINT('',#3797);
#1081=VERTEX_POINT('',#3800);
#1082=VERTEX_POINT('',#3801);
#1083=VERTEX_POINT('',#3803);
#1084=VERTEX_POINT('',#3805);
#1085=VERTEX_POINT('',#3809);
#1086=VERTEX_POINT('',#3811);
#1087=VERTEX_POINT('',#3815);
#1088=VERTEX_POINT('',#3819);
#1089=VERTEX_POINT('',#3826);
#1090=VERTEX_POINT('',#3827);
#1091=VERTEX_POINT('',#3829);
#1092=VERTEX_POINT('',#3831);
#1093=VERTEX_POINT('',#3835);
#1094=VERTEX_POINT('',#3837);
#1095=VERTEX_POINT('',#3841);
#1096=VERTEX_POINT('',#3843);
#1097=VERTEX_POINT('',#3850);
#1098=VERTEX_POINT('',#3852);
#1099=VERTEX_POINT('',#3856);
#1100=VERTEX_POINT('',#3858);
#1101=VERTEX_POINT('',#3867);
#1102=VERTEX_POINT('',#3868);
#1103=VERTEX_POINT('',#3870);
#1104=VERTEX_POINT('',#3872);
#1105=VERTEX_POINT('',#3876);
#1106=VERTEX_POINT('',#3877);
#1107=VERTEX_POINT('',#3879);
#1108=VERTEX_POINT('',#3881);
#1109=EDGE_CURVE('',#938,#939,#544,.T.);
#1110=EDGE_CURVE('',#940,#938,#545,.T.);
#1111=EDGE_CURVE('',#941,#940,#546,.T.);
#1112=EDGE_CURVE('',#942,#941,#547,.T.);
#1113=EDGE_CURVE('',#943,#942,#548,.T.);
#1114=EDGE_CURVE('',#944,#943,#549,.T.);
#1115=EDGE_CURVE('',#945,#944,#550,.T.);
#1116=EDGE_CURVE('',#946,#945,#551,.T.);
#1117=EDGE_CURVE('',#947,#946,#552,.T.);
#1118=EDGE_CURVE('',#948,#947,#553,.T.);
#1119=EDGE_CURVE('',#949,#948,#554,.T.);
#1120=EDGE_CURVE('',#939,#949,#555,.T.);
#1121=EDGE_CURVE('',#950,#951,#556,.T.);
#1122=EDGE_CURVE('',#951,#952,#557,.T.);
#1123=EDGE_CURVE('',#952,#953,#558,.T.);
#1124=EDGE_CURVE('',#953,#950,#559,.T.);
#1125=EDGE_CURVE('',#954,#955,#560,.T.);
#1126=EDGE_CURVE('',#956,#954,#561,.T.);
#1127=EDGE_CURVE('',#957,#956,#562,.T.);
#1128=EDGE_CURVE('',#955,#957,#563,.T.);
#1129=EDGE_CURVE('',#958,#958,#130,.T.);
#1130=EDGE_CURVE('',#958,#959,#564,.T.);
#1131=EDGE_CURVE('',#959,#959,#131,.T.);
#1132=EDGE_CURVE('',#960,#961,#565,.T.);
#1133=EDGE_CURVE('',#961,#962,#132,.F.);
#1134=EDGE_CURVE('',#962,#963,#566,.T.);
#1135=EDGE_CURVE('',#960,#963,#49,.F.);
#1136=EDGE_CURVE('',#964,#965,#567,.T.);
#1137=EDGE_CURVE('',#965,#966,#133,.F.);
#1138=EDGE_CURVE('',#966,#967,#568,.T.);
#1139=EDGE_CURVE('',#964,#967,#50,.F.);
#1140=EDGE_CURVE('',#968,#961,#134,.F.);
#1141=EDGE_CURVE('',#961,#966,#569,.T.);
#1142=EDGE_CURVE('',#966,#969,#135,.F.);
#1143=EDGE_CURVE('',#969,#968,#570,.T.);
#1144=EDGE_CURVE('',#969,#965,#136,.F.);
#1145=EDGE_CURVE('',#962,#968,#137,.F.);
#1146=EDGE_CURVE('',#970,#971,#571,.T.);
#1147=EDGE_CURVE('',#963,#970,#572,.F.);
#1148=EDGE_CURVE('',#971,#962,#573,.T.);
#1149=EDGE_CURVE('',#971,#972,#138,.T.);
#1150=EDGE_CURVE('',#968,#972,#574,.T.);
#1151=EDGE_CURVE('',#972,#973,#575,.T.);
#1152=EDGE_CURVE('',#973,#969,#576,.T.);
#1153=EDGE_CURVE('',#973,#974,#139,.T.);
#1154=EDGE_CURVE('',#965,#974,#577,.T.);
#1155=EDGE_CURVE('',#974,#975,#578,.T.);
#1156=EDGE_CURVE('',#964,#975,#579,.T.);
#1157=EDGE_CURVE('',#973,#940,#140,.T.);
#1158=EDGE_CURVE('',#940,#974,#141,.T.);
#1159=EDGE_CURVE('',#971,#938,#142,.T.);
#1160=EDGE_CURVE('',#938,#972,#143,.T.);
#1161=EDGE_CURVE('',#970,#939,#51,.F.);
#1162=EDGE_CURVE('',#941,#975,#52,.F.);
#1163=EDGE_CURVE('',#976,#954,#580,.T.);
#1164=EDGE_CURVE('',#977,#976,#581,.T.);
#1165=EDGE_CURVE('',#956,#977,#582,.T.);
#1166=EDGE_CURVE('',#978,#957,#144,.T.);
#1167=EDGE_CURVE('',#978,#979,#583,.T.);
#1168=EDGE_CURVE('',#979,#955,#145,.F.);
#1169=EDGE_CURVE('',#955,#945,#146,.F.);
#1170=EDGE_CURVE('',#954,#944,#53,.T.);
#1171=EDGE_CURVE('',#942,#980,#147,.T.);
#1172=EDGE_CURVE('',#975,#980,#584,.T.);
#1173=EDGE_CURVE('',#981,#942,#148,.T.);
#1174=EDGE_CURVE('',#981,#982,#585,.T.);
#1175=EDGE_CURVE('',#982,#943,#149,.F.);
#1176=EDGE_CURVE('',#943,#976,#150,.F.);
#1177=EDGE_CURVE('',#976,#982,#151,.F.);
#1178=EDGE_CURVE('',#945,#979,#152,.F.);
#1179=EDGE_CURVE('',#957,#983,#153,.T.);
#1180=EDGE_CURVE('',#984,#956,#54,.T.);
#1181=EDGE_CURVE('',#984,#983,#586,.T.);
#1182=EDGE_CURVE('',#948,#985,#154,.T.);
#1183=EDGE_CURVE('',#947,#986,#55,.T.);
#1184=EDGE_CURVE('',#986,#985,#587,.T.);
#1185=EDGE_CURVE('',#987,#948,#155,.T.);
#1186=EDGE_CURVE('',#987,#988,#588,.T.);
#1187=EDGE_CURVE('',#949,#988,#156,.T.);
#1188=EDGE_CURVE('',#989,#949,#157,.T.);
#1189=EDGE_CURVE('',#989,#970,#589,.T.);
#1190=EDGE_CURVE('',#990,#946,#158,.T.);
#1191=EDGE_CURVE('',#990,#986,#590,.T.);
#1192=EDGE_CURVE('',#946,#991,#159,.T.);
#1193=EDGE_CURVE('',#979,#991,#591,.T.);
#1194=EDGE_CURVE('',#992,#978,#592,.T.);
#1195=EDGE_CURVE('',#991,#992,#593,.T.);
#1196=EDGE_CURVE('',#993,#992,#160,.T.);
#1197=EDGE_CURVE('',#993,#990,#594,.T.);
#1198=EDGE_CURVE('',#991,#990,#161,.T.);
#1199=EDGE_CURVE('',#978,#983,#162,.T.);
#1200=EDGE_CURVE('',#992,#994,#163,.T.);
#1201=EDGE_CURVE('',#983,#994,#595,.T.);
#1202=EDGE_CURVE('',#995,#977,#164,.T.);
#1203=EDGE_CURVE('',#995,#984,#596,.T.);
#1204=EDGE_CURVE('',#977,#996,#165,.T.);
#1205=EDGE_CURVE('',#982,#996,#597,.T.);
#1206=EDGE_CURVE('',#997,#981,#598,.T.);
#1207=EDGE_CURVE('',#996,#997,#599,.T.);
#1208=EDGE_CURVE('',#981,#980,#166,.T.);
#1209=EDGE_CURVE('',#996,#995,#167,.T.);
#1210=EDGE_CURVE('',#998,#999,#600,.T.);
#1211=EDGE_CURVE('',#988,#998,#601,.T.);
#1212=EDGE_CURVE('',#999,#987,#602,.T.);
#1213=EDGE_CURVE('',#963,#1000,#603,.T.);
#1214=EDGE_CURVE('',#1000,#989,#604,.T.);
#1215=EDGE_CURVE('',#989,#988,#168,.T.);
#1216=EDGE_CURVE('',#1000,#998,#169,.T.);
#1217=EDGE_CURVE('',#985,#1001,#605,.T.);
#1218=EDGE_CURVE('',#1002,#986,#606,.T.);
#1219=EDGE_CURVE('',#1001,#1002,#607,.T.);
#1220=EDGE_CURVE('',#1001,#1003,#170,.T.);
#1221=EDGE_CURVE('',#1004,#1002,#56,.F.);
#1222=EDGE_CURVE('',#1004,#1003,#608,.T.);
#1223=EDGE_CURVE('',#994,#1004,#609,.T.);
#1224=EDGE_CURVE('',#1005,#995,#610,.T.);
#1225=EDGE_CURVE('',#967,#1005,#611,.T.);
#1226=EDGE_CURVE('',#1006,#960,#612,.T.);
#1227=EDGE_CURVE('',#1003,#1006,#613,.T.);
#1228=EDGE_CURVE('',#1001,#999,#171,.T.);
#1229=EDGE_CURVE('',#999,#1003,#172,.T.);
#1230=EDGE_CURVE('',#987,#985,#173,.T.);
#1231=EDGE_CURVE('',#1000,#1006,#174,.T.);
#1232=EDGE_CURVE('',#1006,#998,#175,.T.);
#1233=EDGE_CURVE('',#1005,#997,#176,.T.);
#1234=EDGE_CURVE('',#997,#1007,#177,.T.);
#1235=EDGE_CURVE('',#980,#1007,#614,.T.);
#1236=EDGE_CURVE('',#1007,#964,#615,.T.);
#1237=EDGE_CURVE('',#1007,#1005,#178,.T.);
#1238=EDGE_CURVE('',#1002,#993,#616,.T.);
#1239=EDGE_CURVE('',#993,#994,#179,.T.);
#1240=EDGE_CURVE('',#1008,#1009,#617,.T.);
#1241=EDGE_CURVE('',#1009,#1010,#618,.T.);
#1242=EDGE_CURVE('',#1010,#1011,#619,.T.);
#1243=EDGE_CURVE('',#1011,#1012,#620,.T.);
#1244=EDGE_CURVE('',#1012,#1013,#621,.T.);
#1245=EDGE_CURVE('',#1013,#1014,#622,.T.);
#1246=EDGE_CURVE('',#1014,#1015,#623,.T.);
#1247=EDGE_CURVE('',#1015,#1016,#624,.T.);
#1248=EDGE_CURVE('',#1016,#1017,#625,.T.);
#1249=EDGE_CURVE('',#1017,#1018,#626,.T.);
#1250=EDGE_CURVE('',#1018,#1019,#627,.T.);
#1251=EDGE_CURVE('',#1019,#1008,#628,.T.);
#1252=EDGE_CURVE('',#1020,#1021,#629,.T.);
#1253=EDGE_CURVE('',#1022,#1020,#630,.F.);
#1254=EDGE_CURVE('',#1023,#1022,#631,.T.);
#1255=EDGE_CURVE('',#1021,#1023,#632,.T.);
#1256=EDGE_CURVE('',#1024,#1025,#633,.T.);
#1257=EDGE_CURVE('',#1025,#1026,#634,.T.);
#1258=EDGE_CURVE('',#1026,#1027,#635,.T.);
#1259=EDGE_CURVE('',#1027,#1024,#636,.T.);
#1260=EDGE_CURVE('',#1021,#953,#637,.F.);
#1261=EDGE_CURVE('',#950,#1023,#638,.F.);
#1262=EDGE_CURVE('',#1028,#1028,#180,.F.);
#1263=EDGE_CURVE('',#1029,#1029,#181,.F.);
#1264=EDGE_CURVE('',#1029,#1028,#639,.T.);
#1265=EDGE_CURVE('',#1030,#1031,#640,.T.);
#1266=EDGE_CURVE('',#1030,#1032,#57,.T.);
#1267=EDGE_CURVE('',#1033,#1032,#641,.T.);
#1268=EDGE_CURVE('',#1031,#1033,#182,.F.);
#1269=EDGE_CURVE('',#1034,#1035,#642,.T.);
#1270=EDGE_CURVE('',#1034,#1036,#58,.F.);
#1271=EDGE_CURVE('',#1037,#1036,#643,.T.);
#1272=EDGE_CURVE('',#1035,#1037,#183,.F.);
#1273=EDGE_CURVE('',#1038,#1031,#184,.F.);
#1274=EDGE_CURVE('',#1039,#1038,#644,.T.);
#1275=EDGE_CURVE('',#1037,#1039,#185,.F.);
#1276=EDGE_CURVE('',#1031,#1037,#645,.T.);
#1277=EDGE_CURVE('',#1039,#1035,#186,.F.);
#1278=EDGE_CURVE('',#1033,#1038,#187,.F.);
#1279=EDGE_CURVE('',#1040,#1041,#646,.T.);
#1280=EDGE_CURVE('',#1041,#1033,#647,.T.);
#1281=EDGE_CURVE('',#1032,#1040,#648,.F.);
#1282=EDGE_CURVE('',#1041,#1042,#188,.T.);
#1283=EDGE_CURVE('',#1038,#1042,#649,.T.);
#1284=EDGE_CURVE('',#1042,#1043,#650,.T.);
#1285=EDGE_CURVE('',#1043,#1039,#651,.T.);
#1286=EDGE_CURVE('',#1043,#1044,#189,.T.);
#1287=EDGE_CURVE('',#1035,#1044,#652,.T.);
#1288=EDGE_CURVE('',#1044,#1045,#653,.T.);
#1289=EDGE_CURVE('',#1034,#1045,#654,.F.);
#1290=EDGE_CURVE('',#1043,#1019,#190,.T.);
#1291=EDGE_CURVE('',#1019,#1044,#191,.T.);
#1292=EDGE_CURVE('',#1041,#1008,#192,.T.);
#1293=EDGE_CURVE('',#1008,#1042,#193,.T.);
#1294=EDGE_CURVE('',#1040,#1009,#59,.F.);
#1295=EDGE_CURVE('',#1018,#1045,#60,.T.);
#1296=EDGE_CURVE('',#1046,#1047,#655,.T.);
#1297=EDGE_CURVE('',#1047,#1048,#656,.T.);
#1298=EDGE_CURVE('',#1049,#1048,#657,.T.);
#1299=EDGE_CURVE('',#1049,#1050,#194,.F.);
#1300=EDGE_CURVE('',#1050,#1046,#658,.F.);
#1301=EDGE_CURVE('',#1051,#1024,#659,.T.);
#1302=EDGE_CURVE('',#1027,#1052,#660,.T.);
#1303=EDGE_CURVE('',#1052,#1051,#661,.T.);
#1304=EDGE_CURVE('',#1053,#1026,#195,.T.);
#1305=EDGE_CURVE('',#1054,#1025,#196,.F.);
#1306=EDGE_CURVE('',#1053,#1054,#662,.T.);
#1307=EDGE_CURVE('',#1024,#1015,#61,.F.);
#1308=EDGE_CURVE('',#1025,#1014,#197,.F.);
#1309=EDGE_CURVE('',#1017,#1055,#198,.T.);
#1310=EDGE_CURVE('',#1045,#1055,#663,.T.);
#1311=EDGE_CURVE('',#1056,#1017,#199,.T.);
#1312=EDGE_CURVE('',#1057,#1016,#200,.F.);
#1313=EDGE_CURVE('',#1056,#1057,#664,.T.);
#1314=EDGE_CURVE('',#1016,#1051,#201,.F.);
#1315=EDGE_CURVE('',#1051,#1057,#202,.F.);
#1316=EDGE_CURVE('',#1014,#1054,#203,.F.);
#1317=EDGE_CURVE('',#1026,#1058,#204,.T.);
#1318=EDGE_CURVE('',#1059,#1058,#665,.T.);
#1319=EDGE_CURVE('',#1059,#1027,#62,.T.);
#1320=EDGE_CURVE('',#1011,#1060,#205,.T.);
#1321=EDGE_CURVE('',#1048,#1060,#666,.T.);
#1322=EDGE_CURVE('',#1012,#1048,#63,.T.);
#1323=EDGE_CURVE('',#1061,#1011,#206,.T.);
#1324=EDGE_CURVE('',#1010,#1062,#207,.T.);
#1325=EDGE_CURVE('',#1061,#1062,#667,.T.);
#1326=EDGE_CURVE('',#1063,#1010,#208,.T.);
#1327=EDGE_CURVE('',#1063,#1040,#668,.T.);
#1328=EDGE_CURVE('',#1047,#1013,#209,.T.);
#1329=EDGE_CURVE('',#1013,#1064,#210,.T.);
#1330=EDGE_CURVE('',#1054,#1064,#669,.T.);
#1331=EDGE_CURVE('',#1065,#1053,#670,.T.);
#1332=EDGE_CURVE('',#1064,#1065,#671,.T.);
#1333=EDGE_CURVE('',#1046,#1065,#64,.T.);
#1334=EDGE_CURVE('',#1064,#1047,#211,.T.);
#1335=EDGE_CURVE('',#1053,#1058,#212,.T.);
#1336=EDGE_CURVE('',#1058,#1046,#672,.T.);
#1337=EDGE_CURVE('',#1066,#1052,#213,.T.);
#1338=EDGE_CURVE('',#1066,#1059,#673,.T.);
#1339=EDGE_CURVE('',#1052,#1067,#214,.T.);
#1340=EDGE_CURVE('',#1057,#1067,#674,.T.);
#1341=EDGE_CURVE('',#1068,#1056,#675,.T.);
#1342=EDGE_CURVE('',#1067,#1068,#676,.T.);
#1343=EDGE_CURVE('',#1056,#1055,#215,.T.);
#1344=EDGE_CURVE('',#1067,#1066,#216,.T.);
#1345=EDGE_CURVE('',#1069,#1070,#677,.T.);
#1346=EDGE_CURVE('',#1070,#1061,#678,.T.);
#1347=EDGE_CURVE('',#1062,#1069,#679,.T.);
#1348=EDGE_CURVE('',#1032,#1071,#680,.T.);
#1349=EDGE_CURVE('',#1071,#1063,#681,.T.);
#1350=EDGE_CURVE('',#1063,#1062,#217,.T.);
#1351=EDGE_CURVE('',#1071,#1069,#218,.T.);
#1352=EDGE_CURVE('',#1060,#1072,#682,.T.);
#1353=EDGE_CURVE('',#1072,#1049,#683,.T.);
#1354=EDGE_CURVE('',#1072,#1073,#219,.T.);
#1355=EDGE_CURVE('',#1050,#1073,#684,.T.);
#1356=EDGE_CURVE('',#1036,#1074,#685,.T.);
#1357=EDGE_CURVE('',#1074,#1066,#686,.T.);
#1358=EDGE_CURVE('',#1073,#1075,#687,.T.);
#1359=EDGE_CURVE('',#1075,#1030,#688,.T.);
#1360=EDGE_CURVE('',#1072,#1070,#220,.T.);
#1361=EDGE_CURVE('',#1070,#1073,#221,.T.);
#1362=EDGE_CURVE('',#1061,#1060,#222,.T.);
#1363=EDGE_CURVE('',#1071,#1075,#223,.T.);
#1364=EDGE_CURVE('',#1075,#1069,#224,.T.);
#1365=EDGE_CURVE('',#1074,#1068,#225,.T.);
#1366=EDGE_CURVE('',#1068,#1076,#226,.T.);
#1367=EDGE_CURVE('',#1055,#1076,#689,.T.);
#1368=EDGE_CURVE('',#1076,#1034,#690,.T.);
#1369=EDGE_CURVE('',#1076,#1074,#227,.T.);
#1370=EDGE_CURVE('',#952,#1020,#691,.T.);
#1371=EDGE_CURVE('',#1022,#951,#692,.T.);
#1372=EDGE_CURVE('',#1077,#1078,#693,.T.);
#1373=EDGE_CURVE('',#1078,#1079,#694,.T.);
#1374=EDGE_CURVE('',#1079,#1080,#695,.T.);
#1375=EDGE_CURVE('',#1080,#1077,#696,.T.);
#1376=EDGE_CURVE('',#1081,#1082,#697,.T.);
#1377=EDGE_CURVE('',#1083,#1081,#698,.T.);
#1378=EDGE_CURVE('',#1084,#1083,#699,.T.);
#1379=EDGE_CURVE('',#1082,#1084,#700,.T.);
#1380=EDGE_CURVE('',#1083,#1085,#701,.F.);
#1381=EDGE_CURVE('',#1085,#1086,#702,.T.);
#1382=EDGE_CURVE('',#1086,#1084,#703,.T.);
#1383=EDGE_CURVE('',#1087,#1081,#704,.F.);
#1384=EDGE_CURVE('',#1085,#1087,#705,.F.);
#1385=EDGE_CURVE('',#1082,#1088,#706,.T.);
#1386=EDGE_CURVE('',#1088,#1087,#707,.T.);
#1387=EDGE_CURVE('',#1088,#1086,#708,.T.);
#1388=EDGE_CURVE('',#1089,#1090,#709,.T.);
#1389=EDGE_CURVE('',#1089,#1091,#710,.T.);
#1390=EDGE_CURVE('',#1092,#1091,#711,.T.);
#1391=EDGE_CURVE('',#1090,#1092,#712,.T.);
#1392=EDGE_CURVE('',#1090,#1093,#713,.T.);
#1393=EDGE_CURVE('',#1094,#1092,#714,.T.);
#1394=EDGE_CURVE('',#1093,#1094,#715,.T.);
#1395=EDGE_CURVE('',#1093,#1095,#716,.T.);
#1396=EDGE_CURVE('',#1096,#1094,#717,.T.);
#1397=EDGE_CURVE('',#1095,#1096,#718,.T.);
#1398=EDGE_CURVE('',#1095,#1089,#719,.T.);
#1399=EDGE_CURVE('',#1091,#1096,#720,.T.);
#1400=EDGE_CURVE('',#1080,#1097,#721,.T.);
#1401=EDGE_CURVE('',#1098,#1079,#722,.T.);
#1402=EDGE_CURVE('',#1097,#1098,#723,.T.);
#1403=EDGE_CURVE('',#1097,#1099,#724,.T.);
#1404=EDGE_CURVE('',#1100,#1098,#725,.T.);
#1405=EDGE_CURVE('',#1099,#1100,#726,.T.);
#1406=EDGE_CURVE('',#1099,#1077,#727,.T.);
#1407=EDGE_CURVE('',#1078,#1100,#728,.T.);
#1408=EDGE_CURVE('',#1101,#1102,#729,.T.);
#1409=EDGE_CURVE('',#1102,#1103,#730,.F.);
#1410=EDGE_CURVE('',#1104,#1103,#731,.F.);
#1411=EDGE_CURVE('',#1104,#1101,#732,.T.);
#1412=EDGE_CURVE('',#1105,#1106,#733,.T.);
#1413=EDGE_CURVE('',#1106,#1107,#734,.T.);
#1414=EDGE_CURVE('',#1107,#1108,#735,.F.);
#1415=EDGE_CURVE('',#1108,#1105,#736,.F.);
#1416=EDGE_CURVE('',#1103,#1108,#737,.F.);
#1417=EDGE_CURVE('',#1105,#1102,#738,.F.);
#1418=EDGE_CURVE('',#1107,#1104,#739,.T.);
#1419=EDGE_CURVE('',#1101,#1106,#740,.T.);
#1420=ORIENTED_EDGE('',*,*,#1109,.F.);
#1421=ORIENTED_EDGE('',*,*,#1110,.F.);
#1422=ORIENTED_EDGE('',*,*,#1111,.F.);
#1423=ORIENTED_EDGE('',*,*,#1112,.F.);
#1424=ORIENTED_EDGE('',*,*,#1113,.F.);
#1425=ORIENTED_EDGE('',*,*,#1114,.F.);
#1426=ORIENTED_EDGE('',*,*,#1115,.F.);
#1427=ORIENTED_EDGE('',*,*,#1116,.F.);
#1428=ORIENTED_EDGE('',*,*,#1117,.F.);
#1429=ORIENTED_EDGE('',*,*,#1118,.F.);
#1430=ORIENTED_EDGE('',*,*,#1119,.F.);
#1431=ORIENTED_EDGE('',*,*,#1120,.F.);
#1432=ORIENTED_EDGE('',*,*,#1121,.T.);
#1433=ORIENTED_EDGE('',*,*,#1122,.T.);
#1434=ORIENTED_EDGE('',*,*,#1123,.T.);
#1435=ORIENTED_EDGE('',*,*,#1124,.T.);
#1436=ORIENTED_EDGE('',*,*,#1125,.F.);
#1437=ORIENTED_EDGE('',*,*,#1126,.F.);
#1438=ORIENTED_EDGE('',*,*,#1127,.F.);
#1439=ORIENTED_EDGE('',*,*,#1128,.F.);
#1440=ORIENTED_EDGE('',*,*,#1129,.T.);
#1441=ORIENTED_EDGE('',*,*,#1129,.F.);
#1442=ORIENTED_EDGE('',*,*,#1130,.T.);
#1443=ORIENTED_EDGE('',*,*,#1131,.F.);
#1444=ORIENTED_EDGE('',*,*,#1130,.F.);
#1445=ORIENTED_EDGE('',*,*,#1132,.T.);
#1446=ORIENTED_EDGE('',*,*,#1133,.T.);
#1447=ORIENTED_EDGE('',*,*,#1134,.T.);
#1448=ORIENTED_EDGE('',*,*,#1135,.F.);
#1449=ORIENTED_EDGE('',*,*,#1136,.T.);
#1450=ORIENTED_EDGE('',*,*,#1137,.T.);
#1451=ORIENTED_EDGE('',*,*,#1138,.T.);
#1452=ORIENTED_EDGE('',*,*,#1139,.F.);
#1453=ORIENTED_EDGE('',*,*,#1140,.T.);
#1454=ORIENTED_EDGE('',*,*,#1141,.T.);
#1455=ORIENTED_EDGE('',*,*,#1142,.T.);
#1456=ORIENTED_EDGE('',*,*,#1143,.T.);
#1457=ORIENTED_EDGE('',*,*,#1144,.F.);
#1458=ORIENTED_EDGE('',*,*,#1142,.F.);
#1459=ORIENTED_EDGE('',*,*,#1137,.F.);
#1460=ORIENTED_EDGE('',*,*,#1133,.F.);
#1461=ORIENTED_EDGE('',*,*,#1140,.F.);
#1462=ORIENTED_EDGE('',*,*,#1145,.F.);
#1463=ORIENTED_EDGE('',*,*,#1146,.F.);
#1464=ORIENTED_EDGE('',*,*,#1147,.F.);
#1465=ORIENTED_EDGE('',*,*,#1134,.F.);
#1466=ORIENTED_EDGE('',*,*,#1148,.F.);
#1467=ORIENTED_EDGE('',*,*,#1149,.F.);
#1468=ORIENTED_EDGE('',*,*,#1148,.T.);
#1469=ORIENTED_EDGE('',*,*,#1145,.T.);
#1470=ORIENTED_EDGE('',*,*,#1150,.T.);
#1471=ORIENTED_EDGE('',*,*,#1151,.F.);
#1472=ORIENTED_EDGE('',*,*,#1150,.F.);
#1473=ORIENTED_EDGE('',*,*,#1143,.F.);
#1474=ORIENTED_EDGE('',*,*,#1152,.F.);
#1475=ORIENTED_EDGE('',*,*,#1153,.F.);
#1476=ORIENTED_EDGE('',*,*,#1152,.T.);
#1477=ORIENTED_EDGE('',*,*,#1144,.T.);
#1478=ORIENTED_EDGE('',*,*,#1154,.T.);
#1479=ORIENTED_EDGE('',*,*,#1155,.F.);
#1480=ORIENTED_EDGE('',*,*,#1154,.F.);
#1481=ORIENTED_EDGE('',*,*,#1136,.F.);
#1482=ORIENTED_EDGE('',*,*,#1156,.T.);
#1483=ORIENTED_EDGE('',*,*,#1157,.F.);
#1484=ORIENTED_EDGE('',*,*,#1153,.T.);
#1485=ORIENTED_EDGE('',*,*,#1158,.F.);
#1486=ORIENTED_EDGE('',*,*,#1159,.F.);
#1487=ORIENTED_EDGE('',*,*,#1149,.T.);
#1488=ORIENTED_EDGE('',*,*,#1160,.F.);
#1489=ORIENTED_EDGE('',*,*,#1159,.T.);
#1490=ORIENTED_EDGE('',*,*,#1109,.T.);
#1491=ORIENTED_EDGE('',*,*,#1161,.F.);
#1492=ORIENTED_EDGE('',*,*,#1146,.T.);
#1493=ORIENTED_EDGE('',*,*,#1160,.T.);
#1494=ORIENTED_EDGE('',*,*,#1151,.T.);
#1495=ORIENTED_EDGE('',*,*,#1157,.T.);
#1496=ORIENTED_EDGE('',*,*,#1110,.T.);
#1497=ORIENTED_EDGE('',*,*,#1158,.T.);
#1498=ORIENTED_EDGE('',*,*,#1155,.T.);
#1499=ORIENTED_EDGE('',*,*,#1162,.F.);
#1500=ORIENTED_EDGE('',*,*,#1111,.T.);
#1501=ORIENTED_EDGE('',*,*,#1163,.F.);
#1502=ORIENTED_EDGE('',*,*,#1164,.F.);
#1503=ORIENTED_EDGE('',*,*,#1165,.F.);
#1504=ORIENTED_EDGE('',*,*,#1126,.T.);
#1505=ORIENTED_EDGE('',*,*,#1166,.F.);
#1506=ORIENTED_EDGE('',*,*,#1167,.T.);
#1507=ORIENTED_EDGE('',*,*,#1168,.T.);
#1508=ORIENTED_EDGE('',*,*,#1128,.T.);
#1509=ORIENTED_EDGE('',*,*,#1125,.T.);
#1510=ORIENTED_EDGE('',*,*,#1169,.T.);
#1511=ORIENTED_EDGE('',*,*,#1115,.T.);
#1512=ORIENTED_EDGE('',*,*,#1170,.F.);
#1513=ORIENTED_EDGE('',*,*,#1171,.F.);
#1514=ORIENTED_EDGE('',*,*,#1112,.T.);
#1515=ORIENTED_EDGE('',*,*,#1162,.T.);
#1516=ORIENTED_EDGE('',*,*,#1172,.T.);
#1517=ORIENTED_EDGE('',*,*,#1173,.F.);
#1518=ORIENTED_EDGE('',*,*,#1174,.T.);
#1519=ORIENTED_EDGE('',*,*,#1175,.T.);
#1520=ORIENTED_EDGE('',*,*,#1113,.T.);
#1521=ORIENTED_EDGE('',*,*,#1114,.T.);
#1522=ORIENTED_EDGE('',*,*,#1176,.T.);
#1523=ORIENTED_EDGE('',*,*,#1163,.T.);
#1524=ORIENTED_EDGE('',*,*,#1170,.T.);
#1525=ORIENTED_EDGE('',*,*,#1175,.F.);
#1526=ORIENTED_EDGE('',*,*,#1177,.F.);
#1527=ORIENTED_EDGE('',*,*,#1176,.F.);
#1528=ORIENTED_EDGE('',*,*,#1178,.F.);
#1529=ORIENTED_EDGE('',*,*,#1169,.F.);
#1530=ORIENTED_EDGE('',*,*,#1168,.F.);
#1531=ORIENTED_EDGE('',*,*,#1179,.F.);
#1532=ORIENTED_EDGE('',*,*,#1127,.T.);
#1533=ORIENTED_EDGE('',*,*,#1180,.F.);
#1534=ORIENTED_EDGE('',*,*,#1181,.T.);
#1535=ORIENTED_EDGE('',*,*,#1182,.F.);
#1536=ORIENTED_EDGE('',*,*,#1118,.T.);
#1537=ORIENTED_EDGE('',*,*,#1183,.T.);
#1538=ORIENTED_EDGE('',*,*,#1184,.T.);
#1539=ORIENTED_EDGE('',*,*,#1185,.F.);
#1540=ORIENTED_EDGE('',*,*,#1186,.T.);
#1541=ORIENTED_EDGE('',*,*,#1187,.F.);
#1542=ORIENTED_EDGE('',*,*,#1119,.T.);
#1543=ORIENTED_EDGE('',*,*,#1188,.F.);
#1544=ORIENTED_EDGE('',*,*,#1189,.T.);
#1545=ORIENTED_EDGE('',*,*,#1161,.T.);
#1546=ORIENTED_EDGE('',*,*,#1120,.T.);
#1547=ORIENTED_EDGE('',*,*,#1190,.F.);
#1548=ORIENTED_EDGE('',*,*,#1191,.T.);
#1549=ORIENTED_EDGE('',*,*,#1183,.F.);
#1550=ORIENTED_EDGE('',*,*,#1117,.T.);
#1551=ORIENTED_EDGE('',*,*,#1192,.F.);
#1552=ORIENTED_EDGE('',*,*,#1116,.T.);
#1553=ORIENTED_EDGE('',*,*,#1178,.T.);
#1554=ORIENTED_EDGE('',*,*,#1193,.T.);
#1555=ORIENTED_EDGE('',*,*,#1194,.F.);
#1556=ORIENTED_EDGE('',*,*,#1195,.F.);
#1557=ORIENTED_EDGE('',*,*,#1193,.F.);
#1558=ORIENTED_EDGE('',*,*,#1167,.F.);
#1559=ORIENTED_EDGE('',*,*,#1196,.F.);
#1560=ORIENTED_EDGE('',*,*,#1197,.T.);
#1561=ORIENTED_EDGE('',*,*,#1198,.F.);
#1562=ORIENTED_EDGE('',*,*,#1195,.T.);
#1563=ORIENTED_EDGE('',*,*,#1198,.T.);
#1564=ORIENTED_EDGE('',*,*,#1190,.T.);
#1565=ORIENTED_EDGE('',*,*,#1192,.T.);
#1566=ORIENTED_EDGE('',*,*,#1199,.F.);
#1567=ORIENTED_EDGE('',*,*,#1166,.T.);
#1568=ORIENTED_EDGE('',*,*,#1179,.T.);
#1569=ORIENTED_EDGE('',*,*,#1200,.F.);
#1570=ORIENTED_EDGE('',*,*,#1194,.T.);
#1571=ORIENTED_EDGE('',*,*,#1199,.T.);
#1572=ORIENTED_EDGE('',*,*,#1201,.T.);
#1573=ORIENTED_EDGE('',*,*,#1202,.F.);
#1574=ORIENTED_EDGE('',*,*,#1203,.T.);
#1575=ORIENTED_EDGE('',*,*,#1180,.T.);
#1576=ORIENTED_EDGE('',*,*,#1165,.T.);
#1577=ORIENTED_EDGE('',*,*,#1204,.F.);
#1578=ORIENTED_EDGE('',*,*,#1164,.T.);
#1579=ORIENTED_EDGE('',*,*,#1177,.T.);
#1580=ORIENTED_EDGE('',*,*,#1205,.T.);
#1581=ORIENTED_EDGE('',*,*,#1206,.F.);
#1582=ORIENTED_EDGE('',*,*,#1207,.F.);
#1583=ORIENTED_EDGE('',*,*,#1205,.F.);
#1584=ORIENTED_EDGE('',*,*,#1174,.F.);
#1585=ORIENTED_EDGE('',*,*,#1131,.T.);
#1586=ORIENTED_EDGE('',*,*,#1208,.F.);
#1587=ORIENTED_EDGE('',*,*,#1173,.T.);
#1588=ORIENTED_EDGE('',*,*,#1171,.T.);
#1589=ORIENTED_EDGE('',*,*,#1209,.T.);
#1590=ORIENTED_EDGE('',*,*,#1202,.T.);
#1591=ORIENTED_EDGE('',*,*,#1204,.T.);
#1592=ORIENTED_EDGE('',*,*,#1210,.F.);
#1593=ORIENTED_EDGE('',*,*,#1211,.F.);
#1594=ORIENTED_EDGE('',*,*,#1186,.F.);
#1595=ORIENTED_EDGE('',*,*,#1212,.F.);
#1596=ORIENTED_EDGE('',*,*,#1213,.F.);
#1597=ORIENTED_EDGE('',*,*,#1147,.T.);
#1598=ORIENTED_EDGE('',*,*,#1189,.F.);
#1599=ORIENTED_EDGE('',*,*,#1214,.F.);
#1600=ORIENTED_EDGE('',*,*,#1215,.F.);
#1601=ORIENTED_EDGE('',*,*,#1188,.T.);
#1602=ORIENTED_EDGE('',*,*,#1187,.T.);
#1603=ORIENTED_EDGE('',*,*,#1216,.F.);
#1604=ORIENTED_EDGE('',*,*,#1214,.T.);
#1605=ORIENTED_EDGE('',*,*,#1215,.T.);
#1606=ORIENTED_EDGE('',*,*,#1211,.T.);
#1607=ORIENTED_EDGE('',*,*,#1217,.F.);
#1608=ORIENTED_EDGE('',*,*,#1184,.F.);
#1609=ORIENTED_EDGE('',*,*,#1218,.F.);
#1610=ORIENTED_EDGE('',*,*,#1219,.F.);
#1611=ORIENTED_EDGE('',*,*,#1220,.F.);
#1612=ORIENTED_EDGE('',*,*,#1219,.T.);
#1613=ORIENTED_EDGE('',*,*,#1221,.F.);
#1614=ORIENTED_EDGE('',*,*,#1222,.T.);
#1615=ORIENTED_EDGE('',*,*,#1223,.F.);
#1616=ORIENTED_EDGE('',*,*,#1201,.F.);
#1617=ORIENTED_EDGE('',*,*,#1181,.F.);
#1618=ORIENTED_EDGE('',*,*,#1203,.F.);
#1619=ORIENTED_EDGE('',*,*,#1224,.F.);
#1620=ORIENTED_EDGE('',*,*,#1225,.F.);
#1621=ORIENTED_EDGE('',*,*,#1138,.F.);
#1622=ORIENTED_EDGE('',*,*,#1141,.F.);
#1623=ORIENTED_EDGE('',*,*,#1132,.F.);
#1624=ORIENTED_EDGE('',*,*,#1226,.F.);
#1625=ORIENTED_EDGE('',*,*,#1227,.F.);
#1626=ORIENTED_EDGE('',*,*,#1222,.F.);
#1627=ORIENTED_EDGE('',*,*,#1228,.F.);
#1628=ORIENTED_EDGE('',*,*,#1220,.T.);
#1629=ORIENTED_EDGE('',*,*,#1229,.F.);
#1630=ORIENTED_EDGE('',*,*,#1230,.F.);
#1631=ORIENTED_EDGE('',*,*,#1185,.T.);
#1632=ORIENTED_EDGE('',*,*,#1182,.T.);
#1633=ORIENTED_EDGE('',*,*,#1228,.T.);
#1634=ORIENTED_EDGE('',*,*,#1212,.T.);
#1635=ORIENTED_EDGE('',*,*,#1230,.T.);
#1636=ORIENTED_EDGE('',*,*,#1217,.T.);
#1637=ORIENTED_EDGE('',*,*,#1231,.F.);
#1638=ORIENTED_EDGE('',*,*,#1216,.T.);
#1639=ORIENTED_EDGE('',*,*,#1232,.F.);
#1640=ORIENTED_EDGE('',*,*,#1231,.T.);
#1641=ORIENTED_EDGE('',*,*,#1226,.T.);
#1642=ORIENTED_EDGE('',*,*,#1135,.T.);
#1643=ORIENTED_EDGE('',*,*,#1213,.T.);
#1644=ORIENTED_EDGE('',*,*,#1232,.T.);
#1645=ORIENTED_EDGE('',*,*,#1210,.T.);
#1646=ORIENTED_EDGE('',*,*,#1229,.T.);
#1647=ORIENTED_EDGE('',*,*,#1227,.T.);
#1648=ORIENTED_EDGE('',*,*,#1233,.F.);
#1649=ORIENTED_EDGE('',*,*,#1224,.T.);
#1650=ORIENTED_EDGE('',*,*,#1209,.F.);
#1651=ORIENTED_EDGE('',*,*,#1207,.T.);
#1652=ORIENTED_EDGE('',*,*,#1234,.F.);
#1653=ORIENTED_EDGE('',*,*,#1206,.T.);
#1654=ORIENTED_EDGE('',*,*,#1208,.T.);
#1655=ORIENTED_EDGE('',*,*,#1235,.T.);
#1656=ORIENTED_EDGE('',*,*,#1236,.F.);
#1657=ORIENTED_EDGE('',*,*,#1235,.F.);
#1658=ORIENTED_EDGE('',*,*,#1172,.F.);
#1659=ORIENTED_EDGE('',*,*,#1156,.F.);
#1660=ORIENTED_EDGE('',*,*,#1139,.T.);
#1661=ORIENTED_EDGE('',*,*,#1225,.T.);
#1662=ORIENTED_EDGE('',*,*,#1237,.F.);
#1663=ORIENTED_EDGE('',*,*,#1236,.T.);
#1664=ORIENTED_EDGE('',*,*,#1237,.T.);
#1665=ORIENTED_EDGE('',*,*,#1233,.T.);
#1666=ORIENTED_EDGE('',*,*,#1234,.T.);
#1667=ORIENTED_EDGE('',*,*,#1238,.F.);
#1668=ORIENTED_EDGE('',*,*,#1218,.T.);
#1669=ORIENTED_EDGE('',*,*,#1191,.F.);
#1670=ORIENTED_EDGE('',*,*,#1197,.F.);
#1671=ORIENTED_EDGE('',*,*,#1239,.F.);
#1672=ORIENTED_EDGE('',*,*,#1196,.T.);
#1673=ORIENTED_EDGE('',*,*,#1200,.T.);
#1674=ORIENTED_EDGE('',*,*,#1221,.T.);
#1675=ORIENTED_EDGE('',*,*,#1238,.T.);
#1676=ORIENTED_EDGE('',*,*,#1239,.T.);
#1677=ORIENTED_EDGE('',*,*,#1223,.T.);
#1678=ORIENTED_EDGE('',*,*,#1240,.T.);
#1679=ORIENTED_EDGE('',*,*,#1241,.T.);
#1680=ORIENTED_EDGE('',*,*,#1242,.T.);
#1681=ORIENTED_EDGE('',*,*,#1243,.T.);
#1682=ORIENTED_EDGE('',*,*,#1244,.T.);
#1683=ORIENTED_EDGE('',*,*,#1245,.T.);
#1684=ORIENTED_EDGE('',*,*,#1246,.T.);
#1685=ORIENTED_EDGE('',*,*,#1247,.T.);
#1686=ORIENTED_EDGE('',*,*,#1248,.T.);
#1687=ORIENTED_EDGE('',*,*,#1249,.T.);
#1688=ORIENTED_EDGE('',*,*,#1250,.T.);
#1689=ORIENTED_EDGE('',*,*,#1251,.T.);
#1690=ORIENTED_EDGE('',*,*,#1252,.F.);
#1691=ORIENTED_EDGE('',*,*,#1253,.F.);
#1692=ORIENTED_EDGE('',*,*,#1254,.F.);
#1693=ORIENTED_EDGE('',*,*,#1255,.F.);
#1694=ORIENTED_EDGE('',*,*,#1256,.T.);
#1695=ORIENTED_EDGE('',*,*,#1257,.T.);
#1696=ORIENTED_EDGE('',*,*,#1258,.T.);
#1697=ORIENTED_EDGE('',*,*,#1259,.T.);
#1698=ORIENTED_EDGE('',*,*,#1124,.F.);
#1699=ORIENTED_EDGE('',*,*,#1260,.F.);
#1700=ORIENTED_EDGE('',*,*,#1255,.T.);
#1701=ORIENTED_EDGE('',*,*,#1261,.F.);
#1702=ORIENTED_EDGE('',*,*,#1262,.F.);
#1703=ORIENTED_EDGE('',*,*,#1263,.T.);
#1704=ORIENTED_EDGE('',*,*,#1264,.T.);
#1705=ORIENTED_EDGE('',*,*,#1262,.T.);
#1706=ORIENTED_EDGE('',*,*,#1264,.F.);
#1707=ORIENTED_EDGE('',*,*,#1265,.F.);
#1708=ORIENTED_EDGE('',*,*,#1266,.T.);
#1709=ORIENTED_EDGE('',*,*,#1267,.F.);
#1710=ORIENTED_EDGE('',*,*,#1268,.F.);
#1711=ORIENTED_EDGE('',*,*,#1269,.F.);
#1712=ORIENTED_EDGE('',*,*,#1270,.T.);
#1713=ORIENTED_EDGE('',*,*,#1271,.F.);
#1714=ORIENTED_EDGE('',*,*,#1272,.F.);
#1715=ORIENTED_EDGE('',*,*,#1273,.F.);
#1716=ORIENTED_EDGE('',*,*,#1274,.F.);
#1717=ORIENTED_EDGE('',*,*,#1275,.F.);
#1718=ORIENTED_EDGE('',*,*,#1276,.F.);
#1719=ORIENTED_EDGE('',*,*,#1277,.T.);
#1720=ORIENTED_EDGE('',*,*,#1272,.T.);
#1721=ORIENTED_EDGE('',*,*,#1275,.T.);
#1722=ORIENTED_EDGE('',*,*,#1268,.T.);
#1723=ORIENTED_EDGE('',*,*,#1278,.T.);
#1724=ORIENTED_EDGE('',*,*,#1273,.T.);
#1725=ORIENTED_EDGE('',*,*,#1279,.T.);
#1726=ORIENTED_EDGE('',*,*,#1280,.T.);
#1727=ORIENTED_EDGE('',*,*,#1267,.T.);
#1728=ORIENTED_EDGE('',*,*,#1281,.T.);
#1729=ORIENTED_EDGE('',*,*,#1282,.T.);
#1730=ORIENTED_EDGE('',*,*,#1283,.F.);
#1731=ORIENTED_EDGE('',*,*,#1278,.F.);
#1732=ORIENTED_EDGE('',*,*,#1280,.F.);
#1733=ORIENTED_EDGE('',*,*,#1284,.T.);
#1734=ORIENTED_EDGE('',*,*,#1285,.T.);
#1735=ORIENTED_EDGE('',*,*,#1274,.T.);
#1736=ORIENTED_EDGE('',*,*,#1283,.T.);
#1737=ORIENTED_EDGE('',*,*,#1286,.T.);
#1738=ORIENTED_EDGE('',*,*,#1287,.F.);
#1739=ORIENTED_EDGE('',*,*,#1277,.F.);
#1740=ORIENTED_EDGE('',*,*,#1285,.F.);
#1741=ORIENTED_EDGE('',*,*,#1288,.T.);
#1742=ORIENTED_EDGE('',*,*,#1289,.F.);
#1743=ORIENTED_EDGE('',*,*,#1269,.T.);
#1744=ORIENTED_EDGE('',*,*,#1287,.T.);
#1745=ORIENTED_EDGE('',*,*,#1290,.T.);
#1746=ORIENTED_EDGE('',*,*,#1291,.T.);
#1747=ORIENTED_EDGE('',*,*,#1286,.F.);
#1748=ORIENTED_EDGE('',*,*,#1292,.T.);
#1749=ORIENTED_EDGE('',*,*,#1293,.T.);
#1750=ORIENTED_EDGE('',*,*,#1282,.F.);
#1751=ORIENTED_EDGE('',*,*,#1292,.F.);
#1752=ORIENTED_EDGE('',*,*,#1279,.F.);
#1753=ORIENTED_EDGE('',*,*,#1294,.T.);
#1754=ORIENTED_EDGE('',*,*,#1240,.F.);
#1755=ORIENTED_EDGE('',*,*,#1293,.F.);
#1756=ORIENTED_EDGE('',*,*,#1251,.F.);
#1757=ORIENTED_EDGE('',*,*,#1290,.F.);
#1758=ORIENTED_EDGE('',*,*,#1284,.F.);
#1759=ORIENTED_EDGE('',*,*,#1291,.F.);
#1760=ORIENTED_EDGE('',*,*,#1250,.F.);
#1761=ORIENTED_EDGE('',*,*,#1295,.T.);
#1762=ORIENTED_EDGE('',*,*,#1288,.F.);
#1763=ORIENTED_EDGE('',*,*,#1296,.T.);
#1764=ORIENTED_EDGE('',*,*,#1297,.T.);
#1765=ORIENTED_EDGE('',*,*,#1298,.F.);
#1766=ORIENTED_EDGE('',*,*,#1299,.T.);
#1767=ORIENTED_EDGE('',*,*,#1300,.T.);
#1768=ORIENTED_EDGE('',*,*,#1301,.T.);
#1769=ORIENTED_EDGE('',*,*,#1259,.F.);
#1770=ORIENTED_EDGE('',*,*,#1302,.T.);
#1771=ORIENTED_EDGE('',*,*,#1303,.T.);
#1772=ORIENTED_EDGE('',*,*,#1304,.T.);
#1773=ORIENTED_EDGE('',*,*,#1257,.F.);
#1774=ORIENTED_EDGE('',*,*,#1305,.F.);
#1775=ORIENTED_EDGE('',*,*,#1306,.F.);
#1776=ORIENTED_EDGE('',*,*,#1256,.F.);
#1777=ORIENTED_EDGE('',*,*,#1307,.T.);
#1778=ORIENTED_EDGE('',*,*,#1246,.F.);
#1779=ORIENTED_EDGE('',*,*,#1308,.F.);
#1780=ORIENTED_EDGE('',*,*,#1309,.T.);
#1781=ORIENTED_EDGE('',*,*,#1310,.F.);
#1782=ORIENTED_EDGE('',*,*,#1295,.F.);
#1783=ORIENTED_EDGE('',*,*,#1249,.F.);
#1784=ORIENTED_EDGE('',*,*,#1311,.T.);
#1785=ORIENTED_EDGE('',*,*,#1248,.F.);
#1786=ORIENTED_EDGE('',*,*,#1312,.F.);
#1787=ORIENTED_EDGE('',*,*,#1313,.F.);
#1788=ORIENTED_EDGE('',*,*,#1247,.F.);
#1789=ORIENTED_EDGE('',*,*,#1307,.F.);
#1790=ORIENTED_EDGE('',*,*,#1301,.F.);
#1791=ORIENTED_EDGE('',*,*,#1314,.F.);
#1792=ORIENTED_EDGE('',*,*,#1312,.T.);
#1793=ORIENTED_EDGE('',*,*,#1314,.T.);
#1794=ORIENTED_EDGE('',*,*,#1315,.T.);
#1795=ORIENTED_EDGE('',*,*,#1316,.T.);
#1796=ORIENTED_EDGE('',*,*,#1305,.T.);
#1797=ORIENTED_EDGE('',*,*,#1308,.T.);
#1798=ORIENTED_EDGE('',*,*,#1317,.T.);
#1799=ORIENTED_EDGE('',*,*,#1318,.F.);
#1800=ORIENTED_EDGE('',*,*,#1319,.T.);
#1801=ORIENTED_EDGE('',*,*,#1258,.F.);
#1802=ORIENTED_EDGE('',*,*,#1320,.T.);
#1803=ORIENTED_EDGE('',*,*,#1321,.F.);
#1804=ORIENTED_EDGE('',*,*,#1322,.F.);
#1805=ORIENTED_EDGE('',*,*,#1243,.F.);
#1806=ORIENTED_EDGE('',*,*,#1323,.T.);
#1807=ORIENTED_EDGE('',*,*,#1242,.F.);
#1808=ORIENTED_EDGE('',*,*,#1324,.T.);
#1809=ORIENTED_EDGE('',*,*,#1325,.F.);
#1810=ORIENTED_EDGE('',*,*,#1326,.T.);
#1811=ORIENTED_EDGE('',*,*,#1241,.F.);
#1812=ORIENTED_EDGE('',*,*,#1294,.F.);
#1813=ORIENTED_EDGE('',*,*,#1327,.F.);
#1814=ORIENTED_EDGE('',*,*,#1328,.T.);
#1815=ORIENTED_EDGE('',*,*,#1244,.F.);
#1816=ORIENTED_EDGE('',*,*,#1322,.T.);
#1817=ORIENTED_EDGE('',*,*,#1297,.F.);
#1818=ORIENTED_EDGE('',*,*,#1329,.T.);
#1819=ORIENTED_EDGE('',*,*,#1330,.F.);
#1820=ORIENTED_EDGE('',*,*,#1316,.F.);
#1821=ORIENTED_EDGE('',*,*,#1245,.F.);
#1822=ORIENTED_EDGE('',*,*,#1331,.T.);
#1823=ORIENTED_EDGE('',*,*,#1306,.T.);
#1824=ORIENTED_EDGE('',*,*,#1330,.T.);
#1825=ORIENTED_EDGE('',*,*,#1332,.T.);
#1826=ORIENTED_EDGE('',*,*,#1296,.F.);
#1827=ORIENTED_EDGE('',*,*,#1333,.T.);
#1828=ORIENTED_EDGE('',*,*,#1332,.F.);
#1829=ORIENTED_EDGE('',*,*,#1334,.T.);
#1830=ORIENTED_EDGE('',*,*,#1334,.F.);
#1831=ORIENTED_EDGE('',*,*,#1329,.F.);
#1832=ORIENTED_EDGE('',*,*,#1328,.F.);
#1833=ORIENTED_EDGE('',*,*,#1335,.T.);
#1834=ORIENTED_EDGE('',*,*,#1317,.F.);
#1835=ORIENTED_EDGE('',*,*,#1304,.F.);
#1836=ORIENTED_EDGE('',*,*,#1331,.F.);
#1837=ORIENTED_EDGE('',*,*,#1333,.F.);
#1838=ORIENTED_EDGE('',*,*,#1336,.F.);
#1839=ORIENTED_EDGE('',*,*,#1335,.F.);
#1840=ORIENTED_EDGE('',*,*,#1337,.T.);
#1841=ORIENTED_EDGE('',*,*,#1302,.F.);
#1842=ORIENTED_EDGE('',*,*,#1319,.F.);
#1843=ORIENTED_EDGE('',*,*,#1338,.F.);
#1844=ORIENTED_EDGE('',*,*,#1339,.T.);
#1845=ORIENTED_EDGE('',*,*,#1340,.F.);
#1846=ORIENTED_EDGE('',*,*,#1315,.F.);
#1847=ORIENTED_EDGE('',*,*,#1303,.F.);
#1848=ORIENTED_EDGE('',*,*,#1341,.T.);
#1849=ORIENTED_EDGE('',*,*,#1313,.T.);
#1850=ORIENTED_EDGE('',*,*,#1340,.T.);
#1851=ORIENTED_EDGE('',*,*,#1342,.T.);
#1852=ORIENTED_EDGE('',*,*,#1263,.F.);
#1853=ORIENTED_EDGE('',*,*,#1343,.T.);
#1854=ORIENTED_EDGE('',*,*,#1309,.F.);
#1855=ORIENTED_EDGE('',*,*,#1311,.F.);
#1856=ORIENTED_EDGE('',*,*,#1344,.F.);
#1857=ORIENTED_EDGE('',*,*,#1339,.F.);
#1858=ORIENTED_EDGE('',*,*,#1337,.F.);
#1859=ORIENTED_EDGE('',*,*,#1345,.T.);
#1860=ORIENTED_EDGE('',*,*,#1346,.T.);
#1861=ORIENTED_EDGE('',*,*,#1325,.T.);
#1862=ORIENTED_EDGE('',*,*,#1347,.T.);
#1863=ORIENTED_EDGE('',*,*,#1348,.T.);
#1864=ORIENTED_EDGE('',*,*,#1349,.T.);
#1865=ORIENTED_EDGE('',*,*,#1327,.T.);
#1866=ORIENTED_EDGE('',*,*,#1281,.F.);
#1867=ORIENTED_EDGE('',*,*,#1350,.T.);
#1868=ORIENTED_EDGE('',*,*,#1324,.F.);
#1869=ORIENTED_EDGE('',*,*,#1326,.F.);
#1870=ORIENTED_EDGE('',*,*,#1351,.T.);
#1871=ORIENTED_EDGE('',*,*,#1347,.F.);
#1872=ORIENTED_EDGE('',*,*,#1350,.F.);
#1873=ORIENTED_EDGE('',*,*,#1349,.F.);
#1874=ORIENTED_EDGE('',*,*,#1352,.T.);
#1875=ORIENTED_EDGE('',*,*,#1353,.T.);
#1876=ORIENTED_EDGE('',*,*,#1298,.T.);
#1877=ORIENTED_EDGE('',*,*,#1321,.T.);
#1878=ORIENTED_EDGE('',*,*,#1354,.T.);
#1879=ORIENTED_EDGE('',*,*,#1355,.F.);
#1880=ORIENTED_EDGE('',*,*,#1299,.F.);
#1881=ORIENTED_EDGE('',*,*,#1353,.F.);
#1882=ORIENTED_EDGE('',*,*,#1271,.T.);
#1883=ORIENTED_EDGE('',*,*,#1356,.T.);
#1884=ORIENTED_EDGE('',*,*,#1357,.T.);
#1885=ORIENTED_EDGE('',*,*,#1338,.T.);
#1886=ORIENTED_EDGE('',*,*,#1318,.T.);
#1887=ORIENTED_EDGE('',*,*,#1336,.T.);
#1888=ORIENTED_EDGE('',*,*,#1300,.F.);
#1889=ORIENTED_EDGE('',*,*,#1355,.T.);
#1890=ORIENTED_EDGE('',*,*,#1358,.T.);
#1891=ORIENTED_EDGE('',*,*,#1359,.T.);
#1892=ORIENTED_EDGE('',*,*,#1265,.T.);
#1893=ORIENTED_EDGE('',*,*,#1276,.T.);
#1894=ORIENTED_EDGE('',*,*,#1360,.T.);
#1895=ORIENTED_EDGE('',*,*,#1361,.T.);
#1896=ORIENTED_EDGE('',*,*,#1354,.F.);
#1897=ORIENTED_EDGE('',*,*,#1362,.T.);
#1898=ORIENTED_EDGE('',*,*,#1320,.F.);
#1899=ORIENTED_EDGE('',*,*,#1323,.F.);
#1900=ORIENTED_EDGE('',*,*,#1360,.F.);
#1901=ORIENTED_EDGE('',*,*,#1352,.F.);
#1902=ORIENTED_EDGE('',*,*,#1362,.F.);
#1903=ORIENTED_EDGE('',*,*,#1346,.F.);
#1904=ORIENTED_EDGE('',*,*,#1363,.T.);
#1905=ORIENTED_EDGE('',*,*,#1364,.T.);
#1906=ORIENTED_EDGE('',*,*,#1351,.F.);
#1907=ORIENTED_EDGE('',*,*,#1363,.F.);
#1908=ORIENTED_EDGE('',*,*,#1348,.F.);
#1909=ORIENTED_EDGE('',*,*,#1266,.F.);
#1910=ORIENTED_EDGE('',*,*,#1359,.F.);
#1911=ORIENTED_EDGE('',*,*,#1364,.F.);
#1912=ORIENTED_EDGE('',*,*,#1358,.F.);
#1913=ORIENTED_EDGE('',*,*,#1361,.F.);
#1914=ORIENTED_EDGE('',*,*,#1345,.F.);
#1915=ORIENTED_EDGE('',*,*,#1365,.T.);
#1916=ORIENTED_EDGE('',*,*,#1342,.F.);
#1917=ORIENTED_EDGE('',*,*,#1344,.T.);
#1918=ORIENTED_EDGE('',*,*,#1357,.F.);
#1919=ORIENTED_EDGE('',*,*,#1366,.T.);
#1920=ORIENTED_EDGE('',*,*,#1367,.F.);
#1921=ORIENTED_EDGE('',*,*,#1343,.F.);
#1922=ORIENTED_EDGE('',*,*,#1341,.F.);
#1923=ORIENTED_EDGE('',*,*,#1368,.T.);
#1924=ORIENTED_EDGE('',*,*,#1289,.T.);
#1925=ORIENTED_EDGE('',*,*,#1310,.T.);
#1926=ORIENTED_EDGE('',*,*,#1367,.T.);
#1927=ORIENTED_EDGE('',*,*,#1270,.F.);
#1928=ORIENTED_EDGE('',*,*,#1368,.F.);
#1929=ORIENTED_EDGE('',*,*,#1369,.T.);
#1930=ORIENTED_EDGE('',*,*,#1356,.F.);
#1931=ORIENTED_EDGE('',*,*,#1369,.F.);
#1932=ORIENTED_EDGE('',*,*,#1366,.F.);
#1933=ORIENTED_EDGE('',*,*,#1365,.F.);
#1934=ORIENTED_EDGE('',*,*,#1123,.F.);
#1935=ORIENTED_EDGE('',*,*,#1370,.T.);
#1936=ORIENTED_EDGE('',*,*,#1252,.T.);
#1937=ORIENTED_EDGE('',*,*,#1260,.T.);
#1938=ORIENTED_EDGE('',*,*,#1121,.F.);
#1939=ORIENTED_EDGE('',*,*,#1261,.T.);
#1940=ORIENTED_EDGE('',*,*,#1254,.T.);
#1941=ORIENTED_EDGE('',*,*,#1371,.T.);
#1942=ORIENTED_EDGE('',*,*,#1122,.F.);
#1943=ORIENTED_EDGE('',*,*,#1371,.F.);
#1944=ORIENTED_EDGE('',*,*,#1253,.T.);
#1945=ORIENTED_EDGE('',*,*,#1370,.F.);
#1946=ORIENTED_EDGE('',*,*,#1372,.T.);
#1947=ORIENTED_EDGE('',*,*,#1373,.T.);
#1948=ORIENTED_EDGE('',*,*,#1374,.T.);
#1949=ORIENTED_EDGE('',*,*,#1375,.T.);
#1950=ORIENTED_EDGE('',*,*,#1376,.F.);
#1951=ORIENTED_EDGE('',*,*,#1377,.F.);
#1952=ORIENTED_EDGE('',*,*,#1378,.F.);
#1953=ORIENTED_EDGE('',*,*,#1379,.F.);
#1954=ORIENTED_EDGE('',*,*,#1378,.T.);
#1955=ORIENTED_EDGE('',*,*,#1380,.T.);
#1956=ORIENTED_EDGE('',*,*,#1381,.T.);
#1957=ORIENTED_EDGE('',*,*,#1382,.T.);
#1958=ORIENTED_EDGE('',*,*,#1377,.T.);
#1959=ORIENTED_EDGE('',*,*,#1383,.F.);
#1960=ORIENTED_EDGE('',*,*,#1384,.F.);
#1961=ORIENTED_EDGE('',*,*,#1380,.F.);
#1962=ORIENTED_EDGE('',*,*,#1376,.T.);
#1963=ORIENTED_EDGE('',*,*,#1385,.T.);
#1964=ORIENTED_EDGE('',*,*,#1386,.T.);
#1965=ORIENTED_EDGE('',*,*,#1383,.T.);
#1966=ORIENTED_EDGE('',*,*,#1379,.T.);
#1967=ORIENTED_EDGE('',*,*,#1382,.F.);
#1968=ORIENTED_EDGE('',*,*,#1387,.F.);
#1969=ORIENTED_EDGE('',*,*,#1385,.F.);
#1970=ORIENTED_EDGE('',*,*,#1381,.F.);
#1971=ORIENTED_EDGE('',*,*,#1384,.T.);
#1972=ORIENTED_EDGE('',*,*,#1386,.F.);
#1973=ORIENTED_EDGE('',*,*,#1387,.T.);
#1974=ORIENTED_EDGE('',*,*,#1388,.F.);
#1975=ORIENTED_EDGE('',*,*,#1389,.T.);
#1976=ORIENTED_EDGE('',*,*,#1390,.F.);
#1977=ORIENTED_EDGE('',*,*,#1391,.F.);
#1978=ORIENTED_EDGE('',*,*,#1392,.F.);
#1979=ORIENTED_EDGE('',*,*,#1391,.T.);
#1980=ORIENTED_EDGE('',*,*,#1393,.F.);
#1981=ORIENTED_EDGE('',*,*,#1394,.F.);
#1982=ORIENTED_EDGE('',*,*,#1395,.F.);
#1983=ORIENTED_EDGE('',*,*,#1394,.T.);
#1984=ORIENTED_EDGE('',*,*,#1396,.F.);
#1985=ORIENTED_EDGE('',*,*,#1397,.F.);
#1986=ORIENTED_EDGE('',*,*,#1398,.F.);
#1987=ORIENTED_EDGE('',*,*,#1397,.T.);
#1988=ORIENTED_EDGE('',*,*,#1399,.F.);
#1989=ORIENTED_EDGE('',*,*,#1389,.F.);
#1990=ORIENTED_EDGE('',*,*,#1400,.F.);
#1991=ORIENTED_EDGE('',*,*,#1374,.F.);
#1992=ORIENTED_EDGE('',*,*,#1401,.F.);
#1993=ORIENTED_EDGE('',*,*,#1402,.F.);
#1994=ORIENTED_EDGE('',*,*,#1403,.F.);
#1995=ORIENTED_EDGE('',*,*,#1402,.T.);
#1996=ORIENTED_EDGE('',*,*,#1404,.F.);
#1997=ORIENTED_EDGE('',*,*,#1405,.F.);
#1998=ORIENTED_EDGE('',*,*,#1406,.F.);
#1999=ORIENTED_EDGE('',*,*,#1405,.T.);
#2000=ORIENTED_EDGE('',*,*,#1407,.F.);
#2001=ORIENTED_EDGE('',*,*,#1372,.F.);
#2002=ORIENTED_EDGE('',*,*,#1407,.T.);
#2003=ORIENTED_EDGE('',*,*,#1404,.T.);
#2004=ORIENTED_EDGE('',*,*,#1401,.T.);
#2005=ORIENTED_EDGE('',*,*,#1373,.F.);
#2006=ORIENTED_EDGE('',*,*,#1399,.T.);
#2007=ORIENTED_EDGE('',*,*,#1396,.T.);
#2008=ORIENTED_EDGE('',*,*,#1393,.T.);
#2009=ORIENTED_EDGE('',*,*,#1390,.T.);
#2010=ORIENTED_EDGE('',*,*,#1406,.T.);
#2011=ORIENTED_EDGE('',*,*,#1375,.F.);
#2012=ORIENTED_EDGE('',*,*,#1400,.T.);
#2013=ORIENTED_EDGE('',*,*,#1403,.T.);
#2014=ORIENTED_EDGE('',*,*,#1398,.T.);
#2015=ORIENTED_EDGE('',*,*,#1388,.T.);
#2016=ORIENTED_EDGE('',*,*,#1392,.T.);
#2017=ORIENTED_EDGE('',*,*,#1395,.T.);
#2018=ORIENTED_EDGE('',*,*,#1408,.T.);
#2019=ORIENTED_EDGE('',*,*,#1409,.T.);
#2020=ORIENTED_EDGE('',*,*,#1410,.F.);
#2021=ORIENTED_EDGE('',*,*,#1411,.T.);
#2022=ORIENTED_EDGE('',*,*,#1412,.T.);
#2023=ORIENTED_EDGE('',*,*,#1413,.T.);
#2024=ORIENTED_EDGE('',*,*,#1414,.T.);
#2025=ORIENTED_EDGE('',*,*,#1415,.T.);
#2026=ORIENTED_EDGE('',*,*,#1415,.F.);
#2027=ORIENTED_EDGE('',*,*,#1416,.F.);
#2028=ORIENTED_EDGE('',*,*,#1409,.F.);
#2029=ORIENTED_EDGE('',*,*,#1417,.F.);
#2030=ORIENTED_EDGE('',*,*,#1418,.T.);
#2031=ORIENTED_EDGE('',*,*,#1410,.T.);
#2032=ORIENTED_EDGE('',*,*,#1416,.T.);
#2033=ORIENTED_EDGE('',*,*,#1414,.F.);
#2034=ORIENTED_EDGE('',*,*,#1419,.F.);
#2035=ORIENTED_EDGE('',*,*,#1411,.F.);
#2036=ORIENTED_EDGE('',*,*,#1418,.F.);
#2037=ORIENTED_EDGE('',*,*,#1413,.F.);
#2038=ORIENTED_EDGE('',*,*,#1408,.F.);
#2039=ORIENTED_EDGE('',*,*,#1419,.T.);
#2040=ORIENTED_EDGE('',*,*,#1412,.F.);
#2041=ORIENTED_EDGE('',*,*,#1417,.T.);
#2042=PLANE('',#2264);
#2043=PLANE('',#2265);
#2044=PLANE('',#2266);
#2045=PLANE('',#2283);
#2046=PLANE('',#2286);
#2047=PLANE('',#2289);
#2048=PLANE('',#2301);
#2049=PLANE('',#2334);
#2050=PLANE('',#2347);
#2051=PLANE('',#2352);
#2052=PLANE('',#2353);
#2053=PLANE('',#2358);
#2054=PLANE('',#2362);
#2055=PLANE('',#2378);
#2056=PLANE('',#2382);
#2057=PLANE('',#2386);
#2058=PLANE('',#2387);
#2059=PLANE('',#2388);
#2060=PLANE('',#2389);
#2061=PLANE('',#2406);
#2062=PLANE('',#2409);
#2063=PLANE('',#2412);
#2064=PLANE('',#2424);
#2065=PLANE('',#2426);
#2066=PLANE('',#2459);
#2067=PLANE('',#2471);
#2068=PLANE('',#2476);
#2069=PLANE('',#2477);
#2070=PLANE('',#2482);
#2071=PLANE('',#2485);
#2072=PLANE('',#2501);
#2073=PLANE('',#2505);
#2074=PLANE('',#2506);
#2075=PLANE('',#2507);
#2076=PLANE('',#2508);
#2077=PLANE('',#2509);
#2078=PLANE('',#2510);
#2079=PLANE('',#2511);
#2080=PLANE('',#2512);
#2081=PLANE('',#2513);
#2082=PLANE('',#2514);
#2083=PLANE('',#2515);
#2084=PLANE('',#2516);
#2085=PLANE('',#2517);
#2086=PLANE('',#2518);
#2087=PLANE('',#2519);
#2088=PLANE('',#2520);
#2089=PLANE('',#2521);
#2090=PLANE('',#2522);
#2091=PLANE('',#2523);
#2092=PLANE('',#2524);
#2093=PLANE('',#2525);
#2094=PLANE('',#2526);
#2095=PLANE('',#2527);
#2096=PLANE('',#2528);
#2097=ADVANCED_FACE('',(#235,#228),#2042,.T.);
#2098=ADVANCED_FACE('',(#236),#2043,.F.);
#2099=ADVANCED_FACE('',(#237),#2044,.T.);
#2100=ADVANCED_FACE('',(#238),#65,.T.);
#2101=ADVANCED_FACE('',(#239),#66,.T.);
#2102=ADVANCED_FACE('',(#240),#67,.T.);
#2103=ADVANCED_FACE('',(#241),#68,.T.);
#2104=ADVANCED_FACE('',(#242),#18,.T.);
#2105=ADVANCED_FACE('',(#243),#19,.T.);
#2106=ADVANCED_FACE('',(#244),#2045,.T.);
#2107=ADVANCED_FACE('',(#245),#69,.T.);
#2108=ADVANCED_FACE('',(#246),#2046,.F.);
#2109=ADVANCED_FACE('',(#247),#70,.T.);
#2110=ADVANCED_FACE('',(#248),#2047,.F.);
#2111=ADVANCED_FACE('',(#249),#20,.T.);
#2112=ADVANCED_FACE('',(#250),#21,.T.);
#2113=ADVANCED_FACE('',(#251),#71,.T.);
#2114=ADVANCED_FACE('',(#252),#72,.T.);
#2115=ADVANCED_FACE('',(#253),#73,.T.);
#2116=ADVANCED_FACE('',(#254),#2048,.T.);
#2117=ADVANCED_FACE('',(#255),#74,.T.);
#2118=ADVANCED_FACE('',(#256),#75,.T.);
#2119=ADVANCED_FACE('',(#257),#76,.T.);
#2120=ADVANCED_FACE('',(#258),#77,.T.);
#2121=ADVANCED_FACE('',(#259),#78,.T.);
#2122=ADVANCED_FACE('',(#260),#22,.T.);
#2123=ADVANCED_FACE('',(#261),#23,.T.);
#2124=ADVANCED_FACE('',(#262),#79,.T.);
#2125=ADVANCED_FACE('',(#263),#80,.T.);
#2126=ADVANCED_FACE('',(#264),#81,.T.);
#2127=ADVANCED_FACE('',(#265),#82,.T.);
#2128=ADVANCED_FACE('',(#266),#83,.T.);
#2129=ADVANCED_FACE('',(#267),#84,.T.);
#2130=ADVANCED_FACE('',(#268),#2049,.F.);
#2131=ADVANCED_FACE('',(#269),#85,.T.);
#2132=ADVANCED_FACE('',(#270),#24,.T.);
#2133=ADVANCED_FACE('',(#271),#25,.T.);
#2134=ADVANCED_FACE('',(#272),#86,.T.);
#2135=ADVANCED_FACE('',(#273),#87,.T.);
#2136=ADVANCED_FACE('',(#274),#88,.T.);
#2137=ADVANCED_FACE('',(#275,#229),#2050,.T.);
#2138=ADVANCED_FACE('',(#276),#26,.T.);
#2139=ADVANCED_FACE('',(#277),#27,.T.);
#2140=ADVANCED_FACE('',(#278),#2051,.T.);
#2141=ADVANCED_FACE('',(#279),#2052,.T.);
#2142=ADVANCED_FACE('',(#280),#28,.T.);
#2143=ADVANCED_FACE('',(#281),#89,.T.);
#2144=ADVANCED_FACE('',(#282),#2053,.T.);
#2145=ADVANCED_FACE('',(#283),#90,.T.);
#2146=ADVANCED_FACE('',(#284),#2054,.F.);
#2147=ADVANCED_FACE('',(#285),#29,.T.);
#2148=ADVANCED_FACE('',(#286),#30,.T.);
#2149=ADVANCED_FACE('',(#287),#91,.T.);
#2150=ADVANCED_FACE('',(#288),#31,.T.);
#2151=ADVANCED_FACE('',(#289),#92,.T.);
#2152=ADVANCED_FACE('',(#290),#93,.T.);
#2153=ADVANCED_FACE('',(#291),#94,.T.);
#2154=ADVANCED_FACE('',(#292),#95,.T.);
#2155=ADVANCED_FACE('',(#293),#2055,.T.);
#2156=ADVANCED_FACE('',(#294),#96,.T.);
#2157=ADVANCED_FACE('',(#295),#32,.T.);
#2158=ADVANCED_FACE('',(#296),#2056,.T.);
#2159=ADVANCED_FACE('',(#297),#33,.T.);
#2160=ADVANCED_FACE('',(#298),#97,.T.);
#2161=ADVANCED_FACE('',(#299,#230),#2057,.F.);
#2162=ADVANCED_FACE('',(#300),#2058,.T.);
#2163=ADVANCED_FACE('',(#301),#2059,.F.);
#2164=ADVANCED_FACE('',(#302),#2060,.F.);
#2165=ADVANCED_FACE('',(#303),#98,.F.);
#2166=ADVANCED_FACE('',(#304),#99,.F.);
#2167=ADVANCED_FACE('',(#305),#100,.F.);
#2168=ADVANCED_FACE('',(#306),#101,.F.);
#2169=ADVANCED_FACE('',(#307),#34,.F.);
#2170=ADVANCED_FACE('',(#308),#35,.F.);
#2171=ADVANCED_FACE('',(#309),#2061,.F.);
#2172=ADVANCED_FACE('',(#310),#102,.F.);
#2173=ADVANCED_FACE('',(#311),#2062,.T.);
#2174=ADVANCED_FACE('',(#312),#103,.F.);
#2175=ADVANCED_FACE('',(#313),#2063,.T.);
#2176=ADVANCED_FACE('',(#314),#36,.F.);
#2177=ADVANCED_FACE('',(#315),#37,.F.);
#2178=ADVANCED_FACE('',(#316),#104,.F.);
#2179=ADVANCED_FACE('',(#317),#105,.F.);
#2180=ADVANCED_FACE('',(#318),#106,.F.);
#2181=ADVANCED_FACE('',(#319),#2064,.F.);
#2182=ADVANCED_FACE('',(#320),#2065,.F.);
#2183=ADVANCED_FACE('',(#321),#107,.F.);
#2184=ADVANCED_FACE('',(#322),#108,.F.);
#2185=ADVANCED_FACE('',(#323),#109,.F.);
#2186=ADVANCED_FACE('',(#324),#110,.F.);
#2187=ADVANCED_FACE('',(#325),#111,.F.);
#2188=ADVANCED_FACE('',(#326),#38,.F.);
#2189=ADVANCED_FACE('',(#327),#39,.F.);
#2190=ADVANCED_FACE('',(#328),#112,.F.);
#2191=ADVANCED_FACE('',(#329),#113,.F.);
#2192=ADVANCED_FACE('',(#330),#114,.F.);
#2193=ADVANCED_FACE('',(#331),#115,.F.);
#2194=ADVANCED_FACE('',(#332),#116,.F.);
#2195=ADVANCED_FACE('',(#333),#117,.F.);
#2196=ADVANCED_FACE('',(#334),#2066,.T.);
#2197=ADVANCED_FACE('',(#335),#118,.F.);
#2198=ADVANCED_FACE('',(#336),#40,.F.);
#2199=ADVANCED_FACE('',(#337),#41,.F.);
#2200=ADVANCED_FACE('',(#338),#119,.F.);
#2201=ADVANCED_FACE('',(#339),#120,.F.);
#2202=ADVANCED_FACE('',(#340),#121,.F.);
#2203=ADVANCED_FACE('',(#341,#231),#2067,.F.);
#2204=ADVANCED_FACE('',(#342),#42,.F.);
#2205=ADVANCED_FACE('',(#343),#43,.F.);
#2206=ADVANCED_FACE('',(#344),#2068,.F.);
#2207=ADVANCED_FACE('',(#345),#2069,.F.);
#2208=ADVANCED_FACE('',(#346),#44,.F.);
#2209=ADVANCED_FACE('',(#347),#122,.F.);
#2210=ADVANCED_FACE('',(#348),#2070,.F.);
#2211=ADVANCED_FACE('',(#349),#123,.F.);
#2212=ADVANCED_FACE('',(#350),#2071,.T.);
#2213=ADVANCED_FACE('',(#351),#45,.F.);
#2214=ADVANCED_FACE('',(#352),#46,.F.);
#2215=ADVANCED_FACE('',(#353),#124,.F.);
#2216=ADVANCED_FACE('',(#354),#47,.F.);
#2217=ADVANCED_FACE('',(#355),#125,.F.);
#2218=ADVANCED_FACE('',(#356),#126,.F.);
#2219=ADVANCED_FACE('',(#357),#127,.F.);
#2220=ADVANCED_FACE('',(#358),#128,.F.);
#2221=ADVANCED_FACE('',(#359),#2072,.F.);
#2222=ADVANCED_FACE('',(#360),#129,.F.);
#2223=ADVANCED_FACE('',(#361),#48,.F.);
#2224=ADVANCED_FACE('',(#362),#2073,.F.);
#2225=ADVANCED_FACE('',(#363),#2074,.F.);
#2226=ADVANCED_FACE('',(#364),#2075,.T.);
#2227=ADVANCED_FACE('',(#365,#232),#2076,.F.);
#2228=ADVANCED_FACE('',(#366),#2077,.F.);
#2229=ADVANCED_FACE('',(#367),#2078,.F.);
#2230=ADVANCED_FACE('',(#368),#2079,.F.);
#2231=ADVANCED_FACE('',(#369),#2080,.T.);
#2232=ADVANCED_FACE('',(#370),#2081,.F.);
#2233=ADVANCED_FACE('',(#371),#2082,.T.);
#2234=ADVANCED_FACE('',(#372),#2083,.T.);
#2235=ADVANCED_FACE('',(#373),#2084,.T.);
#2236=ADVANCED_FACE('',(#374),#2085,.T.);
#2237=ADVANCED_FACE('',(#375),#2086,.T.);
#2238=ADVANCED_FACE('',(#376),#2087,.T.);
#2239=ADVANCED_FACE('',(#377),#2088,.T.);
#2240=ADVANCED_FACE('',(#378,#233),#2089,.T.);
#2241=ADVANCED_FACE('',(#379,#234),#2090,.F.);
#2242=ADVANCED_FACE('',(#380),#2091,.F.);
#2243=ADVANCED_FACE('',(#381),#2092,.F.);
#2244=ADVANCED_FACE('',(#382),#2093,.F.);
#2245=ADVANCED_FACE('',(#383),#2094,.F.);
#2246=ADVANCED_FACE('',(#384),#2095,.T.);
#2247=ADVANCED_FACE('',(#385),#2096,.F.);
#2248=CLOSED_SHELL('',(#2097,#2098,#2099,#2100,#2101,#2102,#2103,#2104,
#2105,#2106,#2107,#2108,#2109,#2110,#2111,#2112,#2113,#2114,#2115,#2116,
#2117,#2118,#2119,#2120,#2121,#2122,#2123,#2124,#2125,#2126,#2127,#2128,
#2129,#2130,#2131,#2132,#2133,#2134,#2135,#2136,#2137,#2138,#2139,#2140,
#2141,#2142,#2143,#2144,#2145,#2146,#2147,#2148,#2149,#2150,#2151,#2152,
#2153,#2154,#2155,#2156,#2157,#2158,#2159,#2160,#2161,#2162,#2163,#2164,
#2165,#2166,#2167,#2168,#2169,#2170,#2171,#2172,#2173,#2174,#2175,#2176,
#2177,#2178,#2179,#2180,#2181,#2182,#2183,#2184,#2185,#2186,#2187,#2188,
#2189,#2190,#2191,#2192,#2193,#2194,#2195,#2196,#2197,#2198,#2199,#2200,
#2201,#2202,#2203,#2204,#2205,#2206,#2207,#2208,#2209,#2210,#2211,#2212,
#2213,#2214,#2215,#2216,#2217,#2218,#2219,#2220,#2221,#2222,#2223,#2224,
#2225,#2226));
#2249=CLOSED_SHELL('',(#2227,#2228,#2229,#2230,#2231,#2232,#2233,#2234,
#2235,#2236,#2237,#2238,#2239,#2240,#2241));
#2250=CLOSED_SHELL('',(#2242,#2243,#2244,#2245,#2246,#2247));
#2251=DERIVED_UNIT_ELEMENT(#2253,1.);
#2252=DERIVED_UNIT_ELEMENT(#3897,-3.);
#2253=(
MASS_UNIT()
NAMED_UNIT(*)
SI_UNIT(.KILO.,.GRAM.)
);
#2254=DERIVED_UNIT((#2251,#2252));
#2255=MEASURE_REPRESENTATION_ITEM('density measure',
POSITIVE_RATIO_MEASURE(7850.),#2254);
#2256=PROPERTY_DEFINITION_REPRESENTATION(#2261,#2258);
#2257=PROPERTY_DEFINITION_REPRESENTATION(#2262,#2259);
#2258=REPRESENTATION('material name',(#2260),#3894);
#2259=REPRESENTATION('density',(#2255),#3894);
#2260=DESCRIPTIVE_REPRESENTATION_ITEM('Steel','Steel');
#2261=PROPERTY_DEFINITION('material property','material name',#3904);
#2262=PROPERTY_DEFINITION('material property','density of part',#3904);
#2263=AXIS2_PLACEMENT_3D('',#3258,#2529,#2530);
#2264=AXIS2_PLACEMENT_3D('',#3259,#2531,#2532);
#2265=AXIS2_PLACEMENT_3D('',#3292,#2549,#2550);
#2266=AXIS2_PLACEMENT_3D('',#3301,#2555,#2556);
#2267=AXIS2_PLACEMENT_3D('',#3303,#2557,#2558);
#2268=AXIS2_PLACEMENT_3D('',#3304,#2559,#2560);
#2269=AXIS2_PLACEMENT_3D('',#3307,#2562,#2563);
#2270=AXIS2_PLACEMENT_3D('',#3308,#2564,#2565);
#2271=AXIS2_PLACEMENT_3D('',#3313,#2567,#2568);
#2272=AXIS2_PLACEMENT_3D('',#3316,#2570,#2571);
#2273=AXIS2_PLACEMENT_3D('',#3317,#2572,#2573);
#2274=AXIS2_PLACEMENT_3D('',#3322,#2575,#2576);
#2275=AXIS2_PLACEMENT_3D('',#3325,#2578,#2579);
#2276=AXIS2_PLACEMENT_3D('',#3326,#2580,#2581);
#2277=AXIS2_PLACEMENT_3D('',#3328,#2582,#2583);
#2278=AXIS2_PLACEMENT_3D('',#3331,#2585,#2586);
#2279=AXIS2_PLACEMENT_3D('',#3333,#2588,#2589);
#2280=AXIS2_PLACEMENT_3D('',#3334,#2590,#2591);
#2281=AXIS2_PLACEMENT_3D('',#3335,#2592,#2593);
#2282=AXIS2_PLACEMENT_3D('',#3336,#2594,#2595);
#2283=AXIS2_PLACEMENT_3D('',#3337,#2596,#2597);
#2284=AXIS2_PLACEMENT_3D('',#3343,#2601,#2602);
#2285=AXIS2_PLACEMENT_3D('',#3345,#2603,#2604);
#2286=AXIS2_PLACEMENT_3D('',#3347,#2606,#2607);
#2287=AXIS2_PLACEMENT_3D('',#3351,#2610,#2611);
#2288=AXIS2_PLACEMENT_3D('',#3353,#2612,#2613);
#2289=AXIS2_PLACEMENT_3D('',#3355,#2615,#2616);
#2290=AXIS2_PLACEMENT_3D('',#3359,#2619,#2620);
#2291=AXIS2_PLACEMENT_3D('',#3360,#2621,#2622);
#2292=AXIS2_PLACEMENT_3D('',#3361,#2623,#2624);
#2293=AXIS2_PLACEMENT_3D('',#3362,#2625,#2626);
#2294=AXIS2_PLACEMENT_3D('',#3363,#2627,#2628);
#2295=AXIS2_PLACEMENT_3D('',#3364,#2629,#2630);
#2296=AXIS2_PLACEMENT_3D('',#3365,#2631,#2632);
#2297=AXIS2_PLACEMENT_3D('',#3366,#2633,#2634);
#2298=AXIS2_PLACEMENT_3D('',#3367,#2635,#2636);
#2299=AXIS2_PLACEMENT_3D('',#3368,#2637,#2638);
#2300=AXIS2_PLACEMENT_3D('',#3369,#2639,#2640);
#2301=AXIS2_PLACEMENT_3D('',#3370,#2641,#2642);
#2302=AXIS2_PLACEMENT_3D('',#3376,#2646,#2647);
#2303=AXIS2_PLACEMENT_3D('',#3378,#2648,#2649);
#2304=AXIS2_PLACEMENT_3D('',#3381,#2651,#2652);
#2305=AXIS2_PLACEMENT_3D('',#3382,#2653,#2654);
#2306=AXIS2_PLACEMENT_3D('',#3383,#2655,#2656);
#2307=AXIS2_PLACEMENT_3D('',#3384,#2657,#2658);
#2308=AXIS2_PLACEMENT_3D('',#3385,#2659,#2660);
#2309=AXIS2_PLACEMENT_3D('',#3387,#2661,#2662);
#2310=AXIS2_PLACEMENT_3D('',#3389,#2664,#2665);
#2311=AXIS2_PLACEMENT_3D('',#3391,#2666,#2667);
#2312=AXIS2_PLACEMENT_3D('',#3394,#2669,#2670);
#2313=AXIS2_PLACEMENT_3D('',#3395,#2671,#2672);
#2314=AXIS2_PLACEMENT_3D('',#3396,#2673,#2674);
#2315=AXIS2_PLACEMENT_3D('',#3397,#2675,#2676);
#2316=AXIS2_PLACEMENT_3D('',#3398,#2677,#2678);
#2317=AXIS2_PLACEMENT_3D('',#3399,#2679,#2680);
#2318=AXIS2_PLACEMENT_3D('',#3400,#2681,#2682);
#2319=AXIS2_PLACEMENT_3D('',#3401,#2683,#2684);
#2320=AXIS2_PLACEMENT_3D('',#3403,#2685,#2686);
#2321=AXIS2_PLACEMENT_3D('',#3405,#2687,#2688);
#2322=AXIS2_PLACEMENT_3D('',#3407,#2690,#2691);
#2323=AXIS2_PLACEMENT_3D('',#3409,#2692,#2693);
#2324=AXIS2_PLACEMENT_3D('',#3411,#2694,#2695);
#2325=AXIS2_PLACEMENT_3D('',#3413,#2697,#2698);
#2326=AXIS2_PLACEMENT_3D('',#3415,#2699,#2700);
#2327=AXIS2_PLACEMENT_3D('',#3418,#2702,#2703);
#2328=AXIS2_PLACEMENT_3D('',#3419,#2704,#2705);
#2329=AXIS2_PLACEMENT_3D('',#3421,#2706,#2707);
#2330=AXIS2_PLACEMENT_3D('',#3423,#2709,#2710);
#2331=AXIS2_PLACEMENT_3D('',#3425,#2711,#2712);
#2332=AXIS2_PLACEMENT_3D('',#3427,#2714,#2715);
#2333=AXIS2_PLACEMENT_3D('',#3429,#2716,#2717);
#2334=AXIS2_PLACEMENT_3D('',#3431,#2719,#2720);
#2335=AXIS2_PLACEMENT_3D('',#3435,#2723,#2724);
#2336=AXIS2_PLACEMENT_3D('',#3437,#2725,#2726);
#2337=AXIS2_PLACEMENT_3D('',#3439,#2728,#2729);
#2338=AXIS2_PLACEMENT_3D('',#3440,#2730,#2731);
#2339=AXIS2_PLACEMENT_3D('',#3441,#2732,#2733);
#2340=AXIS2_PLACEMENT_3D('',#3442,#2734,#2735);
#2341=AXIS2_PLACEMENT_3D('',#3443,#2736,#2737);
#2342=AXIS2_PLACEMENT_3D('',#3445,#2738,#2739);
#2343=AXIS2_PLACEMENT_3D('',#3447,#2741,#2742);
#2344=AXIS2_PLACEMENT_3D('',#3449,#2743,#2744);
#2345=AXIS2_PLACEMENT_3D('',#3451,#2746,#2747);
#2346=AXIS2_PLACEMENT_3D('',#3453,#2748,#2749);
#2347=AXIS2_PLACEMENT_3D('',#3455,#2751,#2752);
#2348=AXIS2_PLACEMENT_3D('',#3459,#2755,#2756);
#2349=AXIS2_PLACEMENT_3D('',#3460,#2757,#2758);
#2350=AXIS2_PLACEMENT_3D('',#3461,#2759,#2760);
#2351=AXIS2_PLACEMENT_3D('',#3462,#2761,#2762);
#2352=AXIS2_PLACEMENT_3D('',#3463,#2763,#2764);
#2353=AXIS2_PLACEMENT_3D('',#3469,#2768,#2769);
#2354=AXIS2_PLACEMENT_3D('',#3473,#2772,#2773);
#2355=AXIS2_PLACEMENT_3D('',#3474,#2774,#2775);
#2356=AXIS2_PLACEMENT_3D('',#3475,#2776,#2777);
#2357=AXIS2_PLACEMENT_3D('',#3476,#2778,#2779);
#2358=AXIS2_PLACEMENT_3D('',#3477,#2780,#2781);
#2359=AXIS2_PLACEMENT_3D('',#3483,#2785,#2786);
#2360=AXIS2_PLACEMENT_3D('',#3485,#2787,#2788);
#2361=AXIS2_PLACEMENT_3D('',#3487,#2789,#2790);
#2362=AXIS2_PLACEMENT_3D('',#3489,#2792,#2793);
#2363=AXIS2_PLACEMENT_3D('',#3497,#2799,#2800);
#2364=AXIS2_PLACEMENT_3D('',#3498,#2801,#2802);
#2365=AXIS2_PLACEMENT_3D('',#3499,#2803,#2804);
#2366=AXIS2_PLACEMENT_3D('',#3500,#2805,#2806);
#2367=AXIS2_PLACEMENT_3D('',#3501,#2807,#2808);
#2368=AXIS2_PLACEMENT_3D('',#3502,#2809,#2810);
#2369=AXIS2_PLACEMENT_3D('',#3503,#2811,#2812);
#2370=AXIS2_PLACEMENT_3D('',#3504,#2813,#2814);
#2371=AXIS2_PLACEMENT_3D('',#3505,#2815,#2816);
#2372=AXIS2_PLACEMENT_3D('',#3506,#2817,#2818);
#2373=AXIS2_PLACEMENT_3D('',#3507,#2819,#2820);
#2374=AXIS2_PLACEMENT_3D('',#3508,#2821,#2822);
#2375=AXIS2_PLACEMENT_3D('',#3509,#2823,#2824);
#2376=AXIS2_PLACEMENT_3D('',#3510,#2825,#2826);
#2377=AXIS2_PLACEMENT_3D('',#3512,#2827,#2828);
#2378=AXIS2_PLACEMENT_3D('',#3514,#2830,#2831);
#2379=AXIS2_PLACEMENT_3D('',#3516,#2833,#2834);
#2380=AXIS2_PLACEMENT_3D('',#3517,#2835,#2836);
#2381=AXIS2_PLACEMENT_3D('',#3518,#2837,#2838);
#2382=AXIS2_PLACEMENT_3D('',#3519,#2839,#2840);
#2383=AXIS2_PLACEMENT_3D('',#3521,#2842,#2843);
#2384=AXIS2_PLACEMENT_3D('',#3522,#2844,#2845);
#2385=AXIS2_PLACEMENT_3D('',#3523,#2846,#2847);
#2386=AXIS2_PLACEMENT_3D('',#3524,#2848,#2849);
#2387=AXIS2_PLACEMENT_3D('',#3557,#2866,#2867);
#2388=AXIS2_PLACEMENT_3D('',#3566,#2872,#2873);
#2389=AXIS2_PLACEMENT_3D('',#3569,#2876,#2877);
#2390=AXIS2_PLACEMENT_3D('',#3571,#2878,#2879);
#2391=AXIS2_PLACEMENT_3D('',#3572,#2880,#2881);
#2392=AXIS2_PLACEMENT_3D('',#3574,#2882,#2883);
#2393=AXIS2_PLACEMENT_3D('',#3576,#2885,#2886);
#2394=AXIS2_PLACEMENT_3D('',#3581,#2888,#2889);
#2395=AXIS2_PLACEMENT_3D('',#3584,#2891,#2892);
#2396=AXIS2_PLACEMENT_3D('',#3585,#2893,#2894);
#2397=AXIS2_PLACEMENT_3D('',#3590,#2896,#2897);
#2398=AXIS2_PLACEMENT_3D('',#3593,#2899,#2900);
#2399=AXIS2_PLACEMENT_3D('',#3594,#2901,#2902);
#2400=AXIS2_PLACEMENT_3D('',#3596,#2903,#2904);
#2401=AXIS2_PLACEMENT_3D('',#3599,#2906,#2907);
#2402=AXIS2_PLACEMENT_3D('',#3601,#2909,#2910);
#2403=AXIS2_PLACEMENT_3D('',#3602,#2911,#2912);
#2404=AXIS2_PLACEMENT_3D('',#3603,#2913,#2914);
#2405=AXIS2_PLACEMENT_3D('',#3604,#2915,#2916);
#2406=AXIS2_PLACEMENT_3D('',#3605,#2917,#2918);
#2407=AXIS2_PLACEMENT_3D('',#3611,#2922,#2923);
#2408=AXIS2_PLACEMENT_3D('',#3613,#2924,#2925);
#2409=AXIS2_PLACEMENT_3D('',#3615,#2927,#2928);
#2410=AXIS2_PLACEMENT_3D('',#3619,#2931,#2932);
#2411=AXIS2_PLACEMENT_3D('',#3621,#2933,#2934);
#2412=AXIS2_PLACEMENT_3D('',#3623,#2936,#2937);
#2413=AXIS2_PLACEMENT_3D('',#3627,#2940,#2941);
#2414=AXIS2_PLACEMENT_3D('',#3628,#2942,#2943);
#2415=AXIS2_PLACEMENT_3D('',#3629,#2944,#2945);
#2416=AXIS2_PLACEMENT_3D('',#3630,#2946,#2947);
#2417=AXIS2_PLACEMENT_3D('',#3631,#2948,#2949);
#2418=AXIS2_PLACEMENT_3D('',#3632,#2950,#2951);
#2419=AXIS2_PLACEMENT_3D('',#3633,#2952,#2953);
#2420=AXIS2_PLACEMENT_3D('',#3634,#2954,#2955);
#2421=AXIS2_PLACEMENT_3D('',#3635,#2956,#2957);
#2422=AXIS2_PLACEMENT_3D('',#3636,#2958,#2959);
#2423=AXIS2_PLACEMENT_3D('',#3637,#2960,#2961);
#2424=AXIS2_PLACEMENT_3D('',#3638,#2962,#2963);
#2425=AXIS2_PLACEMENT_3D('',#3647,#2967,#2968);
#2426=AXIS2_PLACEMENT_3D('',#3649,#2970,#2971);
#2427=AXIS2_PLACEMENT_3D('',#3655,#2975,#2976);
#2428=AXIS2_PLACEMENT_3D('',#3657,#2977,#2978);
#2429=AXIS2_PLACEMENT_3D('',#3659,#2979,#2980);
#2430=AXIS2_PLACEMENT_3D('',#3661,#2982,#2983);
#2431=AXIS2_PLACEMENT_3D('',#3662,#2984,#2985);
#2432=AXIS2_PLACEMENT_3D('',#3663,#2986,#2987);
#2433=AXIS2_PLACEMENT_3D('',#3664,#2988,#2989);
#2434=AXIS2_PLACEMENT_3D('',#3666,#2990,#2991);
#2435=AXIS2_PLACEMENT_3D('',#3668,#2993,#2994);
#2436=AXIS2_PLACEMENT_3D('',#3670,#2995,#2996);
#2437=AXIS2_PLACEMENT_3D('',#3672,#2997,#2998);
#2438=AXIS2_PLACEMENT_3D('',#3674,#3000,#3001);
#2439=AXIS2_PLACEMENT_3D('',#3675,#3002,#3003);
#2440=AXIS2_PLACEMENT_3D('',#3676,#3004,#3005);
#2441=AXIS2_PLACEMENT_3D('',#3677,#3006,#3007);
#2442=AXIS2_PLACEMENT_3D('',#3678,#3008,#3009);
#2443=AXIS2_PLACEMENT_3D('',#3679,#3010,#3011);
#2444=AXIS2_PLACEMENT_3D('',#3680,#3012,#3013);
#2445=AXIS2_PLACEMENT_3D('',#3682,#3014,#3015);
#2446=AXIS2_PLACEMENT_3D('',#3685,#3017,#3018);
#2447=AXIS2_PLACEMENT_3D('',#3686,#3019,#3020);
#2448=AXIS2_PLACEMENT_3D('',#3688,#3021,#3022);
#2449=AXIS2_PLACEMENT_3D('',#3690,#3024,#3025);
#2450=AXIS2_PLACEMENT_3D('',#3691,#3026,#3027);
#2451=AXIS2_PLACEMENT_3D('',#3693,#3028,#3029);
#2452=AXIS2_PLACEMENT_3D('',#3695,#3030,#3031);
#2453=AXIS2_PLACEMENT_3D('',#3697,#3033,#3034);
#2454=AXIS2_PLACEMENT_3D('',#3699,#3035,#3036);
#2455=AXIS2_PLACEMENT_3D('',#3701,#3038,#3039);
#2456=AXIS2_PLACEMENT_3D('',#3702,#3040,#3041);
#2457=AXIS2_PLACEMENT_3D('',#3703,#3042,#3043);
#2458=AXIS2_PLACEMENT_3D('',#3705,#3044,#3045);
#2459=AXIS2_PLACEMENT_3D('',#3707,#3047,#3048);
#2460=AXIS2_PLACEMENT_3D('',#3711,#3051,#3052);
#2461=AXIS2_PLACEMENT_3D('',#3712,#3053,#3054);
#2462=AXIS2_PLACEMENT_3D('',#3713,#3055,#3056);
#2463=AXIS2_PLACEMENT_3D('',#3714,#3057,#3058);
#2464=AXIS2_PLACEMENT_3D('',#3715,#3059,#3060);
#2465=AXIS2_PLACEMENT_3D('',#3716,#3061,#3062);
#2466=AXIS2_PLACEMENT_3D('',#3717,#3063,#3064);
#2467=AXIS2_PLACEMENT_3D('',#3719,#3066,#3067);
#2468=AXIS2_PLACEMENT_3D('',#3721,#3068,#3069);
#2469=AXIS2_PLACEMENT_3D('',#3723,#3071,#3072);
#2470=AXIS2_PLACEMENT_3D('',#3725,#3073,#3074);
#2471=AXIS2_PLACEMENT_3D('',#3727,#3076,#3077);
#2472=AXIS2_PLACEMENT_3D('',#3731,#3080,#3081);
#2473=AXIS2_PLACEMENT_3D('',#3732,#3082,#3083);
#2474=AXIS2_PLACEMENT_3D('',#3733,#3084,#3085);
#2475=AXIS2_PLACEMENT_3D('',#3734,#3086,#3087);
#2476=AXIS2_PLACEMENT_3D('',#3735,#3088,#3089);
#2477=AXIS2_PLACEMENT_3D('',#3741,#3093,#3094);
#2478=AXIS2_PLACEMENT_3D('',#3745,#3097,#3098);
#2479=AXIS2_PLACEMENT_3D('',#3746,#3099,#3100);
#2480=AXIS2_PLACEMENT_3D('',#3747,#3101,#3102);
#2481=AXIS2_PLACEMENT_3D('',#3748,#3103,#3104);
#2482=AXIS2_PLACEMENT_3D('',#3749,#3105,#3106);
#2483=AXIS2_PLACEMENT_3D('',#3753,#3109,#3110);
#2484=AXIS2_PLACEMENT_3D('',#3755,#3111,#3112);
#2485=AXIS2_PLACEMENT_3D('',#3757,#3114,#3115);
#2486=AXIS2_PLACEMENT_3D('',#3764,#3120,#3121);
#2487=AXIS2_PLACEMENT_3D('',#3765,#3122,#3123);
#2488=AXIS2_PLACEMENT_3D('',#3766,#3124,#3125);
#2489=AXIS2_PLACEMENT_3D('',#3767,#3126,#3127);
#2490=AXIS2_PLACEMENT_3D('',#3768,#3128,#3129);
#2491=AXIS2_PLACEMENT_3D('',#3769,#3130,#3131);
#2492=AXIS2_PLACEMENT_3D('',#3770,#3132,#3133);
#2493=AXIS2_PLACEMENT_3D('',#3771,#3134,#3135);
#2494=AXIS2_PLACEMENT_3D('',#3772,#3136,#3137);
#2495=AXIS2_PLACEMENT_3D('',#3773,#3138,#3139);
#2496=AXIS2_PLACEMENT_3D('',#3774,#3140,#3141);
#2497=AXIS2_PLACEMENT_3D('',#3775,#3142,#3143);
#2498=AXIS2_PLACEMENT_3D('',#3776,#3144,#3145);
#2499=AXIS2_PLACEMENT_3D('',#3777,#3146,#3147);
#2500=AXIS2_PLACEMENT_3D('',#3779,#3148,#3149);
#2501=AXIS2_PLACEMENT_3D('',#3781,#3151,#3152);
#2502=AXIS2_PLACEMENT_3D('',#3783,#3154,#3155);
#2503=AXIS2_PLACEMENT_3D('',#3784,#3156,#3157);
#2504=AXIS2_PLACEMENT_3D('',#3785,#3158,#3159);
#2505=AXIS2_PLACEMENT_3D('',#3786,#3160,#3161);
#2506=AXIS2_PLACEMENT_3D('',#3788,#3163,#3164);
#2507=AXIS2_PLACEMENT_3D('',#3790,#3166,#3167);
#2508=AXIS2_PLACEMENT_3D('',#3791,#3168,#3169);
#2509=AXIS2_PLACEMENT_3D('',#3808,#3178,#3179);
#2510=AXIS2_PLACEMENT_3D('',#3814,#3183,#3184);
#2511=AXIS2_PLACEMENT_3D('',#3818,#3187,#3188);
#2512=AXIS2_PLACEMENT_3D('',#3822,#3191,#3192);
#2513=AXIS2_PLACEMENT_3D('',#3824,#3194,#3195);
#2514=AXIS2_PLACEMENT_3D('',#3825,#3196,#3197);
#2515=AXIS2_PLACEMENT_3D('',#3834,#3202,#3203);
#2516=AXIS2_PLACEMENT_3D('',#3840,#3207,#3208);
#2517=AXIS2_PLACEMENT_3D('',#3846,#3212,#3213);
#2518=AXIS2_PLACEMENT_3D('',#3849,#3216,#3217);
#2519=AXIS2_PLACEMENT_3D('',#3855,#3221,#3222);
#2520=AXIS2_PLACEMENT_3D('',#3861,#3226,#3227);
#2521=AXIS2_PLACEMENT_3D('',#3864,#3230,#3231);
#2522=AXIS2_PLACEMENT_3D('',#3865,#3232,#3233);
#2523=AXIS2_PLACEMENT_3D('',#3866,#3234,#3235);
#2524=AXIS2_PLACEMENT_3D('',#3875,#3240,#3241);
#2525=AXIS2_PLACEMENT_3D('',#3884,#3246,#3247);
#2526=AXIS2_PLACEMENT_3D('',#3887,#3250,#3251);
#2527=AXIS2_PLACEMENT_3D('',#3889,#3253,#3254);
#2528=AXIS2_PLACEMENT_3D('',#3891,#3256,#3257);
#2529=DIRECTION('axis',(0.,0.,1.));
#2530=DIRECTION('refdir',(1.,0.,0.));
#2531=DIRECTION('center_axis',(0.,0.,1.));
#2532=DIRECTION('ref_axis',(1.,0.,0.));
#2533=DIRECTION('',(1.,0.,0.));
#2534=DIRECTION('',(0.,1.,0.));
#2535=DIRECTION('',(-1.,0.,0.));
#2536=DIRECTION('',(0.,1.,0.));
#2537=DIRECTION('',(-1.,0.,0.));
#2538=DIRECTION('',(0.,-1.,0.));
#2539=DIRECTION('',(-1.,0.,0.));
#2540=DIRECTION('',(0.,-1.,0.));
#2541=DIRECTION('',(1.,0.,0.));
#2542=DIRECTION('',(0.,-1.,0.));
#2543=DIRECTION('',(1.,0.,0.));
#2544=DIRECTION('',(0.,1.,0.));
#2545=DIRECTION('',(0.,-1.,0.));
#2546=DIRECTION('',(-1.,0.,0.));
#2547=DIRECTION('',(0.,1.,0.));
#2548=DIRECTION('',(1.,0.,0.));
#2549=DIRECTION('center_axis',(0.,1.,0.));
#2550=DIRECTION('ref_axis',(-1.,0.,0.));
#2551=DIRECTION('',(1.,0.,0.));
#2552=DIRECTION('',(0.,0.,1.));
#2553=DIRECTION('',(-1.,0.,0.));
#2554=DIRECTION('',(0.,0.,-1.));
#2555=DIRECTION('center_axis',(0.,-1.,0.));
#2556=DIRECTION('ref_axis',(1.,0.,0.));
#2557=DIRECTION('center_axis',(0.,-1.,0.));
#2558=DIRECTION('ref_axis',(1.,0.,0.));
#2559=DIRECTION('center_axis',(0.,-1.,0.));
#2560=DIRECTION('ref_axis',(1.,0.,0.));
#2561=DIRECTION('',(0.,1.,0.));
#2562=DIRECTION('center_axis',(0.,1.,0.));
#2563=DIRECTION('ref_axis',(1.,0.,0.));
#2564=DIRECTION('center_axis',(-1.,0.,0.));
#2565=DIRECTION('ref_axis',(0.,0.707106781186548,-0.707106781186547));
#2566=DIRECTION('',(-1.,0.,0.));
#2567=DIRECTION('center_axis',(-1.,0.,0.));
#2568=DIRECTION('ref_axis',(0.,0.,-1.));
#2569=DIRECTION('',(1.,0.,0.));
#2570=DIRECTION('center_axis',(-0.707106781186548,-0.707106781186547,0.));
#2571=DIRECTION('ref_axis',(-0.707106781186547,0.707106781186548,4.9065389333868E-17));
#2572=DIRECTION('center_axis',(-1.,0.,0.));
#2573=DIRECTION('ref_axis',(0.,-0.707106781186548,-0.707106781186547));
#2574=DIRECTION('',(-1.,0.,0.));
#2575=DIRECTION('center_axis',(-1.,0.,0.));
#2576=DIRECTION('ref_axis',(0.,-1.,0.));
#2577=DIRECTION('',(1.,0.,0.));
#2578=DIRECTION('center_axis',(-0.707106781186548,0.707106781186548,0.));
#2579=DIRECTION('ref_axis',(-0.707106781186547,-0.707106781186547,4.9065389333868E-17));
#2580=DIRECTION('center_axis',(0.,1.,0.));
#2581=DIRECTION('ref_axis',(-0.707106781186548,0.,-0.707106781186548));
#2582=DIRECTION('center_axis',(0.,1.,0.));
#2583=DIRECTION('ref_axis',(-1.,0.,0.));
#2584=DIRECTION('',(0.,-1.,0.));
#2585=DIRECTION('center_axis',(0.,-1.,0.));
#2586=DIRECTION('ref_axis',(0.,0.,-1.));
#2587=DIRECTION('',(0.,1.,0.));
#2588=DIRECTION('center_axis',(-0.816496580927726,0.408248290463863,0.408248290463863));
#2589=DIRECTION('ref_axis',(-0.577350269189626,-0.577350269189626,-0.577350269189626));
#2590=DIRECTION('center_axis',(0.,0.,-1.));
#2591=DIRECTION('ref_axis',(-1.,0.,0.));
#2592=DIRECTION('center_axis',(-0.408248290463863,-0.816496580927726,-0.408248290463863));
#2593=DIRECTION('ref_axis',(-0.577350269189626,0.577350269189626,-0.577350269189626));
#2594=DIRECTION('center_axis',(0.,0.,-1.));
#2595=DIRECTION('ref_axis',(0.,1.,0.));
#2596=DIRECTION('center_axis',(0.,1.,0.));
#2597=DIRECTION('ref_axis',(-1.,0.,0.));
#2598=DIRECTION('',(-1.,0.,0.));
#2599=DIRECTION('',(0.,0.,-1.));
#2600=DIRECTION('',(0.,0.,-1.));
#2601=DIRECTION('center_axis',(0.,0.,1.));
#2602=DIRECTION('ref_axis',(-0.707106781186547,0.707106781186548,0.));
#2603=DIRECTION('center_axis',(0.,0.,1.));
#2604=DIRECTION('ref_axis',(-0.707106781186547,0.707106781186548,0.));
#2605=DIRECTION('',(0.,0.,1.));
#2606=DIRECTION('center_axis',(1.,0.,0.));
#2607=DIRECTION('ref_axis',(0.,1.,0.));
#2608=DIRECTION('',(0.,-1.,0.));
#2609=DIRECTION('',(0.,0.,-1.));
#2610=DIRECTION('center_axis',(0.,0.,1.));
#2611=DIRECTION('ref_axis',(-0.707106781186547,-0.707106781186548,0.));
#2612=DIRECTION('center_axis',(0.,0.,1.));
#2613=DIRECTION('ref_axis',(-0.707106781186547,-0.707106781186548,0.));
#2614=DIRECTION('',(0.,0.,1.));
#2615=DIRECTION('center_axis',(0.,1.,0.));
#2616=DIRECTION('ref_axis',(-1.,0.,0.));
#2617=DIRECTION('',(1.,0.,0.));
#2618=DIRECTION('',(0.,0.,1.));
#2619=DIRECTION('center_axis',(0.408248290463863,-0.816496580927726,-0.408248290463863));
#2620=DIRECTION('ref_axis',(-0.577350269189625,-0.577350269189626,0.577350269189626));
#2621=DIRECTION('center_axis',(0.,1.,0.));
#2622=DIRECTION('ref_axis',(-1.,0.,0.));
#2623=DIRECTION('center_axis',(1.,-1.11022302462516E-15,0.));
#2624=DIRECTION('ref_axis',(0.,0.,1.));
#2625=DIRECTION('center_axis',(-0.408248290463863,-0.816496580927726,0.408248290463863));
#2626=DIRECTION('ref_axis',(-0.577350269189625,0.577350269189626,0.577350269189626));
#2627=DIRECTION('center_axis',(1.,0.,0.));
#2628=DIRECTION('ref_axis',(0.,1.,0.));
#2629=DIRECTION('center_axis',(0.,-1.,0.));
#2630=DIRECTION('ref_axis',(0.,0.,1.));
#2631=DIRECTION('center_axis',(-1.,0.,0.));
#2632=DIRECTION('ref_axis',(0.,0.707106781186547,0.707106781186548));
#2633=DIRECTION('center_axis',(-0.707106781186548,-0.707106781186547,0.));
#2634=DIRECTION('ref_axis',(-0.707106781186547,0.707106781186548,-1.47196168001604E-16));
#2635=DIRECTION('center_axis',(0.,-1.,0.));
#2636=DIRECTION('ref_axis',(-0.707106781186547,0.,0.707106781186548));
#2637=DIRECTION('center_axis',(1.,0.,0.));
#2638=DIRECTION('ref_axis',(0.,-0.707106781186548,0.707106781186548));
#2639=DIRECTION('center_axis',(-0.707106781186548,0.707106781186548,0.));
#2640=DIRECTION('ref_axis',(-0.707106781186548,-0.707106781186548,-4.9065389333868E-17));
#2641=DIRECTION('center_axis',(1.,0.,0.));
#2642=DIRECTION('ref_axis',(0.,1.,0.));
#2643=DIRECTION('',(0.,1.,0.));
#2644=DIRECTION('',(0.,0.,1.));
#2645=DIRECTION('',(0.,-1.,0.));
#2646=DIRECTION('center_axis',(0.,0.,1.));
#2647=DIRECTION('ref_axis',(0.707106781186548,-0.707106781186547,0.));
#2648=DIRECTION('center_axis',(0.,0.,-1.));
#2649=DIRECTION('ref_axis',(0.707106781186548,-0.707106781186547,0.));
#2650=DIRECTION('',(0.,0.,1.));
#2651=DIRECTION('center_axis',(0.,0.,1.));
#2652=DIRECTION('ref_axis',(1.,0.,0.));
#2653=DIRECTION('center_axis',(1.,0.,0.));
#2654=DIRECTION('ref_axis',(0.,-0.707106781186547,0.707106781186548));
#2655=DIRECTION('center_axis',(1.,0.,0.));
#2656=DIRECTION('ref_axis',(0.,-1.,0.));
#2657=DIRECTION('center_axis',(-0.707106781186547,-0.707106781186548,0.));
#2658=DIRECTION('ref_axis',(0.707106781186548,-0.707106781186547,0.));
#2659=DIRECTION('center_axis',(0.,-1.,0.));
#2660=DIRECTION('ref_axis',(-0.707106781186547,0.,0.707106781186548));
#2661=DIRECTION('center_axis',(0.,-1.,0.));
#2662=DIRECTION('ref_axis',(-0.707106781186547,0.,0.707106781186548));
#2663=DIRECTION('',(0.,-1.,0.));
#2664=DIRECTION('center_axis',(1.,0.,0.));
#2665=DIRECTION('ref_axis',(0.,-0.707106781186547,0.707106781186548));
#2666=DIRECTION('center_axis',(-1.,0.,0.));
#2667=DIRECTION('ref_axis',(0.,-0.707106781186547,0.707106781186548));
#2668=DIRECTION('',(1.,0.,0.));
#2669=DIRECTION('center_axis',(1.,0.,0.));
#2670=DIRECTION('ref_axis',(0.,-1.,0.));
#2671=DIRECTION('center_axis',(0.,1.,0.));
#2672=DIRECTION('ref_axis',(0.707106781186548,0.,0.707106781186548));
#2673=DIRECTION('center_axis',(1.11022302462516E-15,-1.,0.));
#2674=DIRECTION('ref_axis',(0.,0.,1.));
#2675=DIRECTION('center_axis',(-0.816496580927726,-0.408248290463863,0.408248290463863));
#2676=DIRECTION('ref_axis',(0.577350269189626,-0.577350269189626,0.577350269189626));
#2677=DIRECTION('center_axis',(0.,0.,1.));
#2678=DIRECTION('ref_axis',(1.,0.,0.));
#2679=DIRECTION('center_axis',(-0.408248290463863,-0.816496580927726,-0.408248290463863));
#2680=DIRECTION('ref_axis',(0.577350269189626,-0.577350269189625,0.577350269189626));
#2681=DIRECTION('center_axis',(0.,-1.,0.));
#2682=DIRECTION('ref_axis',(0.,0.,1.));
#2683=DIRECTION('center_axis',(-1.,0.,0.));
#2684=DIRECTION('ref_axis',(0.,-0.707106781186548,-0.707106781186547));
#2685=DIRECTION('center_axis',(1.,0.,0.));
#2686=DIRECTION('ref_axis',(0.,-0.707106781186548,-0.707106781186547));
#2687=DIRECTION('center_axis',(-0.707106781186547,-0.707106781186548,0.));
#2688=DIRECTION('ref_axis',(-0.707106781186548,0.707106781186547,0.));
#2689=DIRECTION('',(1.,0.,0.));
#2690=DIRECTION('center_axis',(0.,1.,0.));
#2691=DIRECTION('ref_axis',(0.707106781186548,0.,0.707106781186548));
#2692=DIRECTION('center_axis',(0.,1.,0.));
#2693=DIRECTION('ref_axis',(0.707106781186548,0.,0.707106781186548));
#2694=DIRECTION('center_axis',(-0.707106781186547,0.707106781186548,0.));
#2695=DIRECTION('ref_axis',(-0.707106781186548,-0.707106781186547,0.));
#2696=DIRECTION('',(0.,1.,0.));
#2697=DIRECTION('center_axis',(-1.,0.,0.));
#2698=DIRECTION('ref_axis',(0.,0.707106781186547,0.707106781186548));
#2699=DIRECTION('center_axis',(1.,0.,0.));
#2700=DIRECTION('ref_axis',(0.,0.707106781186547,0.707106781186548));
#2701=DIRECTION('',(-1.,0.,0.));
#2702=DIRECTION('center_axis',(-1.,0.,0.));
#2703=DIRECTION('ref_axis',(0.,0.707106781186547,0.707106781186548));
#2704=DIRECTION('center_axis',(0.,-1.,0.));
#2705=DIRECTION('ref_axis',(-0.707106781186547,0.,0.707106781186548));
#2706=DIRECTION('center_axis',(0.,1.,0.));
#2707=DIRECTION('ref_axis',(-0.707106781186547,0.,0.707106781186548));
#2708=DIRECTION('',(0.,-1.,0.));
#2709=DIRECTION('center_axis',(-1.,0.,0.));
#2710=DIRECTION('ref_axis',(0.,0.707106781186547,0.707106781186548));
#2711=DIRECTION('center_axis',(1.,0.,0.));
#2712=DIRECTION('ref_axis',(0.,0.707106781186547,0.707106781186548));
#2713=DIRECTION('',(-1.,0.,0.));
#2714=DIRECTION('center_axis',(0.,1.,0.));
#2715=DIRECTION('ref_axis',(0.707106781186548,0.,0.707106781186548));
#2716=DIRECTION('center_axis',(0.,1.,0.));
#2717=DIRECTION('ref_axis',(0.707106781186548,0.,0.707106781186548));
#2718=DIRECTION('',(0.,1.,0.));
#2719=DIRECTION('center_axis',(-1.,0.,0.));
#2720=DIRECTION('ref_axis',(0.,-1.,0.));
#2721=DIRECTION('',(0.,-1.,0.));
#2722=DIRECTION('',(0.,0.,-1.));
#2723=DIRECTION('center_axis',(0.,0.,-1.));
#2724=DIRECTION('ref_axis',(0.707106781186548,0.707106781186547,0.));
#2725=DIRECTION('center_axis',(0.,0.,-1.));
#2726=DIRECTION('ref_axis',(0.707106781186548,0.707106781186547,0.));
#2727=DIRECTION('',(0.,0.,1.));
#2728=DIRECTION('center_axis',(0.,0.,1.));
#2729=DIRECTION('ref_axis',(1.,0.,0.));
#2730=DIRECTION('center_axis',(0.408248290463863,-0.816496580927726,0.408248290463863));
#2731=DIRECTION('ref_axis',(0.577350269189626,0.577350269189625,0.577350269189626));
#2732=DIRECTION('center_axis',(-0.408248290463863,0.408248290463863,-0.816496580927726));
#2733=DIRECTION('ref_axis',(0.577350269189626,-0.577350269189626,-0.577350269189626));
#2734=DIRECTION('center_axis',(0.,1.,0.));
#2735=DIRECTION('ref_axis',(1.,0.,0.));
#2736=DIRECTION('center_axis',(0.,-1.,0.));
#2737=DIRECTION('ref_axis',(0.707106781186548,0.,-0.707106781186547));
#2738=DIRECTION('center_axis',(0.,1.,0.));
#2739=DIRECTION('ref_axis',(0.707106781186548,0.,-0.707106781186547));
#2740=DIRECTION('',(0.,1.,0.));
#2741=DIRECTION('center_axis',(0.,-1.,0.));
#2742=DIRECTION('ref_axis',(0.707106781186548,0.,-0.707106781186547));
#2743=DIRECTION('center_axis',(0.,-1.,0.));
#2744=DIRECTION('ref_axis',(0.707106781186548,0.,-0.707106781186547));
#2745=DIRECTION('',(0.,1.,0.));
#2746=DIRECTION('center_axis',(0.,0.,1.));
#2747=DIRECTION('ref_axis',(0.707106781186548,-0.707106781186548,0.));
#2748=DIRECTION('center_axis',(0.,0.,-1.));
#2749=DIRECTION('ref_axis',(0.707106781186548,-0.707106781186547,0.));
#2750=DIRECTION('',(0.,0.,-1.));
#2751=DIRECTION('center_axis',(0.,-1.,0.));
#2752=DIRECTION('ref_axis',(1.,0.,0.));
#2753=DIRECTION('',(0.,0.,1.));
#2754=DIRECTION('',(-1.,0.,0.));
#2755=DIRECTION('center_axis',(0.408248290463863,-0.816496580927726,-0.408248290463863));
#2756=DIRECTION('ref_axis',(-0.577350269189626,-0.577350269189626,0.577350269189626));
#2757=DIRECTION('center_axis',(0.,0.,-1.));
#2758=DIRECTION('ref_axis',(0.,-1.,0.));
#2759=DIRECTION('center_axis',(-0.816496580927726,-0.408248290463863,-0.408248290463863));
#2760=DIRECTION('ref_axis',(0.577350269189626,-0.577350269189626,-0.577350269189625));
#2761=DIRECTION('center_axis',(1.,0.,0.));
#2762=DIRECTION('ref_axis',(0.,-1.,0.));
#2763=DIRECTION('center_axis',(0.,1.,0.));
#2764=DIRECTION('ref_axis',(-1.,0.,0.));
#2765=DIRECTION('',(1.,0.,0.));
#2766=DIRECTION('',(0.,0.,-1.));
#2767=DIRECTION('',(0.,0.,1.));
#2768=DIRECTION('center_axis',(-1.,0.,0.));
#2769=DIRECTION('ref_axis',(0.,-1.,0.));
#2770=DIRECTION('',(0.,1.,0.));
#2771=DIRECTION('',(0.,0.,1.));
#2772=DIRECTION('center_axis',(-0.408248290463863,-0.816496580927726,0.408248290463863));
#2773=DIRECTION('ref_axis',(-0.577350269189625,0.577350269189626,0.577350269189626));
#2774=DIRECTION('center_axis',(0.,0.,-1.));
#2775=DIRECTION('ref_axis',(-1.,0.,0.));
#2776=DIRECTION('center_axis',(0.,0.,1.));
#2777=DIRECTION('ref_axis',(-0.707106781186548,0.707106781186548,0.));
#2778=DIRECTION('center_axis',(0.,0.,-1.));
#2779=DIRECTION('ref_axis',(-0.707106781186547,0.707106781186548,0.));
#2780=DIRECTION('center_axis',(1.,0.,0.));
#2781=DIRECTION('ref_axis',(0.,1.,0.));
#2782=DIRECTION('',(0.,0.,-1.));
#2783=DIRECTION('',(0.,0.,1.));
#2784=DIRECTION('',(0.,-1.,0.));
#2785=DIRECTION('center_axis',(0.,-1.,0.));
#2786=DIRECTION('ref_axis',(0.707106781186548,0.,-0.707106781186547));
#2787=DIRECTION('center_axis',(0.,1.,0.));
#2788=DIRECTION('ref_axis',(0.707106781186548,0.,-0.707106781186547));
#2789=DIRECTION('center_axis',(-0.707106781186547,0.707106781186548,0.));
#2790=DIRECTION('ref_axis',(0.707106781186548,0.707106781186547,4.9065389333868E-17));
#2791=DIRECTION('',(0.,1.,0.));
#2792=DIRECTION('center_axis',(0.,0.,1.));
#2793=DIRECTION('ref_axis',(1.,0.,0.));
#2794=DIRECTION('',(-1.,0.,0.));
#2795=DIRECTION('',(1.,0.,0.));
#2796=DIRECTION('',(0.,-1.,0.));
#2797=DIRECTION('',(0.,-1.,0.));
#2798=DIRECTION('',(-1.,0.,0.));
#2799=DIRECTION('center_axis',(-0.408248290463863,-0.408248290463863,-0.816496580927726));
#2800=DIRECTION('ref_axis',(0.577350269189626,0.577350269189626,-0.577350269189625));
#2801=DIRECTION('center_axis',(0.,0.,1.));
#2802=DIRECTION('ref_axis',(1.,0.,0.));
#2803=DIRECTION('center_axis',(-1.,0.,0.));
#2804=DIRECTION('ref_axis',(0.,1.,0.));
#2805=DIRECTION('center_axis',(0.408248290463863,-0.816496580927726,0.408248290463863));
#2806=DIRECTION('ref_axis',(0.577350269189626,0.577350269189625,0.577350269189626));
#2807=DIRECTION('center_axis',(0.,0.,-1.));
#2808=DIRECTION('ref_axis',(0.,1.,0.));
#2809=DIRECTION('center_axis',(0.,0.,1.));
#2810=DIRECTION('ref_axis',(0.707106781186548,0.707106781186547,0.));
#2811=DIRECTION('center_axis',(-0.408248290463863,-0.816496580927726,-0.408248290463863));
#2812=DIRECTION('ref_axis',(-0.577350269189626,0.577350269189626,-0.577350269189626));
#2813=DIRECTION('center_axis',(0.,-1.,0.));
#2814=DIRECTION('ref_axis',(-1.,0.,0.));
#2815=DIRECTION('center_axis',(1.,0.,0.));
#2816=DIRECTION('ref_axis',(0.,0.,-1.));
#2817=DIRECTION('center_axis',(0.,1.,0.));
#2818=DIRECTION('ref_axis',(-0.707106781186548,0.,-0.707106781186547));
#2819=DIRECTION('center_axis',(1.,0.,0.));
#2820=DIRECTION('ref_axis',(0.,0.707106781186548,-0.707106781186547));
#2821=DIRECTION('center_axis',(-1.,0.,0.));
#2822=DIRECTION('ref_axis',(0.,-0.707106781186548,-0.707106781186548));
#2823=DIRECTION('center_axis',(-1.,0.,0.));
#2824=DIRECTION('ref_axis',(0.,-0.707106781186548,-0.707106781186548));
#2825=DIRECTION('center_axis',(0.,0.,1.));
#2826=DIRECTION('ref_axis',(-0.707106781186548,-0.707106781186547,0.));
#2827=DIRECTION('center_axis',(0.,0.,-1.));
#2828=DIRECTION('ref_axis',(-0.707106781186548,-0.707106781186547,0.));
#2829=DIRECTION('',(0.,0.,-1.));
#2830=DIRECTION('center_axis',(-1.,0.,0.));
#2831=DIRECTION('ref_axis',(0.,-1.,0.));
#2832=DIRECTION('',(0.,1.,0.));
#2833=DIRECTION('center_axis',(0.,1.,0.));
#2834=DIRECTION('ref_axis',(-0.707106781186548,0.,-0.707106781186547));
#2835=DIRECTION('center_axis',(0.,-1.,0.));
#2836=DIRECTION('ref_axis',(-1.,0.,0.));
#2837=DIRECTION('center_axis',(0.408248290463863,-0.816496580927726,0.408248290463863));
#2838=DIRECTION('ref_axis',(-0.577350269189626,-0.577350269189626,-0.577350269189626));
#2839=DIRECTION('center_axis',(0.,1.,0.));
#2840=DIRECTION('ref_axis',(-1.,0.,0.));
#2841=DIRECTION('',(1.,0.,0.));
#2842=DIRECTION('center_axis',(-0.408248290463863,-0.408248290463863,-0.816496580927726));
#2843=DIRECTION('ref_axis',(0.577350269189626,0.577350269189626,-0.577350269189625));
#2844=DIRECTION('center_axis',(-1.,0.,0.));
#2845=DIRECTION('ref_axis',(0.,1.,0.));
#2846=DIRECTION('center_axis',(1.,0.,0.));
#2847=DIRECTION('ref_axis',(0.,0.707106781186548,-0.707106781186547));
#2848=DIRECTION('center_axis',(0.,0.,1.));
#2849=DIRECTION('ref_axis',(1.,0.,0.));
#2850=DIRECTION('',(1.,0.,0.));
#2851=DIRECTION('',(0.,1.,0.));
#2852=DIRECTION('',(1.,0.,0.));
#2853=DIRECTION('',(0.,-1.,0.));
#2854=DIRECTION('',(1.,0.,0.));
#2855=DIRECTION('',(0.,-1.,0.));
#2856=DIRECTION('',(-1.,0.,0.));
#2857=DIRECTION('',(0.,-1.,0.));
#2858=DIRECTION('',(-1.,0.,0.));
#2859=DIRECTION('',(0.,1.,0.));
#2860=DIRECTION('',(-1.,0.,0.));
#2861=DIRECTION('',(0.,1.,0.));
#2862=DIRECTION('',(0.,1.,0.));
#2863=DIRECTION('',(1.,0.,0.));
#2864=DIRECTION('',(0.,-1.,0.));
#2865=DIRECTION('',(1.,0.,0.));
#2866=DIRECTION('center_axis',(0.,1.,0.));
#2867=DIRECTION('ref_axis',(-1.,0.,0.));
#2868=DIRECTION('',(1.,0.,0.));
#2869=DIRECTION('',(0.,0.,-1.));
#2870=DIRECTION('',(-1.,0.,0.));
#2871=DIRECTION('',(0.,0.,1.));
#2872=DIRECTION('center_axis',(0.,1.,0.));
#2873=DIRECTION('ref_axis',(0.,0.,1.));
#2874=DIRECTION('',(0.,0.,-1.));
#2875=DIRECTION('',(0.,0.,1.));
#2876=DIRECTION('center_axis',(0.,-1.,0.));
#2877=DIRECTION('ref_axis',(1.,0.,0.));
#2878=DIRECTION('center_axis',(0.,1.,0.));
#2879=DIRECTION('ref_axis',(1.,0.,0.));
#2880=DIRECTION('center_axis',(0.,-1.,0.));
#2881=DIRECTION('ref_axis',(1.,0.,0.));
#2882=DIRECTION('center_axis',(0.,-1.,0.));
#2883=DIRECTION('ref_axis',(1.,0.,0.));
#2884=DIRECTION('',(0.,-1.,0.));
#2885=DIRECTION('center_axis',(-1.,0.,0.));
#2886=DIRECTION('ref_axis',(0.,0.707106781186548,-0.707106781186547));
#2887=DIRECTION('',(-1.,0.,0.));
#2888=DIRECTION('center_axis',(0.707106781186548,0.707106781186548,0.));
#2889=DIRECTION('ref_axis',(-0.707106781186548,0.707106781186548,9.8130778667736E-17));
#2890=DIRECTION('',(1.,0.,0.));
#2891=DIRECTION('center_axis',(-1.,0.,0.));
#2892=DIRECTION('ref_axis',(0.,0.,-1.));
#2893=DIRECTION('center_axis',(-1.,0.,0.));
#2894=DIRECTION('ref_axis',(0.,-0.707106781186548,-0.707106781186547));
#2895=DIRECTION('',(-1.,0.,0.));
#2896=DIRECTION('center_axis',(-0.707106781186547,0.707106781186548,0.));
#2897=DIRECTION('ref_axis',(-0.707106781186548,-0.707106781186547,0.));
#2898=DIRECTION('',(1.,0.,0.));
#2899=DIRECTION('center_axis',(-1.,0.,0.));
#2900=DIRECTION('ref_axis',(0.,-1.,0.));
#2901=DIRECTION('center_axis',(0.,1.,0.));
#2902=DIRECTION('ref_axis',(-0.707106781186548,0.,-0.707106781186548));
#2903=DIRECTION('center_axis',(0.,1.,0.));
#2904=DIRECTION('ref_axis',(-1.,0.,0.));
#2905=DIRECTION('',(0.,1.,0.));
#2906=DIRECTION('center_axis',(0.,-1.,0.));
#2907=DIRECTION('ref_axis',(0.,0.,-1.));
#2908=DIRECTION('',(0.,-1.,0.));
#2909=DIRECTION('center_axis',(-0.816496580927726,0.408248290463863,0.408248290463863));
#2910=DIRECTION('ref_axis',(-0.577350269189626,-0.577350269189626,-0.577350269189626));
#2911=DIRECTION('center_axis',(0.,0.,-1.));
#2912=DIRECTION('ref_axis',(-1.,0.,0.));
#2913=DIRECTION('center_axis',(-0.408248290463864,-0.816496580927725,-0.408248290463864));
#2914=DIRECTION('ref_axis',(-0.577350269189626,0.577350269189625,-0.577350269189626));
#2915=DIRECTION('center_axis',(0.,0.,-1.));
#2916=DIRECTION('ref_axis',(0.,1.,0.));
#2917=DIRECTION('center_axis',(0.,1.,0.));
#2918=DIRECTION('ref_axis',(-1.,0.,0.));
#2919=DIRECTION('',(-1.,0.,0.));
#2920=DIRECTION('',(0.,0.,-1.));
#2921=DIRECTION('',(0.,0.,-1.));
#2922=DIRECTION('center_axis',(0.,0.,1.));
#2923=DIRECTION('ref_axis',(-0.707106781186547,0.707106781186548,0.));
#2924=DIRECTION('center_axis',(0.,0.,1.));
#2925=DIRECTION('ref_axis',(-0.707106781186547,0.707106781186548,0.));
#2926=DIRECTION('',(0.,0.,1.));
#2927=DIRECTION('center_axis',(1.,0.,0.));
#2928=DIRECTION('ref_axis',(0.,1.,0.));
#2929=DIRECTION('',(0.,-1.,0.));
#2930=DIRECTION('',(0.,0.,-1.));
#2931=DIRECTION('center_axis',(0.,0.,1.));
#2932=DIRECTION('ref_axis',(-0.707106781186547,-0.707106781186548,0.));
#2933=DIRECTION('center_axis',(0.,0.,1.));
#2934=DIRECTION('ref_axis',(-0.707106781186547,-0.707106781186548,0.));
#2935=DIRECTION('',(0.,0.,1.));
#2936=DIRECTION('center_axis',(0.,1.,0.));
#2937=DIRECTION('ref_axis',(-1.,0.,0.));
#2938=DIRECTION('',(1.,0.,0.));
#2939=DIRECTION('',(0.,0.,-1.));
#2940=DIRECTION('center_axis',(0.408248290463862,-0.816496580927725,-0.408248290463866));
#2941=DIRECTION('ref_axis',(-0.577350269189627,-0.577350269189627,0.577350269189623));
#2942=DIRECTION('center_axis',(0.,1.,0.));
#2943=DIRECTION('ref_axis',(-1.,0.,0.));
#2944=DIRECTION('center_axis',(1.,-1.11022302462516E-15,0.));
#2945=DIRECTION('ref_axis',(0.,0.,1.));
#2946=DIRECTION('center_axis',(-0.408248290463864,-0.816496580927727,0.40824829046386));
#2947=DIRECTION('ref_axis',(-0.577350269189627,0.577350269189627,0.577350269189623));
#2948=DIRECTION('center_axis',(1.,0.,0.));
#2949=DIRECTION('ref_axis',(0.,1.,0.));
#2950=DIRECTION('center_axis',(0.,-1.,0.));
#2951=DIRECTION('ref_axis',(0.,0.,1.));
#2952=DIRECTION('center_axis',(-1.,0.,0.));
#2953=DIRECTION('ref_axis',(0.,0.707106781186547,0.707106781186548));
#2954=DIRECTION('center_axis',(-0.707106781186548,-0.707106781186548,0.));
#2955=DIRECTION('ref_axis',(-0.707106781186548,0.707106781186548,4.9065389333868E-17));
#2956=DIRECTION('center_axis',(0.,-1.,0.));
#2957=DIRECTION('ref_axis',(-0.707106781186547,0.,0.707106781186548));
#2958=DIRECTION('center_axis',(1.,0.,0.));
#2959=DIRECTION('ref_axis',(0.,-0.707106781186547,0.707106781186547));
#2960=DIRECTION('center_axis',(0.707106781186548,-0.707106781186548,0.));
#2961=DIRECTION('ref_axis',(-0.707106781186548,-0.707106781186548,4.9065389333868E-17));
#2962=DIRECTION('center_axis',(0.,1.,0.));
#2963=DIRECTION('ref_axis',(-1.,0.,0.));
#2964=DIRECTION('',(0.,0.,1.));
#2965=DIRECTION('',(-1.,0.,0.));
#2966=DIRECTION('',(0.,0.,1.));
#2967=DIRECTION('center_axis',(0.,-1.,0.));
#2968=DIRECTION('ref_axis',(0.707106781186548,0.,-0.707106781186547));
#2969=DIRECTION('',(-1.,0.,0.));
#2970=DIRECTION('center_axis',(1.,0.,0.));
#2971=DIRECTION('ref_axis',(0.,1.,0.));
#2972=DIRECTION('',(0.,1.,0.));
#2973=DIRECTION('',(0.,-1.,0.));
#2974=DIRECTION('',(0.,0.,1.));
#2975=DIRECTION('center_axis',(0.,0.,1.));
#2976=DIRECTION('ref_axis',(0.707106781186548,-0.707106781186547,0.));
#2977=DIRECTION('center_axis',(0.,0.,-1.));
#2978=DIRECTION('ref_axis',(0.707106781186548,-0.707106781186547,0.));
#2979=DIRECTION('center_axis',(0.,0.,1.));
#2980=DIRECTION('ref_axis',(1.,0.,0.));
#2981=DIRECTION('',(0.,0.,1.));
#2982=DIRECTION('center_axis',(1.,0.,0.));
#2983=DIRECTION('ref_axis',(0.,-0.707106781186547,0.707106781186548));
#2984=DIRECTION('center_axis',(0.707106781186549,0.707106781186546,0.));
#2985=DIRECTION('ref_axis',(0.707106781186546,-0.707106781186549,0.));
#2986=DIRECTION('center_axis',(1.,0.,0.));
#2987=DIRECTION('ref_axis',(0.,-1.,0.));
#2988=DIRECTION('center_axis',(0.,-1.,0.));
#2989=DIRECTION('ref_axis',(-0.707106781186547,0.,0.707106781186548));
#2990=DIRECTION('center_axis',(0.,-1.,0.));
#2991=DIRECTION('ref_axis',(-0.707106781186547,0.,0.707106781186548));
#2992=DIRECTION('',(0.,-1.,0.));
#2993=DIRECTION('center_axis',(1.,0.,0.));
#2994=DIRECTION('ref_axis',(0.,-0.707106781186547,0.707106781186548));
#2995=DIRECTION('center_axis',(-1.,0.,0.));
#2996=DIRECTION('ref_axis',(0.,-0.707106781186547,0.707106781186548));
#2997=DIRECTION('center_axis',(1.,0.,0.));
#2998=DIRECTION('ref_axis',(0.,-1.,0.));
#2999=DIRECTION('',(1.,0.,0.));
#3000=DIRECTION('center_axis',(0.,1.,0.));
#3001=DIRECTION('ref_axis',(0.707106781186547,0.,0.707106781186547));
#3002=DIRECTION('center_axis',(1.11022302462516E-15,-1.,0.));
#3003=DIRECTION('ref_axis',(0.,0.,1.));
#3004=DIRECTION('center_axis',(-0.816496580927725,-0.408248290463862,0.408248290463866));
#3005=DIRECTION('ref_axis',(0.577350269189626,-0.577350269189626,0.577350269189626));
#3006=DIRECTION('center_axis',(0.,0.,1.));
#3007=DIRECTION('ref_axis',(1.,0.,0.));
#3008=DIRECTION('center_axis',(-0.408248290463861,-0.816496580927728,-0.408248290463861));
#3009=DIRECTION('ref_axis',(0.577350269189625,-0.577350269189627,0.577350269189625));
#3010=DIRECTION('center_axis',(0.,-1.,0.));
#3011=DIRECTION('ref_axis',(0.,0.,1.));
#3012=DIRECTION('center_axis',(-1.,0.,0.));
#3013=DIRECTION('ref_axis',(0.,-0.707106781186548,-0.707106781186547));
#3014=DIRECTION('center_axis',(1.,0.,0.));
#3015=DIRECTION('ref_axis',(0.,-0.707106781186548,-0.707106781186547));
#3016=DIRECTION('',(1.,0.,0.));
#3017=DIRECTION('center_axis',(-0.707106781186549,-0.707106781186546,0.));
#3018=DIRECTION('ref_axis',(0.707106781186546,-0.707106781186549,0.));
#3019=DIRECTION('center_axis',(0.,1.,0.));
#3020=DIRECTION('ref_axis',(0.707106781186547,0.,0.707106781186547));
#3021=DIRECTION('center_axis',(0.,1.,0.));
#3022=DIRECTION('ref_axis',(0.707106781186547,0.,0.707106781186547));
#3023=DIRECTION('',(0.,1.,0.));
#3024=DIRECTION('center_axis',(-0.707106781186549,0.707106781186546,0.));
#3025=DIRECTION('ref_axis',(0.707106781186546,0.707106781186549,0.));
#3026=DIRECTION('center_axis',(-1.,0.,0.));
#3027=DIRECTION('ref_axis',(0.,0.707106781186547,0.707106781186548));
#3028=DIRECTION('center_axis',(1.,0.,0.));
#3029=DIRECTION('ref_axis',(0.,0.707106781186547,0.707106781186548));
#3030=DIRECTION('center_axis',(-1.,0.,0.));
#3031=DIRECTION('ref_axis',(0.,0.707106781186547,0.707106781186548));
#3032=DIRECTION('',(-1.,0.,0.));
#3033=DIRECTION('center_axis',(0.,-1.,0.));
#3034=DIRECTION('ref_axis',(-0.707106781186547,0.,0.707106781186548));
#3035=DIRECTION('center_axis',(0.,1.,0.));
#3036=DIRECTION('ref_axis',(-0.707106781186547,0.,0.707106781186548));
#3037=DIRECTION('',(0.,-1.,0.));
#3038=DIRECTION('center_axis',(-1.,0.,0.));
#3039=DIRECTION('ref_axis',(0.,0.707106781186547,0.707106781186548));
#3040=DIRECTION('center_axis',(1.,0.,0.));
#3041=DIRECTION('ref_axis',(0.,0.707106781186547,0.707106781186548));
#3042=DIRECTION('center_axis',(0.,1.,0.));
#3043=DIRECTION('ref_axis',(0.707106781186547,0.,0.707106781186547));
#3044=DIRECTION('center_axis',(0.,1.,0.));
#3045=DIRECTION('ref_axis',(0.707106781186547,0.,0.707106781186547));
#3046=DIRECTION('',(0.,1.,0.));
#3047=DIRECTION('center_axis',(-1.,0.,0.));
#3048=DIRECTION('ref_axis',(0.,-1.,0.));
#3049=DIRECTION('',(0.,-1.,0.));
#3050=DIRECTION('',(0.,0.,-1.));
#3051=DIRECTION('center_axis',(0.,0.,-1.));
#3052=DIRECTION('ref_axis',(0.707106781186548,0.707106781186547,0.));
#3053=DIRECTION('center_axis',(0.,-0.707106781186548,-0.707106781186548));
#3054=DIRECTION('ref_axis',(0.,0.707106781186548,-0.707106781186548));
#3055=DIRECTION('center_axis',(0.,0.,1.));
#3056=DIRECTION('ref_axis',(1.,0.,0.));
#3057=DIRECTION('center_axis',(0.408248290463861,-0.816496580927728,0.408248290463861));
#3058=DIRECTION('ref_axis',(0.577350269189625,0.577350269189628,0.577350269189625));
#3059=DIRECTION('center_axis',(-0.40824829046386,0.408248290463864,-0.816496580927727));
#3060=DIRECTION('ref_axis',(0.577350269189623,-0.577350269189627,-0.577350269189627));
#3061=DIRECTION('center_axis',(0.,1.,0.));
#3062=DIRECTION('ref_axis',(1.,0.,0.));
#3063=DIRECTION('center_axis',(0.,-1.,0.));
#3064=DIRECTION('ref_axis',(0.707106781186548,0.,-0.707106781186547));
#3065=DIRECTION('',(0.,1.,0.));
#3066=DIRECTION('center_axis',(0.,-1.,0.));
#3067=DIRECTION('ref_axis',(0.707106781186548,0.,-0.707106781186547));
#3068=DIRECTION('center_axis',(0.,-1.,0.));
#3069=DIRECTION('ref_axis',(0.707106781186548,0.,-0.707106781186547));
#3070=DIRECTION('',(0.,1.,0.));
#3071=DIRECTION('center_axis',(0.,0.,1.));
#3072=DIRECTION('ref_axis',(0.707106781186547,-0.707106781186547,0.));
#3073=DIRECTION('center_axis',(0.,0.,-1.));
#3074=DIRECTION('ref_axis',(0.707106781186548,-0.707106781186547,0.));
#3075=DIRECTION('',(0.,0.,-1.));
#3076=DIRECTION('center_axis',(0.,-1.,0.));
#3077=DIRECTION('ref_axis',(1.,0.,0.));
#3078=DIRECTION('',(0.,0.,1.));
#3079=DIRECTION('',(-1.,0.,0.));
#3080=DIRECTION('center_axis',(0.408248290463864,-0.816496580927727,-0.40824829046386));
#3081=DIRECTION('ref_axis',(-0.577350269189627,-0.577350269189627,0.577350269189623));
#3082=DIRECTION('center_axis',(0.,0.,-1.));
#3083=DIRECTION('ref_axis',(0.,-1.,0.));
#3084=DIRECTION('center_axis',(-0.816496580927726,-0.408248290463863,-0.408248290463863));
#3085=DIRECTION('ref_axis',(0.577350269189623,-0.577350269189627,-0.577350269189627));
#3086=DIRECTION('center_axis',(1.,0.,0.));
#3087=DIRECTION('ref_axis',(0.,-1.,0.));
#3088=DIRECTION('center_axis',(0.,1.,0.));
#3089=DIRECTION('ref_axis',(-1.,0.,0.));
#3090=DIRECTION('',(1.,0.,0.));
#3091=DIRECTION('',(0.,0.,1.));
#3092=DIRECTION('',(0.,0.,-1.));
#3093=DIRECTION('center_axis',(-1.,0.,0.));
#3094=DIRECTION('ref_axis',(0.,-1.,0.));
#3095=DIRECTION('',(0.,1.,0.));
#3096=DIRECTION('',(0.,0.,1.));
#3097=DIRECTION('center_axis',(-0.408248290463864,-0.816496580927727,0.40824829046386));
#3098=DIRECTION('ref_axis',(-0.577350269189627,0.577350269189626,0.577350269189624));
#3099=DIRECTION('center_axis',(0.,0.,-1.));
#3100=DIRECTION('ref_axis',(-1.,0.,0.));
#3101=DIRECTION('center_axis',(0.,0.,1.));
#3102=DIRECTION('ref_axis',(-0.707106781186547,0.707106781186547,0.));
#3103=DIRECTION('center_axis',(0.,0.,-1.));
#3104=DIRECTION('ref_axis',(-0.707106781186547,0.707106781186548,0.));
#3105=DIRECTION('center_axis',(1.,0.,0.));
#3106=DIRECTION('ref_axis',(0.,1.,0.));
#3107=DIRECTION('',(0.,0.,-1.));
#3108=DIRECTION('',(0.,-1.,0.));
#3109=DIRECTION('center_axis',(0.,-1.,0.));
#3110=DIRECTION('ref_axis',(0.707106781186548,0.,-0.707106781186547));
#3111=DIRECTION('center_axis',(0.,1.,0.));
#3112=DIRECTION('ref_axis',(0.707106781186548,0.,-0.707106781186547));
#3113=DIRECTION('',(0.,1.,0.));
#3114=DIRECTION('center_axis',(0.,0.,1.));
#3115=DIRECTION('ref_axis',(1.,0.,0.));
#3116=DIRECTION('',(0.,-1.,0.));
#3117=DIRECTION('',(1.,0.,0.));
#3118=DIRECTION('',(-1.,0.,0.));
#3119=DIRECTION('',(0.,-1.,0.));
#3120=DIRECTION('center_axis',(-0.40824829046386,-0.408248290463863,-0.816496580927727));
#3121=DIRECTION('ref_axis',(0.577350269189624,0.577350269189626,-0.577350269189627));
#3122=DIRECTION('center_axis',(0.,0.,1.));
#3123=DIRECTION('ref_axis',(1.,0.,0.));
#3124=DIRECTION('center_axis',(-1.,0.,0.));
#3125=DIRECTION('ref_axis',(0.,1.,0.));
#3126=DIRECTION('center_axis',(0.408248290463861,-0.816496580927728,0.408248290463861));
#3127=DIRECTION('ref_axis',(0.577350269189625,0.577350269189628,0.577350269189625));
#3128=DIRECTION('center_axis',(0.,0.,-1.));
#3129=DIRECTION('ref_axis',(0.,1.,0.));
#3130=DIRECTION('center_axis',(0.,0.,1.));
#3131=DIRECTION('ref_axis',(0.707106781186548,0.707106781186547,0.));
#3132=DIRECTION('center_axis',(-0.408248290463863,-0.816496580927726,-0.408248290463863));
#3133=DIRECTION('ref_axis',(-0.577350269189626,0.577350269189625,-0.577350269189626));
#3134=DIRECTION('center_axis',(0.,-1.,0.));
#3135=DIRECTION('ref_axis',(-1.,0.,0.));
#3136=DIRECTION('center_axis',(1.,0.,0.));
#3137=DIRECTION('ref_axis',(0.,0.,-1.));
#3138=DIRECTION('center_axis',(0.,1.,0.));
#3139=DIRECTION('ref_axis',(-0.707106781186548,0.,-0.707106781186547));
#3140=DIRECTION('center_axis',(1.,0.,0.));
#3141=DIRECTION('ref_axis',(0.,0.707106781186548,-0.707106781186547));
#3142=DIRECTION('center_axis',(-1.,0.,0.));
#3143=DIRECTION('ref_axis',(0.,-0.707106781186548,-0.707106781186548));
#3144=DIRECTION('center_axis',(-1.,0.,0.));
#3145=DIRECTION('ref_axis',(0.,-0.707106781186548,-0.707106781186548));
#3146=DIRECTION('center_axis',(0.,0.,1.));
#3147=DIRECTION('ref_axis',(-0.707106781186548,-0.707106781186547,0.));
#3148=DIRECTION('center_axis',(0.,0.,-1.));
#3149=DIRECTION('ref_axis',(-0.707106781186548,-0.707106781186547,0.));
#3150=DIRECTION('',(0.,0.,-1.));
#3151=DIRECTION('center_axis',(-1.,0.,0.));
#3152=DIRECTION('ref_axis',(0.,-1.,0.));
#3153=DIRECTION('',(0.,1.,0.));
#3154=DIRECTION('center_axis',(0.,1.,0.));
#3155=DIRECTION('ref_axis',(-0.707106781186548,0.,-0.707106781186547));
#3156=DIRECTION('center_axis',(0.,-1.,0.));
#3157=DIRECTION('ref_axis',(-1.,0.,0.));
#3158=DIRECTION('center_axis',(0.408248290463863,-0.816496580927726,0.408248290463863));
#3159=DIRECTION('ref_axis',(-0.577350269189626,-0.577350269189626,-0.577350269189626));
#3160=DIRECTION('center_axis',(-1.,0.,0.));
#3161=DIRECTION('ref_axis',(0.,0.,1.));
#3162=DIRECTION('',(0.,0.,-1.));
#3163=DIRECTION('center_axis',(1.,0.,0.));
#3164=DIRECTION('ref_axis',(0.,0.,-1.));
#3165=DIRECTION('',(0.,0.,1.));
#3166=DIRECTION('center_axis',(0.,1.,0.));
#3167=DIRECTION('ref_axis',(0.,0.,1.));
#3168=DIRECTION('center_axis',(0.,0.,1.));
#3169=DIRECTION('ref_axis',(1.,0.,0.));
#3170=DIRECTION('',(0.,1.,0.));
#3171=DIRECTION('',(1.,0.,0.));
#3172=DIRECTION('',(0.,-1.,0.));
#3173=DIRECTION('',(-1.,0.,0.));
#3174=DIRECTION('',(0.,-1.,0.));
#3175=DIRECTION('',(1.,0.,0.));
#3176=DIRECTION('',(0.,1.,0.));
#3177=DIRECTION('',(-1.,0.,0.));
#3178=DIRECTION('center_axis',(-1.,0.,0.));
#3179=DIRECTION('ref_axis',(0.,0.,1.));
#3180=DIRECTION('',(0.,0.,-1.));
#3181=DIRECTION('',(0.,-1.,0.));
#3182=DIRECTION('',(0.,0.,-1.));
#3183=DIRECTION('center_axis',(0.,1.,0.));
#3184=DIRECTION('ref_axis',(0.,0.,1.));
#3185=DIRECTION('',(0.,0.,1.));
#3186=DIRECTION('',(-1.,0.,0.));
#3187=DIRECTION('center_axis',(1.,0.,0.));
#3188=DIRECTION('ref_axis',(0.,0.,-1.));
#3189=DIRECTION('',(0.,0.,1.));
#3190=DIRECTION('',(0.,1.,0.));
#3191=DIRECTION('center_axis',(0.,1.,0.));
#3192=DIRECTION('ref_axis',(0.,0.,1.));
#3193=DIRECTION('',(-1.,0.,0.));
#3194=DIRECTION('center_axis',(0.,0.,1.));
#3195=DIRECTION('ref_axis',(1.,0.,0.));
#3196=DIRECTION('center_axis',(0.,0.,-1.));
#3197=DIRECTION('ref_axis',(-1.,0.,0.));
#3198=DIRECTION('',(1.,0.,0.));
#3199=DIRECTION('',(0.,1.,0.));
#3200=DIRECTION('',(-1.,0.,0.));
#3201=DIRECTION('',(0.,1.,0.));
#3202=DIRECTION('center_axis',(-1.,0.,0.));
#3203=DIRECTION('ref_axis',(0.,0.,1.));
#3204=DIRECTION('',(0.,0.,-1.));
#3205=DIRECTION('',(0.,0.,1.));
#3206=DIRECTION('',(0.,1.,0.));
#3207=DIRECTION('center_axis',(0.,0.,1.));
#3208=DIRECTION('ref_axis',(1.,0.,0.));
#3209=DIRECTION('',(-1.,0.,0.));
#3210=DIRECTION('',(1.,0.,0.));
#3211=DIRECTION('',(0.,1.,0.));
#3212=DIRECTION('center_axis',(1.,0.,2.22044604925031E-16));
#3213=DIRECTION('ref_axis',(2.22044604925031E-16,0.,-1.));
#3214=DIRECTION('',(-2.22044604925031E-16,0.,1.));
#3215=DIRECTION('',(2.22044604925031E-16,0.,-1.));
#3216=DIRECTION('center_axis',(1.,0.,0.));
#3217=DIRECTION('ref_axis',(0.,0.,-1.));
#3218=DIRECTION('',(0.,0.,1.));
#3219=DIRECTION('',(0.,0.,-1.));
#3220=DIRECTION('',(0.,1.,0.));
#3221=DIRECTION('center_axis',(0.,0.,1.));
#3222=DIRECTION('ref_axis',(1.,0.,0.));
#3223=DIRECTION('',(-1.,0.,0.));
#3224=DIRECTION('',(1.,0.,0.));
#3225=DIRECTION('',(0.,1.,0.));
#3226=DIRECTION('center_axis',(-1.,0.,0.));
#3227=DIRECTION('ref_axis',(0.,0.,1.));
#3228=DIRECTION('',(0.,0.,-1.));
#3229=DIRECTION('',(0.,0.,1.));
#3230=DIRECTION('center_axis',(0.,1.,0.));
#3231=DIRECTION('ref_axis',(0.,0.,1.));
#3232=DIRECTION('center_axis',(0.,1.,0.));
#3233=DIRECTION('ref_axis',(0.,0.,1.));
#3234=DIRECTION('center_axis',(-1.,0.,0.));
#3235=DIRECTION('ref_axis',(0.,0.,1.));
#3236=DIRECTION('',(0.,1.,0.));
#3237=DIRECTION('',(0.,0.,-1.));
#3238=DIRECTION('',(0.,-1.,0.));
#3239=DIRECTION('',(0.,0.,-1.));
#3240=DIRECTION('center_axis',(1.,0.,0.));
#3241=DIRECTION('ref_axis',(0.,0.,-1.));
#3242=DIRECTION('',(0.,-1.,0.));
#3243=DIRECTION('',(0.,0.,1.));
#3244=DIRECTION('',(0.,-1.,0.));
#3245=DIRECTION('',(0.,0.,1.));
#3246=DIRECTION('center_axis',(0.,1.,0.));
#3247=DIRECTION('ref_axis',(0.,0.,1.));
#3248=DIRECTION('',(-1.,0.,0.));
#3249=DIRECTION('',(1.,0.,0.));
#3250=DIRECTION('center_axis',(0.,0.,1.));
#3251=DIRECTION('ref_axis',(1.,0.,0.));
#3252=DIRECTION('',(-1.,0.,0.));
#3253=DIRECTION('center_axis',(0.,1.,0.));
#3254=DIRECTION('ref_axis',(0.,0.,1.));
#3255=DIRECTION('',(1.,0.,0.));
#3256=DIRECTION('center_axis',(0.,0.,-1.));
#3257=DIRECTION('ref_axis',(-1.,0.,0.));
#3258=CARTESIAN_POINT('',(0.,0.,0.));
#3259=CARTESIAN_POINT('Origin',(15.,-10.,50.));
#3260=CARTESIAN_POINT('',(-24.,-14.,50.));
#3261=CARTESIAN_POINT('',(-15.,-14.,50.));
#3262=CARTESIAN_POINT('',(-2.5,-14.,50.));
#3263=CARTESIAN_POINT('',(-24.,-14.5,50.));
#3264=CARTESIAN_POINT('',(-24.,-14.5,50.));
#3265=CARTESIAN_POINT('',(-15.,-14.5,50.));
#3266=CARTESIAN_POINT('',(-2.5,-14.5,50.));
#3267=CARTESIAN_POINT('',(-15.,-26.,50.));
#3268=CARTESIAN_POINT('',(-15.,-15.,50.));
#3269=CARTESIAN_POINT('',(45.,-26.,50.));
#3270=CARTESIAN_POINT('',(-2.5,-26.,50.));
#3271=CARTESIAN_POINT('',(45.,-15.0000002980232,50.));
#3272=CARTESIAN_POINT('',(45.,-20.,50.));
#3273=CARTESIAN_POINT('',(54.,-15.0000002980232,50.));
#3274=CARTESIAN_POINT('',(37.5,-15.0000002980232,50.));
#3275=CARTESIAN_POINT('',(54.,-14.,50.));
#3276=CARTESIAN_POINT('',(54.,-10.,50.));
#3277=CARTESIAN_POINT('',(45.,-14.,50.));
#3278=CARTESIAN_POINT('',(37.5,-14.,50.));
#3279=CARTESIAN_POINT('',(45.,6.,50.));
#3280=CARTESIAN_POINT('',(45.,-10.,50.));
#3281=CARTESIAN_POINT('',(-15.,6.,50.));
#3282=CARTESIAN_POINT('',(32.5,6.,50.));
#3283=CARTESIAN_POINT('',(-15.,0.,50.));
#3284=CARTESIAN_POINT('',(32.,-13.,50.));
#3285=CARTESIAN_POINT('',(32.,-16.,50.));
#3286=CARTESIAN_POINT('',(32.,-17.,50.));
#3287=CARTESIAN_POINT('',(-2.,-16.,50.));
#3288=CARTESIAN_POINT('',(15.,-16.,50.));
#3289=CARTESIAN_POINT('',(-2.,-13.,50.));
#3290=CARTESIAN_POINT('',(-2.,-17.,50.));
#3291=CARTESIAN_POINT('',(15.,-13.,50.));
#3292=CARTESIAN_POINT('Origin',(60.,-19.0000002980232,0.));
#3293=CARTESIAN_POINT('',(49.,-19.0000002980232,46.));
#3294=CARTESIAN_POINT('',(54.,-19.0000002980232,46.));
#3295=CARTESIAN_POINT('',(37.5,-19.0000002980232,46.));
#3296=CARTESIAN_POINT('',(49.,-19.0000002980232,24.));
#3297=CARTESIAN_POINT('',(49.,-19.0000002980232,0.));
#3298=CARTESIAN_POINT('',(54.,-19.0000002980232,24.));
#3299=CARTESIAN_POINT('',(37.5,-19.0000002980232,24.));
#3300=CARTESIAN_POINT('',(54.,-19.0000002980232,0.));
#3301=CARTESIAN_POINT('Origin',(15.,-40.,35.));
#3302=CARTESIAN_POINT('',(10.,-40.,35.));
#3303=CARTESIAN_POINT('Origin',(15.,-40.,35.));
#3304=CARTESIAN_POINT('Origin',(15.,-30.,35.));
#3305=CARTESIAN_POINT('',(10.,-30.,35.));
#3306=CARTESIAN_POINT('',(10.,-30.,35.));
#3307=CARTESIAN_POINT('Origin',(15.,-30.,35.));
#3308=CARTESIAN_POINT('Origin',(-2.5,-14.,24.));
#3309=CARTESIAN_POINT('',(-15.,-14.,20.));
#3310=CARTESIAN_POINT('',(-24.,-14.,20.));
#3311=CARTESIAN_POINT('',(-2.5,-14.,20.));
#3312=CARTESIAN_POINT('',(-24.,-10.,24.));
#3313=CARTESIAN_POINT('Origin',(-24.,-14.,24.));
#3314=CARTESIAN_POINT('',(-19.,-10.,24.));
#3315=CARTESIAN_POINT('',(-2.5,-10.,24.));
#3316=CARTESIAN_POINT('Origin',(-15.,-14.,24.));
#3317=CARTESIAN_POINT('Origin',(-2.5,-14.5,24.));
#3318=CARTESIAN_POINT('',(-19.,-18.5,24.));
#3319=CARTESIAN_POINT('',(-24.,-18.5,24.));
#3320=CARTESIAN_POINT('',(-2.5,-18.5,24.));
#3321=CARTESIAN_POINT('',(-24.,-14.5,20.));
#3322=CARTESIAN_POINT('Origin',(-24.,-14.5,24.));
#3323=CARTESIAN_POINT('',(-15.,-14.5,20.));
#3324=CARTESIAN_POINT('',(-2.5,-14.5,20.));
#3325=CARTESIAN_POINT('Origin',(-15.,-14.5,24.));
#3326=CARTESIAN_POINT('Origin',(-24.,-14.5,24.));
#3327=CARTESIAN_POINT('',(-28.,-14.,24.));
#3328=CARTESIAN_POINT('Origin',(-24.,-14.,24.));
#3329=CARTESIAN_POINT('',(-24.,-14.5,20.));
#3330=CARTESIAN_POINT('',(-28.,-14.5,24.));
#3331=CARTESIAN_POINT('Origin',(-24.,-14.5,24.));
#3332=CARTESIAN_POINT('',(-28.,-14.5,24.));
#3333=CARTESIAN_POINT('Origin',(-24.,-14.5,24.));
#3334=CARTESIAN_POINT('Origin',(-24.,-14.5,24.));
#3335=CARTESIAN_POINT('Origin',(-24.,-14.,24.));
#3336=CARTESIAN_POINT('Origin',(-24.,-14.,24.));
#3337=CARTESIAN_POINT('Origin',(-20.,-10.,0.));
#3338=CARTESIAN_POINT('',(-19.,-10.,46.));
#3339=CARTESIAN_POINT('',(-24.,-10.,46.));
#3340=CARTESIAN_POINT('',(-2.5,-10.,46.));
#3341=CARTESIAN_POINT('',(-19.,-10.,0.));
#3342=CARTESIAN_POINT('',(-24.,-10.,0.));
#3343=CARTESIAN_POINT('Origin',(-24.,-14.,0.));
#3344=CARTESIAN_POINT('',(-28.,-14.,46.));
#3345=CARTESIAN_POINT('Origin',(-24.,-14.,46.));
#3346=CARTESIAN_POINT('',(-28.,-14.,0.));
#3347=CARTESIAN_POINT('Origin',(-28.,-19.,0.));
#3348=CARTESIAN_POINT('',(-28.,-14.5,46.));
#3349=CARTESIAN_POINT('',(-28.,-14.5,46.));
#3350=CARTESIAN_POINT('',(-28.,-14.5,0.));
#3351=CARTESIAN_POINT('Origin',(-24.,-14.5,0.));
#3352=CARTESIAN_POINT('',(-24.,-18.5,46.));
#3353=CARTESIAN_POINT('Origin',(-24.,-14.5,46.));
#3354=CARTESIAN_POINT('',(-24.,-18.5,0.));
#3355=CARTESIAN_POINT('Origin',(-20.,-18.5,0.));
#3356=CARTESIAN_POINT('',(-19.,-18.5,46.));
#3357=CARTESIAN_POINT('',(-2.5,-18.5,46.));
#3358=CARTESIAN_POINT('',(-19.,-18.5,0.));
#3359=CARTESIAN_POINT('Origin',(-24.,-14.5,46.));
#3360=CARTESIAN_POINT('Origin',(-24.,-14.5,46.));
#3361=CARTESIAN_POINT('Origin',(-24.,-14.5,46.));
#3362=CARTESIAN_POINT('Origin',(-24.,-14.,46.));
#3363=CARTESIAN_POINT('Origin',(-24.,-14.,46.));
#3364=CARTESIAN_POINT('Origin',(-24.,-14.,46.));
#3365=CARTESIAN_POINT('Origin',(-2.5,-14.,46.));
#3366=CARTESIAN_POINT('Origin',(-15.,-14.,46.));
#3367=CARTESIAN_POINT('Origin',(-24.,-14.5,46.));
#3368=CARTESIAN_POINT('Origin',(-2.5,-14.5,46.));
#3369=CARTESIAN_POINT('Origin',(-15.,-14.5,46.));
#3370=CARTESIAN_POINT('Origin',(49.,-30.,0.));
#3371=CARTESIAN_POINT('',(49.,-26.,46.));
#3372=CARTESIAN_POINT('',(49.,-20.,46.));
#3373=CARTESIAN_POINT('',(49.,-26.,24.));
#3374=CARTESIAN_POINT('',(49.,-26.,0.));
#3375=CARTESIAN_POINT('',(49.,-20.,24.));
#3376=CARTESIAN_POINT('Origin',(54.,-15.0000002980232,0.));
#3377=CARTESIAN_POINT('',(58.,-15.0000002980232,24.));
#3378=CARTESIAN_POINT('Origin',(54.,-15.0000002980232,24.));
#3379=CARTESIAN_POINT('',(58.,-15.0000002980232,46.));
#3380=CARTESIAN_POINT('',(58.,-15.0000002980232,0.));
#3381=CARTESIAN_POINT('Origin',(54.,-15.0000002980232,46.));
#3382=CARTESIAN_POINT('Origin',(37.5,-15.0000002980232,46.));
#3383=CARTESIAN_POINT('Origin',(54.,-15.0000002980232,46.));
#3384=CARTESIAN_POINT('Origin',(45.,-15.0000002980232,46.));
#3385=CARTESIAN_POINT('Origin',(-15.,-15.,46.));
#3386=CARTESIAN_POINT('',(-19.,-26.,46.));
#3387=CARTESIAN_POINT('Origin',(-15.,-26.,46.));
#3388=CARTESIAN_POINT('',(-19.,-15.,46.));
#3389=CARTESIAN_POINT('Origin',(-2.5,-26.,46.));
#3390=CARTESIAN_POINT('',(-15.,-30.,46.));
#3391=CARTESIAN_POINT('Origin',(-15.,-26.,46.));
#3392=CARTESIAN_POINT('',(45.,-30.,46.));
#3393=CARTESIAN_POINT('',(-2.5,-30.,46.));
#3394=CARTESIAN_POINT('Origin',(45.,-26.,46.));
#3395=CARTESIAN_POINT('Origin',(45.,-20.,46.));
#3396=CARTESIAN_POINT('Origin',(45.,-26.,46.));
#3397=CARTESIAN_POINT('Origin',(45.,-26.,46.));
#3398=CARTESIAN_POINT('Origin',(45.,-26.,46.));
#3399=CARTESIAN_POINT('Origin',(54.,-15.0000002980232,46.));
#3400=CARTESIAN_POINT('Origin',(54.,-15.0000002980232,46.));
#3401=CARTESIAN_POINT('Origin',(37.5,-15.0000002980232,24.));
#3402=CARTESIAN_POINT('',(54.,-15.0000002980232,20.));
#3403=CARTESIAN_POINT('Origin',(54.,-15.0000002980232,24.));
#3404=CARTESIAN_POINT('',(45.,-15.0000002980232,20.));
#3405=CARTESIAN_POINT('Origin',(45.,-15.0000002980232,24.));
#3406=CARTESIAN_POINT('',(37.5,-15.0000002980232,20.));
#3407=CARTESIAN_POINT('Origin',(45.,-10.,46.));
#3408=CARTESIAN_POINT('',(49.,6.,46.));
#3409=CARTESIAN_POINT('Origin',(45.,6.,46.));
#3410=CARTESIAN_POINT('',(49.,-10.,46.));
#3411=CARTESIAN_POINT('Origin',(45.,-14.,46.));
#3412=CARTESIAN_POINT('',(49.,-10.,46.));
#3413=CARTESIAN_POINT('Origin',(32.5,6.,46.));
#3414=CARTESIAN_POINT('',(45.,10.,46.));
#3415=CARTESIAN_POINT('Origin',(45.,6.,46.));
#3416=CARTESIAN_POINT('',(-15.,10.,46.));
#3417=CARTESIAN_POINT('',(32.5,10.,46.));
#3418=CARTESIAN_POINT('Origin',(-15.,6.,46.));
#3419=CARTESIAN_POINT('Origin',(-15.,0.,46.));
#3420=CARTESIAN_POINT('',(-19.,6.,46.));
#3421=CARTESIAN_POINT('Origin',(-15.,6.,46.));
#3422=CARTESIAN_POINT('',(-19.,0.,46.));
#3423=CARTESIAN_POINT('Origin',(37.5,-14.,46.));
#3424=CARTESIAN_POINT('',(54.,-10.,46.));
#3425=CARTESIAN_POINT('Origin',(54.,-14.,46.));
#3426=CARTESIAN_POINT('',(37.5,-10.,46.));
#3427=CARTESIAN_POINT('Origin',(54.,-10.,46.));
#3428=CARTESIAN_POINT('',(58.,-14.,46.));
#3429=CARTESIAN_POINT('Origin',(54.,-14.,46.));
#3430=CARTESIAN_POINT('',(58.,-10.,46.));
#3431=CARTESIAN_POINT('Origin',(58.,-10.,0.));
#3432=CARTESIAN_POINT('',(58.,-14.,24.));
#3433=CARTESIAN_POINT('',(58.,-10.,24.));
#3434=CARTESIAN_POINT('',(58.,-14.,0.));
#3435=CARTESIAN_POINT('Origin',(54.,-14.,0.));
#3436=CARTESIAN_POINT('',(54.,-10.,24.));
#3437=CARTESIAN_POINT('Origin',(54.,-14.,24.));
#3438=CARTESIAN_POINT('',(54.,-10.,0.));
#3439=CARTESIAN_POINT('Origin',(54.,-14.,46.));
#3440=CARTESIAN_POINT('Origin',(54.,-14.,46.));
#3441=CARTESIAN_POINT('Origin',(54.,-15.0000002980232,24.));
#3442=CARTESIAN_POINT('Origin',(54.,-15.0000002980232,24.));
#3443=CARTESIAN_POINT('Origin',(54.,-10.,24.));
#3444=CARTESIAN_POINT('',(54.,-14.,20.));
#3445=CARTESIAN_POINT('Origin',(54.,-14.,24.));
#3446=CARTESIAN_POINT('',(54.,-10.,20.));
#3447=CARTESIAN_POINT('Origin',(45.,-20.,24.));
#3448=CARTESIAN_POINT('',(45.,-26.,20.));
#3449=CARTESIAN_POINT('Origin',(45.,-26.,24.));
#3450=CARTESIAN_POINT('',(45.,-20.,20.));
#3451=CARTESIAN_POINT('Origin',(45.,-26.,0.));
#3452=CARTESIAN_POINT('',(45.,-30.,24.));
#3453=CARTESIAN_POINT('Origin',(45.,-26.,24.));
#3454=CARTESIAN_POINT('',(45.,-30.,0.));
#3455=CARTESIAN_POINT('Origin',(-20.,-30.,0.));
#3456=CARTESIAN_POINT('',(-15.,-30.,24.));
#3457=CARTESIAN_POINT('',(-15.,-30.,0.));
#3458=CARTESIAN_POINT('',(-2.5,-30.,24.));
#3459=CARTESIAN_POINT('Origin',(-15.,-26.,46.));
#3460=CARTESIAN_POINT('Origin',(-15.,-26.,46.));
#3461=CARTESIAN_POINT('Origin',(45.,-26.,24.));
#3462=CARTESIAN_POINT('Origin',(45.,-26.,24.));
#3463=CARTESIAN_POINT('Origin',(50.,10.,0.));
#3464=CARTESIAN_POINT('',(-15.,10.,24.));
#3465=CARTESIAN_POINT('',(45.,10.,24.));
#3466=CARTESIAN_POINT('',(32.5,10.,24.));
#3467=CARTESIAN_POINT('',(-15.,10.,0.));
#3468=CARTESIAN_POINT('',(45.,10.,0.));
#3469=CARTESIAN_POINT('Origin',(-19.,10.,0.));
#3470=CARTESIAN_POINT('',(-19.,6.,24.));
#3471=CARTESIAN_POINT('',(-19.,0.,24.));
#3472=CARTESIAN_POINT('',(-19.,6.,0.));
#3473=CARTESIAN_POINT('Origin',(-15.,6.,46.));
#3474=CARTESIAN_POINT('Origin',(-15.,6.,46.));
#3475=CARTESIAN_POINT('Origin',(-15.,6.,0.));
#3476=CARTESIAN_POINT('Origin',(-15.,6.,24.));
#3477=CARTESIAN_POINT('Origin',(49.,-10.,0.));
#3478=CARTESIAN_POINT('',(49.,6.,24.));
#3479=CARTESIAN_POINT('',(49.,6.,0.));
#3480=CARTESIAN_POINT('',(49.,-10.,24.));
#3481=CARTESIAN_POINT('',(49.,-10.,0.));
#3482=CARTESIAN_POINT('',(49.,-10.,24.));
#3483=CARTESIAN_POINT('Origin',(45.,-10.,24.));
#3484=CARTESIAN_POINT('',(45.,6.,20.));
#3485=CARTESIAN_POINT('Origin',(45.,6.,24.));
#3486=CARTESIAN_POINT('',(45.,-14.,20.));
#3487=CARTESIAN_POINT('Origin',(45.,-14.,24.));
#3488=CARTESIAN_POINT('',(45.,-10.,20.));
#3489=CARTESIAN_POINT('Origin',(15.,-10.,20.));
#3490=CARTESIAN_POINT('',(37.5,-14.,20.));
#3491=CARTESIAN_POINT('',(-15.,-26.,20.));
#3492=CARTESIAN_POINT('',(-2.5,-26.,20.));
#3493=CARTESIAN_POINT('',(-15.,-15.,20.));
#3494=CARTESIAN_POINT('',(-15.,6.,20.));
#3495=CARTESIAN_POINT('',(-15.,0.,20.));
#3496=CARTESIAN_POINT('',(32.5,6.,20.));
#3497=CARTESIAN_POINT('Origin',(45.,6.,24.));
#3498=CARTESIAN_POINT('Origin',(45.,6.,24.));
#3499=CARTESIAN_POINT('Origin',(45.,6.,24.));
#3500=CARTESIAN_POINT('Origin',(45.,6.,46.));
#3501=CARTESIAN_POINT('Origin',(45.,6.,46.));
#3502=CARTESIAN_POINT('Origin',(45.,6.,0.));
#3503=CARTESIAN_POINT('Origin',(-15.,6.,24.));
#3504=CARTESIAN_POINT('Origin',(-15.,6.,24.));
#3505=CARTESIAN_POINT('Origin',(-15.,6.,24.));
#3506=CARTESIAN_POINT('Origin',(-15.,0.,24.));
#3507=CARTESIAN_POINT('Origin',(32.5,6.,24.));
#3508=CARTESIAN_POINT('Origin',(-2.5,-26.,24.));
#3509=CARTESIAN_POINT('Origin',(-15.,-26.,24.));
#3510=CARTESIAN_POINT('Origin',(-15.,-26.,0.));
#3511=CARTESIAN_POINT('',(-19.,-26.,24.));
#3512=CARTESIAN_POINT('Origin',(-15.,-26.,24.));
#3513=CARTESIAN_POINT('',(-19.,-26.,0.));
#3514=CARTESIAN_POINT('Origin',(-19.,-20.,0.));
#3515=CARTESIAN_POINT('',(-19.,-15.,24.));
#3516=CARTESIAN_POINT('Origin',(-15.,-15.,24.));
#3517=CARTESIAN_POINT('Origin',(-15.,-26.,24.));
#3518=CARTESIAN_POINT('Origin',(-15.,-26.,24.));
#3519=CARTESIAN_POINT('Origin',(60.,-10.,0.));
#3520=CARTESIAN_POINT('',(37.5,-10.,24.));
#3521=CARTESIAN_POINT('Origin',(54.,-14.,24.));
#3522=CARTESIAN_POINT('Origin',(54.,-14.,24.));
#3523=CARTESIAN_POINT('Origin',(37.5,-14.,24.));
#3524=CARTESIAN_POINT('Origin',(15.,-10.,47.));
#3525=CARTESIAN_POINT('',(-24.,-14.,47.));
#3526=CARTESIAN_POINT('',(-15.,-14.,47.));
#3527=CARTESIAN_POINT('',(-2.5,-14.,47.));
#3528=CARTESIAN_POINT('',(-15.,6.,47.));
#3529=CARTESIAN_POINT('',(-15.,0.,47.));
#3530=CARTESIAN_POINT('',(45.,6.,47.));
#3531=CARTESIAN_POINT('',(32.5,6.,47.));
#3532=CARTESIAN_POINT('',(45.,-14.,47.));
#3533=CARTESIAN_POINT('',(45.,-10.,47.));
#3534=CARTESIAN_POINT('',(54.,-14.,47.));
#3535=CARTESIAN_POINT('',(37.5,-14.,47.));
#3536=CARTESIAN_POINT('',(54.,-15.0000002980232,47.));
#3537=CARTESIAN_POINT('',(54.,-10.,47.));
#3538=CARTESIAN_POINT('',(45.,-15.0000002980232,47.));
#3539=CARTESIAN_POINT('',(37.5,-15.0000002980232,47.));
#3540=CARTESIAN_POINT('',(45.,-26.,47.));
#3541=CARTESIAN_POINT('',(45.,-20.,47.));
#3542=CARTESIAN_POINT('',(-15.,-26.,47.));
#3543=CARTESIAN_POINT('',(-2.5,-26.,47.));
#3544=CARTESIAN_POINT('',(-15.,-14.5,47.));
#3545=CARTESIAN_POINT('',(-15.,-15.,47.));
#3546=CARTESIAN_POINT('',(-24.,-14.5,47.));
#3547=CARTESIAN_POINT('',(-2.5,-14.5,47.));
#3548=CARTESIAN_POINT('',(-24.,-14.5,47.));
#3549=CARTESIAN_POINT('',(-2.,-16.,47.));
#3550=CARTESIAN_POINT('',(-2.,-13.,47.));
#3551=CARTESIAN_POINT('',(-2.,-14.5,47.));
#3552=CARTESIAN_POINT('',(32.,-16.,47.));
#3553=CARTESIAN_POINT('',(15.,-16.,47.));
#3554=CARTESIAN_POINT('',(32.,-13.,47.));
#3555=CARTESIAN_POINT('',(32.,-14.5,47.));
#3556=CARTESIAN_POINT('',(15.,-13.,47.));
#3557=CARTESIAN_POINT('Origin',(60.,-16.0000002980232,0.));
#3558=CARTESIAN_POINT('',(46.,-16.0000002980232,46.));
#3559=CARTESIAN_POINT('',(54.,-16.0000002980232,46.));
#3560=CARTESIAN_POINT('',(37.5,-16.0000002980232,46.));
#3561=CARTESIAN_POINT('',(54.,-16.0000002980232,24.));
#3562=CARTESIAN_POINT('',(54.,-16.0000002980232,0.));
#3563=CARTESIAN_POINT('',(46.,-16.0000002980232,24.));
#3564=CARTESIAN_POINT('',(37.5,-16.0000002980232,24.));
#3565=CARTESIAN_POINT('',(46.,-16.0000002980232,0.));
#3566=CARTESIAN_POINT('Origin',(15.,-13.,60.));
#3567=CARTESIAN_POINT('',(-2.,-13.,55.));
#3568=CARTESIAN_POINT('',(32.,-13.,65.));
#3569=CARTESIAN_POINT('Origin',(15.,-37.,35.));
#3570=CARTESIAN_POINT('',(13.,-37.,35.));
#3571=CARTESIAN_POINT('Origin',(15.,-37.,35.));
#3572=CARTESIAN_POINT('Origin',(15.,-30.,35.));
#3573=CARTESIAN_POINT('',(13.,-27.,35.));
#3574=CARTESIAN_POINT('Origin',(15.,-27.,35.));
#3575=CARTESIAN_POINT('',(13.,-30.,35.));
#3576=CARTESIAN_POINT('Origin',(-2.5,-14.,24.));
#3577=CARTESIAN_POINT('',(-15.,-14.,23.));
#3578=CARTESIAN_POINT('',(-24.,-14.,23.));
#3579=CARTESIAN_POINT('',(-2.5,-14.,23.));
#3580=CARTESIAN_POINT('',(-16.,-13.,24.));
#3581=CARTESIAN_POINT('Origin',(-15.,-14.,24.));
#3582=CARTESIAN_POINT('',(-24.,-13.,24.));
#3583=CARTESIAN_POINT('',(-2.5,-13.,24.));
#3584=CARTESIAN_POINT('Origin',(-24.,-14.,24.));
#3585=CARTESIAN_POINT('Origin',(-2.5,-14.5,24.));
#3586=CARTESIAN_POINT('',(-16.,-15.5,24.));
#3587=CARTESIAN_POINT('',(-24.,-15.5,24.));
#3588=CARTESIAN_POINT('',(-2.5,-15.5,24.));
#3589=CARTESIAN_POINT('',(-15.,-14.5,23.));
#3590=CARTESIAN_POINT('Origin',(-15.,-14.5,24.));
#3591=CARTESIAN_POINT('',(-24.,-14.5,23.));
#3592=CARTESIAN_POINT('',(-2.5,-14.5,23.));
#3593=CARTESIAN_POINT('Origin',(-24.,-14.5,24.));
#3594=CARTESIAN_POINT('Origin',(-24.,-14.5,24.));
#3595=CARTESIAN_POINT('',(-25.,-14.,24.));
#3596=CARTESIAN_POINT('Origin',(-24.,-14.,24.));
#3597=CARTESIAN_POINT('',(-25.,-14.5,24.));
#3598=CARTESIAN_POINT('',(-25.,-14.5,24.));
#3599=CARTESIAN_POINT('Origin',(-24.,-14.5,24.));
#3600=CARTESIAN_POINT('',(-24.,-14.5,23.));
#3601=CARTESIAN_POINT('Origin',(-24.,-14.5,24.));
#3602=CARTESIAN_POINT('Origin',(-24.,-14.5,24.));
#3603=CARTESIAN_POINT('Origin',(-24.,-14.,24.));
#3604=CARTESIAN_POINT('Origin',(-24.,-14.,24.));
#3605=CARTESIAN_POINT('Origin',(-20.,-13.,0.));
#3606=CARTESIAN_POINT('',(-16.,-13.,46.));
#3607=CARTESIAN_POINT('',(-24.,-13.,46.));
#3608=CARTESIAN_POINT('',(-2.5,-13.,46.));
#3609=CARTESIAN_POINT('',(-24.,-13.,0.));
#3610=CARTESIAN_POINT('',(-16.,-13.,0.));
#3611=CARTESIAN_POINT('Origin',(-24.,-14.,0.));
#3612=CARTESIAN_POINT('',(-25.,-14.,46.));
#3613=CARTESIAN_POINT('Origin',(-24.,-14.,46.));
#3614=CARTESIAN_POINT('',(-25.,-14.,0.));
#3615=CARTESIAN_POINT('Origin',(-25.,-19.,0.));
#3616=CARTESIAN_POINT('',(-25.,-14.5,46.));
#3617=CARTESIAN_POINT('',(-25.,-14.5,46.));
#3618=CARTESIAN_POINT('',(-25.,-14.5,0.));
#3619=CARTESIAN_POINT('Origin',(-24.,-14.5,0.));
#3620=CARTESIAN_POINT('',(-24.,-15.5,46.));
#3621=CARTESIAN_POINT('Origin',(-24.,-14.5,46.));
#3622=CARTESIAN_POINT('',(-24.,-15.5,0.));
#3623=CARTESIAN_POINT('Origin',(-20.,-15.5,0.));
#3624=CARTESIAN_POINT('',(-16.,-15.5,46.));
#3625=CARTESIAN_POINT('',(-2.5,-15.5,46.));
#3626=CARTESIAN_POINT('',(-16.,-15.5,0.));
#3627=CARTESIAN_POINT('Origin',(-24.,-14.5,46.));
#3628=CARTESIAN_POINT('Origin',(-24.,-14.5,46.));
#3629=CARTESIAN_POINT('Origin',(-24.,-14.5,46.));
#3630=CARTESIAN_POINT('Origin',(-24.,-14.,46.));
#3631=CARTESIAN_POINT('Origin',(-24.,-14.,46.));
#3632=CARTESIAN_POINT('Origin',(-24.,-14.,46.));
#3633=CARTESIAN_POINT('Origin',(-2.5,-14.,46.));
#3634=CARTESIAN_POINT('Origin',(-15.,-14.,46.));
#3635=CARTESIAN_POINT('Origin',(-24.,-14.5,46.));
#3636=CARTESIAN_POINT('Origin',(-2.5,-14.5,46.));
#3637=CARTESIAN_POINT('Origin',(-15.,-14.5,46.));
#3638=CARTESIAN_POINT('Origin',(60.,-13.,0.));
#3639=CARTESIAN_POINT('',(54.,-13.,23.));
#3640=CARTESIAN_POINT('',(54.,-13.,46.));
#3641=CARTESIAN_POINT('',(54.,-13.,0.));
#3642=CARTESIAN_POINT('',(46.,-13.,46.));
#3643=CARTESIAN_POINT('',(37.5,-13.,46.));
#3644=CARTESIAN_POINT('',(46.,-13.,24.));
#3645=CARTESIAN_POINT('',(46.,-13.,0.));
#3646=CARTESIAN_POINT('',(45.,-13.,23.));
#3647=CARTESIAN_POINT('Origin',(45.,-13.,24.));
#3648=CARTESIAN_POINT('',(37.5,-13.,23.));
#3649=CARTESIAN_POINT('Origin',(46.,-30.,0.));
#3650=CARTESIAN_POINT('',(46.,-26.,46.));
#3651=CARTESIAN_POINT('',(46.,-20.,46.));
#3652=CARTESIAN_POINT('',(46.,-26.,24.));
#3653=CARTESIAN_POINT('',(46.,-20.,24.));
#3654=CARTESIAN_POINT('',(46.,-26.,0.));
#3655=CARTESIAN_POINT('Origin',(54.,-15.0000002980232,0.));
#3656=CARTESIAN_POINT('',(55.,-15.0000002980232,24.));
#3657=CARTESIAN_POINT('Origin',(54.,-15.0000002980232,24.));
#3658=CARTESIAN_POINT('',(55.,-15.0000002980232,46.));
#3659=CARTESIAN_POINT('Origin',(54.,-15.0000002980232,46.));
#3660=CARTESIAN_POINT('',(55.,-15.0000002980232,0.));
#3661=CARTESIAN_POINT('Origin',(37.5,-15.0000002980232,46.));
#3662=CARTESIAN_POINT('Origin',(45.,-15.0000002980232,46.));
#3663=CARTESIAN_POINT('Origin',(54.,-15.0000002980232,46.));
#3664=CARTESIAN_POINT('Origin',(-15.,-15.,46.));
#3665=CARTESIAN_POINT('',(-16.,-26.,46.));
#3666=CARTESIAN_POINT('Origin',(-15.,-26.,46.));
#3667=CARTESIAN_POINT('',(-16.,-15.,46.));
#3668=CARTESIAN_POINT('Origin',(-2.5,-26.,46.));
#3669=CARTESIAN_POINT('',(-15.,-27.,46.));
#3670=CARTESIAN_POINT('Origin',(-15.,-26.,46.));
#3671=CARTESIAN_POINT('',(45.,-27.,46.));
#3672=CARTESIAN_POINT('Origin',(45.,-26.,46.));
#3673=CARTESIAN_POINT('',(-2.5,-27.,46.));
#3674=CARTESIAN_POINT('Origin',(45.,-20.,46.));
#3675=CARTESIAN_POINT('Origin',(45.,-26.,46.));
#3676=CARTESIAN_POINT('Origin',(45.,-26.,46.));
#3677=CARTESIAN_POINT('Origin',(45.,-26.,46.));
#3678=CARTESIAN_POINT('Origin',(54.,-15.0000002980232,46.));
#3679=CARTESIAN_POINT('Origin',(54.,-15.0000002980232,46.));
#3680=CARTESIAN_POINT('Origin',(37.5,-15.0000002980232,24.));
#3681=CARTESIAN_POINT('',(54.,-15.0000002980232,23.));
#3682=CARTESIAN_POINT('Origin',(54.,-15.0000002980232,24.));
#3683=CARTESIAN_POINT('',(45.,-15.0000002980232,23.));
#3684=CARTESIAN_POINT('',(37.5,-15.0000002980232,23.));
#3685=CARTESIAN_POINT('Origin',(45.,-15.0000002980232,24.));
#3686=CARTESIAN_POINT('Origin',(45.,-10.,46.));
#3687=CARTESIAN_POINT('',(46.,6.,46.));
#3688=CARTESIAN_POINT('Origin',(45.,6.,46.));
#3689=CARTESIAN_POINT('',(46.,-10.,46.));
#3690=CARTESIAN_POINT('Origin',(45.,-14.,46.));
#3691=CARTESIAN_POINT('Origin',(32.5,6.,46.));
#3692=CARTESIAN_POINT('',(45.,7.,46.));
#3693=CARTESIAN_POINT('Origin',(45.,6.,46.));
#3694=CARTESIAN_POINT('',(-15.,7.,46.));
#3695=CARTESIAN_POINT('Origin',(-15.,6.,46.));
#3696=CARTESIAN_POINT('',(32.5,7.,46.));
#3697=CARTESIAN_POINT('Origin',(-15.,0.,46.));
#3698=CARTESIAN_POINT('',(-16.,6.,46.));
#3699=CARTESIAN_POINT('Origin',(-15.,6.,46.));
#3700=CARTESIAN_POINT('',(-16.,0.,46.));
#3701=CARTESIAN_POINT('Origin',(37.5,-14.,46.));
#3702=CARTESIAN_POINT('Origin',(54.,-14.,46.));
#3703=CARTESIAN_POINT('Origin',(54.,-10.,46.));
#3704=CARTESIAN_POINT('',(55.,-14.,46.));
#3705=CARTESIAN_POINT('Origin',(54.,-14.,46.));
#3706=CARTESIAN_POINT('',(55.,-10.,46.));
#3707=CARTESIAN_POINT('Origin',(55.,-10.,0.));
#3708=CARTESIAN_POINT('',(55.,-14.,24.));
#3709=CARTESIAN_POINT('',(55.,-10.,24.));
#3710=CARTESIAN_POINT('',(55.,-14.,0.));
#3711=CARTESIAN_POINT('Origin',(54.,-14.,0.));
#3712=CARTESIAN_POINT('Origin',(54.,-14.,24.));
#3713=CARTESIAN_POINT('Origin',(54.,-14.,46.));
#3714=CARTESIAN_POINT('Origin',(54.,-14.,46.));
#3715=CARTESIAN_POINT('Origin',(54.,-15.0000002980232,24.));
#3716=CARTESIAN_POINT('Origin',(54.,-15.0000002980232,24.));
#3717=CARTESIAN_POINT('Origin',(54.,-10.,24.));
#3718=CARTESIAN_POINT('',(54.,-10.,23.));
#3719=CARTESIAN_POINT('Origin',(45.,-20.,24.));
#3720=CARTESIAN_POINT('',(45.,-26.,23.));
#3721=CARTESIAN_POINT('Origin',(45.,-26.,24.));
#3722=CARTESIAN_POINT('',(45.,-20.,23.));
#3723=CARTESIAN_POINT('Origin',(45.,-26.,0.));
#3724=CARTESIAN_POINT('',(45.,-27.,24.));
#3725=CARTESIAN_POINT('Origin',(45.,-26.,24.));
#3726=CARTESIAN_POINT('',(45.,-27.,0.));
#3727=CARTESIAN_POINT('Origin',(-20.,-27.,0.));
#3728=CARTESIAN_POINT('',(-15.,-27.,24.));
#3729=CARTESIAN_POINT('',(-15.,-27.,0.));
#3730=CARTESIAN_POINT('',(-2.5,-27.,24.));
#3731=CARTESIAN_POINT('Origin',(-15.,-26.,46.));
#3732=CARTESIAN_POINT('Origin',(-15.,-26.,46.));
#3733=CARTESIAN_POINT('Origin',(45.,-26.,24.));
#3734=CARTESIAN_POINT('Origin',(45.,-26.,24.));
#3735=CARTESIAN_POINT('Origin',(50.,7.,0.));
#3736=CARTESIAN_POINT('',(-15.,7.,24.));
#3737=CARTESIAN_POINT('',(45.,7.,24.));
#3738=CARTESIAN_POINT('',(32.5,7.,24.));
#3739=CARTESIAN_POINT('',(45.,7.,0.));
#3740=CARTESIAN_POINT('',(-15.,7.,0.));
#3741=CARTESIAN_POINT('Origin',(-16.,10.,0.));
#3742=CARTESIAN_POINT('',(-16.,6.,24.));
#3743=CARTESIAN_POINT('',(-16.,0.,24.));
#3744=CARTESIAN_POINT('',(-16.,6.,0.));
#3745=CARTESIAN_POINT('Origin',(-15.,6.,46.));
#3746=CARTESIAN_POINT('Origin',(-15.,6.,46.));
#3747=CARTESIAN_POINT('Origin',(-15.,6.,0.));
#3748=CARTESIAN_POINT('Origin',(-15.,6.,24.));
#3749=CARTESIAN_POINT('Origin',(46.,-10.,0.));
#3750=CARTESIAN_POINT('',(46.,6.,24.));
#3751=CARTESIAN_POINT('',(46.,6.,0.));
#3752=CARTESIAN_POINT('',(46.,-10.,24.));
#3753=CARTESIAN_POINT('Origin',(45.,-10.,24.));
#3754=CARTESIAN_POINT('',(45.,6.,23.));
#3755=CARTESIAN_POINT('Origin',(45.,6.,24.));
#3756=CARTESIAN_POINT('',(45.,-10.,23.));
#3757=CARTESIAN_POINT('Origin',(15.,-10.,23.));
#3758=CARTESIAN_POINT('',(-15.,-26.,23.));
#3759=CARTESIAN_POINT('',(-15.,-15.,23.));
#3760=CARTESIAN_POINT('',(-2.5,-26.,23.));
#3761=CARTESIAN_POINT('',(-15.,6.,23.));
#3762=CARTESIAN_POINT('',(32.5,6.,23.));
#3763=CARTESIAN_POINT('',(-15.,0.,23.));
#3764=CARTESIAN_POINT('Origin',(45.,6.,24.));
#3765=CARTESIAN_POINT('Origin',(45.,6.,24.));
#3766=CARTESIAN_POINT('Origin',(45.,6.,24.));
#3767=CARTESIAN_POINT('Origin',(45.,6.,46.));
#3768=CARTESIAN_POINT('Origin',(45.,6.,46.));
#3769=CARTESIAN_POINT('Origin',(45.,6.,0.));
#3770=CARTESIAN_POINT('Origin',(-15.,6.,24.));
#3771=CARTESIAN_POINT('Origin',(-15.,6.,24.));
#3772=CARTESIAN_POINT('Origin',(-15.,6.,24.));
#3773=CARTESIAN_POINT('Origin',(-15.,0.,24.));
#3774=CARTESIAN_POINT('Origin',(32.5,6.,24.));
#3775=CARTESIAN_POINT('Origin',(-2.5,-26.,24.));
#3776=CARTESIAN_POINT('Origin',(-15.,-26.,24.));
#3777=CARTESIAN_POINT('Origin',(-15.,-26.,0.));
#3778=CARTESIAN_POINT('',(-16.,-26.,24.));
#3779=CARTESIAN_POINT('Origin',(-15.,-26.,24.));
#3780=CARTESIAN_POINT('',(-16.,-26.,0.));
#3781=CARTESIAN_POINT('Origin',(-16.,-20.,0.));
#3782=CARTESIAN_POINT('',(-16.,-15.,24.));
#3783=CARTESIAN_POINT('Origin',(-15.,-15.,24.));
#3784=CARTESIAN_POINT('Origin',(-15.,-26.,24.));
#3785=CARTESIAN_POINT('Origin',(-15.,-26.,24.));
#3786=CARTESIAN_POINT('Origin',(-2.,-19.,50.));
#3787=CARTESIAN_POINT('',(-2.,-16.,55.));
#3788=CARTESIAN_POINT('Origin',(32.,-19.,70.));
#3789=CARTESIAN_POINT('',(32.,-16.,65.));
#3790=CARTESIAN_POINT('Origin',(15.,-16.,60.));
#3791=CARTESIAN_POINT('Origin',(15.,-15.,50.));
#3792=CARTESIAN_POINT('',(-5.,-19.,50.));
#3793=CARTESIAN_POINT('',(-5.,-10.,50.));
#3794=CARTESIAN_POINT('',(-5.,-14.5,50.));
#3795=CARTESIAN_POINT('',(35.,-10.,50.));
#3796=CARTESIAN_POINT('',(15.,-10.,50.));
#3797=CARTESIAN_POINT('',(35.,-19.,50.));
#3798=CARTESIAN_POINT('',(35.,-14.5,50.));
#3799=CARTESIAN_POINT('',(15.,-19.,50.));
#3800=CARTESIAN_POINT('',(32.,-13.,50.));
#3801=CARTESIAN_POINT('',(32.,-16.,50.));
#3802=CARTESIAN_POINT('',(32.,-17.,50.));
#3803=CARTESIAN_POINT('',(-2.,-13.,50.));
#3804=CARTESIAN_POINT('',(15.,-13.,50.));
#3805=CARTESIAN_POINT('',(-2.,-16.,50.));
#3806=CARTESIAN_POINT('',(-2.,-17.,50.));
#3807=CARTESIAN_POINT('',(15.,-16.,50.));
#3808=CARTESIAN_POINT('Origin',(-2.,-19.,50.));
#3809=CARTESIAN_POINT('',(-2.,-13.,52.3073258333484));
#3810=CARTESIAN_POINT('',(-2.,-13.,52.5));
#3811=CARTESIAN_POINT('',(-2.,-16.,52.3073258333484));
#3812=CARTESIAN_POINT('',(-2.,-19.,52.3073258333484));
#3813=CARTESIAN_POINT('',(-2.,-16.,52.5));
#3814=CARTESIAN_POINT('Origin',(15.,-13.,55.));
#3815=CARTESIAN_POINT('',(32.,-13.,52.3073258333484));
#3816=CARTESIAN_POINT('',(32.,-13.,57.5));
#3817=CARTESIAN_POINT('',(7.5,-13.,52.3073258333484));
#3818=CARTESIAN_POINT('Origin',(32.,-19.,60.));
#3819=CARTESIAN_POINT('',(32.,-16.,52.3073258333484));
#3820=CARTESIAN_POINT('',(32.,-16.,57.5));
#3821=CARTESIAN_POINT('',(32.,-19.,52.3073258333484));
#3822=CARTESIAN_POINT('Origin',(15.,-16.,55.));
#3823=CARTESIAN_POINT('',(7.5,-16.,52.3073258333484));
#3824=CARTESIAN_POINT('Origin',(0.,-19.,52.3073258333484));
#3825=CARTESIAN_POINT('Origin',(30.,-19.,56.3073258333484));
#3826=CARTESIAN_POINT('',(-5.55111512312578E-16,-19.,56.3073258333484));
#3827=CARTESIAN_POINT('',(30.,-19.,56.3073258333484));
#3828=CARTESIAN_POINT('',(7.5,-19.,56.3073258333484));
#3829=CARTESIAN_POINT('',(-5.55111512312578E-16,-10.,56.3073258333484));
#3830=CARTESIAN_POINT('',(-5.55111512312578E-16,-19.,56.3073258333484));
#3831=CARTESIAN_POINT('',(30.,-10.,56.3073258333484));
#3832=CARTESIAN_POINT('',(7.5,-10.,56.3073258333484));
#3833=CARTESIAN_POINT('',(30.,-19.,56.3073258333484));
#3834=CARTESIAN_POINT('Origin',(30.,-19.,53.8073258333484));
#3835=CARTESIAN_POINT('',(30.,-19.,53.8073258333484));
#3836=CARTESIAN_POINT('',(30.,-19.,55.6536629166742));
#3837=CARTESIAN_POINT('',(30.,-10.,53.8073258333484));
#3838=CARTESIAN_POINT('',(30.,-10.,55.6536629166742));
#3839=CARTESIAN_POINT('',(30.,-19.,53.8073258333484));
#3840=CARTESIAN_POINT('Origin',(0.,-19.,53.8073258333484));
#3841=CARTESIAN_POINT('',(0.,-19.,53.8073258333484));
#3842=CARTESIAN_POINT('',(22.5,-19.,53.8073258333484));
#3843=CARTESIAN_POINT('',(0.,-10.,53.8073258333484));
#3844=CARTESIAN_POINT('',(22.5,-10.,53.8073258333484));
#3845=CARTESIAN_POINT('',(0.,-19.,53.8073258333484));
#3846=CARTESIAN_POINT('Origin',(-4.22698080243353E-16,-19.,56.3073258333484));
#3847=CARTESIAN_POINT('',(0.,-19.,54.4036629166742));
#3848=CARTESIAN_POINT('',(0.,-10.,54.4036629166742));
#3849=CARTESIAN_POINT('Origin',(35.,-19.,60.));
#3850=CARTESIAN_POINT('',(35.,-19.,60.));
#3851=CARTESIAN_POINT('',(35.,-19.,52.5));
#3852=CARTESIAN_POINT('',(35.,-10.,60.));
#3853=CARTESIAN_POINT('',(35.,-10.,52.5));
#3854=CARTESIAN_POINT('',(35.,-19.,60.));
#3855=CARTESIAN_POINT('Origin',(-5.,-19.,60.));
#3856=CARTESIAN_POINT('',(-5.,-19.,60.));
#3857=CARTESIAN_POINT('',(25.,-19.,60.));
#3858=CARTESIAN_POINT('',(-5.,-10.,60.));
#3859=CARTESIAN_POINT('',(25.,-10.,60.));
#3860=CARTESIAN_POINT('',(-5.,-19.,60.));
#3861=CARTESIAN_POINT('Origin',(-5.,-19.,50.));
#3862=CARTESIAN_POINT('',(-5.,-19.,57.5));
#3863=CARTESIAN_POINT('',(-5.,-10.,57.5));
#3864=CARTESIAN_POINT('Origin',(15.,-10.,55.));
#3865=CARTESIAN_POINT('Origin',(15.,-19.,55.));
#3866=CARTESIAN_POINT('Origin',(-2.,-19.,50.));
#3867=CARTESIAN_POINT('',(-2.,-16.,57.8073258333484));
#3868=CARTESIAN_POINT('',(-2.,-13.,57.8073258333484));
#3869=CARTESIAN_POINT('',(-2.,-19.,57.8073258333484));
#3870=CARTESIAN_POINT('',(-2.,-13.,58.5));
#3871=CARTESIAN_POINT('',(-2.,-13.,52.5));
#3872=CARTESIAN_POINT('',(-2.,-16.,58.5));
#3873=CARTESIAN_POINT('',(-2.,-19.,58.5));
#3874=CARTESIAN_POINT('',(-2.,-16.,52.5));
#3875=CARTESIAN_POINT('Origin',(32.,-19.,60.));
#3876=CARTESIAN_POINT('',(32.,-13.,57.8073258333484));
#3877=CARTESIAN_POINT('',(32.,-16.,57.8073258333484));
#3878=CARTESIAN_POINT('',(32.,-19.,57.8073258333484));
#3879=CARTESIAN_POINT('',(32.,-16.,58.5));
#3880=CARTESIAN_POINT('',(32.,-16.,57.5));
#3881=CARTESIAN_POINT('',(32.,-13.,58.5));
#3882=CARTESIAN_POINT('',(32.,-19.,58.5));
#3883=CARTESIAN_POINT('',(32.,-13.,57.5));
#3884=CARTESIAN_POINT('Origin',(15.,-13.,55.));
#3885=CARTESIAN_POINT('',(5.,-13.,58.5));
#3886=CARTESIAN_POINT('',(22.5,-13.,57.8073258333484));
#3887=CARTESIAN_POINT('Origin',(-5.,-19.,58.5));
#3888=CARTESIAN_POINT('',(5.,-16.,58.5));
#3889=CARTESIAN_POINT('Origin',(15.,-16.,55.));
#3890=CARTESIAN_POINT('',(22.5,-16.,57.8073258333484));
#3891=CARTESIAN_POINT('Origin',(30.,-19.,57.8073258333484));
#3892=UNCERTAINTY_MEASURE_WITH_UNIT(LENGTH_MEASURE(0.01),#3896,
'DISTANCE_ACCURACY_VALUE',
'Maximum model space distance between geometric entities at asserted c
onnectivities');
#3893=UNCERTAINTY_MEASURE_WITH_UNIT(LENGTH_MEASURE(0.01),#3896,
'DISTANCE_ACCURACY_VALUE',
'Maximum model space distance between geometric entities at asserted c
onnectivities');
#3894=(
GEOMETRIC_REPRESENTATION_CONTEXT(3)
GLOBAL_UNCERTAINTY_ASSIGNED_CONTEXT((#3892))
GLOBAL_UNIT_ASSIGNED_CONTEXT((#3896,#3898,#3899))
REPRESENTATION_CONTEXT('','3D')
);
#3895=(
GEOMETRIC_REPRESENTATION_CONTEXT(3)
GLOBAL_UNCERTAINTY_ASSIGNED_CONTEXT((#3893))
GLOBAL_UNIT_ASSIGNED_CONTEXT((#3896,#3898,#3899))
REPRESENTATION_CONTEXT('','3D')
);
#3896=(
LENGTH_UNIT()
NAMED_UNIT(*)
SI_UNIT(.MILLI.,.METRE.)
);
#3897=(
LENGTH_UNIT()
NAMED_UNIT(*)
SI_UNIT($,.METRE.)
);
#3898=(
NAMED_UNIT(*)
PLANE_ANGLE_UNIT()
SI_UNIT($,.RADIAN.)
);
#3899=(
NAMED_UNIT(*)
SI_UNIT($,.STERADIAN.)
SOLID_ANGLE_UNIT()
);
#3900=SHAPE_DEFINITION_REPRESENTATION(#3901,#3902);
#3901=PRODUCT_DEFINITION_SHAPE('',$,#3904);
#3902=SHAPE_REPRESENTATION('',(#2263),#3894);
#3903=PRODUCT_DEFINITION_CONTEXT('part definition',#3908,'design');
#3904=PRODUCT_DEFINITION('2026-07-08-05-30-39-594','belt_guide',#3905,#3903);
#3905=PRODUCT_DEFINITION_FORMATION('',$,#3910);
#3906=PRODUCT_RELATED_PRODUCT_CATEGORY('belt_guide','belt_guide',(#3910));
#3907=APPLICATION_PROTOCOL_DEFINITION('international standard',
'automotive_design',2009,#3908);
#3908=APPLICATION_CONTEXT(
'Core Data for Automotive Mechanical Design Process');
#3909=PRODUCT_CONTEXT('part definition',#3908,'mechanical');
#3910=PRODUCT('2026-07-08-05-30-39-594','belt_guide',$,(#3909));
#3911=PRESENTATION_STYLE_ASSIGNMENT((#3912));
#3912=SURFACE_STYLE_USAGE(.BOTH.,#3913);
#3913=SURFACE_SIDE_STYLE('',(#3914));
#3914=SURFACE_STYLE_FILL_AREA(#3915);
#3915=FILL_AREA_STYLE('Steel - Satin',(#3916));
#3916=FILL_AREA_STYLE_COLOUR('Steel - Satin',#3917);
#3917=COLOUR_RGB('Steel - Satin',0.627450980392157,0.627450980392157,0.627450980392157);
ENDSEC;
END-ISO-10303-21;
