ISO-10303-21;
HEADER;
/* Generated by software containing ST-Developer
 * from STEP Tools, Inc. (www.steptools.com) 
 */

FILE_DESCRIPTION(
/* description */ (''),
/* implementation_level */ '2;1');

FILE_NAME(
/* name */ 'nameplate.step',
/* time_stamp */ '2026-08-14T19:13:32+09:00',
/* author */ (''),
/* organization */ (''),
/* preprocessor_version */ 'ST-DEVELOPER v20.1',
/* originating_system */ 'Autodesk Translation Framework v15.8.0.0',
/* authorisation */ '');

FILE_SCHEMA (('AUTOMOTIVE_DESIGN { 1 0 10303 214 3 1 1 }'));
ENDSEC;

DATA;
#10=MECHANICAL_DESIGN_GEOMETRIC_PRESENTATION_REPRESENTATION('',(#31,#32,
#33,#34),#6432);
#11=SHAPE_REPRESENTATION_RELATIONSHIP('SRR','None',#6439,#12);
#12=ADVANCED_BREP_SHAPE_REPRESENTATION('',(#35,#36,#37,#38),#6431);
#13=FACE_BOUND('',#594,.T.);
#14=FACE_BOUND('',#595,.T.);
#15=FACE_BOUND('',#596,.T.);
#16=FACE_BOUND('',#597,.T.);
#17=FACE_BOUND('',#598,.T.);
#18=FACE_BOUND('',#599,.T.);
#19=FACE_BOUND('',#600,.T.);
#20=FACE_BOUND('',#601,.T.);
#21=FACE_BOUND('',#602,.T.);
#22=FACE_BOUND('',#608,.T.);
#23=FACE_BOUND('',#609,.T.);
#24=FACE_BOUND('',#610,.T.);
#25=FACE_BOUND('',#611,.T.);
#26=FACE_BOUND('',#612,.T.);
#27=FACE_BOUND('',#613,.T.);
#28=FACE_BOUND('',#614,.T.);
#29=FACE_BOUND('',#615,.T.);
#30=FACE_BOUND('',#616,.T.);
#31=STYLED_ITEM('',(#6448),#35);
#32=STYLED_ITEM('',(#6448),#36);
#33=STYLED_ITEM('',(#6448),#37);
#34=STYLED_ITEM('',(#6448),#38);
#35=MANIFOLD_SOLID_BREP('Body1',#3387);
#36=MANIFOLD_SOLID_BREP('Body5',#3388);
#37=MANIFOLD_SOLID_BREP('Body3',#3389);
#38=MANIFOLD_SOLID_BREP('Body6',#3390);
#39=B_SPLINE_SURFACE_WITH_KNOTS('',3,1,((#4131,#4132),(#4133,#4134),(#4135,
#4136),(#4137,#4138),(#4139,#4140)),.UNSPECIFIED.,.F.,.F.,.F.,(4,1,4),(2,
2),(0.,0.0960563774374255,0.197487432959845),(0.,10.),.UNSPECIFIED.);
#40=B_SPLINE_SURFACE_WITH_KNOTS('',3,1,((#4142,#4143),(#4144,#4145),(#4146,
#4147),(#4148,#4149),(#4150,#4151)),.UNSPECIFIED.,.F.,.F.,.F.,(4,1,4),(2,
2),(0.,0.101822762866193,0.199049489287981),(0.,10.),.UNSPECIFIED.);
#41=B_SPLINE_SURFACE_WITH_KNOTS('',3,1,((#4155,#4156),(#4157,#4158),(#4159,
#4160),(#4161,#4162),(#4163,#4164)),.UNSPECIFIED.,.F.,.F.,.F.,(4,1,4),(2,
2),(0.,0.0976858444492131,0.199266369401174),(0.,10.),.UNSPECIFIED.);
#42=B_SPLINE_SURFACE_WITH_KNOTS('',3,1,((#4166,#4167),(#4168,#4169),(#4170,
#4171),(#4172,#4173),(#4174,#4175)),.UNSPECIFIED.,.F.,.F.,.F.,(4,1,4),(2,
2),(0.,0.100890975685711,0.19650561728563),(0.,10.),.UNSPECIFIED.);
#43=B_SPLINE_SURFACE_WITH_KNOTS('',3,1,((#4176,#4177),(#4178,#4179),(#4180,
#4181),(#4182,#4183),(#4184,#4185)),.UNSPECIFIED.,.F.,.F.,.F.,(4,1,4),(2,
2),(0.,0.0914781525245409,0.165583614060156),(0.,10.),.UNSPECIFIED.);
#44=B_SPLINE_SURFACE_WITH_KNOTS('',3,1,((#4222,#4223),(#4224,#4225),(#4226,
#4227),(#4228,#4229),(#4230,#4231)),.UNSPECIFIED.,.F.,.F.,.F.,(4,1,4),(2,
2),(0.,0.0705103525249422,0.161672212171223),(0.,10.),.UNSPECIFIED.);
#45=B_SPLINE_SURFACE_WITH_KNOTS('',3,1,((#4247,#4248),(#4249,#4250),(#4251,
#4252),(#4253,#4254),(#4255,#4256)),.UNSPECIFIED.,.F.,.F.,.F.,(4,1,4),(2,
2),(0.,0.0733319795185343,0.134228296702886),(0.,10.),.UNSPECIFIED.);
#46=B_SPLINE_SURFACE_WITH_KNOTS('',3,1,((#4272,#4273),(#4274,#4275),(#4276,
#4277),(#4278,#4279),(#4280,#4281)),.UNSPECIFIED.,.F.,.F.,.F.,(4,1,4),(2,
2),(0.,0.0676108367277506,0.142724757062916),(0.,10.),.UNSPECIFIED.);
#47=B_SPLINE_SURFACE_WITH_KNOTS('',3,1,((#4296,#4297),(#4298,#4299),(#4300,
#4301),(#4302,#4303),(#4304,#4305)),.UNSPECIFIED.,.F.,.F.,.F.,(4,1,4),(2,
2),(0.,0.0823080246733042,0.155936454547052),(0.,10.),.UNSPECIFIED.);
#48=B_SPLINE_SURFACE_WITH_KNOTS('',3,1,((#4324,#4325),(#4326,#4327),(#4328,
#4329),(#4330,#4331),(#4332,#4333)),.UNSPECIFIED.,.F.,.F.,.F.,(4,1,4),(2,
2),(0.,0.108004292282038,0.202204875368446),(0.,10.),.UNSPECIFIED.);
#49=B_SPLINE_SURFACE_WITH_KNOTS('',3,1,((#4349,#4350),(#4351,#4352),(#4353,
#4354),(#4355,#4356),(#4357,#4358)),.UNSPECIFIED.,.F.,.F.,.F.,(4,1,4),(2,
2),(0.,0.0959569857669869,0.204563365180529),(0.,10.),.UNSPECIFIED.);
#50=B_SPLINE_SURFACE_WITH_KNOTS('',3,1,((#4374,#4375),(#4376,#4377),(#4378,
#4379),(#4380,#4381),(#4382,#4383)),.UNSPECIFIED.,.F.,.F.,.F.,(4,1,4),(2,
2),(0.,0.0758456584524492,0.160485972598311),(0.,10.),.UNSPECIFIED.);
#51=B_SPLINE_SURFACE_WITH_KNOTS('',3,1,((#4399,#4400),(#4401,#4402),(#4403,
#4404),(#4405,#4406),(#4407,#4408)),.UNSPECIFIED.,.F.,.F.,.F.,(4,1,4),(2,
2),(0.,0.0744119325618155,0.146163884747525),(0.,10.),.UNSPECIFIED.);
#52=B_SPLINE_SURFACE_WITH_KNOTS('',3,1,((#4424,#4425),(#4426,#4427),(#4428,
#4429),(#4430,#4431),(#4432,#4433)),.UNSPECIFIED.,.F.,.F.,.F.,(4,1,4),(2,
2),(0.,0.0717515385588633,0.146163620790306),(0.,10.),.UNSPECIFIED.);
#53=B_SPLINE_SURFACE_WITH_KNOTS('',3,1,((#4449,#4450),(#4451,#4452),(#4453,
#4454),(#4455,#4456),(#4457,#4458)),.UNSPECIFIED.,.F.,.F.,.F.,(4,1,4),(2,
2),(0.,0.0843719379094278,0.160083051528624),(0.,10.),.UNSPECIFIED.);
#54=B_SPLINE_SURFACE_WITH_KNOTS('',3,1,((#4474,#4475),(#4476,#4477),(#4478,
#4479),(#4480,#4481),(#4482,#4483)),.UNSPECIFIED.,.F.,.F.,.F.,(4,1,4),(2,
2),(0.,0.108592007753055,0.204402465656713),(0.,10.),.UNSPECIFIED.);
#55=B_SPLINE_SURFACE_WITH_KNOTS('',3,1,((#4499,#4500),(#4501,#4502),(#4503,
#4504),(#4505,#4506),(#4507,#4508)),.UNSPECIFIED.,.F.,.F.,.F.,(4,1,4),(2,
2),(0.,0.094052243702425,0.202041132918411),(0.,10.),.UNSPECIFIED.);
#56=B_SPLINE_SURFACE_WITH_KNOTS('',3,1,((#4524,#4525),(#4526,#4527),(#4528,
#4529),(#4530,#4531),(#4532,#4533)),.UNSPECIFIED.,.F.,.F.,.F.,(4,1,4),(2,
2),(0.,0.073489825860773,0.155521844326147),(0.,10.),.UNSPECIFIED.);
#57=B_SPLINE_SURFACE_WITH_KNOTS('',3,1,((#4549,#4550),(#4551,#4552),(#4553,
#4554),(#4555,#4556),(#4557,#4558)),.UNSPECIFIED.,.F.,.F.,.F.,(4,1,4),(2,
2),(0.,0.0742898695522754,0.144893425880325),(0.,10.),.UNSPECIFIED.);
#58=B_SPLINE_SURFACE_WITH_KNOTS('',3,1,((#4574,#4575),(#4576,#4577),(#4578,
#4579),(#4580,#4581),(#4582,#4583)),.UNSPECIFIED.,.F.,.F.,.F.,(4,1,4),(2,
2),(0.,0.0706035034653321,0.144893373017607),(0.,10.),.UNSPECIFIED.);
#59=B_SPLINE_SURFACE_WITH_KNOTS('',3,1,((#4598,#4599),(#4600,#4601),(#4602,
#4603),(#4604,#4605),(#4606,#4607)),.UNSPECIFIED.,.F.,.F.,.F.,(4,1,4),(2,
2),(0.,0.146875442363615,0.288123766515713),(0.,10.),.UNSPECIFIED.);
#60=B_SPLINE_SURFACE_WITH_KNOTS('',3,1,((#4626,#4627),(#4628,#4629),(#4630,
#4631),(#4632,#4633),(#4634,#4635)),.UNSPECIFIED.,.F.,.F.,.F.,(4,1,4),(2,
2),(0.,0.182634969800062,0.343660204742418),(0.,10.),.UNSPECIFIED.);
#61=B_SPLINE_SURFACE_WITH_KNOTS('',3,1,((#4651,#4652),(#4653,#4654),(#4655,
#4656),(#4657,#4658),(#4659,#4660)),.UNSPECIFIED.,.F.,.F.,.F.,(4,1,4),(2,
2),(0.,0.163314505424132,0.346750766524997),(0.,10.),.UNSPECIFIED.);
#62=B_SPLINE_SURFACE_WITH_KNOTS('',3,1,((#4676,#4677),(#4678,#4679),(#4680,
#4681),(#4682,#4683),(#4684,#4685)),.UNSPECIFIED.,.F.,.F.,.F.,(4,1,4),(2,
2),(0.,0.143281770267545,0.292826796289795),(0.,10.),.UNSPECIFIED.);
#63=B_SPLINE_SURFACE_WITH_KNOTS('',3,1,((#4701,#4702),(#4703,#4704),(#4705,
#4706),(#4707,#4708),(#4709,#4710)),.UNSPECIFIED.,.F.,.F.,.F.,(4,1,4),(2,
2),(0.,0.154161503074001,0.299175375818275),(0.,10.),.UNSPECIFIED.);
#64=B_SPLINE_SURFACE_WITH_KNOTS('',3,1,((#4726,#4727),(#4728,#4729),(#4730,
#4731),(#4732,#4733),(#4734,#4735)),.UNSPECIFIED.,.F.,.F.,.F.,(4,1,4),(2,
2),(0.,0.144827790285401,0.299988725648328),(0.,10.),.UNSPECIFIED.);
#65=B_SPLINE_SURFACE_WITH_KNOTS('',3,1,((#4751,#4752),(#4753,#4754),(#4755,
#4756),(#4757,#4758),(#4759,#4760)),.UNSPECIFIED.,.F.,.F.,.F.,(4,1,4),(2,
2),(0.,0.149434211222652,0.292250771879918),(0.,10.),.UNSPECIFIED.);
#66=B_SPLINE_SURFACE_WITH_KNOTS('',3,1,((#4776,#4777),(#4778,#4779),(#4780,
#4781),(#4782,#4783),(#4784,#4785)),.UNSPECIFIED.,.F.,.F.,.F.,(4,1,4),(2,
2),(0.,0.183437204890552,0.346750834607625),(0.,10.),.UNSPECIFIED.);
#67=B_SPLINE_SURFACE_WITH_KNOTS('',3,1,((#4801,#4802),(#4803,#4804),(#4805,
#4806),(#4807,#4808),(#4809,#4810)),.UNSPECIFIED.,.F.,.F.,.F.,(4,1,4),(2,
2),(0.,0.160453980973852,0.342887677888323),(0.,10.),.UNSPECIFIED.);
#68=B_SPLINE_SURFACE_WITH_KNOTS('',3,1,((#4826,#4827),(#4828,#4829),(#4830,
#4831),(#4832,#4833),(#4834,#4835)),.UNSPECIFIED.,.F.,.F.,.F.,(4,1,4),(2,
2),(0.,0.141029473716002,0.287459864885884),(0.,10.),.UNSPECIFIED.);
#69=B_SPLINE_SURFACE_WITH_KNOTS('',3,1,((#4851,#4852),(#4853,#4854),(#4855,
#4856),(#4857,#4858),(#4859,#4860)),.UNSPECIFIED.,.F.,.F.,.F.,(4,1,4),(2,
2),(0.,0.155089068682554,0.299223778435855),(0.,10.),.UNSPECIFIED.);
#70=B_SPLINE_SURFACE_WITH_KNOTS('',3,1,((#4876,#4877),(#4878,#4879),(#4880,
#4881),(#4882,#4883),(#4884,#4885)),.UNSPECIFIED.,.F.,.F.,.F.,(4,1,4),(2,
2),(0.,0.144094954667142,0.298160766084938),(0.,10.),.UNSPECIFIED.);
#71=B_SPLINE_SURFACE_WITH_KNOTS('',3,1,((#4943,#4944),(#4945,#4946),(#4947,
#4948),(#4949,#4950),(#4951,#4952)),.UNSPECIFIED.,.F.,.F.,.F.,(4,1,4),(2,
2),(0.,0.0987901656085362,0.189486680091048),(0.,10.),.UNSPECIFIED.);
#72=B_SPLINE_SURFACE_WITH_KNOTS('',3,1,((#4968,#4969),(#4970,#4971),(#4972,
#4973),(#4974,#4975),(#4976,#4977)),.UNSPECIFIED.,.F.,.F.,.F.,(4,1,4),(2,
2),(0.,0.111953025220798,0.216836181156502),(0.,10.),.UNSPECIFIED.);
#73=B_SPLINE_SURFACE_WITH_KNOTS('',3,1,((#4993,#4994),(#4995,#4996),(#4997,
#4998),(#4999,#5000),(#5001,#5002)),.UNSPECIFIED.,.F.,.F.,.F.,(4,1,4),(2,
2),(0.,0.110465491107675,0.222499441976715),(0.,10.),.UNSPECIFIED.);
#74=B_SPLINE_SURFACE_WITH_KNOTS('',3,1,((#5018,#5019),(#5020,#5021),(#5022,
#5023),(#5024,#5025),(#5026,#5027)),.UNSPECIFIED.,.F.,.F.,.F.,(4,1,4),(2,
2),(0.,0.111109199276484,0.22117259771376),(0.,10.),.UNSPECIFIED.);
#75=B_SPLINE_SURFACE_WITH_KNOTS('',3,1,((#5043,#5044),(#5045,#5046),(#5047,
#5048),(#5049,#5050),(#5051,#5052)),.UNSPECIFIED.,.F.,.F.,.F.,(4,1,4),(2,
2),(0.,0.120658777503907,0.23514813630375),(0.,10.),.UNSPECIFIED.);
#76=B_SPLINE_SURFACE_WITH_KNOTS('',3,1,((#5068,#5069),(#5070,#5071),(#5072,
#5073),(#5074,#5075),(#5076,#5077)),.UNSPECIFIED.,.F.,.F.,.F.,(4,1,4),(2,
2),(0.,0.142008366700542,0.271695442530055),(0.,10.),.UNSPECIFIED.);
#77=B_SPLINE_SURFACE_WITH_KNOTS('',3,1,((#5093,#5094),(#5095,#5096),(#5097,
#5098),(#5099,#5100),(#5101,#5102)),.UNSPECIFIED.,.F.,.F.,.F.,(4,1,4),(2,
2),(0.,0.12859386285725,0.2713727161083),(0.,10.),.UNSPECIFIED.);
#78=B_SPLINE_SURFACE_WITH_KNOTS('',3,1,((#5118,#5119),(#5120,#5121),(#5122,
#5123),(#5124,#5125),(#5126,#5127)),.UNSPECIFIED.,.F.,.F.,.F.,(4,1,4),(2,
2),(0.,0.111753674747014,0.230069872704349),(0.,10.),.UNSPECIFIED.);
#79=B_SPLINE_SURFACE_WITH_KNOTS('',3,1,((#5143,#5144),(#5145,#5146),(#5147,
#5148),(#5149,#5150),(#5151,#5152)),.UNSPECIFIED.,.F.,.F.,.F.,(4,1,4),(2,
2),(0.,0.107243182891865,0.21544655105725),(0.,10.),.UNSPECIFIED.);
#80=B_SPLINE_SURFACE_WITH_KNOTS('',3,1,((#5168,#5169),(#5170,#5171),(#5172,
#5173),(#5174,#5175),(#5176,#5177)),.UNSPECIFIED.,.F.,.F.,.F.,(4,1,4),(2,
2),(0.,0.111560356104946,0.220198687693136),(0.,10.),.UNSPECIFIED.);
#81=B_SPLINE_SURFACE_WITH_KNOTS('',3,1,((#5193,#5194),(#5195,#5196),(#5197,
#5198),(#5199,#5200),(#5201,#5202)),.UNSPECIFIED.,.F.,.F.,.F.,(4,1,4),(2,
2),(0.,0.108883244045404,0.22237772865222),(0.,10.),.UNSPECIFIED.);
#82=B_SPLINE_SURFACE_WITH_KNOTS('',3,1,((#5218,#5219),(#5220,#5221),(#5222,
#5223),(#5224,#5225),(#5226,#5227)),.UNSPECIFIED.,.F.,.F.,.F.,(4,1,4),(2,
2),(0.,0.112508780923994,0.220933758626076),(0.,10.),.UNSPECIFIED.);
#83=B_SPLINE_SURFACE_WITH_KNOTS('',3,1,((#5249,#5250),(#5251,#5252),(#5253,
#5254),(#5255,#5256),(#5257,#5258)),.UNSPECIFIED.,.F.,.F.,.F.,(4,1,4),(2,
2),(0.,0.0640511594847236,0.126041377455786),(0.,10.),.UNSPECIFIED.);
#84=B_SPLINE_SURFACE_WITH_KNOTS('',3,1,((#5274,#5275),(#5276,#5277),(#5278,
#5279),(#5280,#5281),(#5282,#5283)),.UNSPECIFIED.,.F.,.F.,.F.,(4,1,4),(2,
2),(0.,0.0691285093465519,0.134745278952693),(0.,10.),.UNSPECIFIED.);
#85=B_SPLINE_SURFACE_WITH_KNOTS('',3,1,((#5299,#5300),(#5301,#5302),(#5303,
#5304),(#5305,#5306),(#5307,#5308)),.UNSPECIFIED.,.F.,.F.,.F.,(4,1,4),(2,
2),(0.,0.0757294666838348,0.155030019072994),(0.,10.),.UNSPECIFIED.);
#86=B_SPLINE_SURFACE_WITH_KNOTS('',3,1,((#5324,#5325),(#5326,#5327),(#5328,
#5329),(#5330,#5331),(#5332,#5333)),.UNSPECIFIED.,.F.,.F.,.F.,(4,1,4),(2,
2),(0.,0.0853628248883534,0.163245789047286),(0.,10.),.UNSPECIFIED.);
#87=B_SPLINE_SURFACE_WITH_KNOTS('',3,1,((#5349,#5350),(#5351,#5352),(#5353,
#5354),(#5355,#5356),(#5357,#5358)),.UNSPECIFIED.,.F.,.F.,.F.,(4,1,4),(2,
2),(0.,0.110875110579063,0.207647451041378),(0.,10.),.UNSPECIFIED.);
#88=B_SPLINE_SURFACE_WITH_KNOTS('',3,1,((#5374,#5375),(#5376,#5377),(#5378,
#5379),(#5380,#5381),(#5382,#5383)),.UNSPECIFIED.,.F.,.F.,.F.,(4,1,4),(2,
2),(0.,0.0959088780103941,0.205245458072216),(0.,10.),.UNSPECIFIED.);
#89=B_SPLINE_SURFACE_WITH_KNOTS('',3,1,((#5399,#5400),(#5401,#5402),(#5403,
#5404),(#5405,#5406),(#5407,#5408)),.UNSPECIFIED.,.F.,.F.,.F.,(4,1,4),(2,
2),(0.,0.0790620184613995,0.164800822884837),(0.,10.),.UNSPECIFIED.);
#90=B_SPLINE_SURFACE_WITH_KNOTS('',3,1,((#5424,#5425),(#5426,#5427),(#5428,
#5429),(#5430,#5431),(#5432,#5433)),.UNSPECIFIED.,.F.,.F.,.F.,(4,1,4),(2,
2),(0.,0.0749169196035143,0.15028493035739),(0.,10.),.UNSPECIFIED.);
#91=B_SPLINE_SURFACE_WITH_KNOTS('',3,1,((#5449,#5450),(#5451,#5452),(#5453,
#5454),(#5455,#5456),(#5457,#5458)),.UNSPECIFIED.,.F.,.F.,.F.,(4,1,4),(2,
2),(0.,0.0569382941410914,0.118084077585154),(0.,10.),.UNSPECIFIED.);
#92=B_SPLINE_SURFACE_WITH_KNOTS('',3,1,((#5474,#5475),(#5476,#5477),(#5478,
#5479),(#5480,#5481),(#5482,#5483)),.UNSPECIFIED.,.F.,.F.,.F.,(4,1,4),(2,
2),(0.,0.0598105051301935,0.116924901960879),(0.,10.),.UNSPECIFIED.);
#93=B_SPLINE_SURFACE_WITH_KNOTS('',3,1,((#5547,#5548),(#5549,#5550),(#5551,
#5552),(#5553,#5554),(#5555,#5556)),.UNSPECIFIED.,.F.,.F.,.F.,(4,1,4),(2,
2),(0.,0.106791527584207,0.187427243136708),(0.,10.),.UNSPECIFIED.);
#94=B_SPLINE_SURFACE_WITH_KNOTS('',3,1,((#5572,#5573),(#5574,#5575),(#5576,
#5577),(#5578,#5579),(#5580,#5581)),.UNSPECIFIED.,.F.,.F.,.F.,(4,1,4),(2,
2),(0.,0.128238642503944,0.240374717477515),(0.,10.),.UNSPECIFIED.);
#95=B_SPLINE_SURFACE_WITH_KNOTS('',3,1,((#5597,#5598),(#5599,#5600),(#5601,
#5602),(#5603,#5604),(#5605,#5606)),.UNSPECIFIED.,.F.,.F.,.F.,(4,1,4),(2,
2),(0.,0.109410615551921,0.239847145260613),(0.,10.),.UNSPECIFIED.);
#96=B_SPLINE_SURFACE_WITH_KNOTS('',3,1,((#5622,#5623),(#5624,#5625),(#5626,
#5627),(#5628,#5629),(#5630,#5631)),.UNSPECIFIED.,.F.,.F.,.F.,(4,1,4),(2,
2),(0.,0.106171824416903,0.208710572996691),(0.,10.),.UNSPECIFIED.);
#97=B_SPLINE_SURFACE_WITH_KNOTS('',3,1,((#5647,#5648),(#5649,#5650),(#5651,
#5652),(#5653,#5654),(#5655,#5656)),.UNSPECIFIED.,.F.,.F.,.F.,(4,1,4),(2,
2),(0.,0.123511345649798,0.238296146332551),(0.,10.),.UNSPECIFIED.);
#98=B_SPLINE_SURFACE_WITH_KNOTS('',3,1,((#5735,#5736),(#5737,#5738),(#5739,
#5740),(#5741,#5742),(#5743,#5744)),.UNSPECIFIED.,.F.,.F.,.F.,(4,1,4),(2,
2),(0.,0.0568913497208284,0.111854823043545),(0.,10.),.UNSPECIFIED.);
#99=B_SPLINE_SURFACE_WITH_KNOTS('',3,1,((#5760,#5761),(#5762,#5763),(#5764,
#5765),(#5766,#5767),(#5768,#5769)),.UNSPECIFIED.,.F.,.F.,.F.,(4,1,4),(2,
2),(0.,0.0576292921438823,0.115407751062975),(0.,10.),.UNSPECIFIED.);
#100=B_SPLINE_SURFACE_WITH_KNOTS('',3,1,((#5791,#5792),(#5793,#5794),(#5795,
#5796),(#5797,#5798),(#5799,#5800)),.UNSPECIFIED.,.F.,.F.,.F.,(4,1,4),(2,
2),(0.,0.0576646993197796,0.114942586672913),(0.,10.),.UNSPECIFIED.);
#101=B_SPLINE_SURFACE_WITH_KNOTS('',3,1,((#5816,#5817),(#5818,#5819),(#5820,
#5821),(#5822,#5823),(#5824,#5825)),.UNSPECIFIED.,.F.,.F.,.F.,(4,1,4),(2,
2),(0.,0.0553291089505222,0.11233623479188),(0.,10.),.UNSPECIFIED.);
#102=B_SPLINE_SURFACE_WITH_KNOTS('',3,1,((#5871,#5872),(#5873,#5874),(#5875,
#5876),(#5877,#5878),(#5879,#5880)),.UNSPECIFIED.,.F.,.F.,.F.,(4,1,4),(2,
2),(0.,0.0706353373127409,0.133876831337625),(0.,10.),.UNSPECIFIED.);
#103=B_SPLINE_SURFACE_WITH_KNOTS('',3,1,((#5896,#5897),(#5898,#5899),(#5900,
#5901),(#5902,#5903),(#5904,#5905)),.UNSPECIFIED.,.F.,.F.,.F.,(4,1,4),(2,
2),(0.,0.0750887790718414,0.149699015461473),(0.,10.),.UNSPECIFIED.);
#104=B_SPLINE_SURFACE_WITH_KNOTS('',3,1,((#5921,#5922),(#5923,#5924),(#5925,
#5926),(#5927,#5928),(#5929,#5930)),.UNSPECIFIED.,.F.,.F.,.F.,(4,1,4),(2,
2),(0.,0.0627339593674633,0.133862464006951),(0.,10.),.UNSPECIFIED.);
#105=B_SPLINE_SURFACE_WITH_KNOTS('',3,1,((#5988,#5989),(#5990,#5991),(#5992,
#5993),(#5994,#5995),(#5996,#5997)),.UNSPECIFIED.,.F.,.F.,.F.,(4,1,4),(2,
2),(0.,0.0711994346441471,0.133959571721245),(0.,10.),.UNSPECIFIED.);
#106=B_SPLINE_SURFACE_WITH_KNOTS('',3,1,((#6013,#6014),(#6015,#6016),(#6017,
#6018),(#6019,#6020),(#6021,#6022)),.UNSPECIFIED.,.F.,.F.,.F.,(4,1,4),(2,
2),(0.,0.0746289738821595,0.14978169857344),(0.,10.),.UNSPECIFIED.);
#107=B_SPLINE_SURFACE_WITH_KNOTS('',3,1,((#6038,#6039),(#6040,#6041),(#6042,
#6043),(#6044,#6045),(#6046,#6047)),.UNSPECIFIED.,.F.,.F.,.F.,(4,1,4),(2,
2),(0.,0.0632414940248837,0.133876835415241),(0.,10.),.UNSPECIFIED.);
#108=B_SPLINE_SURFACE_WITH_KNOTS('',3,1,((#6213,#6214),(#6215,#6216),(#6217,
#6218),(#6219,#6220),(#6221,#6222)),.UNSPECIFIED.,.F.,.F.,.F.,(4,1,4),(2,
2),(0.,0.117429415577721,0.228421232431137),(0.,10.),.UNSPECIFIED.);
#109=B_SPLINE_SURFACE_WITH_KNOTS('',3,1,((#6238,#6239),(#6240,#6241),(#6242,
#6243),(#6244,#6245),(#6246,#6247)),.UNSPECIFIED.,.F.,.F.,.F.,(4,1,4),(2,
2),(0.,0.101968808589242,0.216479127143749),(0.,10.),.UNSPECIFIED.);
#110=B_SPLINE_SURFACE_WITH_KNOTS('',3,1,((#6305,#6306),(#6307,#6308),(#6309,
#6310),(#6311,#6312),(#6313,#6314)),.UNSPECIFIED.,.F.,.F.,.F.,(4,1,4),(2,
2),(0.,0.115423105092803,0.226819088229809),(0.,10.),.UNSPECIFIED.);
#111=B_SPLINE_SURFACE_WITH_KNOTS('',3,1,((#6330,#6331),(#6332,#6333),(#6334,
#6335),(#6336,#6337),(#6338,#6339)),.UNSPECIFIED.,.F.,.F.,.F.,(4,1,4),(2,
2),(0.,0.104639097352047,0.21790236023275),(0.,10.),.UNSPECIFIED.);
#112=B_SPLINE_CURVE_WITH_KNOTS('',3,(#4063,#4064,#4065,#4066,#4067,#4068,
#4069),.UNSPECIFIED.,.F.,.F.,(4,3,4),(0.,0.100040184888559,0.205600920067785),
 .UNSPECIFIED.);
#113=B_SPLINE_CURVE_WITH_KNOTS('',3,(#4071,#4072,#4073,#4074,#4075,#4076,
#4077),.UNSPECIFIED.,.F.,.F.,(4,3,4),(0.,0.101618788169199,0.199341428792571),
 .UNSPECIFIED.);
#114=B_SPLINE_CURVE_WITH_KNOTS('',3,(#4081,#4082,#4083,#4084,#4085,#4086,
#4087),.UNSPECIFIED.,.F.,.F.,(4,3,4),(0.,0.101181986459496,0.207146979756718),
 .UNSPECIFIED.);
#115=B_SPLINE_CURVE_WITH_KNOTS('',3,(#4089,#4090,#4091,#4092,#4093,#4094,
#4095),.UNSPECIFIED.,.F.,.F.,(4,3,4),(0.,0.101507441062273,0.197636156485427),
 .UNSPECIFIED.);
#116=B_SPLINE_CURVE_WITH_KNOTS('',3,(#4107,#4108,#4109,#4110,#4111),
 .UNSPECIFIED.,.F.,.F.,(4,1,4),(0.,0.0960563774374255,0.197487432959845),
 .UNSPECIFIED.);
#117=B_SPLINE_CURVE_WITH_KNOTS('',3,(#4113,#4114,#4115,#4116,#4117),
 .UNSPECIFIED.,.F.,.F.,(4,1,4),(0.,0.101822762866193,0.199049489287981),
 .UNSPECIFIED.);
#118=B_SPLINE_CURVE_WITH_KNOTS('',3,(#4121,#4122,#4123,#4124,#4125),
 .UNSPECIFIED.,.F.,.F.,(4,1,4),(0.,0.0976858444492131,0.199266369401174),
 .UNSPECIFIED.);
#119=B_SPLINE_CURVE_WITH_KNOTS('',3,(#4126,#4127,#4128,#4129,#4130),
 .UNSPECIFIED.,.F.,.F.,(4,1,4),(0.,0.100890975685711,0.19650561728563),
 .UNSPECIFIED.);
#120=B_SPLINE_CURVE_WITH_KNOTS('',3,(#4188,#4189,#4190,#4191,#4192,#4193,
#4194),.UNSPECIFIED.,.F.,.F.,(4,3,4),(0.,0.0839268120576135,0.18752875387421),
 .UNSPECIFIED.);
#121=B_SPLINE_CURVE_WITH_KNOTS('',3,(#4198,#4199,#4200,#4201,#4202),
 .UNSPECIFIED.,.F.,.F.,(4,1,4),(0.,0.0914781525245409,0.165583614060156),
 .UNSPECIFIED.);
#122=B_SPLINE_CURVE_WITH_KNOTS('',3,(#4233,#4234,#4235,#4236,#4237,#4238,
#4239),.UNSPECIFIED.,.F.,.F.,(4,3,4),(0.,0.0934726108330279,0.165770244589476),
 .UNSPECIFIED.);
#123=B_SPLINE_CURVE_WITH_KNOTS('',3,(#4241,#4242,#4243,#4244,#4245),
 .UNSPECIFIED.,.F.,.F.,(4,1,4),(0.,0.0705103525249422,0.161672212171223),
 .UNSPECIFIED.);
#124=B_SPLINE_CURVE_WITH_KNOTS('',3,(#4258,#4259,#4260,#4261,#4262,#4263,
#4264),.UNSPECIFIED.,.F.,.F.,(4,3,4),(0.,0.0655167234995312,0.1444126444342),
 .UNSPECIFIED.);
#125=B_SPLINE_CURVE_WITH_KNOTS('',3,(#4266,#4267,#4268,#4269,#4270),
 .UNSPECIFIED.,.F.,.F.,(4,1,4),(0.,0.0733319795185343,0.134228296702886),
 .UNSPECIFIED.);
#126=B_SPLINE_CURVE_WITH_KNOTS('',3,(#4282,#4283,#4284,#4285,#4286,#4287,
#4288),.UNSPECIFIED.,.F.,.F.,(4,3,4),(0.,0.0778723065276092,0.147965995936424),
 .UNSPECIFIED.);
#127=B_SPLINE_CURVE_WITH_KNOTS('',3,(#4289,#4290,#4291,#4292,#4293),
 .UNSPECIFIED.,.F.,.F.,(4,1,4),(0.,0.0676108367277506,0.142724757062916),
 .UNSPECIFIED.);
#128=B_SPLINE_CURVE_WITH_KNOTS('',3,(#4308,#4309,#4310,#4311,#4312,#4313,
#4314),.UNSPECIFIED.,.F.,.F.,(4,3,4),(0.,0.0805462732680745,0.170587642598635),
 .UNSPECIFIED.);
#129=B_SPLINE_CURVE_WITH_KNOTS('',3,(#4318,#4319,#4320,#4321,#4322),
 .UNSPECIFIED.,.F.,.F.,(4,1,4),(0.,0.0823080246733042,0.155936454547052),
 .UNSPECIFIED.);
#130=B_SPLINE_CURVE_WITH_KNOTS('',3,(#4335,#4336,#4337,#4338,#4339,#4340,
#4341),.UNSPECIFIED.,.F.,.F.,(4,3,4),(0.,0.103435512849664,0.222027977950545),
 .UNSPECIFIED.);
#131=B_SPLINE_CURVE_WITH_KNOTS('',3,(#4343,#4344,#4345,#4346,#4347),
 .UNSPECIFIED.,.F.,.F.,(4,1,4),(0.,0.108004292282038,0.202204875368446),
 .UNSPECIFIED.);
#132=B_SPLINE_CURVE_WITH_KNOTS('',3,(#4360,#4361,#4362,#4363,#4364,#4365,
#4366),.UNSPECIFIED.,.F.,.F.,(4,3,4),(0.,0.109537905368666,0.206317922188709),
 .UNSPECIFIED.);
#133=B_SPLINE_CURVE_WITH_KNOTS('',3,(#4368,#4369,#4370,#4371,#4372),
 .UNSPECIFIED.,.F.,.F.,(4,1,4),(0.,0.0959569857669869,0.204563365180529),
 .UNSPECIFIED.);
#134=B_SPLINE_CURVE_WITH_KNOTS('',3,(#4385,#4386,#4387,#4388,#4389,#4390,
#4391),.UNSPECIFIED.,.F.,.F.,(4,3,4),(0.,0.08588171374372,0.162839782645638),
 .UNSPECIFIED.);
#135=B_SPLINE_CURVE_WITH_KNOTS('',3,(#4393,#4394,#4395,#4396,#4397),
 .UNSPECIFIED.,.F.,.F.,(4,1,4),(0.,0.0758456584524492,0.160485972598311),
 .UNSPECIFIED.);
#136=B_SPLINE_CURVE_WITH_KNOTS('',3,(#4410,#4411,#4412,#4413,#4414,#4415,
#4416),.UNSPECIFIED.,.F.,.F.,(4,3,4),(0.,0.0754941221625924,0.153786954009684),
 .UNSPECIFIED.);
#137=B_SPLINE_CURVE_WITH_KNOTS('',3,(#4418,#4419,#4420,#4421,#4422),
 .UNSPECIFIED.,.F.,.F.,(4,1,4),(0.,0.0744119325618155,0.146163884747525),
 .UNSPECIFIED.);
#138=B_SPLINE_CURVE_WITH_KNOTS('',3,(#4435,#4436,#4437,#4438,#4439,#4440,
#4441),.UNSPECIFIED.,.F.,.F.,(4,3,4),(0.,0.075883358296179,0.149053568636882),
 .UNSPECIFIED.);
#139=B_SPLINE_CURVE_WITH_KNOTS('',3,(#4443,#4444,#4445,#4446,#4447),
 .UNSPECIFIED.,.F.,.F.,(4,1,4),(0.,0.0717515385588633,0.146163620790306),
 .UNSPECIFIED.);
#140=B_SPLINE_CURVE_WITH_KNOTS('',3,(#4460,#4461,#4462,#4463,#4464,#4465,
#4466),.UNSPECIFIED.,.F.,.F.,(4,3,4),(0.,0.0826489001767187,0.174752259124335),
 .UNSPECIFIED.);
#141=B_SPLINE_CURVE_WITH_KNOTS('',3,(#4468,#4469,#4470,#4471,#4472),
 .UNSPECIFIED.,.F.,.F.,(4,1,4),(0.,0.0843719379094278,0.160083051528624),
 .UNSPECIFIED.);
#142=B_SPLINE_CURVE_WITH_KNOTS('',3,(#4485,#4486,#4487,#4488,#4489,#4490,
#4491),.UNSPECIFIED.,.F.,.F.,(4,3,4),(0.,0.104686755821931,0.223339199914085),
 .UNSPECIFIED.);
#143=B_SPLINE_CURVE_WITH_KNOTS('',3,(#4493,#4494,#4495,#4496,#4497),
 .UNSPECIFIED.,.F.,.F.,(4,1,4),(0.,0.108592007753055,0.204402465656713),
 .UNSPECIFIED.);
#144=B_SPLINE_CURVE_WITH_KNOTS('',3,(#4510,#4511,#4512,#4513,#4514,#4515,
#4516),.UNSPECIFIED.,.F.,.F.,(4,3,4),(0.,0.109003887308407,0.203940137214052),
 .UNSPECIFIED.);
#145=B_SPLINE_CURVE_WITH_KNOTS('',3,(#4518,#4519,#4520,#4521,#4522),
 .UNSPECIFIED.,.F.,.F.,(4,1,4),(0.,0.094052243702425,0.202041132918411),
 .UNSPECIFIED.);
#146=B_SPLINE_CURVE_WITH_KNOTS('',3,(#4535,#4536,#4537,#4538,#4539,#4540,
#4541),.UNSPECIFIED.,.F.,.F.,(4,3,4),(0.,0.0833683829846723,0.158055414493277),
 .UNSPECIFIED.);
#147=B_SPLINE_CURVE_WITH_KNOTS('',3,(#4543,#4544,#4545,#4546,#4547),
 .UNSPECIFIED.,.F.,.F.,(4,1,4),(0.,0.073489825860773,0.155521844326147),
 .UNSPECIFIED.);
#148=B_SPLINE_CURVE_WITH_KNOTS('',3,(#4560,#4561,#4562,#4563,#4564,#4565,
#4566),.UNSPECIFIED.,.F.,.F.,(4,3,4),(0.,0.0749437189408633,0.153800357238376),
 .UNSPECIFIED.);
#149=B_SPLINE_CURVE_WITH_KNOTS('',3,(#4568,#4569,#4570,#4571,#4572),
 .UNSPECIFIED.,.F.,.F.,(4,1,4),(0.,0.0742898695522754,0.144893425880325),
 .UNSPECIFIED.);
#150=B_SPLINE_CURVE_WITH_KNOTS('',3,(#4584,#4585,#4586,#4587,#4588,#4589,
#4590),.UNSPECIFIED.,.F.,.F.,(4,3,4),(0.,0.0756420814893394,0.147530698265002),
 .UNSPECIFIED.);
#151=B_SPLINE_CURVE_WITH_KNOTS('',3,(#4591,#4592,#4593,#4594,#4595),
 .UNSPECIFIED.,.F.,.F.,(4,1,4),(0.,0.0706035034653321,0.144893373017607),
 .UNSPECIFIED.);
#152=B_SPLINE_CURVE_WITH_KNOTS('',3,(#4610,#4611,#4612,#4613,#4614,#4615,
#4616),.UNSPECIFIED.,.F.,.F.,(4,3,4),(0.,0.14813310690911,0.302167611294054),
 .UNSPECIFIED.);
#153=B_SPLINE_CURVE_WITH_KNOTS('',3,(#4620,#4621,#4622,#4623,#4624),
 .UNSPECIFIED.,.F.,.F.,(4,1,4),(0.,0.146875442363615,0.288123766515713),
 .UNSPECIFIED.);
#154=B_SPLINE_CURVE_WITH_KNOTS('',3,(#4637,#4638,#4639,#4640,#4641,#4642,
#4643),.UNSPECIFIED.,.F.,.F.,(4,3,4),(0.,0.176622827431347,0.376948601000151),
 .UNSPECIFIED.);
#155=B_SPLINE_CURVE_WITH_KNOTS('',3,(#4645,#4646,#4647,#4648,#4649),
 .UNSPECIFIED.,.F.,.F.,(4,1,4),(0.,0.182634969800062,0.343660204742418),
 .UNSPECIFIED.);
#156=B_SPLINE_CURVE_WITH_KNOTS('',3,(#4662,#4663,#4664,#4665,#4666,#4667,
#4668),.UNSPECIFIED.,.F.,.F.,(4,3,4),(0.,0.18559158994654,0.350824998767118),
 .UNSPECIFIED.);
#157=B_SPLINE_CURVE_WITH_KNOTS('',3,(#4670,#4671,#4672,#4673,#4674),
 .UNSPECIFIED.,.F.,.F.,(4,1,4),(0.,0.163314505424132,0.346750766524997),
 .UNSPECIFIED.);
#158=B_SPLINE_CURVE_WITH_KNOTS('',3,(#4687,#4688,#4689,#4690,#4691,#4692,
#4693),.UNSPECIFIED.,.F.,.F.,(4,3,4),(0.,0.151612534808135,0.296875222306864),
 .UNSPECIFIED.);
#159=B_SPLINE_CURVE_WITH_KNOTS('',3,(#4695,#4696,#4697,#4698,#4699),
 .UNSPECIFIED.,.F.,.F.,(4,1,4),(0.,0.143281770267545,0.292826796289795),
 .UNSPECIFIED.);
#160=B_SPLINE_CURVE_WITH_KNOTS('',3,(#4712,#4713,#4714,#4715,#4716,#4717,
#4718),.UNSPECIFIED.,.F.,.F.,(4,3,4),(0.,0.154227298586445,0.318183420267692),
 .UNSPECIFIED.);
#161=B_SPLINE_CURVE_WITH_KNOTS('',3,(#4720,#4721,#4722,#4723,#4724),
 .UNSPECIFIED.,.F.,.F.,(4,1,4),(0.,0.154161503074001,0.299175375818275),
 .UNSPECIFIED.);
#162=B_SPLINE_CURVE_WITH_KNOTS('',3,(#4737,#4738,#4739,#4740,#4741,#4742,
#4743),.UNSPECIFIED.,.F.,.F.,(4,3,4),(0.,0.157253326129501,0.304034161686431),
 .UNSPECIFIED.);
#163=B_SPLINE_CURVE_WITH_KNOTS('',3,(#4745,#4746,#4747,#4748,#4749),
 .UNSPECIFIED.,.F.,.F.,(4,1,4),(0.,0.144827790285401,0.299988725648328),
 .UNSPECIFIED.);
#164=B_SPLINE_CURVE_WITH_KNOTS('',3,(#4762,#4763,#4764,#4765,#4766,#4767,
#4768),.UNSPECIFIED.,.F.,.F.,(4,3,4),(0.,0.150388633616263,0.307745782800315),
 .UNSPECIFIED.);
#165=B_SPLINE_CURVE_WITH_KNOTS('',3,(#4770,#4771,#4772,#4773,#4774),
 .UNSPECIFIED.,.F.,.F.,(4,1,4),(0.,0.149434211222652,0.292250771879918),
 .UNSPECIFIED.);
#166=B_SPLINE_CURVE_WITH_KNOTS('',3,(#4787,#4788,#4789,#4790,#4791,#4792,
#4793),.UNSPECIFIED.,.F.,.F.,(4,3,4),(0.,0.178349389474888,0.378675066859484),
 .UNSPECIFIED.);
#167=B_SPLINE_CURVE_WITH_KNOTS('',3,(#4795,#4796,#4797,#4798,#4799),
 .UNSPECIFIED.,.F.,.F.,(4,1,4),(0.,0.183437204890552,0.346750834607625),
 .UNSPECIFIED.);
#168=B_SPLINE_CURVE_WITH_KNOTS('',3,(#4812,#4813,#4814,#4815,#4816,#4817,
#4818),.UNSPECIFIED.,.F.,.F.,(4,3,4),(0.,0.184780053365184,0.347297700425226),
 .UNSPECIFIED.);
#169=B_SPLINE_CURVE_WITH_KNOTS('',3,(#4820,#4821,#4822,#4823,#4824),
 .UNSPECIFIED.,.F.,.F.,(4,1,4),(0.,0.160453980973852,0.342887677888323),
 .UNSPECIFIED.);
#170=B_SPLINE_CURVE_WITH_KNOTS('',3,(#4837,#4838,#4839,#4840,#4841,#4842,
#4843),.UNSPECIFIED.,.F.,.F.,(4,3,4),(0.,0.148435322952247,0.291395778835575),
 .UNSPECIFIED.);
#171=B_SPLINE_CURVE_WITH_KNOTS('',3,(#4845,#4846,#4847,#4848,#4849),
 .UNSPECIFIED.,.F.,.F.,(4,1,4),(0.,0.141029473716002,0.287459864885884),
 .UNSPECIFIED.);
#172=B_SPLINE_CURVE_WITH_KNOTS('',3,(#4862,#4863,#4864,#4865,#4866,#4867,
#4868),.UNSPECIFIED.,.F.,.F.,(4,3,4),(0.,0.154386271259537,0.320506028728054),
 .UNSPECIFIED.);
#173=B_SPLINE_CURVE_WITH_KNOTS('',3,(#4870,#4871,#4872,#4873,#4874),
 .UNSPECIFIED.,.F.,.F.,(4,1,4),(0.,0.155089068682554,0.299223778435855),
 .UNSPECIFIED.);
#174=B_SPLINE_CURVE_WITH_KNOTS('',3,(#4886,#4887,#4888,#4889,#4890,#4891,
#4892),.UNSPECIFIED.,.F.,.F.,(4,3,4),(0.,0.155977519841326,0.301860460668994),
 .UNSPECIFIED.);
#175=B_SPLINE_CURVE_WITH_KNOTS('',3,(#4893,#4894,#4895,#4896,#4897),
 .UNSPECIFIED.,.F.,.F.,(4,1,4),(0.,0.144094954667142,0.298160766084938),
 .UNSPECIFIED.);
#176=B_SPLINE_CURVE_WITH_KNOTS('',3,(#4954,#4955,#4956,#4957,#4958,#4959,
#4960),.UNSPECIFIED.,.F.,.F.,(4,3,4),(0.,0.0971979230942643,0.203069675433101),
 .UNSPECIFIED.);
#177=B_SPLINE_CURVE_WITH_KNOTS('',3,(#4962,#4963,#4964,#4965,#4966),
 .UNSPECIFIED.,.F.,.F.,(4,1,4),(0.,0.0987901656085362,0.189486680091048),
 .UNSPECIFIED.);
#178=B_SPLINE_CURVE_WITH_KNOTS('',3,(#4979,#4980,#4981,#4982,#4983,#4984,
#4985),.UNSPECIFIED.,.F.,.F.,(4,3,4),(0.,0.111508213304735,0.230532871793119),
 .UNSPECIFIED.);
#179=B_SPLINE_CURVE_WITH_KNOTS('',3,(#4987,#4988,#4989,#4990,#4991),
 .UNSPECIFIED.,.F.,.F.,(4,1,4),(0.,0.111953025220798,0.216836181156502),
 .UNSPECIFIED.);
#180=B_SPLINE_CURVE_WITH_KNOTS('',3,(#5004,#5005,#5006,#5007,#5008,#5009,
#5010),.UNSPECIFIED.,.F.,.F.,(4,3,4),(0.,0.112704760962497,0.223831670915434),
 .UNSPECIFIED.);
#181=B_SPLINE_CURVE_WITH_KNOTS('',3,(#5012,#5013,#5014,#5015,#5016),
 .UNSPECIFIED.,.F.,.F.,(4,1,4),(0.,0.110465491107675,0.222499441976715),
 .UNSPECIFIED.);
#182=B_SPLINE_CURVE_WITH_KNOTS('',3,(#5029,#5030,#5031,#5032,#5033,#5034,
#5035),.UNSPECIFIED.,.F.,.F.,(4,3,4),(0.,0.11179336920055,0.22464897708342),
 .UNSPECIFIED.);
#183=B_SPLINE_CURVE_WITH_KNOTS('',3,(#5037,#5038,#5039,#5040,#5041),
 .UNSPECIFIED.,.F.,.F.,(4,1,4),(0.,0.111109199276484,0.22117259771376),
 .UNSPECIFIED.);
#184=B_SPLINE_CURVE_WITH_KNOTS('',3,(#5054,#5055,#5056,#5057,#5058,#5059,
#5060),.UNSPECIFIED.,.F.,.F.,(4,3,4),(0.,0.120438056549522,0.247366085674197),
 .UNSPECIFIED.);
#185=B_SPLINE_CURVE_WITH_KNOTS('',3,(#5062,#5063,#5064,#5065,#5066),
 .UNSPECIFIED.,.F.,.F.,(4,1,4),(0.,0.120658777503907,0.23514813630375),
 .UNSPECIFIED.);
#186=B_SPLINE_CURVE_WITH_KNOTS('',3,(#5079,#5080,#5081,#5082,#5083,#5084,
#5085),.UNSPECIFIED.,.F.,.F.,(4,3,4),(0.,0.139542345614633,0.292342310141144),
 .UNSPECIFIED.);
#187=B_SPLINE_CURVE_WITH_KNOTS('',3,(#5087,#5088,#5089,#5090,#5091),
 .UNSPECIFIED.,.F.,.F.,(4,1,4),(0.,0.142008366700542,0.271695442530055),
 .UNSPECIFIED.);
#188=B_SPLINE_CURVE_WITH_KNOTS('',3,(#5104,#5105,#5106,#5107,#5108,#5109,
#5110),.UNSPECIFIED.,.F.,.F.,(4,3,4),(0.,0.143929762686849,0.273560192842254),
 .UNSPECIFIED.);
#189=B_SPLINE_CURVE_WITH_KNOTS('',3,(#5112,#5113,#5114,#5115,#5116),
 .UNSPECIFIED.,.F.,.F.,(4,1,4),(0.,0.12859386285725,0.2713727161083),
 .UNSPECIFIED.);
#190=B_SPLINE_CURVE_WITH_KNOTS('',3,(#5129,#5130,#5131,#5132,#5133,#5134,
#5135),.UNSPECIFIED.,.F.,.F.,(4,3,4),(0.,0.119252499753963,0.231890543406096),
 .UNSPECIFIED.);
#191=B_SPLINE_CURVE_WITH_KNOTS('',3,(#5137,#5138,#5139,#5140,#5141),
 .UNSPECIFIED.,.F.,.F.,(4,1,4),(0.,0.111753674747014,0.230069872704349),
 .UNSPECIFIED.);
#192=B_SPLINE_CURVE_WITH_KNOTS('',3,(#5154,#5155,#5156,#5157,#5158,#5159,
#5160),.UNSPECIFIED.,.F.,.F.,(4,3,4),(0.,0.108971475956476,0.21697595053193),
 .UNSPECIFIED.);
#193=B_SPLINE_CURVE_WITH_KNOTS('',3,(#5162,#5163,#5164,#5165,#5166),
 .UNSPECIFIED.,.F.,.F.,(4,1,4),(0.,0.107243182891865,0.21544655105725),
 .UNSPECIFIED.);
#194=B_SPLINE_CURVE_WITH_KNOTS('',3,(#5179,#5180,#5181,#5182,#5183,#5184,
#5185),.UNSPECIFIED.,.F.,.F.,(4,3,4),(0.,0.111890808475418,0.22679112271906),
 .UNSPECIFIED.);
#195=B_SPLINE_CURVE_WITH_KNOTS('',3,(#5187,#5188,#5189,#5190,#5191),
 .UNSPECIFIED.,.F.,.F.,(4,1,4),(0.,0.111560356104946,0.220198687693136),
 .UNSPECIFIED.);
#196=B_SPLINE_CURVE_WITH_KNOTS('',3,(#5204,#5205,#5206,#5207,#5208,#5209,
#5210),.UNSPECIFIED.,.F.,.F.,(4,3,4),(0.,0.114355135125563,0.224064061765106),
 .UNSPECIFIED.);
#197=B_SPLINE_CURVE_WITH_KNOTS('',3,(#5212,#5213,#5214,#5215,#5216),
 .UNSPECIFIED.,.F.,.F.,(4,1,4),(0.,0.108883244045404,0.22237772865222),
 .UNSPECIFIED.);
#198=B_SPLINE_CURVE_WITH_KNOTS('',3,(#5229,#5230,#5231,#5232,#5233,#5234,
#5235),.UNSPECIFIED.,.F.,.F.,(4,3,4),(0.,0.112897314945095,0.230046882722418),
 .UNSPECIFIED.);
#199=B_SPLINE_CURVE_WITH_KNOTS('',3,(#5237,#5238,#5239,#5240,#5241),
 .UNSPECIFIED.,.F.,.F.,(4,1,4),(0.,0.112508780923994,0.220933758626076),
 .UNSPECIFIED.);
#200=B_SPLINE_CURVE_WITH_KNOTS('',3,(#5260,#5261,#5262,#5263,#5264,#5265,
#5266),.UNSPECIFIED.,.F.,.F.,(4,3,4),(0.,0.064078005487136,0.130286363567688),
 .UNSPECIFIED.);
#201=B_SPLINE_CURVE_WITH_KNOTS('',3,(#5268,#5269,#5270,#5271,#5272),
 .UNSPECIFIED.,.F.,.F.,(4,1,4),(0.,0.0640511594847236,0.126041377455786),
 .UNSPECIFIED.);
#202=B_SPLINE_CURVE_WITH_KNOTS('',3,(#5285,#5286,#5287,#5288,#5289,#5290,
#5291),.UNSPECIFIED.,.F.,.F.,(4,3,4),(0.,0.0692734246877754,0.142254289407888),
 .UNSPECIFIED.);
#203=B_SPLINE_CURVE_WITH_KNOTS('',3,(#5293,#5294,#5295,#5296,#5297),
 .UNSPECIFIED.,.F.,.F.,(4,1,4),(0.,0.0691285093465519,0.134745278952693),
 .UNSPECIFIED.);
#204=B_SPLINE_CURVE_WITH_KNOTS('',3,(#5310,#5311,#5312,#5313,#5314,#5315,
#5316),.UNSPECIFIED.,.F.,.F.,(4,3,4),(0.,0.0805772852246692,0.157525990536961),
 .UNSPECIFIED.);
#205=B_SPLINE_CURVE_WITH_KNOTS('',3,(#5318,#5319,#5320,#5321,#5322),
 .UNSPECIFIED.,.F.,.F.,(4,1,4),(0.,0.0757294666838348,0.155030019072994),
 .UNSPECIFIED.);
#206=B_SPLINE_CURVE_WITH_KNOTS('',3,(#5335,#5336,#5337,#5338,#5339,#5340,
#5341),.UNSPECIFIED.,.F.,.F.,(4,3,4),(0.,0.0844210946814935,0.176949970540321),
 .UNSPECIFIED.);
#207=B_SPLINE_CURVE_WITH_KNOTS('',3,(#5343,#5344,#5345,#5346,#5347),
 .UNSPECIFIED.,.F.,.F.,(4,1,4),(0.,0.0853628248883534,0.163245789047286),
 .UNSPECIFIED.);
#208=B_SPLINE_CURVE_WITH_KNOTS('',3,(#5360,#5361,#5362,#5363,#5364,#5365,
#5366),.UNSPECIFIED.,.F.,.F.,(4,3,4),(0.,0.106307837393151,0.228108066364327),
 .UNSPECIFIED.);
#209=B_SPLINE_CURVE_WITH_KNOTS('',3,(#5368,#5369,#5370,#5371,#5372),
 .UNSPECIFIED.,.F.,.F.,(4,1,4),(0.,0.110875110579063,0.207647451041378),
 .UNSPECIFIED.);
#210=B_SPLINE_CURVE_WITH_KNOTS('',3,(#5385,#5386,#5387,#5388,#5389,#5390,
#5391),.UNSPECIFIED.,.F.,.F.,(4,3,4),(0.,0.110590421143669,0.207599155133603),
 .UNSPECIFIED.);
#211=B_SPLINE_CURVE_WITH_KNOTS('',3,(#5393,#5394,#5395,#5396,#5397),
 .UNSPECIFIED.,.F.,.F.,(4,1,4),(0.,0.0959088780103941,0.205245458072216),
 .UNSPECIFIED.);
#212=B_SPLINE_CURVE_WITH_KNOTS('',3,(#5410,#5411,#5412,#5413,#5414,#5415,
#5416),.UNSPECIFIED.,.F.,.F.,(4,3,4),(0.,0.0869123714185449,0.167056567034814),
 .UNSPECIFIED.);
#213=B_SPLINE_CURVE_WITH_KNOTS('',3,(#5418,#5419,#5420,#5421,#5422),
 .UNSPECIFIED.,.F.,.F.,(4,1,4),(0.,0.0790620184613995,0.164800822884837),
 .UNSPECIFIED.);
#214=B_SPLINE_CURVE_WITH_KNOTS('',3,(#5435,#5436,#5437,#5438,#5439,#5440,
#5441),.UNSPECIFIED.,.F.,.F.,(4,3,4),(0.,0.07647383766773,0.152489965611387),
 .UNSPECIFIED.);
#215=B_SPLINE_CURVE_WITH_KNOTS('',3,(#5443,#5444,#5445,#5446,#5447),
 .UNSPECIFIED.,.F.,.F.,(4,1,4),(0.,0.0749169196035143,0.15028493035739),
 .UNSPECIFIED.);
#216=B_SPLINE_CURVE_WITH_KNOTS('',3,(#5460,#5461,#5462,#5463,#5464,#5465,
#5466),.UNSPECIFIED.,.F.,.F.,(4,3,4),(0.,0.0617912306515387,0.119330558271667),
 .UNSPECIFIED.);
#217=B_SPLINE_CURVE_WITH_KNOTS('',3,(#5468,#5469,#5470,#5471,#5472),
 .UNSPECIFIED.,.F.,.F.,(4,1,4),(0.,0.0569382941410914,0.118084077585154),
 .UNSPECIFIED.);
#218=B_SPLINE_CURVE_WITH_KNOTS('',3,(#5484,#5485,#5486,#5487,#5488,#5489,
#5490),.UNSPECIFIED.,.F.,.F.,(4,3,4),(0.,0.0596003693135087,0.12201419826726),
 .UNSPECIFIED.);
#219=B_SPLINE_CURVE_WITH_KNOTS('',3,(#5491,#5492,#5493,#5494,#5495),
 .UNSPECIFIED.,.F.,.F.,(4,1,4),(0.,0.0598105051301935,0.116924901960879),
 .UNSPECIFIED.);
#220=B_SPLINE_CURVE_WITH_KNOTS('',3,(#5558,#5559,#5560,#5561,#5562,#5563,
#5564),.UNSPECIFIED.,.F.,.F.,(4,3,4),(0.,0.103550136785637,0.240688837832963),
 .UNSPECIFIED.);
#221=B_SPLINE_CURVE_WITH_KNOTS('',3,(#5566,#5567,#5568,#5569,#5570),
 .UNSPECIFIED.,.F.,.F.,(4,1,4),(0.,0.106791527584207,0.187427243136708),
 .UNSPECIFIED.);
#222=B_SPLINE_CURVE_WITH_KNOTS('',3,(#5583,#5584,#5585,#5586,#5587,#5588,
#5589),.UNSPECIFIED.,.F.,.F.,(4,3,4),(0.,0.124166277274283,0.266162640587117),
 .UNSPECIFIED.);
#223=B_SPLINE_CURVE_WITH_KNOTS('',3,(#5591,#5592,#5593,#5594,#5595),
 .UNSPECIFIED.,.F.,.F.,(4,1,4),(0.,0.128238642503944,0.240374717477515),
 .UNSPECIFIED.);
#224=B_SPLINE_CURVE_WITH_KNOTS('',3,(#5608,#5609,#5610,#5611,#5612,#5613,
#5614),.UNSPECIFIED.,.F.,.F.,(4,3,4),(0.,0.133703365330473,0.245854213983384),
 .UNSPECIFIED.);
#225=B_SPLINE_CURVE_WITH_KNOTS('',3,(#5616,#5617,#5618,#5619,#5620),
 .UNSPECIFIED.,.F.,.F.,(4,1,4),(0.,0.109410615551921,0.239847145260613),
 .UNSPECIFIED.);
#226=B_SPLINE_CURVE_WITH_KNOTS('',3,(#5633,#5634,#5635,#5636,#5637,#5638,
#5639),.UNSPECIFIED.,.F.,.F.,(4,3,4),(0.,0.107324604314631,0.218451853308119),
 .UNSPECIFIED.);
#227=B_SPLINE_CURVE_WITH_KNOTS('',3,(#5641,#5642,#5643,#5644,#5645),
 .UNSPECIFIED.,.F.,.F.,(4,1,4),(0.,0.106171824416903,0.208710572996691),
 .UNSPECIFIED.);
#228=B_SPLINE_CURVE_WITH_KNOTS('',3,(#5657,#5658,#5659,#5660,#5661,#5662,
#5663),.UNSPECIFIED.,.F.,.F.,(4,3,4),(0.,0.122075488503314,0.253431798452164),
 .UNSPECIFIED.);
#229=B_SPLINE_CURVE_WITH_KNOTS('',3,(#5664,#5665,#5666,#5667,#5668),
 .UNSPECIFIED.,.F.,.F.,(4,1,4),(0.,0.123511345649798,0.238296146332551),
 .UNSPECIFIED.);
#230=B_SPLINE_CURVE_WITH_KNOTS('',3,(#5746,#5747,#5748,#5749,#5750,#5751,
#5752),.UNSPECIFIED.,.F.,.F.,(4,3,4),(0.,0.0566870318435514,0.115362394921712),
 .UNSPECIFIED.);
#231=B_SPLINE_CURVE_WITH_KNOTS('',3,(#5754,#5755,#5756,#5757,#5758),
 .UNSPECIFIED.,.F.,.F.,(4,1,4),(0.,0.0568913497208284,0.111854823043545),
 .UNSPECIFIED.);
#232=B_SPLINE_CURVE_WITH_KNOTS('',3,(#5771,#5772,#5773,#5774,#5775,#5776,
#5777),.UNSPECIFIED.,.F.,.F.,(4,3,4),(0.,0.0577806969653139,0.115412221377449),
 .UNSPECIFIED.);
#233=B_SPLINE_CURVE_WITH_KNOTS('',3,(#5779,#5780,#5781,#5782,#5783),
 .UNSPECIFIED.,.F.,.F.,(4,1,4),(0.,0.0576292921438823,0.115407751062975),
 .UNSPECIFIED.);
#234=B_SPLINE_CURVE_WITH_KNOTS('',3,(#5802,#5803,#5804,#5805,#5806,#5807,
#5808),.UNSPECIFIED.,.F.,.F.,(4,3,4),(0.,0.0576563574351391,0.115702082740494),
 .UNSPECIFIED.);
#235=B_SPLINE_CURVE_WITH_KNOTS('',3,(#5810,#5811,#5812,#5813,#5814),
 .UNSPECIFIED.,.F.,.F.,(4,1,4),(0.,0.0576646993197796,0.114942586672913),
 .UNSPECIFIED.);
#236=B_SPLINE_CURVE_WITH_KNOTS('',3,(#5827,#5828,#5829,#5830,#5831,#5832,
#5833),.UNSPECIFIED.,.F.,.F.,(4,3,4),(0.,0.0570249101568452,0.11237127993774),
 .UNSPECIFIED.);
#237=B_SPLINE_CURVE_WITH_KNOTS('',3,(#5835,#5836,#5837,#5838,#5839),
 .UNSPECIFIED.,.F.,.F.,(4,1,4),(0.,0.0553291089505222,0.11233623479188),
 .UNSPECIFIED.);
#238=B_SPLINE_CURVE_WITH_KNOTS('',3,(#5882,#5883,#5884,#5885,#5886,#5887,
#5888),.UNSPECIFIED.,.F.,.F.,(4,3,4),(0.,0.0683884210058536,0.144772435338809),
 .UNSPECIFIED.);
#239=B_SPLINE_CURVE_WITH_KNOTS('',3,(#5890,#5891,#5892,#5893,#5894),
 .UNSPECIFIED.,.F.,.F.,(4,1,4),(0.,0.0706353373127409,0.133876831337625),
 .UNSPECIFIED.);
#240=B_SPLINE_CURVE_WITH_KNOTS('',3,(#5907,#5908,#5909,#5910,#5911,#5912,
#5913),.UNSPECIFIED.,.F.,.F.,(4,3,4),(0.,0.0750801433480853,0.150641843315169),
 .UNSPECIFIED.);
#241=B_SPLINE_CURVE_WITH_KNOTS('',3,(#5915,#5916,#5917,#5918,#5919),
 .UNSPECIFIED.,.F.,.F.,(4,1,4),(0.,0.0750887790718414,0.149699015461473),
 .UNSPECIFIED.);
#242=B_SPLINE_CURVE_WITH_KNOTS('',3,(#5932,#5933,#5934,#5935,#5936,#5937,
#5938),.UNSPECIFIED.,.F.,.F.,(4,3,4),(0.,0.0713798454047696,0.134335482444729),
 .UNSPECIFIED.);
#243=B_SPLINE_CURVE_WITH_KNOTS('',3,(#5940,#5941,#5942,#5943,#5944),
 .UNSPECIFIED.,.F.,.F.,(4,1,4),(0.,0.0627339593674633,0.133862464006951),
 .UNSPECIFIED.);
#244=B_SPLINE_CURVE_WITH_KNOTS('',3,(#5999,#6000,#6001,#6002,#6003,#6004,
#6005),.UNSPECIFIED.,.F.,.F.,(4,3,4),(0.,0.0683129326964682,0.145811842249473),
 .UNSPECIFIED.);
#245=B_SPLINE_CURVE_WITH_KNOTS('',3,(#6007,#6008,#6009,#6010,#6011),
 .UNSPECIFIED.,.F.,.F.,(4,1,4),(0.,0.0711994346441471,0.133959571721245),
 .UNSPECIFIED.);
#246=B_SPLINE_CURVE_WITH_KNOTS('',3,(#6024,#6025,#6026,#6027,#6028,#6029,
#6030),.UNSPECIFIED.,.F.,.F.,(4,3,4),(0.,0.0751564694132564,0.149789161919853),
 .UNSPECIFIED.);
#247=B_SPLINE_CURVE_WITH_KNOTS('',3,(#6032,#6033,#6034,#6035,#6036),
 .UNSPECIFIED.,.F.,.F.,(4,1,4),(0.,0.0746289738821595,0.14978169857344),
 .UNSPECIFIED.);
#248=B_SPLINE_CURVE_WITH_KNOTS('',3,(#6048,#6049,#6050,#6051,#6052,#6053,
#6054),.UNSPECIFIED.,.F.,.F.,(4,3,4),(0.,0.0708511801859397,0.134285919796284),
 .UNSPECIFIED.);
#249=B_SPLINE_CURVE_WITH_KNOTS('',3,(#6055,#6056,#6057,#6058,#6059),
 .UNSPECIFIED.,.F.,.F.,(4,1,4),(0.,0.0632414940248837,0.133876835415241),
 .UNSPECIFIED.);
#250=B_SPLINE_CURVE_WITH_KNOTS('',3,(#6224,#6225,#6226,#6227,#6228,#6229,
#6230),.UNSPECIFIED.,.F.,.F.,(4,3,4),(0.,0.116400067602029,0.239551416045719),
 .UNSPECIFIED.);
#251=B_SPLINE_CURVE_WITH_KNOTS('',3,(#6232,#6233,#6234,#6235,#6236),
 .UNSPECIFIED.,.F.,.F.,(4,1,4),(0.,0.117429415577721,0.228421232431137),
 .UNSPECIFIED.);
#252=B_SPLINE_CURVE_WITH_KNOTS('',3,(#6249,#6250,#6251,#6252,#6253,#6254,
#6255),.UNSPECIFIED.,.F.,.F.,(4,3,4),(0.,0.114854842302311,0.217130441375919),
 .UNSPECIFIED.);
#253=B_SPLINE_CURVE_WITH_KNOTS('',3,(#6257,#6258,#6259,#6260,#6261),
 .UNSPECIFIED.,.F.,.F.,(4,1,4),(0.,0.101968808589242,0.216479127143749),
 .UNSPECIFIED.);
#254=B_SPLINE_CURVE_WITH_KNOTS('',3,(#6316,#6317,#6318,#6319,#6320,#6321,
#6322),.UNSPECIFIED.,.F.,.F.,(4,3,4),(0.,0.115041945850067,0.234242820351992),
 .UNSPECIFIED.);
#255=B_SPLINE_CURVE_WITH_KNOTS('',3,(#6324,#6325,#6326,#6327,#6328),
 .UNSPECIFIED.,.F.,.F.,(4,1,4),(0.,0.115423105092803,0.226819088229809),
 .UNSPECIFIED.);
#256=B_SPLINE_CURVE_WITH_KNOTS('',3,(#6341,#6342,#6343,#6344,#6345,#6346,
#6347),.UNSPECIFIED.,.F.,.F.,(4,3,4),(0.,0.113429550779997,0.218222274429223),
 .UNSPECIFIED.);
#257=B_SPLINE_CURVE_WITH_KNOTS('',3,(#6349,#6350,#6351,#6352,#6353),
 .UNSPECIFIED.,.F.,.F.,(4,1,4),(0.,0.104639097352047,0.21790236023275),
 .UNSPECIFIED.);
#258=FACE_OUTER_BOUND('',#430,.T.);
#259=FACE_OUTER_BOUND('',#431,.T.);
#260=FACE_OUTER_BOUND('',#432,.T.);
#261=FACE_OUTER_BOUND('',#433,.T.);
#262=FACE_OUTER_BOUND('',#434,.T.);
#263=FACE_OUTER_BOUND('',#435,.T.);
#264=FACE_OUTER_BOUND('',#436,.T.);
#265=FACE_OUTER_BOUND('',#437,.T.);
#266=FACE_OUTER_BOUND('',#438,.T.);
#267=FACE_OUTER_BOUND('',#439,.T.);
#268=FACE_OUTER_BOUND('',#440,.T.);
#269=FACE_OUTER_BOUND('',#441,.T.);
#270=FACE_OUTER_BOUND('',#442,.T.);
#271=FACE_OUTER_BOUND('',#443,.T.);
#272=FACE_OUTER_BOUND('',#444,.T.);
#273=FACE_OUTER_BOUND('',#445,.T.);
#274=FACE_OUTER_BOUND('',#446,.T.);
#275=FACE_OUTER_BOUND('',#447,.T.);
#276=FACE_OUTER_BOUND('',#448,.T.);
#277=FACE_OUTER_BOUND('',#449,.T.);
#278=FACE_OUTER_BOUND('',#450,.T.);
#279=FACE_OUTER_BOUND('',#451,.T.);
#280=FACE_OUTER_BOUND('',#452,.T.);
#281=FACE_OUTER_BOUND('',#453,.T.);
#282=FACE_OUTER_BOUND('',#454,.T.);
#283=FACE_OUTER_BOUND('',#455,.T.);
#284=FACE_OUTER_BOUND('',#456,.T.);
#285=FACE_OUTER_BOUND('',#457,.T.);
#286=FACE_OUTER_BOUND('',#458,.T.);
#287=FACE_OUTER_BOUND('',#459,.T.);
#288=FACE_OUTER_BOUND('',#460,.T.);
#289=FACE_OUTER_BOUND('',#461,.T.);
#290=FACE_OUTER_BOUND('',#462,.T.);
#291=FACE_OUTER_BOUND('',#463,.T.);
#292=FACE_OUTER_BOUND('',#464,.T.);
#293=FACE_OUTER_BOUND('',#465,.T.);
#294=FACE_OUTER_BOUND('',#466,.T.);
#295=FACE_OUTER_BOUND('',#467,.T.);
#296=FACE_OUTER_BOUND('',#468,.T.);
#297=FACE_OUTER_BOUND('',#469,.T.);
#298=FACE_OUTER_BOUND('',#470,.T.);
#299=FACE_OUTER_BOUND('',#471,.T.);
#300=FACE_OUTER_BOUND('',#472,.T.);
#301=FACE_OUTER_BOUND('',#473,.T.);
#302=FACE_OUTER_BOUND('',#474,.T.);
#303=FACE_OUTER_BOUND('',#475,.T.);
#304=FACE_OUTER_BOUND('',#476,.T.);
#305=FACE_OUTER_BOUND('',#477,.T.);
#306=FACE_OUTER_BOUND('',#478,.T.);
#307=FACE_OUTER_BOUND('',#479,.T.);
#308=FACE_OUTER_BOUND('',#480,.T.);
#309=FACE_OUTER_BOUND('',#481,.T.);
#310=FACE_OUTER_BOUND('',#482,.T.);
#311=FACE_OUTER_BOUND('',#483,.T.);
#312=FACE_OUTER_BOUND('',#484,.T.);
#313=FACE_OUTER_BOUND('',#485,.T.);
#314=FACE_OUTER_BOUND('',#486,.T.);
#315=FACE_OUTER_BOUND('',#487,.T.);
#316=FACE_OUTER_BOUND('',#488,.T.);
#317=FACE_OUTER_BOUND('',#489,.T.);
#318=FACE_OUTER_BOUND('',#490,.T.);
#319=FACE_OUTER_BOUND('',#491,.T.);
#320=FACE_OUTER_BOUND('',#492,.T.);
#321=FACE_OUTER_BOUND('',#493,.T.);
#322=FACE_OUTER_BOUND('',#494,.T.);
#323=FACE_OUTER_BOUND('',#495,.T.);
#324=FACE_OUTER_BOUND('',#496,.T.);
#325=FACE_OUTER_BOUND('',#497,.T.);
#326=FACE_OUTER_BOUND('',#498,.T.);
#327=FACE_OUTER_BOUND('',#499,.T.);
#328=FACE_OUTER_BOUND('',#500,.T.);
#329=FACE_OUTER_BOUND('',#501,.T.);
#330=FACE_OUTER_BOUND('',#502,.T.);
#331=FACE_OUTER_BOUND('',#503,.T.);
#332=FACE_OUTER_BOUND('',#504,.T.);
#333=FACE_OUTER_BOUND('',#505,.T.);
#334=FACE_OUTER_BOUND('',#506,.T.);
#335=FACE_OUTER_BOUND('',#507,.T.);
#336=FACE_OUTER_BOUND('',#508,.T.);
#337=FACE_OUTER_BOUND('',#509,.T.);
#338=FACE_OUTER_BOUND('',#510,.T.);
#339=FACE_OUTER_BOUND('',#511,.T.);
#340=FACE_OUTER_BOUND('',#512,.T.);
#341=FACE_OUTER_BOUND('',#513,.T.);
#342=FACE_OUTER_BOUND('',#514,.T.);
#343=FACE_OUTER_BOUND('',#515,.T.);
#344=FACE_OUTER_BOUND('',#516,.T.);
#345=FACE_OUTER_BOUND('',#517,.T.);
#346=FACE_OUTER_BOUND('',#518,.T.);
#347=FACE_OUTER_BOUND('',#519,.T.);
#348=FACE_OUTER_BOUND('',#520,.T.);
#349=FACE_OUTER_BOUND('',#521,.T.);
#350=FACE_OUTER_BOUND('',#522,.T.);
#351=FACE_OUTER_BOUND('',#523,.T.);
#352=FACE_OUTER_BOUND('',#524,.T.);
#353=FACE_OUTER_BOUND('',#525,.T.);
#354=FACE_OUTER_BOUND('',#526,.T.);
#355=FACE_OUTER_BOUND('',#527,.T.);
#356=FACE_OUTER_BOUND('',#528,.T.);
#357=FACE_OUTER_BOUND('',#529,.T.);
#358=FACE_OUTER_BOUND('',#530,.T.);
#359=FACE_OUTER_BOUND('',#531,.T.);
#360=FACE_OUTER_BOUND('',#532,.T.);
#361=FACE_OUTER_BOUND('',#533,.T.);
#362=FACE_OUTER_BOUND('',#534,.T.);
#363=FACE_OUTER_BOUND('',#535,.T.);
#364=FACE_OUTER_BOUND('',#536,.T.);
#365=FACE_OUTER_BOUND('',#537,.T.);
#366=FACE_OUTER_BOUND('',#538,.T.);
#367=FACE_OUTER_BOUND('',#539,.T.);
#368=FACE_OUTER_BOUND('',#540,.T.);
#369=FACE_OUTER_BOUND('',#541,.T.);
#370=FACE_OUTER_BOUND('',#542,.T.);
#371=FACE_OUTER_BOUND('',#543,.T.);
#372=FACE_OUTER_BOUND('',#544,.T.);
#373=FACE_OUTER_BOUND('',#545,.T.);
#374=FACE_OUTER_BOUND('',#546,.T.);
#375=FACE_OUTER_BOUND('',#547,.T.);
#376=FACE_OUTER_BOUND('',#548,.T.);
#377=FACE_OUTER_BOUND('',#549,.T.);
#378=FACE_OUTER_BOUND('',#550,.T.);
#379=FACE_OUTER_BOUND('',#551,.T.);
#380=FACE_OUTER_BOUND('',#552,.T.);
#381=FACE_OUTER_BOUND('',#553,.T.);
#382=FACE_OUTER_BOUND('',#554,.T.);
#383=FACE_OUTER_BOUND('',#555,.T.);
#384=FACE_OUTER_BOUND('',#556,.T.);
#385=FACE_OUTER_BOUND('',#557,.T.);
#386=FACE_OUTER_BOUND('',#558,.T.);
#387=FACE_OUTER_BOUND('',#559,.T.);
#388=FACE_OUTER_BOUND('',#560,.T.);
#389=FACE_OUTER_BOUND('',#561,.T.);
#390=FACE_OUTER_BOUND('',#562,.T.);
#391=FACE_OUTER_BOUND('',#563,.T.);
#392=FACE_OUTER_BOUND('',#564,.T.);
#393=FACE_OUTER_BOUND('',#565,.T.);
#394=FACE_OUTER_BOUND('',#566,.T.);
#395=FACE_OUTER_BOUND('',#567,.T.);
#396=FACE_OUTER_BOUND('',#568,.T.);
#397=FACE_OUTER_BOUND('',#569,.T.);
#398=FACE_OUTER_BOUND('',#570,.T.);
#399=FACE_OUTER_BOUND('',#571,.T.);
#400=FACE_OUTER_BOUND('',#572,.T.);
#401=FACE_OUTER_BOUND('',#573,.T.);
#402=FACE_OUTER_BOUND('',#574,.T.);
#403=FACE_OUTER_BOUND('',#575,.T.);
#404=FACE_OUTER_BOUND('',#576,.T.);
#405=FACE_OUTER_BOUND('',#577,.T.);
#406=FACE_OUTER_BOUND('',#578,.T.);
#407=FACE_OUTER_BOUND('',#579,.T.);
#408=FACE_OUTER_BOUND('',#580,.T.);
#409=FACE_OUTER_BOUND('',#581,.T.);
#410=FACE_OUTER_BOUND('',#582,.T.);
#411=FACE_OUTER_BOUND('',#583,.T.);
#412=FACE_OUTER_BOUND('',#584,.T.);
#413=FACE_OUTER_BOUND('',#585,.T.);
#414=FACE_OUTER_BOUND('',#586,.T.);
#415=FACE_OUTER_BOUND('',#587,.T.);
#416=FACE_OUTER_BOUND('',#588,.T.);
#417=FACE_OUTER_BOUND('',#589,.T.);
#418=FACE_OUTER_BOUND('',#590,.T.);
#419=FACE_OUTER_BOUND('',#591,.T.);
#420=FACE_OUTER_BOUND('',#592,.T.);
#421=FACE_OUTER_BOUND('',#593,.T.);
#422=FACE_OUTER_BOUND('',#603,.T.);
#423=FACE_OUTER_BOUND('',#604,.T.);
#424=FACE_OUTER_BOUND('',#605,.T.);
#425=FACE_OUTER_BOUND('',#606,.T.);
#426=FACE_OUTER_BOUND('',#607,.T.);
#427=FACE_OUTER_BOUND('',#617,.T.);
#428=FACE_OUTER_BOUND('',#618,.T.);
#429=FACE_OUTER_BOUND('',#619,.T.);
#430=EDGE_LOOP('',(#2132,#2133,#2134,#2135));
#431=EDGE_LOOP('',(#2136,#2137,#2138,#2139,#2140,#2141,#2142,#2143));
#432=EDGE_LOOP('',(#2144,#2145,#2146,#2147));
#433=EDGE_LOOP('',(#2148,#2149,#2150,#2151));
#434=EDGE_LOOP('',(#2152,#2153,#2154,#2155,#2156,#2157,#2158,#2159));
#435=EDGE_LOOP('',(#2160,#2161,#2162,#2163));
#436=EDGE_LOOP('',(#2164,#2165,#2166,#2167));
#437=EDGE_LOOP('',(#2168,#2169,#2170,#2171));
#438=EDGE_LOOP('',(#2172,#2173,#2174,#2175));
#439=EDGE_LOOP('',(#2176,#2177,#2178,#2179));
#440=EDGE_LOOP('',(#2180,#2181,#2182,#2183));
#441=EDGE_LOOP('',(#2184,#2185,#2186,#2187));
#442=EDGE_LOOP('',(#2188,#2189,#2190,#2191));
#443=EDGE_LOOP('',(#2192,#2193,#2194,#2195));
#444=EDGE_LOOP('',(#2196,#2197,#2198,#2199));
#445=EDGE_LOOP('',(#2200,#2201,#2202,#2203));
#446=EDGE_LOOP('',(#2204,#2205,#2206,#2207));
#447=EDGE_LOOP('',(#2208,#2209,#2210,#2211,#2212,#2213,#2214));
#448=EDGE_LOOP('',(#2215,#2216,#2217,#2218,#2219,#2220,#2221));
#449=EDGE_LOOP('',(#2222,#2223,#2224,#2225));
#450=EDGE_LOOP('',(#2226,#2227,#2228,#2229));
#451=EDGE_LOOP('',(#2230,#2231,#2232,#2233));
#452=EDGE_LOOP('',(#2234,#2235,#2236,#2237));
#453=EDGE_LOOP('',(#2238,#2239,#2240,#2241));
#454=EDGE_LOOP('',(#2242,#2243,#2244,#2245));
#455=EDGE_LOOP('',(#2246,#2247,#2248,#2249));
#456=EDGE_LOOP('',(#2250,#2251,#2252,#2253));
#457=EDGE_LOOP('',(#2254,#2255,#2256,#2257));
#458=EDGE_LOOP('',(#2258,#2259,#2260,#2261));
#459=EDGE_LOOP('',(#2262,#2263,#2264,#2265));
#460=EDGE_LOOP('',(#2266,#2267,#2268,#2269));
#461=EDGE_LOOP('',(#2270,#2271,#2272,#2273,#2274,#2275,#2276,#2277,#2278,
#2279,#2280,#2281));
#462=EDGE_LOOP('',(#2282,#2283,#2284,#2285,#2286,#2287,#2288,#2289,#2290,
#2291,#2292,#2293));
#463=EDGE_LOOP('',(#2294,#2295,#2296,#2297));
#464=EDGE_LOOP('',(#2298,#2299,#2300,#2301));
#465=EDGE_LOOP('',(#2302,#2303,#2304,#2305));
#466=EDGE_LOOP('',(#2306,#2307,#2308,#2309));
#467=EDGE_LOOP('',(#2310,#2311,#2312,#2313));
#468=EDGE_LOOP('',(#2314,#2315,#2316,#2317));
#469=EDGE_LOOP('',(#2318,#2319,#2320,#2321));
#470=EDGE_LOOP('',(#2322,#2323,#2324,#2325));
#471=EDGE_LOOP('',(#2326,#2327,#2328,#2329));
#472=EDGE_LOOP('',(#2330,#2331,#2332,#2333));
#473=EDGE_LOOP('',(#2334,#2335,#2336,#2337));
#474=EDGE_LOOP('',(#2338,#2339,#2340,#2341));
#475=EDGE_LOOP('',(#2342,#2343,#2344,#2345));
#476=EDGE_LOOP('',(#2346,#2347,#2348,#2349));
#477=EDGE_LOOP('',(#2350,#2351,#2352,#2353));
#478=EDGE_LOOP('',(#2354,#2355,#2356,#2357));
#479=EDGE_LOOP('',(#2358,#2359,#2360,#2361));
#480=EDGE_LOOP('',(#2362,#2363,#2364,#2365));
#481=EDGE_LOOP('',(#2366,#2367,#2368,#2369));
#482=EDGE_LOOP('',(#2370,#2371,#2372,#2373));
#483=EDGE_LOOP('',(#2374,#2375,#2376,#2377));
#484=EDGE_LOOP('',(#2378,#2379,#2380,#2381));
#485=EDGE_LOOP('',(#2382,#2383,#2384,#2385));
#486=EDGE_LOOP('',(#2386,#2387,#2388,#2389));
#487=EDGE_LOOP('',(#2390,#2391,#2392,#2393));
#488=EDGE_LOOP('',(#2394,#2395,#2396,#2397));
#489=EDGE_LOOP('',(#2398,#2399,#2400,#2401));
#490=EDGE_LOOP('',(#2402,#2403,#2404,#2405));
#491=EDGE_LOOP('',(#2406,#2407,#2408,#2409));
#492=EDGE_LOOP('',(#2410,#2411,#2412,#2413));
#493=EDGE_LOOP('',(#2414,#2415,#2416,#2417));
#494=EDGE_LOOP('',(#2418,#2419,#2420,#2421));
#495=EDGE_LOOP('',(#2422,#2423,#2424,#2425));
#496=EDGE_LOOP('',(#2426,#2427,#2428,#2429));
#497=EDGE_LOOP('',(#2430,#2431,#2432,#2433));
#498=EDGE_LOOP('',(#2434,#2435,#2436,#2437));
#499=EDGE_LOOP('',(#2438,#2439,#2440,#2441));
#500=EDGE_LOOP('',(#2442,#2443,#2444,#2445));
#501=EDGE_LOOP('',(#2446,#2447,#2448,#2449));
#502=EDGE_LOOP('',(#2450,#2451,#2452,#2453));
#503=EDGE_LOOP('',(#2454,#2455,#2456,#2457));
#504=EDGE_LOOP('',(#2458,#2459,#2460,#2461));
#505=EDGE_LOOP('',(#2462,#2463,#2464,#2465));
#506=EDGE_LOOP('',(#2466,#2467,#2468,#2469));
#507=EDGE_LOOP('',(#2470,#2471,#2472,#2473));
#508=EDGE_LOOP('',(#2474,#2475,#2476,#2477));
#509=EDGE_LOOP('',(#2478,#2479,#2480,#2481));
#510=EDGE_LOOP('',(#2482,#2483,#2484,#2485));
#511=EDGE_LOOP('',(#2486,#2487,#2488,#2489));
#512=EDGE_LOOP('',(#2490,#2491,#2492,#2493));
#513=EDGE_LOOP('',(#2494,#2495,#2496,#2497));
#514=EDGE_LOOP('',(#2498,#2499,#2500,#2501));
#515=EDGE_LOOP('',(#2502,#2503,#2504,#2505));
#516=EDGE_LOOP('',(#2506,#2507,#2508,#2509));
#517=EDGE_LOOP('',(#2510,#2511,#2512,#2513));
#518=EDGE_LOOP('',(#2514,#2515,#2516,#2517));
#519=EDGE_LOOP('',(#2518,#2519,#2520,#2521));
#520=EDGE_LOOP('',(#2522,#2523,#2524,#2525));
#521=EDGE_LOOP('',(#2526,#2527,#2528,#2529));
#522=EDGE_LOOP('',(#2530,#2531,#2532,#2533));
#523=EDGE_LOOP('',(#2534,#2535,#2536,#2537));
#524=EDGE_LOOP('',(#2538,#2539,#2540,#2541));
#525=EDGE_LOOP('',(#2542,#2543,#2544,#2545));
#526=EDGE_LOOP('',(#2546,#2547,#2548,#2549));
#527=EDGE_LOOP('',(#2550,#2551,#2552,#2553));
#528=EDGE_LOOP('',(#2554,#2555,#2556,#2557));
#529=EDGE_LOOP('',(#2558,#2559,#2560,#2561));
#530=EDGE_LOOP('',(#2562,#2563,#2564,#2565));
#531=EDGE_LOOP('',(#2566,#2567,#2568,#2569));
#532=EDGE_LOOP('',(#2570,#2571,#2572,#2573));
#533=EDGE_LOOP('',(#2574,#2575,#2576,#2577));
#534=EDGE_LOOP('',(#2578,#2579,#2580,#2581));
#535=EDGE_LOOP('',(#2582,#2583,#2584,#2585));
#536=EDGE_LOOP('',(#2586,#2587,#2588,#2589));
#537=EDGE_LOOP('',(#2590,#2591,#2592,#2593));
#538=EDGE_LOOP('',(#2594,#2595,#2596,#2597));
#539=EDGE_LOOP('',(#2598,#2599,#2600,#2601));
#540=EDGE_LOOP('',(#2602,#2603,#2604,#2605));
#541=EDGE_LOOP('',(#2606,#2607,#2608,#2609));
#542=EDGE_LOOP('',(#2610,#2611,#2612,#2613));
#543=EDGE_LOOP('',(#2614,#2615,#2616,#2617));
#544=EDGE_LOOP('',(#2618,#2619,#2620,#2621));
#545=EDGE_LOOP('',(#2622,#2623,#2624,#2625));
#546=EDGE_LOOP('',(#2626,#2627,#2628,#2629));
#547=EDGE_LOOP('',(#2630,#2631,#2632,#2633));
#548=EDGE_LOOP('',(#2634,#2635,#2636,#2637));
#549=EDGE_LOOP('',(#2638,#2639,#2640,#2641));
#550=EDGE_LOOP('',(#2642,#2643,#2644,#2645));
#551=EDGE_LOOP('',(#2646,#2647,#2648,#2649));
#552=EDGE_LOOP('',(#2650,#2651,#2652,#2653));
#553=EDGE_LOOP('',(#2654,#2655,#2656,#2657));
#554=EDGE_LOOP('',(#2658,#2659,#2660,#2661));
#555=EDGE_LOOP('',(#2662,#2663,#2664,#2665));
#556=EDGE_LOOP('',(#2666,#2667,#2668,#2669));
#557=EDGE_LOOP('',(#2670,#2671,#2672,#2673));
#558=EDGE_LOOP('',(#2674,#2675,#2676,#2677));
#559=EDGE_LOOP('',(#2678,#2679,#2680,#2681));
#560=EDGE_LOOP('',(#2682,#2683,#2684,#2685));
#561=EDGE_LOOP('',(#2686,#2687,#2688,#2689));
#562=EDGE_LOOP('',(#2690,#2691,#2692,#2693));
#563=EDGE_LOOP('',(#2694,#2695,#2696,#2697));
#564=EDGE_LOOP('',(#2698,#2699,#2700,#2701));
#565=EDGE_LOOP('',(#2702,#2703,#2704,#2705));
#566=EDGE_LOOP('',(#2706,#2707,#2708,#2709));
#567=EDGE_LOOP('',(#2710,#2711,#2712,#2713));
#568=EDGE_LOOP('',(#2714,#2715,#2716,#2717));
#569=EDGE_LOOP('',(#2718,#2719,#2720,#2721));
#570=EDGE_LOOP('',(#2722,#2723,#2724,#2725));
#571=EDGE_LOOP('',(#2726,#2727,#2728,#2729));
#572=EDGE_LOOP('',(#2730,#2731,#2732,#2733));
#573=EDGE_LOOP('',(#2734,#2735,#2736,#2737));
#574=EDGE_LOOP('',(#2738,#2739,#2740,#2741));
#575=EDGE_LOOP('',(#2742,#2743,#2744,#2745));
#576=EDGE_LOOP('',(#2746,#2747,#2748,#2749));
#577=EDGE_LOOP('',(#2750,#2751,#2752,#2753));
#578=EDGE_LOOP('',(#2754,#2755,#2756,#2757));
#579=EDGE_LOOP('',(#2758,#2759,#2760,#2761));
#580=EDGE_LOOP('',(#2762,#2763,#2764,#2765));
#581=EDGE_LOOP('',(#2766,#2767,#2768,#2769));
#582=EDGE_LOOP('',(#2770,#2771,#2772,#2773));
#583=EDGE_LOOP('',(#2774,#2775,#2776,#2777));
#584=EDGE_LOOP('',(#2778,#2779,#2780,#2781));
#585=EDGE_LOOP('',(#2782,#2783,#2784,#2785));
#586=EDGE_LOOP('',(#2786,#2787,#2788,#2789));
#587=EDGE_LOOP('',(#2790,#2791,#2792,#2793));
#588=EDGE_LOOP('',(#2794,#2795,#2796,#2797));
#589=EDGE_LOOP('',(#2798,#2799,#2800,#2801));
#590=EDGE_LOOP('',(#2802,#2803,#2804,#2805));
#591=EDGE_LOOP('',(#2806,#2807,#2808,#2809));
#592=EDGE_LOOP('',(#2810,#2811,#2812,#2813));
#593=EDGE_LOOP('',(#2814,#2815,#2816,#2817));
#594=EDGE_LOOP('',(#2818,#2819,#2820,#2821,#2822,#2823,#2824,#2825,#2826,
#2827,#2828,#2829));
#595=EDGE_LOOP('',(#2830,#2831,#2832,#2833,#2834,#2835));
#596=EDGE_LOOP('',(#2836,#2837,#2838,#2839,#2840,#2841,#2842,#2843,#2844,
#2845,#2846,#2847,#2848,#2849,#2850,#2851,#2852,#2853,#2854,#2855,#2856,
#2857,#2858,#2859));
#597=EDGE_LOOP('',(#2860,#2861,#2862,#2863,#2864,#2865,#2866,#2867,#2868,
#2869,#2870,#2871,#2872));
#598=EDGE_LOOP('',(#2873,#2874,#2875,#2876,#2877,#2878,#2879,#2880,#2881,
#2882,#2883,#2884,#2885,#2886,#2887,#2888,#2889,#2890,#2891,#2892,#2893,
#2894,#2895,#2896,#2897,#2898,#2899,#2900));
#599=EDGE_LOOP('',(#2901,#2902,#2903,#2904,#2905,#2906,#2907,#2908,#2909,
#2910,#2911,#2912));
#600=EDGE_LOOP('',(#2913,#2914,#2915,#2916,#2917,#2918,#2919,#2920,#2921,
#2922,#2923,#2924));
#601=EDGE_LOOP('',(#2925,#2926,#2927,#2928,#2929,#2930,#2931,#2932,#2933,
#2934,#2935,#2936,#2937,#2938,#2939,#2940,#2941,#2942));
#602=EDGE_LOOP('',(#2943,#2944,#2945,#2946,#2947,#2948,#2949,#2950));
#603=EDGE_LOOP('',(#2951,#2952,#2953,#2954));
#604=EDGE_LOOP('',(#2955,#2956,#2957,#2958));
#605=EDGE_LOOP('',(#2959,#2960,#2961,#2962));
#606=EDGE_LOOP('',(#2963,#2964,#2965,#2966));
#607=EDGE_LOOP('',(#2967,#2968,#2969,#2970));
#608=EDGE_LOOP('',(#2971,#2972,#2973,#2974,#2975,#2976,#2977,#2978,#2979,
#2980,#2981,#2982));
#609=EDGE_LOOP('',(#2983,#2984,#2985,#2986,#2987,#2988));
#610=EDGE_LOOP('',(#2989,#2990,#2991,#2992,#2993,#2994,#2995,#2996,#2997,
#2998,#2999,#3000,#3001,#3002,#3003,#3004,#3005,#3006,#3007,#3008,#3009,
#3010,#3011,#3012));
#611=EDGE_LOOP('',(#3013,#3014,#3015,#3016,#3017,#3018,#3019,#3020,#3021,
#3022,#3023,#3024,#3025));
#612=EDGE_LOOP('',(#3026,#3027,#3028,#3029,#3030,#3031,#3032,#3033,#3034,
#3035,#3036,#3037,#3038,#3039,#3040,#3041,#3042,#3043,#3044,#3045,#3046,
#3047,#3048,#3049,#3050,#3051,#3052,#3053));
#613=EDGE_LOOP('',(#3054,#3055,#3056,#3057,#3058,#3059,#3060,#3061,#3062,
#3063,#3064,#3065));
#614=EDGE_LOOP('',(#3066,#3067,#3068,#3069,#3070,#3071,#3072,#3073,#3074,
#3075,#3076,#3077));
#615=EDGE_LOOP('',(#3078,#3079,#3080,#3081,#3082,#3083,#3084,#3085,#3086,
#3087,#3088,#3089,#3090,#3091,#3092,#3093,#3094,#3095));
#616=EDGE_LOOP('',(#3096,#3097,#3098,#3099,#3100,#3101,#3102,#3103));
#617=EDGE_LOOP('',(#3104,#3105,#3106,#3107));
#618=EDGE_LOOP('',(#3108,#3109,#3110,#3111));
#619=EDGE_LOOP('',(#3112,#3113,#3114,#3115));
#620=LINE('',#4053,#966);
#621=LINE('',#4055,#967);
#622=LINE('',#4057,#968);
#623=LINE('',#4058,#969);
#624=LINE('',#4061,#970);
#625=LINE('',#4079,#971);
#626=LINE('',#4096,#972);
#627=LINE('',#4099,#973);
#628=LINE('',#4100,#974);
#629=LINE('',#4103,#975);
#630=LINE('',#4104,#976);
#631=LINE('',#4119,#977);
#632=LINE('',#4141,#978);
#633=LINE('',#4152,#979);
#634=LINE('',#4154,#980);
#635=LINE('',#4165,#981);
#636=LINE('',#4196,#982);
#637=LINE('',#4203,#983);
#638=LINE('',#4206,#984);
#639=LINE('',#4208,#985);
#640=LINE('',#4209,#986);
#641=LINE('',#4212,#987);
#642=LINE('',#4214,#988);
#643=LINE('',#4215,#989);
#644=LINE('',#4218,#990);
#645=LINE('',#4220,#991);
#646=LINE('',#4221,#992);
#647=LINE('',#4246,#993);
#648=LINE('',#4271,#994);
#649=LINE('',#4316,#995);
#650=LINE('',#4323,#996);
#651=LINE('',#4348,#997);
#652=LINE('',#4373,#998);
#653=LINE('',#4398,#999);
#654=LINE('',#4423,#1000);
#655=LINE('',#4448,#1001);
#656=LINE('',#4473,#1002);
#657=LINE('',#4498,#1003);
#658=LINE('',#4523,#1004);
#659=LINE('',#4548,#1005);
#660=LINE('',#4573,#1006);
#661=LINE('',#4618,#1007);
#662=LINE('',#4625,#1008);
#663=LINE('',#4650,#1009);
#664=LINE('',#4675,#1010);
#665=LINE('',#4700,#1011);
#666=LINE('',#4725,#1012);
#667=LINE('',#4750,#1013);
#668=LINE('',#4775,#1014);
#669=LINE('',#4800,#1015);
#670=LINE('',#4825,#1016);
#671=LINE('',#4850,#1017);
#672=LINE('',#4875,#1018);
#673=LINE('',#4901,#1019);
#674=LINE('',#4903,#1020);
#675=LINE('',#4905,#1021);
#676=LINE('',#4906,#1022);
#677=LINE('',#4909,#1023);
#678=LINE('',#4911,#1024);
#679=LINE('',#4912,#1025);
#680=LINE('',#4915,#1026);
#681=LINE('',#4917,#1027);
#682=LINE('',#4918,#1028);
#683=LINE('',#4921,#1029);
#684=LINE('',#4923,#1030);
#685=LINE('',#4924,#1031);
#686=LINE('',#4927,#1032);
#687=LINE('',#4929,#1033);
#688=LINE('',#4930,#1034);
#689=LINE('',#4932,#1035);
#690=LINE('',#4933,#1036);
#691=LINE('',#4937,#1037);
#692=LINE('',#4939,#1038);
#693=LINE('',#4941,#1039);
#694=LINE('',#4942,#1040);
#695=LINE('',#4967,#1041);
#696=LINE('',#4992,#1042);
#697=LINE('',#5017,#1043);
#698=LINE('',#5042,#1044);
#699=LINE('',#5067,#1045);
#700=LINE('',#5092,#1046);
#701=LINE('',#5117,#1047);
#702=LINE('',#5142,#1048);
#703=LINE('',#5167,#1049);
#704=LINE('',#5192,#1050);
#705=LINE('',#5217,#1051);
#706=LINE('',#5242,#1052);
#707=LINE('',#5245,#1053);
#708=LINE('',#5247,#1054);
#709=LINE('',#5248,#1055);
#710=LINE('',#5273,#1056);
#711=LINE('',#5298,#1057);
#712=LINE('',#5323,#1058);
#713=LINE('',#5348,#1059);
#714=LINE('',#5373,#1060);
#715=LINE('',#5398,#1061);
#716=LINE('',#5423,#1062);
#717=LINE('',#5448,#1063);
#718=LINE('',#5473,#1064);
#719=LINE('',#5499,#1065);
#720=LINE('',#5501,#1066);
#721=LINE('',#5503,#1067);
#722=LINE('',#5504,#1068);
#723=LINE('',#5507,#1069);
#724=LINE('',#5509,#1070);
#725=LINE('',#5510,#1071);
#726=LINE('',#5513,#1072);
#727=LINE('',#5515,#1073);
#728=LINE('',#5516,#1074);
#729=LINE('',#5519,#1075);
#730=LINE('',#5521,#1076);
#731=LINE('',#5522,#1077);
#732=LINE('',#5525,#1078);
#733=LINE('',#5527,#1079);
#734=LINE('',#5528,#1080);
#735=LINE('',#5531,#1081);
#736=LINE('',#5533,#1082);
#737=LINE('',#5534,#1083);
#738=LINE('',#5537,#1084);
#739=LINE('',#5539,#1085);
#740=LINE('',#5540,#1086);
#741=LINE('',#5543,#1087);
#742=LINE('',#5545,#1088);
#743=LINE('',#5546,#1089);
#744=LINE('',#5571,#1090);
#745=LINE('',#5596,#1091);
#746=LINE('',#5621,#1092);
#747=LINE('',#5646,#1093);
#748=LINE('',#5672,#1094);
#749=LINE('',#5674,#1095);
#750=LINE('',#5676,#1096);
#751=LINE('',#5677,#1097);
#752=LINE('',#5680,#1098);
#753=LINE('',#5682,#1099);
#754=LINE('',#5683,#1100);
#755=LINE('',#5686,#1101);
#756=LINE('',#5688,#1102);
#757=LINE('',#5689,#1103);
#758=LINE('',#5692,#1104);
#759=LINE('',#5694,#1105);
#760=LINE('',#5695,#1106);
#761=LINE('',#5698,#1107);
#762=LINE('',#5700,#1108);
#763=LINE('',#5701,#1109);
#764=LINE('',#5705,#1110);
#765=LINE('',#5707,#1111);
#766=LINE('',#5709,#1112);
#767=LINE('',#5710,#1113);
#768=LINE('',#5713,#1114);
#769=LINE('',#5715,#1115);
#770=LINE('',#5716,#1116);
#771=LINE('',#5719,#1117);
#772=LINE('',#5721,#1118);
#773=LINE('',#5722,#1119);
#774=LINE('',#5725,#1120);
#775=LINE('',#5727,#1121);
#776=LINE('',#5728,#1122);
#777=LINE('',#5731,#1123);
#778=LINE('',#5733,#1124);
#779=LINE('',#5734,#1125);
#780=LINE('',#5759,#1126);
#781=LINE('',#5784,#1127);
#782=LINE('',#5787,#1128);
#783=LINE('',#5789,#1129);
#784=LINE('',#5790,#1130);
#785=LINE('',#5815,#1131);
#786=LINE('',#5840,#1132);
#787=LINE('',#5843,#1133);
#788=LINE('',#5845,#1134);
#789=LINE('',#5846,#1135);
#790=LINE('',#5849,#1136);
#791=LINE('',#5851,#1137);
#792=LINE('',#5852,#1138);
#793=LINE('',#5855,#1139);
#794=LINE('',#5857,#1140);
#795=LINE('',#5858,#1141);
#796=LINE('',#5861,#1142);
#797=LINE('',#5863,#1143);
#798=LINE('',#5864,#1144);
#799=LINE('',#5867,#1145);
#800=LINE('',#5869,#1146);
#801=LINE('',#5870,#1147);
#802=LINE('',#5895,#1148);
#803=LINE('',#5920,#1149);
#804=LINE('',#5945,#1150);
#805=LINE('',#5948,#1151);
#806=LINE('',#5950,#1152);
#807=LINE('',#5951,#1153);
#808=LINE('',#5954,#1154);
#809=LINE('',#5956,#1155);
#810=LINE('',#5957,#1156);
#811=LINE('',#5960,#1157);
#812=LINE('',#5962,#1158);
#813=LINE('',#5963,#1159);
#814=LINE('',#5966,#1160);
#815=LINE('',#5968,#1161);
#816=LINE('',#5969,#1162);
#817=LINE('',#5972,#1163);
#818=LINE('',#5974,#1164);
#819=LINE('',#5975,#1165);
#820=LINE('',#5978,#1166);
#821=LINE('',#5980,#1167);
#822=LINE('',#5981,#1168);
#823=LINE('',#5984,#1169);
#824=LINE('',#5986,#1170);
#825=LINE('',#5987,#1171);
#826=LINE('',#6012,#1172);
#827=LINE('',#6037,#1173);
#828=LINE('',#6063,#1174);
#829=LINE('',#6065,#1175);
#830=LINE('',#6067,#1176);
#831=LINE('',#6068,#1177);
#832=LINE('',#6071,#1178);
#833=LINE('',#6073,#1179);
#834=LINE('',#6074,#1180);
#835=LINE('',#6077,#1181);
#836=LINE('',#6079,#1182);
#837=LINE('',#6080,#1183);
#838=LINE('',#6083,#1184);
#839=LINE('',#6085,#1185);
#840=LINE('',#6086,#1186);
#841=LINE('',#6089,#1187);
#842=LINE('',#6091,#1188);
#843=LINE('',#6092,#1189);
#844=LINE('',#6095,#1190);
#845=LINE('',#6097,#1191);
#846=LINE('',#6098,#1192);
#847=LINE('',#6101,#1193);
#848=LINE('',#6103,#1194);
#849=LINE('',#6104,#1195);
#850=LINE('',#6107,#1196);
#851=LINE('',#6109,#1197);
#852=LINE('',#6110,#1198);
#853=LINE('',#6113,#1199);
#854=LINE('',#6115,#1200);
#855=LINE('',#6116,#1201);
#856=LINE('',#6119,#1202);
#857=LINE('',#6121,#1203);
#858=LINE('',#6122,#1204);
#859=LINE('',#6125,#1205);
#860=LINE('',#6127,#1206);
#861=LINE('',#6128,#1207);
#862=LINE('',#6130,#1208);
#863=LINE('',#6131,#1209);
#864=LINE('',#6135,#1210);
#865=LINE('',#6137,#1211);
#866=LINE('',#6139,#1212);
#867=LINE('',#6140,#1213);
#868=LINE('',#6143,#1214);
#869=LINE('',#6145,#1215);
#870=LINE('',#6146,#1216);
#871=LINE('',#6149,#1217);
#872=LINE('',#6151,#1218);
#873=LINE('',#6152,#1219);
#874=LINE('',#6155,#1220);
#875=LINE('',#6157,#1221);
#876=LINE('',#6158,#1222);
#877=LINE('',#6161,#1223);
#878=LINE('',#6163,#1224);
#879=LINE('',#6164,#1225);
#880=LINE('',#6167,#1226);
#881=LINE('',#6169,#1227);
#882=LINE('',#6170,#1228);
#883=LINE('',#6173,#1229);
#884=LINE('',#6175,#1230);
#885=LINE('',#6176,#1231);
#886=LINE('',#6179,#1232);
#887=LINE('',#6181,#1233);
#888=LINE('',#6182,#1234);
#889=LINE('',#6185,#1235);
#890=LINE('',#6187,#1236);
#891=LINE('',#6188,#1237);
#892=LINE('',#6191,#1238);
#893=LINE('',#6193,#1239);
#894=LINE('',#6194,#1240);
#895=LINE('',#6197,#1241);
#896=LINE('',#6199,#1242);
#897=LINE('',#6200,#1243);
#898=LINE('',#6202,#1244);
#899=LINE('',#6203,#1245);
#900=LINE('',#6207,#1246);
#901=LINE('',#6209,#1247);
#902=LINE('',#6211,#1248);
#903=LINE('',#6212,#1249);
#904=LINE('',#6237,#1250);
#905=LINE('',#6262,#1251);
#906=LINE('',#6265,#1252);
#907=LINE('',#6267,#1253);
#908=LINE('',#6268,#1254);
#909=LINE('',#6271,#1255);
#910=LINE('',#6273,#1256);
#911=LINE('',#6274,#1257);
#912=LINE('',#6277,#1258);
#913=LINE('',#6279,#1259);
#914=LINE('',#6280,#1260);
#915=LINE('',#6283,#1261);
#916=LINE('',#6285,#1262);
#917=LINE('',#6286,#1263);
#918=LINE('',#6289,#1264);
#919=LINE('',#6291,#1265);
#920=LINE('',#6292,#1266);
#921=LINE('',#6295,#1267);
#922=LINE('',#6297,#1268);
#923=LINE('',#6298,#1269);
#924=LINE('',#6301,#1270);
#925=LINE('',#6303,#1271);
#926=LINE('',#6304,#1272);
#927=LINE('',#6329,#1273);
#928=LINE('',#6354,#1274);
#929=LINE('',#6357,#1275);
#930=LINE('',#6359,#1276);
#931=LINE('',#6360,#1277);
#932=LINE('',#6363,#1278);
#933=LINE('',#6365,#1279);
#934=LINE('',#6366,#1280);
#935=LINE('',#6369,#1281);
#936=LINE('',#6371,#1282);
#937=LINE('',#6372,#1283);
#938=LINE('',#6375,#1284);
#939=LINE('',#6377,#1285);
#940=LINE('',#6378,#1286);
#941=LINE('',#6381,#1287);
#942=LINE('',#6383,#1288);
#943=LINE('',#6384,#1289);
#944=LINE('',#6386,#1290);
#945=LINE('',#6387,#1291);
#946=LINE('',#6391,#1292);
#947=LINE('',#6393,#1293);
#948=LINE('',#6395,#1294);
#949=LINE('',#6396,#1295);
#950=LINE('',#6399,#1296);
#951=LINE('',#6400,#1297);
#952=LINE('',#6401,#1298);
#953=LINE('',#6405,#1299);
#954=LINE('',#6406,#1300);
#955=LINE('',#6407,#1301);
#956=LINE('',#6410,#1302);
#957=LINE('',#6411,#1303);
#958=LINE('',#6414,#1304);
#959=LINE('',#6415,#1305);
#960=LINE('',#6417,#1306);
#961=LINE('',#6421,#1307);
#962=LINE('',#6422,#1308);
#963=LINE('',#6423,#1309);
#964=LINE('',#6425,#1310);
#965=LINE('',#6427,#1311);
#966=VECTOR('',#3507,10.);
#967=VECTOR('',#3508,10.);
#968=VECTOR('',#3509,10.);
#969=VECTOR('',#3510,10.);
#970=VECTOR('',#3513,10.);
#971=VECTOR('',#3514,10.);
#972=VECTOR('',#3515,10.);
#973=VECTOR('',#3518,10.);
#974=VECTOR('',#3519,10.);
#975=VECTOR('',#3522,10.);
#976=VECTOR('',#3523,10.);
#977=VECTOR('',#3526,10.);
#978=VECTOR('',#3527,10.);
#979=VECTOR('',#3528,10.);
#980=VECTOR('',#3531,10.);
#981=VECTOR('',#3532,10.);
#982=VECTOR('',#3533,10.);
#983=VECTOR('',#3534,10.);
#984=VECTOR('',#3537,10.);
#985=VECTOR('',#3538,10.);
#986=VECTOR('',#3539,10.);
#987=VECTOR('',#3542,10.);
#988=VECTOR('',#3543,10.);
#989=VECTOR('',#3544,10.);
#990=VECTOR('',#3547,10.);
#991=VECTOR('',#3548,10.);
#992=VECTOR('',#3549,10.);
#993=VECTOR('',#3550,10.);
#994=VECTOR('',#3551,10.);
#995=VECTOR('',#3556,10.);
#996=VECTOR('',#3557,10.);
#997=VECTOR('',#3558,10.);
#998=VECTOR('',#3559,10.);
#999=VECTOR('',#3560,10.);
#1000=VECTOR('',#3561,10.);
#1001=VECTOR('',#3562,10.);
#1002=VECTOR('',#3563,10.);
#1003=VECTOR('',#3564,10.);
#1004=VECTOR('',#3565,10.);
#1005=VECTOR('',#3566,10.);
#1006=VECTOR('',#3567,10.);
#1007=VECTOR('',#3572,10.);
#1008=VECTOR('',#3573,10.);
#1009=VECTOR('',#3574,10.);
#1010=VECTOR('',#3575,10.);
#1011=VECTOR('',#3576,10.);
#1012=VECTOR('',#3577,10.);
#1013=VECTOR('',#3578,10.);
#1014=VECTOR('',#3579,10.);
#1015=VECTOR('',#3580,10.);
#1016=VECTOR('',#3581,10.);
#1017=VECTOR('',#3582,10.);
#1018=VECTOR('',#3583,10.);
#1019=VECTOR('',#3586,10.);
#1020=VECTOR('',#3587,10.);
#1021=VECTOR('',#3588,10.);
#1022=VECTOR('',#3589,10.);
#1023=VECTOR('',#3592,10.);
#1024=VECTOR('',#3593,10.);
#1025=VECTOR('',#3594,10.);
#1026=VECTOR('',#3597,10.);
#1027=VECTOR('',#3598,10.);
#1028=VECTOR('',#3599,10.);
#1029=VECTOR('',#3602,10.);
#1030=VECTOR('',#3603,10.);
#1031=VECTOR('',#3604,10.);
#1032=VECTOR('',#3607,10.);
#1033=VECTOR('',#3608,10.);
#1034=VECTOR('',#3609,10.);
#1035=VECTOR('',#3612,10.);
#1036=VECTOR('',#3613,10.);
#1037=VECTOR('',#3616,10.);
#1038=VECTOR('',#3617,10.);
#1039=VECTOR('',#3618,10.);
#1040=VECTOR('',#3619,10.);
#1041=VECTOR('',#3620,10.);
#1042=VECTOR('',#3621,10.);
#1043=VECTOR('',#3622,10.);
#1044=VECTOR('',#3623,10.);
#1045=VECTOR('',#3624,10.);
#1046=VECTOR('',#3625,10.);
#1047=VECTOR('',#3626,10.);
#1048=VECTOR('',#3627,10.);
#1049=VECTOR('',#3628,10.);
#1050=VECTOR('',#3629,10.);
#1051=VECTOR('',#3630,10.);
#1052=VECTOR('',#3631,10.);
#1053=VECTOR('',#3634,10.);
#1054=VECTOR('',#3635,10.);
#1055=VECTOR('',#3636,10.);
#1056=VECTOR('',#3637,10.);
#1057=VECTOR('',#3638,10.);
#1058=VECTOR('',#3639,10.);
#1059=VECTOR('',#3640,10.);
#1060=VECTOR('',#3641,10.);
#1061=VECTOR('',#3642,10.);
#1062=VECTOR('',#3643,10.);
#1063=VECTOR('',#3644,10.);
#1064=VECTOR('',#3645,10.);
#1065=VECTOR('',#3648,10.);
#1066=VECTOR('',#3649,10.);
#1067=VECTOR('',#3650,10.);
#1068=VECTOR('',#3651,10.);
#1069=VECTOR('',#3654,10.);
#1070=VECTOR('',#3655,10.);
#1071=VECTOR('',#3656,10.);
#1072=VECTOR('',#3659,10.);
#1073=VECTOR('',#3660,10.);
#1074=VECTOR('',#3661,10.);
#1075=VECTOR('',#3664,10.);
#1076=VECTOR('',#3665,10.);
#1077=VECTOR('',#3666,10.);
#1078=VECTOR('',#3669,10.);
#1079=VECTOR('',#3670,10.);
#1080=VECTOR('',#3671,10.);
#1081=VECTOR('',#3674,10.);
#1082=VECTOR('',#3675,10.);
#1083=VECTOR('',#3676,10.);
#1084=VECTOR('',#3679,10.);
#1085=VECTOR('',#3680,10.);
#1086=VECTOR('',#3681,10.);
#1087=VECTOR('',#3684,10.);
#1088=VECTOR('',#3685,10.);
#1089=VECTOR('',#3686,10.);
#1090=VECTOR('',#3687,10.);
#1091=VECTOR('',#3688,10.);
#1092=VECTOR('',#3689,10.);
#1093=VECTOR('',#3690,10.);
#1094=VECTOR('',#3693,10.);
#1095=VECTOR('',#3694,10.);
#1096=VECTOR('',#3695,10.);
#1097=VECTOR('',#3696,10.);
#1098=VECTOR('',#3699,10.);
#1099=VECTOR('',#3700,10.);
#1100=VECTOR('',#3701,10.);
#1101=VECTOR('',#3704,10.);
#1102=VECTOR('',#3705,10.);
#1103=VECTOR('',#3706,10.);
#1104=VECTOR('',#3709,10.);
#1105=VECTOR('',#3710,10.);
#1106=VECTOR('',#3711,10.);
#1107=VECTOR('',#3714,10.);
#1108=VECTOR('',#3715,10.);
#1109=VECTOR('',#3716,10.);
#1110=VECTOR('',#3719,10.);
#1111=VECTOR('',#3720,10.);
#1112=VECTOR('',#3721,10.);
#1113=VECTOR('',#3722,10.);
#1114=VECTOR('',#3725,10.);
#1115=VECTOR('',#3726,10.);
#1116=VECTOR('',#3727,10.);
#1117=VECTOR('',#3730,10.);
#1118=VECTOR('',#3731,10.);
#1119=VECTOR('',#3732,10.);
#1120=VECTOR('',#3735,10.);
#1121=VECTOR('',#3736,10.);
#1122=VECTOR('',#3737,10.);
#1123=VECTOR('',#3740,10.);
#1124=VECTOR('',#3741,10.);
#1125=VECTOR('',#3742,10.);
#1126=VECTOR('',#3743,10.);
#1127=VECTOR('',#3744,10.);
#1128=VECTOR('',#3747,10.);
#1129=VECTOR('',#3748,10.);
#1130=VECTOR('',#3749,10.);
#1131=VECTOR('',#3750,10.);
#1132=VECTOR('',#3751,10.);
#1133=VECTOR('',#3754,10.);
#1134=VECTOR('',#3755,10.);
#1135=VECTOR('',#3756,10.);
#1136=VECTOR('',#3759,10.);
#1137=VECTOR('',#3760,10.);
#1138=VECTOR('',#3761,10.);
#1139=VECTOR('',#3764,10.);
#1140=VECTOR('',#3765,10.);
#1141=VECTOR('',#3766,10.);
#1142=VECTOR('',#3769,10.);
#1143=VECTOR('',#3770,10.);
#1144=VECTOR('',#3771,10.);
#1145=VECTOR('',#3774,10.);
#1146=VECTOR('',#3775,10.);
#1147=VECTOR('',#3776,10.);
#1148=VECTOR('',#3777,10.);
#1149=VECTOR('',#3778,10.);
#1150=VECTOR('',#3779,10.);
#1151=VECTOR('',#3782,10.);
#1152=VECTOR('',#3783,10.);
#1153=VECTOR('',#3784,10.);
#1154=VECTOR('',#3787,10.);
#1155=VECTOR('',#3788,10.);
#1156=VECTOR('',#3789,10.);
#1157=VECTOR('',#3792,10.);
#1158=VECTOR('',#3793,10.);
#1159=VECTOR('',#3794,10.);
#1160=VECTOR('',#3797,10.);
#1161=VECTOR('',#3798,10.);
#1162=VECTOR('',#3799,10.);
#1163=VECTOR('',#3802,10.);
#1164=VECTOR('',#3803,10.);
#1165=VECTOR('',#3804,10.);
#1166=VECTOR('',#3807,10.);
#1167=VECTOR('',#3808,10.);
#1168=VECTOR('',#3809,10.);
#1169=VECTOR('',#3812,10.);
#1170=VECTOR('',#3813,10.);
#1171=VECTOR('',#3814,10.);
#1172=VECTOR('',#3815,10.);
#1173=VECTOR('',#3816,10.);
#1174=VECTOR('',#3819,10.);
#1175=VECTOR('',#3820,10.);
#1176=VECTOR('',#3821,10.);
#1177=VECTOR('',#3822,10.);
#1178=VECTOR('',#3825,10.);
#1179=VECTOR('',#3826,10.);
#1180=VECTOR('',#3827,10.);
#1181=VECTOR('',#3830,10.);
#1182=VECTOR('',#3831,10.);
#1183=VECTOR('',#3832,10.);
#1184=VECTOR('',#3835,10.);
#1185=VECTOR('',#3836,10.);
#1186=VECTOR('',#3837,10.);
#1187=VECTOR('',#3840,10.);
#1188=VECTOR('',#3841,10.);
#1189=VECTOR('',#3842,10.);
#1190=VECTOR('',#3845,10.);
#1191=VECTOR('',#3846,10.);
#1192=VECTOR('',#3847,10.);
#1193=VECTOR('',#3850,10.);
#1194=VECTOR('',#3851,10.);
#1195=VECTOR('',#3852,10.);
#1196=VECTOR('',#3855,10.);
#1197=VECTOR('',#3856,10.);
#1198=VECTOR('',#3857,10.);
#1199=VECTOR('',#3860,10.);
#1200=VECTOR('',#3861,10.);
#1201=VECTOR('',#3862,10.);
#1202=VECTOR('',#3865,10.);
#1203=VECTOR('',#3866,10.);
#1204=VECTOR('',#3867,10.);
#1205=VECTOR('',#3870,10.);
#1206=VECTOR('',#3871,10.);
#1207=VECTOR('',#3872,10.);
#1208=VECTOR('',#3875,10.);
#1209=VECTOR('',#3876,10.);
#1210=VECTOR('',#3879,10.);
#1211=VECTOR('',#3880,10.);
#1212=VECTOR('',#3881,10.);
#1213=VECTOR('',#3882,10.);
#1214=VECTOR('',#3885,10.);
#1215=VECTOR('',#3886,10.);
#1216=VECTOR('',#3887,10.);
#1217=VECTOR('',#3890,10.);
#1218=VECTOR('',#3891,10.);
#1219=VECTOR('',#3892,10.);
#1220=VECTOR('',#3895,10.);
#1221=VECTOR('',#3896,10.);
#1222=VECTOR('',#3897,10.);
#1223=VECTOR('',#3900,10.);
#1224=VECTOR('',#3901,10.);
#1225=VECTOR('',#3902,10.);
#1226=VECTOR('',#3905,10.);
#1227=VECTOR('',#3906,10.);
#1228=VECTOR('',#3907,10.);
#1229=VECTOR('',#3910,10.);
#1230=VECTOR('',#3911,10.);
#1231=VECTOR('',#3912,10.);
#1232=VECTOR('',#3915,10.);
#1233=VECTOR('',#3916,10.);
#1234=VECTOR('',#3917,10.);
#1235=VECTOR('',#3920,10.);
#1236=VECTOR('',#3921,10.);
#1237=VECTOR('',#3922,10.);
#1238=VECTOR('',#3925,10.);
#1239=VECTOR('',#3926,10.);
#1240=VECTOR('',#3927,10.);
#1241=VECTOR('',#3930,10.);
#1242=VECTOR('',#3931,10.);
#1243=VECTOR('',#3932,10.);
#1244=VECTOR('',#3935,10.);
#1245=VECTOR('',#3936,10.);
#1246=VECTOR('',#3939,10.);
#1247=VECTOR('',#3940,10.);
#1248=VECTOR('',#3941,10.);
#1249=VECTOR('',#3942,10.);
#1250=VECTOR('',#3943,10.);
#1251=VECTOR('',#3944,10.);
#1252=VECTOR('',#3947,10.);
#1253=VECTOR('',#3948,10.);
#1254=VECTOR('',#3949,10.);
#1255=VECTOR('',#3952,10.);
#1256=VECTOR('',#3953,10.);
#1257=VECTOR('',#3954,10.);
#1258=VECTOR('',#3957,10.);
#1259=VECTOR('',#3958,10.);
#1260=VECTOR('',#3959,10.);
#1261=VECTOR('',#3962,10.);
#1262=VECTOR('',#3963,10.);
#1263=VECTOR('',#3964,10.);
#1264=VECTOR('',#3967,10.);
#1265=VECTOR('',#3968,10.);
#1266=VECTOR('',#3969,10.);
#1267=VECTOR('',#3972,10.);
#1268=VECTOR('',#3973,10.);
#1269=VECTOR('',#3974,10.);
#1270=VECTOR('',#3977,10.);
#1271=VECTOR('',#3978,10.);
#1272=VECTOR('',#3979,10.);
#1273=VECTOR('',#3980,10.);
#1274=VECTOR('',#3981,10.);
#1275=VECTOR('',#3984,10.);
#1276=VECTOR('',#3985,10.);
#1277=VECTOR('',#3986,10.);
#1278=VECTOR('',#3989,10.);
#1279=VECTOR('',#3990,10.);
#1280=VECTOR('',#3991,10.);
#1281=VECTOR('',#3994,10.);
#1282=VECTOR('',#3995,10.);
#1283=VECTOR('',#3996,10.);
#1284=VECTOR('',#3999,10.);
#1285=VECTOR('',#4000,10.);
#1286=VECTOR('',#4001,10.);
#1287=VECTOR('',#4004,10.);
#1288=VECTOR('',#4005,10.);
#1289=VECTOR('',#4006,10.);
#1290=VECTOR('',#4009,10.);
#1291=VECTOR('',#4010,10.);
#1292=VECTOR('',#4013,10.);
#1293=VECTOR('',#4014,10.);
#1294=VECTOR('',#4015,10.);
#1295=VECTOR('',#4016,10.);
#1296=VECTOR('',#4017,10.);
#1297=VECTOR('',#4018,10.);
#1298=VECTOR('',#4019,10.);
#1299=VECTOR('',#4022,10.);
#1300=VECTOR('',#4023,10.);
#1301=VECTOR('',#4024,10.);
#1302=VECTOR('',#4027,10.);
#1303=VECTOR('',#4028,10.);
#1304=VECTOR('',#4031,10.);
#1305=VECTOR('',#4032,10.);
#1306=VECTOR('',#4035,10.);
#1307=VECTOR('',#4038,10.);
#1308=VECTOR('',#4039,10.);
#1309=VECTOR('',#4040,10.);
#1310=VECTOR('',#4043,10.);
#1311=VECTOR('',#4046,10.);
#1312=VERTEX_POINT('',#4051);
#1313=VERTEX_POINT('',#4052);
#1314=VERTEX_POINT('',#4054);
#1315=VERTEX_POINT('',#4056);
#1316=VERTEX_POINT('',#4060);
#1317=VERTEX_POINT('',#4062);
#1318=VERTEX_POINT('',#4070);
#1319=VERTEX_POINT('',#4078);
#1320=VERTEX_POINT('',#4080);
#1321=VERTEX_POINT('',#4088);
#1322=VERTEX_POINT('',#4098);
#1323=VERTEX_POINT('',#4102);
#1324=VERTEX_POINT('',#4106);
#1325=VERTEX_POINT('',#4112);
#1326=VERTEX_POINT('',#4118);
#1327=VERTEX_POINT('',#4120);
#1328=VERTEX_POINT('',#4186);
#1329=VERTEX_POINT('',#4187);
#1330=VERTEX_POINT('',#4195);
#1331=VERTEX_POINT('',#4197);
#1332=VERTEX_POINT('',#4205);
#1333=VERTEX_POINT('',#4207);
#1334=VERTEX_POINT('',#4211);
#1335=VERTEX_POINT('',#4213);
#1336=VERTEX_POINT('',#4217);
#1337=VERTEX_POINT('',#4219);
#1338=VERTEX_POINT('',#4232);
#1339=VERTEX_POINT('',#4240);
#1340=VERTEX_POINT('',#4257);
#1341=VERTEX_POINT('',#4265);
#1342=VERTEX_POINT('',#4306);
#1343=VERTEX_POINT('',#4307);
#1344=VERTEX_POINT('',#4315);
#1345=VERTEX_POINT('',#4317);
#1346=VERTEX_POINT('',#4334);
#1347=VERTEX_POINT('',#4342);
#1348=VERTEX_POINT('',#4359);
#1349=VERTEX_POINT('',#4367);
#1350=VERTEX_POINT('',#4384);
#1351=VERTEX_POINT('',#4392);
#1352=VERTEX_POINT('',#4409);
#1353=VERTEX_POINT('',#4417);
#1354=VERTEX_POINT('',#4434);
#1355=VERTEX_POINT('',#4442);
#1356=VERTEX_POINT('',#4459);
#1357=VERTEX_POINT('',#4467);
#1358=VERTEX_POINT('',#4484);
#1359=VERTEX_POINT('',#4492);
#1360=VERTEX_POINT('',#4509);
#1361=VERTEX_POINT('',#4517);
#1362=VERTEX_POINT('',#4534);
#1363=VERTEX_POINT('',#4542);
#1364=VERTEX_POINT('',#4559);
#1365=VERTEX_POINT('',#4567);
#1366=VERTEX_POINT('',#4608);
#1367=VERTEX_POINT('',#4609);
#1368=VERTEX_POINT('',#4617);
#1369=VERTEX_POINT('',#4619);
#1370=VERTEX_POINT('',#4636);
#1371=VERTEX_POINT('',#4644);
#1372=VERTEX_POINT('',#4661);
#1373=VERTEX_POINT('',#4669);
#1374=VERTEX_POINT('',#4686);
#1375=VERTEX_POINT('',#4694);
#1376=VERTEX_POINT('',#4711);
#1377=VERTEX_POINT('',#4719);
#1378=VERTEX_POINT('',#4736);
#1379=VERTEX_POINT('',#4744);
#1380=VERTEX_POINT('',#4761);
#1381=VERTEX_POINT('',#4769);
#1382=VERTEX_POINT('',#4786);
#1383=VERTEX_POINT('',#4794);
#1384=VERTEX_POINT('',#4811);
#1385=VERTEX_POINT('',#4819);
#1386=VERTEX_POINT('',#4836);
#1387=VERTEX_POINT('',#4844);
#1388=VERTEX_POINT('',#4861);
#1389=VERTEX_POINT('',#4869);
#1390=VERTEX_POINT('',#4899);
#1391=VERTEX_POINT('',#4900);
#1392=VERTEX_POINT('',#4902);
#1393=VERTEX_POINT('',#4904);
#1394=VERTEX_POINT('',#4908);
#1395=VERTEX_POINT('',#4910);
#1396=VERTEX_POINT('',#4914);
#1397=VERTEX_POINT('',#4916);
#1398=VERTEX_POINT('',#4920);
#1399=VERTEX_POINT('',#4922);
#1400=VERTEX_POINT('',#4926);
#1401=VERTEX_POINT('',#4928);
#1402=VERTEX_POINT('',#4935);
#1403=VERTEX_POINT('',#4936);
#1404=VERTEX_POINT('',#4938);
#1405=VERTEX_POINT('',#4940);
#1406=VERTEX_POINT('',#4953);
#1407=VERTEX_POINT('',#4961);
#1408=VERTEX_POINT('',#4978);
#1409=VERTEX_POINT('',#4986);
#1410=VERTEX_POINT('',#5003);
#1411=VERTEX_POINT('',#5011);
#1412=VERTEX_POINT('',#5028);
#1413=VERTEX_POINT('',#5036);
#1414=VERTEX_POINT('',#5053);
#1415=VERTEX_POINT('',#5061);
#1416=VERTEX_POINT('',#5078);
#1417=VERTEX_POINT('',#5086);
#1418=VERTEX_POINT('',#5103);
#1419=VERTEX_POINT('',#5111);
#1420=VERTEX_POINT('',#5128);
#1421=VERTEX_POINT('',#5136);
#1422=VERTEX_POINT('',#5153);
#1423=VERTEX_POINT('',#5161);
#1424=VERTEX_POINT('',#5178);
#1425=VERTEX_POINT('',#5186);
#1426=VERTEX_POINT('',#5203);
#1427=VERTEX_POINT('',#5211);
#1428=VERTEX_POINT('',#5228);
#1429=VERTEX_POINT('',#5236);
#1430=VERTEX_POINT('',#5244);
#1431=VERTEX_POINT('',#5246);
#1432=VERTEX_POINT('',#5259);
#1433=VERTEX_POINT('',#5267);
#1434=VERTEX_POINT('',#5284);
#1435=VERTEX_POINT('',#5292);
#1436=VERTEX_POINT('',#5309);
#1437=VERTEX_POINT('',#5317);
#1438=VERTEX_POINT('',#5334);
#1439=VERTEX_POINT('',#5342);
#1440=VERTEX_POINT('',#5359);
#1441=VERTEX_POINT('',#5367);
#1442=VERTEX_POINT('',#5384);
#1443=VERTEX_POINT('',#5392);
#1444=VERTEX_POINT('',#5409);
#1445=VERTEX_POINT('',#5417);
#1446=VERTEX_POINT('',#5434);
#1447=VERTEX_POINT('',#5442);
#1448=VERTEX_POINT('',#5459);
#1449=VERTEX_POINT('',#5467);
#1450=VERTEX_POINT('',#5497);
#1451=VERTEX_POINT('',#5498);
#1452=VERTEX_POINT('',#5500);
#1453=VERTEX_POINT('',#5502);
#1454=VERTEX_POINT('',#5506);
#1455=VERTEX_POINT('',#5508);
#1456=VERTEX_POINT('',#5512);
#1457=VERTEX_POINT('',#5514);
#1458=VERTEX_POINT('',#5518);
#1459=VERTEX_POINT('',#5520);
#1460=VERTEX_POINT('',#5524);
#1461=VERTEX_POINT('',#5526);
#1462=VERTEX_POINT('',#5530);
#1463=VERTEX_POINT('',#5532);
#1464=VERTEX_POINT('',#5536);
#1465=VERTEX_POINT('',#5538);
#1466=VERTEX_POINT('',#5542);
#1467=VERTEX_POINT('',#5544);
#1468=VERTEX_POINT('',#5557);
#1469=VERTEX_POINT('',#5565);
#1470=VERTEX_POINT('',#5582);
#1471=VERTEX_POINT('',#5590);
#1472=VERTEX_POINT('',#5607);
#1473=VERTEX_POINT('',#5615);
#1474=VERTEX_POINT('',#5632);
#1475=VERTEX_POINT('',#5640);
#1476=VERTEX_POINT('',#5670);
#1477=VERTEX_POINT('',#5671);
#1478=VERTEX_POINT('',#5673);
#1479=VERTEX_POINT('',#5675);
#1480=VERTEX_POINT('',#5679);
#1481=VERTEX_POINT('',#5681);
#1482=VERTEX_POINT('',#5685);
#1483=VERTEX_POINT('',#5687);
#1484=VERTEX_POINT('',#5691);
#1485=VERTEX_POINT('',#5693);
#1486=VERTEX_POINT('',#5697);
#1487=VERTEX_POINT('',#5699);
#1488=VERTEX_POINT('',#5703);
#1489=VERTEX_POINT('',#5704);
#1490=VERTEX_POINT('',#5706);
#1491=VERTEX_POINT('',#5708);
#1492=VERTEX_POINT('',#5712);
#1493=VERTEX_POINT('',#5714);
#1494=VERTEX_POINT('',#5718);
#1495=VERTEX_POINT('',#5720);
#1496=VERTEX_POINT('',#5724);
#1497=VERTEX_POINT('',#5726);
#1498=VERTEX_POINT('',#5730);
#1499=VERTEX_POINT('',#5732);
#1500=VERTEX_POINT('',#5745);
#1501=VERTEX_POINT('',#5753);
#1502=VERTEX_POINT('',#5770);
#1503=VERTEX_POINT('',#5778);
#1504=VERTEX_POINT('',#5786);
#1505=VERTEX_POINT('',#5788);
#1506=VERTEX_POINT('',#5801);
#1507=VERTEX_POINT('',#5809);
#1508=VERTEX_POINT('',#5826);
#1509=VERTEX_POINT('',#5834);
#1510=VERTEX_POINT('',#5842);
#1511=VERTEX_POINT('',#5844);
#1512=VERTEX_POINT('',#5848);
#1513=VERTEX_POINT('',#5850);
#1514=VERTEX_POINT('',#5854);
#1515=VERTEX_POINT('',#5856);
#1516=VERTEX_POINT('',#5860);
#1517=VERTEX_POINT('',#5862);
#1518=VERTEX_POINT('',#5866);
#1519=VERTEX_POINT('',#5868);
#1520=VERTEX_POINT('',#5881);
#1521=VERTEX_POINT('',#5889);
#1522=VERTEX_POINT('',#5906);
#1523=VERTEX_POINT('',#5914);
#1524=VERTEX_POINT('',#5931);
#1525=VERTEX_POINT('',#5939);
#1526=VERTEX_POINT('',#5947);
#1527=VERTEX_POINT('',#5949);
#1528=VERTEX_POINT('',#5953);
#1529=VERTEX_POINT('',#5955);
#1530=VERTEX_POINT('',#5959);
#1531=VERTEX_POINT('',#5961);
#1532=VERTEX_POINT('',#5965);
#1533=VERTEX_POINT('',#5967);
#1534=VERTEX_POINT('',#5971);
#1535=VERTEX_POINT('',#5973);
#1536=VERTEX_POINT('',#5977);
#1537=VERTEX_POINT('',#5979);
#1538=VERTEX_POINT('',#5983);
#1539=VERTEX_POINT('',#5985);
#1540=VERTEX_POINT('',#5998);
#1541=VERTEX_POINT('',#6006);
#1542=VERTEX_POINT('',#6023);
#1543=VERTEX_POINT('',#6031);
#1544=VERTEX_POINT('',#6061);
#1545=VERTEX_POINT('',#6062);
#1546=VERTEX_POINT('',#6064);
#1547=VERTEX_POINT('',#6066);
#1548=VERTEX_POINT('',#6070);
#1549=VERTEX_POINT('',#6072);
#1550=VERTEX_POINT('',#6076);
#1551=VERTEX_POINT('',#6078);
#1552=VERTEX_POINT('',#6082);
#1553=VERTEX_POINT('',#6084);
#1554=VERTEX_POINT('',#6088);
#1555=VERTEX_POINT('',#6090);
#1556=VERTEX_POINT('',#6094);
#1557=VERTEX_POINT('',#6096);
#1558=VERTEX_POINT('',#6100);
#1559=VERTEX_POINT('',#6102);
#1560=VERTEX_POINT('',#6106);
#1561=VERTEX_POINT('',#6108);
#1562=VERTEX_POINT('',#6112);
#1563=VERTEX_POINT('',#6114);
#1564=VERTEX_POINT('',#6118);
#1565=VERTEX_POINT('',#6120);
#1566=VERTEX_POINT('',#6124);
#1567=VERTEX_POINT('',#6126);
#1568=VERTEX_POINT('',#6133);
#1569=VERTEX_POINT('',#6134);
#1570=VERTEX_POINT('',#6136);
#1571=VERTEX_POINT('',#6138);
#1572=VERTEX_POINT('',#6142);
#1573=VERTEX_POINT('',#6144);
#1574=VERTEX_POINT('',#6148);
#1575=VERTEX_POINT('',#6150);
#1576=VERTEX_POINT('',#6154);
#1577=VERTEX_POINT('',#6156);
#1578=VERTEX_POINT('',#6160);
#1579=VERTEX_POINT('',#6162);
#1580=VERTEX_POINT('',#6166);
#1581=VERTEX_POINT('',#6168);
#1582=VERTEX_POINT('',#6172);
#1583=VERTEX_POINT('',#6174);
#1584=VERTEX_POINT('',#6178);
#1585=VERTEX_POINT('',#6180);
#1586=VERTEX_POINT('',#6184);
#1587=VERTEX_POINT('',#6186);
#1588=VERTEX_POINT('',#6190);
#1589=VERTEX_POINT('',#6192);
#1590=VERTEX_POINT('',#6196);
#1591=VERTEX_POINT('',#6198);
#1592=VERTEX_POINT('',#6205);
#1593=VERTEX_POINT('',#6206);
#1594=VERTEX_POINT('',#6208);
#1595=VERTEX_POINT('',#6210);
#1596=VERTEX_POINT('',#6223);
#1597=VERTEX_POINT('',#6231);
#1598=VERTEX_POINT('',#6248);
#1599=VERTEX_POINT('',#6256);
#1600=VERTEX_POINT('',#6264);
#1601=VERTEX_POINT('',#6266);
#1602=VERTEX_POINT('',#6270);
#1603=VERTEX_POINT('',#6272);
#1604=VERTEX_POINT('',#6276);
#1605=VERTEX_POINT('',#6278);
#1606=VERTEX_POINT('',#6282);
#1607=VERTEX_POINT('',#6284);
#1608=VERTEX_POINT('',#6288);
#1609=VERTEX_POINT('',#6290);
#1610=VERTEX_POINT('',#6294);
#1611=VERTEX_POINT('',#6296);
#1612=VERTEX_POINT('',#6300);
#1613=VERTEX_POINT('',#6302);
#1614=VERTEX_POINT('',#6315);
#1615=VERTEX_POINT('',#6323);
#1616=VERTEX_POINT('',#6340);
#1617=VERTEX_POINT('',#6348);
#1618=VERTEX_POINT('',#6356);
#1619=VERTEX_POINT('',#6358);
#1620=VERTEX_POINT('',#6362);
#1621=VERTEX_POINT('',#6364);
#1622=VERTEX_POINT('',#6368);
#1623=VERTEX_POINT('',#6370);
#1624=VERTEX_POINT('',#6374);
#1625=VERTEX_POINT('',#6376);
#1626=VERTEX_POINT('',#6380);
#1627=VERTEX_POINT('',#6382);
#1628=VERTEX_POINT('',#6389);
#1629=VERTEX_POINT('',#6390);
#1630=VERTEX_POINT('',#6392);
#1631=VERTEX_POINT('',#6394);
#1632=VERTEX_POINT('',#6397);
#1633=VERTEX_POINT('',#6398);
#1634=VERTEX_POINT('',#6403);
#1635=VERTEX_POINT('',#6404);
#1636=VERTEX_POINT('',#6409);
#1637=VERTEX_POINT('',#6413);
#1638=VERTEX_POINT('',#6419);
#1639=VERTEX_POINT('',#6420);
#1640=EDGE_CURVE('',#1312,#1313,#620,.T.);
#1641=EDGE_CURVE('',#1314,#1312,#621,.T.);
#1642=EDGE_CURVE('',#1315,#1314,#622,.T.);
#1643=EDGE_CURVE('',#1313,#1315,#623,.T.);
#1644=EDGE_CURVE('',#1312,#1316,#624,.T.);
#1645=EDGE_CURVE('',#1316,#1317,#112,.T.);
#1646=EDGE_CURVE('',#1317,#1318,#113,.T.);
#1647=EDGE_CURVE('',#1318,#1319,#625,.T.);
#1648=EDGE_CURVE('',#1319,#1320,#114,.T.);
#1649=EDGE_CURVE('',#1320,#1321,#115,.T.);
#1650=EDGE_CURVE('',#1321,#1314,#626,.T.);
#1651=EDGE_CURVE('',#1322,#1313,#627,.T.);
#1652=EDGE_CURVE('',#1322,#1316,#628,.T.);
#1653=EDGE_CURVE('',#1323,#1321,#629,.T.);
#1654=EDGE_CURVE('',#1315,#1323,#630,.T.);
#1655=EDGE_CURVE('',#1323,#1324,#116,.T.);
#1656=EDGE_CURVE('',#1324,#1325,#117,.T.);
#1657=EDGE_CURVE('',#1325,#1326,#631,.T.);
#1658=EDGE_CURVE('',#1326,#1327,#118,.T.);
#1659=EDGE_CURVE('',#1327,#1322,#119,.T.);
#1660=EDGE_CURVE('',#1324,#1320,#632,.T.);
#1661=EDGE_CURVE('',#1325,#1319,#633,.T.);
#1662=EDGE_CURVE('',#1326,#1318,#634,.T.);
#1663=EDGE_CURVE('',#1327,#1317,#635,.T.);
#1664=EDGE_CURVE('',#1328,#1329,#120,.T.);
#1665=EDGE_CURVE('',#1330,#1328,#636,.T.);
#1666=EDGE_CURVE('',#1331,#1330,#121,.T.);
#1667=EDGE_CURVE('',#1331,#1329,#637,.T.);
#1668=EDGE_CURVE('',#1329,#1332,#638,.T.);
#1669=EDGE_CURVE('',#1333,#1331,#639,.T.);
#1670=EDGE_CURVE('',#1333,#1332,#640,.T.);
#1671=EDGE_CURVE('',#1332,#1334,#641,.T.);
#1672=EDGE_CURVE('',#1335,#1333,#642,.T.);
#1673=EDGE_CURVE('',#1335,#1334,#643,.T.);
#1674=EDGE_CURVE('',#1334,#1336,#644,.T.);
#1675=EDGE_CURVE('',#1337,#1335,#645,.T.);
#1676=EDGE_CURVE('',#1337,#1336,#646,.T.);
#1677=EDGE_CURVE('',#1336,#1338,#122,.T.);
#1678=EDGE_CURVE('',#1339,#1337,#123,.T.);
#1679=EDGE_CURVE('',#1339,#1338,#647,.T.);
#1680=EDGE_CURVE('',#1338,#1340,#124,.T.);
#1681=EDGE_CURVE('',#1341,#1339,#125,.T.);
#1682=EDGE_CURVE('',#1341,#1340,#648,.T.);
#1683=EDGE_CURVE('',#1340,#1328,#126,.T.);
#1684=EDGE_CURVE('',#1330,#1341,#127,.T.);
#1685=EDGE_CURVE('',#1342,#1343,#128,.T.);
#1686=EDGE_CURVE('',#1344,#1342,#649,.T.);
#1687=EDGE_CURVE('',#1345,#1344,#129,.T.);
#1688=EDGE_CURVE('',#1345,#1343,#650,.T.);
#1689=EDGE_CURVE('',#1343,#1346,#130,.T.);
#1690=EDGE_CURVE('',#1347,#1345,#131,.T.);
#1691=EDGE_CURVE('',#1347,#1346,#651,.T.);
#1692=EDGE_CURVE('',#1346,#1348,#132,.T.);
#1693=EDGE_CURVE('',#1349,#1347,#133,.T.);
#1694=EDGE_CURVE('',#1349,#1348,#652,.T.);
#1695=EDGE_CURVE('',#1348,#1350,#134,.T.);
#1696=EDGE_CURVE('',#1351,#1349,#135,.T.);
#1697=EDGE_CURVE('',#1351,#1350,#653,.T.);
#1698=EDGE_CURVE('',#1350,#1352,#136,.T.);
#1699=EDGE_CURVE('',#1353,#1351,#137,.T.);
#1700=EDGE_CURVE('',#1353,#1352,#654,.T.);
#1701=EDGE_CURVE('',#1352,#1354,#138,.T.);
#1702=EDGE_CURVE('',#1355,#1353,#139,.T.);
#1703=EDGE_CURVE('',#1355,#1354,#655,.T.);
#1704=EDGE_CURVE('',#1354,#1356,#140,.T.);
#1705=EDGE_CURVE('',#1357,#1355,#141,.T.);
#1706=EDGE_CURVE('',#1357,#1356,#656,.T.);
#1707=EDGE_CURVE('',#1356,#1358,#142,.T.);
#1708=EDGE_CURVE('',#1359,#1357,#143,.T.);
#1709=EDGE_CURVE('',#1359,#1358,#657,.T.);
#1710=EDGE_CURVE('',#1358,#1360,#144,.T.);
#1711=EDGE_CURVE('',#1361,#1359,#145,.T.);
#1712=EDGE_CURVE('',#1361,#1360,#658,.T.);
#1713=EDGE_CURVE('',#1360,#1362,#146,.T.);
#1714=EDGE_CURVE('',#1363,#1361,#147,.T.);
#1715=EDGE_CURVE('',#1363,#1362,#659,.T.);
#1716=EDGE_CURVE('',#1362,#1364,#148,.T.);
#1717=EDGE_CURVE('',#1365,#1363,#149,.T.);
#1718=EDGE_CURVE('',#1365,#1364,#660,.T.);
#1719=EDGE_CURVE('',#1364,#1342,#150,.T.);
#1720=EDGE_CURVE('',#1344,#1365,#151,.T.);
#1721=EDGE_CURVE('',#1366,#1367,#152,.T.);
#1722=EDGE_CURVE('',#1368,#1366,#661,.T.);
#1723=EDGE_CURVE('',#1369,#1368,#153,.T.);
#1724=EDGE_CURVE('',#1369,#1367,#662,.T.);
#1725=EDGE_CURVE('',#1367,#1370,#154,.T.);
#1726=EDGE_CURVE('',#1371,#1369,#155,.T.);
#1727=EDGE_CURVE('',#1371,#1370,#663,.T.);
#1728=EDGE_CURVE('',#1370,#1372,#156,.T.);
#1729=EDGE_CURVE('',#1373,#1371,#157,.T.);
#1730=EDGE_CURVE('',#1373,#1372,#664,.T.);
#1731=EDGE_CURVE('',#1372,#1374,#158,.T.);
#1732=EDGE_CURVE('',#1375,#1373,#159,.T.);
#1733=EDGE_CURVE('',#1375,#1374,#665,.T.);
#1734=EDGE_CURVE('',#1374,#1376,#160,.T.);
#1735=EDGE_CURVE('',#1377,#1375,#161,.T.);
#1736=EDGE_CURVE('',#1377,#1376,#666,.T.);
#1737=EDGE_CURVE('',#1376,#1378,#162,.T.);
#1738=EDGE_CURVE('',#1379,#1377,#163,.T.);
#1739=EDGE_CURVE('',#1379,#1378,#667,.T.);
#1740=EDGE_CURVE('',#1378,#1380,#164,.T.);
#1741=EDGE_CURVE('',#1381,#1379,#165,.T.);
#1742=EDGE_CURVE('',#1381,#1380,#668,.T.);
#1743=EDGE_CURVE('',#1380,#1382,#166,.T.);
#1744=EDGE_CURVE('',#1383,#1381,#167,.T.);
#1745=EDGE_CURVE('',#1383,#1382,#669,.T.);
#1746=EDGE_CURVE('',#1382,#1384,#168,.T.);
#1747=EDGE_CURVE('',#1385,#1383,#169,.T.);
#1748=EDGE_CURVE('',#1385,#1384,#670,.T.);
#1749=EDGE_CURVE('',#1384,#1386,#170,.T.);
#1750=EDGE_CURVE('',#1387,#1385,#171,.T.);
#1751=EDGE_CURVE('',#1387,#1386,#671,.T.);
#1752=EDGE_CURVE('',#1386,#1388,#172,.T.);
#1753=EDGE_CURVE('',#1389,#1387,#173,.T.);
#1754=EDGE_CURVE('',#1389,#1388,#672,.T.);
#1755=EDGE_CURVE('',#1388,#1366,#174,.T.);
#1756=EDGE_CURVE('',#1368,#1389,#175,.T.);
#1757=EDGE_CURVE('',#1390,#1391,#673,.T.);
#1758=EDGE_CURVE('',#1392,#1390,#674,.T.);
#1759=EDGE_CURVE('',#1393,#1392,#675,.T.);
#1760=EDGE_CURVE('',#1393,#1391,#676,.T.);
#1761=EDGE_CURVE('',#1391,#1394,#677,.T.);
#1762=EDGE_CURVE('',#1395,#1393,#678,.T.);
#1763=EDGE_CURVE('',#1395,#1394,#679,.T.);
#1764=EDGE_CURVE('',#1394,#1396,#680,.T.);
#1765=EDGE_CURVE('',#1397,#1395,#681,.T.);
#1766=EDGE_CURVE('',#1397,#1396,#682,.T.);
#1767=EDGE_CURVE('',#1396,#1398,#683,.T.);
#1768=EDGE_CURVE('',#1399,#1397,#684,.T.);
#1769=EDGE_CURVE('',#1399,#1398,#685,.T.);
#1770=EDGE_CURVE('',#1398,#1400,#686,.T.);
#1771=EDGE_CURVE('',#1401,#1399,#687,.T.);
#1772=EDGE_CURVE('',#1401,#1400,#688,.T.);
#1773=EDGE_CURVE('',#1400,#1390,#689,.T.);
#1774=EDGE_CURVE('',#1392,#1401,#690,.T.);
#1775=EDGE_CURVE('',#1402,#1403,#691,.T.);
#1776=EDGE_CURVE('',#1404,#1402,#692,.T.);
#1777=EDGE_CURVE('',#1405,#1404,#693,.T.);
#1778=EDGE_CURVE('',#1405,#1403,#694,.T.);
#1779=EDGE_CURVE('',#1403,#1406,#176,.T.);
#1780=EDGE_CURVE('',#1407,#1405,#177,.T.);
#1781=EDGE_CURVE('',#1407,#1406,#695,.T.);
#1782=EDGE_CURVE('',#1406,#1408,#178,.T.);
#1783=EDGE_CURVE('',#1409,#1407,#179,.T.);
#1784=EDGE_CURVE('',#1409,#1408,#696,.T.);
#1785=EDGE_CURVE('',#1408,#1410,#180,.T.);
#1786=EDGE_CURVE('',#1411,#1409,#181,.T.);
#1787=EDGE_CURVE('',#1411,#1410,#697,.T.);
#1788=EDGE_CURVE('',#1410,#1412,#182,.T.);
#1789=EDGE_CURVE('',#1413,#1411,#183,.T.);
#1790=EDGE_CURVE('',#1413,#1412,#698,.T.);
#1791=EDGE_CURVE('',#1412,#1414,#184,.T.);
#1792=EDGE_CURVE('',#1415,#1413,#185,.T.);
#1793=EDGE_CURVE('',#1415,#1414,#699,.T.);
#1794=EDGE_CURVE('',#1414,#1416,#186,.T.);
#1795=EDGE_CURVE('',#1417,#1415,#187,.T.);
#1796=EDGE_CURVE('',#1417,#1416,#700,.T.);
#1797=EDGE_CURVE('',#1416,#1418,#188,.T.);
#1798=EDGE_CURVE('',#1419,#1417,#189,.T.);
#1799=EDGE_CURVE('',#1419,#1418,#701,.T.);
#1800=EDGE_CURVE('',#1418,#1420,#190,.T.);
#1801=EDGE_CURVE('',#1421,#1419,#191,.T.);
#1802=EDGE_CURVE('',#1421,#1420,#702,.T.);
#1803=EDGE_CURVE('',#1420,#1422,#192,.T.);
#1804=EDGE_CURVE('',#1423,#1421,#193,.T.);
#1805=EDGE_CURVE('',#1423,#1422,#703,.T.);
#1806=EDGE_CURVE('',#1422,#1424,#194,.T.);
#1807=EDGE_CURVE('',#1425,#1423,#195,.T.);
#1808=EDGE_CURVE('',#1425,#1424,#704,.T.);
#1809=EDGE_CURVE('',#1424,#1426,#196,.T.);
#1810=EDGE_CURVE('',#1427,#1425,#197,.T.);
#1811=EDGE_CURVE('',#1427,#1426,#705,.T.);
#1812=EDGE_CURVE('',#1426,#1428,#198,.T.);
#1813=EDGE_CURVE('',#1429,#1427,#199,.T.);
#1814=EDGE_CURVE('',#1429,#1428,#706,.T.);
#1815=EDGE_CURVE('',#1428,#1430,#707,.T.);
#1816=EDGE_CURVE('',#1431,#1429,#708,.T.);
#1817=EDGE_CURVE('',#1431,#1430,#709,.T.);
#1818=EDGE_CURVE('',#1430,#1432,#200,.T.);
#1819=EDGE_CURVE('',#1433,#1431,#201,.T.);
#1820=EDGE_CURVE('',#1433,#1432,#710,.T.);
#1821=EDGE_CURVE('',#1432,#1434,#202,.T.);
#1822=EDGE_CURVE('',#1435,#1433,#203,.T.);
#1823=EDGE_CURVE('',#1435,#1434,#711,.T.);
#1824=EDGE_CURVE('',#1434,#1436,#204,.T.);
#1825=EDGE_CURVE('',#1437,#1435,#205,.T.);
#1826=EDGE_CURVE('',#1437,#1436,#712,.T.);
#1827=EDGE_CURVE('',#1436,#1438,#206,.T.);
#1828=EDGE_CURVE('',#1439,#1437,#207,.T.);
#1829=EDGE_CURVE('',#1439,#1438,#713,.T.);
#1830=EDGE_CURVE('',#1438,#1440,#208,.T.);
#1831=EDGE_CURVE('',#1441,#1439,#209,.T.);
#1832=EDGE_CURVE('',#1441,#1440,#714,.T.);
#1833=EDGE_CURVE('',#1440,#1442,#210,.T.);
#1834=EDGE_CURVE('',#1443,#1441,#211,.T.);
#1835=EDGE_CURVE('',#1443,#1442,#715,.T.);
#1836=EDGE_CURVE('',#1442,#1444,#212,.T.);
#1837=EDGE_CURVE('',#1445,#1443,#213,.T.);
#1838=EDGE_CURVE('',#1445,#1444,#716,.T.);
#1839=EDGE_CURVE('',#1444,#1446,#214,.T.);
#1840=EDGE_CURVE('',#1447,#1445,#215,.T.);
#1841=EDGE_CURVE('',#1447,#1446,#717,.T.);
#1842=EDGE_CURVE('',#1446,#1448,#216,.T.);
#1843=EDGE_CURVE('',#1449,#1447,#217,.T.);
#1844=EDGE_CURVE('',#1449,#1448,#718,.T.);
#1845=EDGE_CURVE('',#1448,#1402,#218,.T.);
#1846=EDGE_CURVE('',#1404,#1449,#219,.T.);
#1847=EDGE_CURVE('',#1450,#1451,#719,.T.);
#1848=EDGE_CURVE('',#1452,#1450,#720,.T.);
#1849=EDGE_CURVE('',#1453,#1452,#721,.T.);
#1850=EDGE_CURVE('',#1453,#1451,#722,.T.);
#1851=EDGE_CURVE('',#1451,#1454,#723,.T.);
#1852=EDGE_CURVE('',#1455,#1453,#724,.T.);
#1853=EDGE_CURVE('',#1455,#1454,#725,.T.);
#1854=EDGE_CURVE('',#1454,#1456,#726,.T.);
#1855=EDGE_CURVE('',#1457,#1455,#727,.T.);
#1856=EDGE_CURVE('',#1457,#1456,#728,.T.);
#1857=EDGE_CURVE('',#1456,#1458,#729,.T.);
#1858=EDGE_CURVE('',#1459,#1457,#730,.T.);
#1859=EDGE_CURVE('',#1459,#1458,#731,.T.);
#1860=EDGE_CURVE('',#1458,#1460,#732,.T.);
#1861=EDGE_CURVE('',#1461,#1459,#733,.T.);
#1862=EDGE_CURVE('',#1461,#1460,#734,.T.);
#1863=EDGE_CURVE('',#1460,#1462,#735,.T.);
#1864=EDGE_CURVE('',#1463,#1461,#736,.T.);
#1865=EDGE_CURVE('',#1463,#1462,#737,.T.);
#1866=EDGE_CURVE('',#1462,#1464,#738,.T.);
#1867=EDGE_CURVE('',#1465,#1463,#739,.T.);
#1868=EDGE_CURVE('',#1465,#1464,#740,.T.);
#1869=EDGE_CURVE('',#1464,#1466,#741,.T.);
#1870=EDGE_CURVE('',#1467,#1465,#742,.T.);
#1871=EDGE_CURVE('',#1467,#1466,#743,.T.);
#1872=EDGE_CURVE('',#1466,#1468,#220,.T.);
#1873=EDGE_CURVE('',#1469,#1467,#221,.T.);
#1874=EDGE_CURVE('',#1469,#1468,#744,.T.);
#1875=EDGE_CURVE('',#1468,#1470,#222,.T.);
#1876=EDGE_CURVE('',#1471,#1469,#223,.T.);
#1877=EDGE_CURVE('',#1471,#1470,#745,.T.);
#1878=EDGE_CURVE('',#1470,#1472,#224,.T.);
#1879=EDGE_CURVE('',#1473,#1471,#225,.T.);
#1880=EDGE_CURVE('',#1473,#1472,#746,.T.);
#1881=EDGE_CURVE('',#1472,#1474,#226,.T.);
#1882=EDGE_CURVE('',#1475,#1473,#227,.T.);
#1883=EDGE_CURVE('',#1475,#1474,#747,.T.);
#1884=EDGE_CURVE('',#1474,#1450,#228,.T.);
#1885=EDGE_CURVE('',#1452,#1475,#229,.T.);
#1886=EDGE_CURVE('',#1476,#1477,#748,.T.);
#1887=EDGE_CURVE('',#1478,#1476,#749,.T.);
#1888=EDGE_CURVE('',#1479,#1478,#750,.T.);
#1889=EDGE_CURVE('',#1479,#1477,#751,.T.);
#1890=EDGE_CURVE('',#1477,#1480,#752,.T.);
#1891=EDGE_CURVE('',#1481,#1479,#753,.T.);
#1892=EDGE_CURVE('',#1481,#1480,#754,.T.);
#1893=EDGE_CURVE('',#1480,#1482,#755,.T.);
#1894=EDGE_CURVE('',#1483,#1481,#756,.T.);
#1895=EDGE_CURVE('',#1483,#1482,#757,.T.);
#1896=EDGE_CURVE('',#1482,#1484,#758,.T.);
#1897=EDGE_CURVE('',#1485,#1483,#759,.T.);
#1898=EDGE_CURVE('',#1485,#1484,#760,.T.);
#1899=EDGE_CURVE('',#1484,#1486,#761,.T.);
#1900=EDGE_CURVE('',#1487,#1485,#762,.T.);
#1901=EDGE_CURVE('',#1487,#1486,#763,.T.);
#1902=EDGE_CURVE('',#1488,#1489,#764,.T.);
#1903=EDGE_CURVE('',#1490,#1488,#765,.T.);
#1904=EDGE_CURVE('',#1491,#1490,#766,.T.);
#1905=EDGE_CURVE('',#1491,#1489,#767,.T.);
#1906=EDGE_CURVE('',#1489,#1492,#768,.T.);
#1907=EDGE_CURVE('',#1493,#1491,#769,.T.);
#1908=EDGE_CURVE('',#1493,#1492,#770,.T.);
#1909=EDGE_CURVE('',#1492,#1494,#771,.T.);
#1910=EDGE_CURVE('',#1495,#1493,#772,.T.);
#1911=EDGE_CURVE('',#1495,#1494,#773,.T.);
#1912=EDGE_CURVE('',#1494,#1496,#774,.T.);
#1913=EDGE_CURVE('',#1497,#1495,#775,.T.);
#1914=EDGE_CURVE('',#1497,#1496,#776,.T.);
#1915=EDGE_CURVE('',#1496,#1498,#777,.T.);
#1916=EDGE_CURVE('',#1499,#1497,#778,.T.);
#1917=EDGE_CURVE('',#1499,#1498,#779,.T.);
#1918=EDGE_CURVE('',#1498,#1500,#230,.T.);
#1919=EDGE_CURVE('',#1501,#1499,#231,.T.);
#1920=EDGE_CURVE('',#1501,#1500,#780,.T.);
#1921=EDGE_CURVE('',#1500,#1502,#232,.T.);
#1922=EDGE_CURVE('',#1503,#1501,#233,.T.);
#1923=EDGE_CURVE('',#1503,#1502,#781,.T.);
#1924=EDGE_CURVE('',#1502,#1504,#782,.T.);
#1925=EDGE_CURVE('',#1505,#1503,#783,.T.);
#1926=EDGE_CURVE('',#1505,#1504,#784,.T.);
#1927=EDGE_CURVE('',#1504,#1506,#234,.T.);
#1928=EDGE_CURVE('',#1507,#1505,#235,.T.);
#1929=EDGE_CURVE('',#1507,#1506,#785,.T.);
#1930=EDGE_CURVE('',#1506,#1508,#236,.T.);
#1931=EDGE_CURVE('',#1509,#1507,#237,.T.);
#1932=EDGE_CURVE('',#1509,#1508,#786,.T.);
#1933=EDGE_CURVE('',#1508,#1510,#787,.T.);
#1934=EDGE_CURVE('',#1511,#1509,#788,.T.);
#1935=EDGE_CURVE('',#1511,#1510,#789,.T.);
#1936=EDGE_CURVE('',#1510,#1512,#790,.T.);
#1937=EDGE_CURVE('',#1513,#1511,#791,.T.);
#1938=EDGE_CURVE('',#1513,#1512,#792,.T.);
#1939=EDGE_CURVE('',#1512,#1514,#793,.T.);
#1940=EDGE_CURVE('',#1515,#1513,#794,.T.);
#1941=EDGE_CURVE('',#1515,#1514,#795,.T.);
#1942=EDGE_CURVE('',#1514,#1516,#796,.T.);
#1943=EDGE_CURVE('',#1517,#1515,#797,.T.);
#1944=EDGE_CURVE('',#1517,#1516,#798,.T.);
#1945=EDGE_CURVE('',#1516,#1518,#799,.T.);
#1946=EDGE_CURVE('',#1519,#1517,#800,.T.);
#1947=EDGE_CURVE('',#1519,#1518,#801,.T.);
#1948=EDGE_CURVE('',#1518,#1520,#238,.T.);
#1949=EDGE_CURVE('',#1521,#1519,#239,.T.);
#1950=EDGE_CURVE('',#1521,#1520,#802,.T.);
#1951=EDGE_CURVE('',#1520,#1522,#240,.T.);
#1952=EDGE_CURVE('',#1523,#1521,#241,.T.);
#1953=EDGE_CURVE('',#1523,#1522,#803,.T.);
#1954=EDGE_CURVE('',#1522,#1524,#242,.T.);
#1955=EDGE_CURVE('',#1525,#1523,#243,.T.);
#1956=EDGE_CURVE('',#1525,#1524,#804,.T.);
#1957=EDGE_CURVE('',#1524,#1526,#805,.T.);
#1958=EDGE_CURVE('',#1527,#1525,#806,.T.);
#1959=EDGE_CURVE('',#1527,#1526,#807,.T.);
#1960=EDGE_CURVE('',#1526,#1528,#808,.T.);
#1961=EDGE_CURVE('',#1529,#1527,#809,.T.);
#1962=EDGE_CURVE('',#1529,#1528,#810,.T.);
#1963=EDGE_CURVE('',#1528,#1530,#811,.T.);
#1964=EDGE_CURVE('',#1531,#1529,#812,.T.);
#1965=EDGE_CURVE('',#1531,#1530,#813,.T.);
#1966=EDGE_CURVE('',#1530,#1532,#814,.T.);
#1967=EDGE_CURVE('',#1533,#1531,#815,.T.);
#1968=EDGE_CURVE('',#1533,#1532,#816,.T.);
#1969=EDGE_CURVE('',#1532,#1534,#817,.T.);
#1970=EDGE_CURVE('',#1535,#1533,#818,.T.);
#1971=EDGE_CURVE('',#1535,#1534,#819,.T.);
#1972=EDGE_CURVE('',#1534,#1536,#820,.T.);
#1973=EDGE_CURVE('',#1537,#1535,#821,.T.);
#1974=EDGE_CURVE('',#1537,#1536,#822,.T.);
#1975=EDGE_CURVE('',#1536,#1538,#823,.T.);
#1976=EDGE_CURVE('',#1539,#1537,#824,.T.);
#1977=EDGE_CURVE('',#1539,#1538,#825,.T.);
#1978=EDGE_CURVE('',#1538,#1540,#244,.T.);
#1979=EDGE_CURVE('',#1541,#1539,#245,.T.);
#1980=EDGE_CURVE('',#1541,#1540,#826,.T.);
#1981=EDGE_CURVE('',#1540,#1542,#246,.T.);
#1982=EDGE_CURVE('',#1543,#1541,#247,.T.);
#1983=EDGE_CURVE('',#1543,#1542,#827,.T.);
#1984=EDGE_CURVE('',#1542,#1488,#248,.T.);
#1985=EDGE_CURVE('',#1490,#1543,#249,.T.);
#1986=EDGE_CURVE('',#1544,#1545,#828,.T.);
#1987=EDGE_CURVE('',#1546,#1544,#829,.T.);
#1988=EDGE_CURVE('',#1547,#1546,#830,.T.);
#1989=EDGE_CURVE('',#1547,#1545,#831,.T.);
#1990=EDGE_CURVE('',#1545,#1548,#832,.T.);
#1991=EDGE_CURVE('',#1549,#1547,#833,.T.);
#1992=EDGE_CURVE('',#1549,#1548,#834,.T.);
#1993=EDGE_CURVE('',#1548,#1550,#835,.T.);
#1994=EDGE_CURVE('',#1551,#1549,#836,.T.);
#1995=EDGE_CURVE('',#1551,#1550,#837,.T.);
#1996=EDGE_CURVE('',#1550,#1552,#838,.T.);
#1997=EDGE_CURVE('',#1553,#1551,#839,.T.);
#1998=EDGE_CURVE('',#1553,#1552,#840,.T.);
#1999=EDGE_CURVE('',#1552,#1554,#841,.T.);
#2000=EDGE_CURVE('',#1555,#1553,#842,.T.);
#2001=EDGE_CURVE('',#1555,#1554,#843,.T.);
#2002=EDGE_CURVE('',#1554,#1556,#844,.T.);
#2003=EDGE_CURVE('',#1557,#1555,#845,.T.);
#2004=EDGE_CURVE('',#1557,#1556,#846,.T.);
#2005=EDGE_CURVE('',#1556,#1558,#847,.T.);
#2006=EDGE_CURVE('',#1559,#1557,#848,.T.);
#2007=EDGE_CURVE('',#1559,#1558,#849,.T.);
#2008=EDGE_CURVE('',#1558,#1560,#850,.T.);
#2009=EDGE_CURVE('',#1561,#1559,#851,.T.);
#2010=EDGE_CURVE('',#1561,#1560,#852,.T.);
#2011=EDGE_CURVE('',#1560,#1562,#853,.T.);
#2012=EDGE_CURVE('',#1563,#1561,#854,.T.);
#2013=EDGE_CURVE('',#1563,#1562,#855,.T.);
#2014=EDGE_CURVE('',#1562,#1564,#856,.T.);
#2015=EDGE_CURVE('',#1565,#1563,#857,.T.);
#2016=EDGE_CURVE('',#1565,#1564,#858,.T.);
#2017=EDGE_CURVE('',#1564,#1566,#859,.T.);
#2018=EDGE_CURVE('',#1567,#1565,#860,.T.);
#2019=EDGE_CURVE('',#1567,#1566,#861,.T.);
#2020=EDGE_CURVE('',#1566,#1544,#862,.T.);
#2021=EDGE_CURVE('',#1546,#1567,#863,.T.);
#2022=EDGE_CURVE('',#1568,#1569,#864,.T.);
#2023=EDGE_CURVE('',#1570,#1568,#865,.T.);
#2024=EDGE_CURVE('',#1571,#1570,#866,.T.);
#2025=EDGE_CURVE('',#1571,#1569,#867,.T.);
#2026=EDGE_CURVE('',#1569,#1572,#868,.T.);
#2027=EDGE_CURVE('',#1573,#1571,#869,.T.);
#2028=EDGE_CURVE('',#1573,#1572,#870,.T.);
#2029=EDGE_CURVE('',#1572,#1574,#871,.T.);
#2030=EDGE_CURVE('',#1575,#1573,#872,.T.);
#2031=EDGE_CURVE('',#1575,#1574,#873,.T.);
#2032=EDGE_CURVE('',#1574,#1576,#874,.T.);
#2033=EDGE_CURVE('',#1577,#1575,#875,.T.);
#2034=EDGE_CURVE('',#1577,#1576,#876,.T.);
#2035=EDGE_CURVE('',#1576,#1578,#877,.T.);
#2036=EDGE_CURVE('',#1579,#1577,#878,.T.);
#2037=EDGE_CURVE('',#1579,#1578,#879,.T.);
#2038=EDGE_CURVE('',#1578,#1580,#880,.T.);
#2039=EDGE_CURVE('',#1581,#1579,#881,.T.);
#2040=EDGE_CURVE('',#1581,#1580,#882,.T.);
#2041=EDGE_CURVE('',#1580,#1582,#883,.T.);
#2042=EDGE_CURVE('',#1583,#1581,#884,.T.);
#2043=EDGE_CURVE('',#1583,#1582,#885,.T.);
#2044=EDGE_CURVE('',#1582,#1584,#886,.T.);
#2045=EDGE_CURVE('',#1585,#1583,#887,.T.);
#2046=EDGE_CURVE('',#1585,#1584,#888,.T.);
#2047=EDGE_CURVE('',#1584,#1586,#889,.T.);
#2048=EDGE_CURVE('',#1587,#1585,#890,.T.);
#2049=EDGE_CURVE('',#1587,#1586,#891,.T.);
#2050=EDGE_CURVE('',#1586,#1588,#892,.T.);
#2051=EDGE_CURVE('',#1589,#1587,#893,.T.);
#2052=EDGE_CURVE('',#1589,#1588,#894,.T.);
#2053=EDGE_CURVE('',#1588,#1590,#895,.T.);
#2054=EDGE_CURVE('',#1591,#1589,#896,.T.);
#2055=EDGE_CURVE('',#1591,#1590,#897,.T.);
#2056=EDGE_CURVE('',#1590,#1568,#898,.T.);
#2057=EDGE_CURVE('',#1570,#1591,#899,.T.);
#2058=EDGE_CURVE('',#1592,#1593,#900,.T.);
#2059=EDGE_CURVE('',#1594,#1592,#901,.T.);
#2060=EDGE_CURVE('',#1595,#1594,#902,.T.);
#2061=EDGE_CURVE('',#1595,#1593,#903,.T.);
#2062=EDGE_CURVE('',#1593,#1596,#250,.T.);
#2063=EDGE_CURVE('',#1597,#1595,#251,.T.);
#2064=EDGE_CURVE('',#1597,#1596,#904,.T.);
#2065=EDGE_CURVE('',#1596,#1598,#252,.T.);
#2066=EDGE_CURVE('',#1599,#1597,#253,.T.);
#2067=EDGE_CURVE('',#1599,#1598,#905,.T.);
#2068=EDGE_CURVE('',#1598,#1600,#906,.T.);
#2069=EDGE_CURVE('',#1601,#1599,#907,.T.);
#2070=EDGE_CURVE('',#1601,#1600,#908,.T.);
#2071=EDGE_CURVE('',#1600,#1602,#909,.T.);
#2072=EDGE_CURVE('',#1603,#1601,#910,.T.);
#2073=EDGE_CURVE('',#1603,#1602,#911,.T.);
#2074=EDGE_CURVE('',#1602,#1604,#912,.T.);
#2075=EDGE_CURVE('',#1605,#1603,#913,.T.);
#2076=EDGE_CURVE('',#1605,#1604,#914,.T.);
#2077=EDGE_CURVE('',#1604,#1606,#915,.T.);
#2078=EDGE_CURVE('',#1607,#1605,#916,.T.);
#2079=EDGE_CURVE('',#1607,#1606,#917,.T.);
#2080=EDGE_CURVE('',#1606,#1608,#918,.T.);
#2081=EDGE_CURVE('',#1609,#1607,#919,.T.);
#2082=EDGE_CURVE('',#1609,#1608,#920,.T.);
#2083=EDGE_CURVE('',#1608,#1610,#921,.T.);
#2084=EDGE_CURVE('',#1611,#1609,#922,.T.);
#2085=EDGE_CURVE('',#1611,#1610,#923,.T.);
#2086=EDGE_CURVE('',#1610,#1612,#924,.T.);
#2087=EDGE_CURVE('',#1613,#1611,#925,.T.);
#2088=EDGE_CURVE('',#1613,#1612,#926,.T.);
#2089=EDGE_CURVE('',#1612,#1614,#254,.T.);
#2090=EDGE_CURVE('',#1615,#1613,#255,.T.);
#2091=EDGE_CURVE('',#1615,#1614,#927,.T.);
#2092=EDGE_CURVE('',#1614,#1616,#256,.T.);
#2093=EDGE_CURVE('',#1617,#1615,#257,.T.);
#2094=EDGE_CURVE('',#1617,#1616,#928,.T.);
#2095=EDGE_CURVE('',#1616,#1618,#929,.T.);
#2096=EDGE_CURVE('',#1619,#1617,#930,.T.);
#2097=EDGE_CURVE('',#1619,#1618,#931,.T.);
#2098=EDGE_CURVE('',#1618,#1620,#932,.T.);
#2099=EDGE_CURVE('',#1621,#1619,#933,.T.);
#2100=EDGE_CURVE('',#1621,#1620,#934,.T.);
#2101=EDGE_CURVE('',#1620,#1622,#935,.T.);
#2102=EDGE_CURVE('',#1623,#1621,#936,.T.);
#2103=EDGE_CURVE('',#1623,#1622,#937,.T.);
#2104=EDGE_CURVE('',#1622,#1624,#938,.T.);
#2105=EDGE_CURVE('',#1625,#1623,#939,.T.);
#2106=EDGE_CURVE('',#1625,#1624,#940,.T.);
#2107=EDGE_CURVE('',#1624,#1626,#941,.T.);
#2108=EDGE_CURVE('',#1627,#1625,#942,.T.);
#2109=EDGE_CURVE('',#1627,#1626,#943,.T.);
#2110=EDGE_CURVE('',#1626,#1592,#944,.T.);
#2111=EDGE_CURVE('',#1594,#1627,#945,.T.);
#2112=EDGE_CURVE('',#1628,#1629,#946,.T.);
#2113=EDGE_CURVE('',#1629,#1630,#947,.T.);
#2114=EDGE_CURVE('',#1630,#1631,#948,.T.);
#2115=EDGE_CURVE('',#1631,#1628,#949,.T.);
#2116=EDGE_CURVE('',#1632,#1633,#950,.T.);
#2117=EDGE_CURVE('',#1633,#1487,#951,.T.);
#2118=EDGE_CURVE('',#1478,#1632,#952,.T.);
#2119=EDGE_CURVE('',#1634,#1635,#953,.T.);
#2120=EDGE_CURVE('',#1628,#1634,#954,.T.);
#2121=EDGE_CURVE('',#1631,#1635,#955,.T.);
#2122=EDGE_CURVE('',#1635,#1636,#956,.T.);
#2123=EDGE_CURVE('',#1630,#1636,#957,.T.);
#2124=EDGE_CURVE('',#1636,#1637,#958,.T.);
#2125=EDGE_CURVE('',#1629,#1637,#959,.T.);
#2126=EDGE_CURVE('',#1637,#1634,#960,.T.);
#2127=EDGE_CURVE('',#1638,#1639,#961,.T.);
#2128=EDGE_CURVE('',#1639,#1476,#962,.T.);
#2129=EDGE_CURVE('',#1486,#1638,#963,.T.);
#2130=EDGE_CURVE('',#1639,#1632,#964,.T.);
#2131=EDGE_CURVE('',#1633,#1638,#965,.T.);
#2132=ORIENTED_EDGE('',*,*,#1640,.F.);
#2133=ORIENTED_EDGE('',*,*,#1641,.F.);
#2134=ORIENTED_EDGE('',*,*,#1642,.F.);
#2135=ORIENTED_EDGE('',*,*,#1643,.F.);
#2136=ORIENTED_EDGE('',*,*,#1641,.T.);
#2137=ORIENTED_EDGE('',*,*,#1644,.T.);
#2138=ORIENTED_EDGE('',*,*,#1645,.T.);
#2139=ORIENTED_EDGE('',*,*,#1646,.T.);
#2140=ORIENTED_EDGE('',*,*,#1647,.T.);
#2141=ORIENTED_EDGE('',*,*,#1648,.T.);
#2142=ORIENTED_EDGE('',*,*,#1649,.T.);
#2143=ORIENTED_EDGE('',*,*,#1650,.T.);
#2144=ORIENTED_EDGE('',*,*,#1640,.T.);
#2145=ORIENTED_EDGE('',*,*,#1651,.F.);
#2146=ORIENTED_EDGE('',*,*,#1652,.T.);
#2147=ORIENTED_EDGE('',*,*,#1644,.F.);
#2148=ORIENTED_EDGE('',*,*,#1642,.T.);
#2149=ORIENTED_EDGE('',*,*,#1650,.F.);
#2150=ORIENTED_EDGE('',*,*,#1653,.F.);
#2151=ORIENTED_EDGE('',*,*,#1654,.F.);
#2152=ORIENTED_EDGE('',*,*,#1643,.T.);
#2153=ORIENTED_EDGE('',*,*,#1654,.T.);
#2154=ORIENTED_EDGE('',*,*,#1655,.T.);
#2155=ORIENTED_EDGE('',*,*,#1656,.T.);
#2156=ORIENTED_EDGE('',*,*,#1657,.T.);
#2157=ORIENTED_EDGE('',*,*,#1658,.T.);
#2158=ORIENTED_EDGE('',*,*,#1659,.T.);
#2159=ORIENTED_EDGE('',*,*,#1651,.T.);
#2160=ORIENTED_EDGE('',*,*,#1649,.F.);
#2161=ORIENTED_EDGE('',*,*,#1660,.F.);
#2162=ORIENTED_EDGE('',*,*,#1655,.F.);
#2163=ORIENTED_EDGE('',*,*,#1653,.T.);
#2164=ORIENTED_EDGE('',*,*,#1648,.F.);
#2165=ORIENTED_EDGE('',*,*,#1661,.F.);
#2166=ORIENTED_EDGE('',*,*,#1656,.F.);
#2167=ORIENTED_EDGE('',*,*,#1660,.T.);
#2168=ORIENTED_EDGE('',*,*,#1647,.F.);
#2169=ORIENTED_EDGE('',*,*,#1662,.F.);
#2170=ORIENTED_EDGE('',*,*,#1657,.F.);
#2171=ORIENTED_EDGE('',*,*,#1661,.T.);
#2172=ORIENTED_EDGE('',*,*,#1646,.F.);
#2173=ORIENTED_EDGE('',*,*,#1663,.F.);
#2174=ORIENTED_EDGE('',*,*,#1658,.F.);
#2175=ORIENTED_EDGE('',*,*,#1662,.T.);
#2176=ORIENTED_EDGE('',*,*,#1645,.F.);
#2177=ORIENTED_EDGE('',*,*,#1652,.F.);
#2178=ORIENTED_EDGE('',*,*,#1659,.F.);
#2179=ORIENTED_EDGE('',*,*,#1663,.T.);
#2180=ORIENTED_EDGE('',*,*,#1664,.F.);
#2181=ORIENTED_EDGE('',*,*,#1665,.F.);
#2182=ORIENTED_EDGE('',*,*,#1666,.F.);
#2183=ORIENTED_EDGE('',*,*,#1667,.T.);
#2184=ORIENTED_EDGE('',*,*,#1668,.F.);
#2185=ORIENTED_EDGE('',*,*,#1667,.F.);
#2186=ORIENTED_EDGE('',*,*,#1669,.F.);
#2187=ORIENTED_EDGE('',*,*,#1670,.T.);
#2188=ORIENTED_EDGE('',*,*,#1671,.F.);
#2189=ORIENTED_EDGE('',*,*,#1670,.F.);
#2190=ORIENTED_EDGE('',*,*,#1672,.F.);
#2191=ORIENTED_EDGE('',*,*,#1673,.T.);
#2192=ORIENTED_EDGE('',*,*,#1674,.F.);
#2193=ORIENTED_EDGE('',*,*,#1673,.F.);
#2194=ORIENTED_EDGE('',*,*,#1675,.F.);
#2195=ORIENTED_EDGE('',*,*,#1676,.T.);
#2196=ORIENTED_EDGE('',*,*,#1677,.F.);
#2197=ORIENTED_EDGE('',*,*,#1676,.F.);
#2198=ORIENTED_EDGE('',*,*,#1678,.F.);
#2199=ORIENTED_EDGE('',*,*,#1679,.T.);
#2200=ORIENTED_EDGE('',*,*,#1680,.F.);
#2201=ORIENTED_EDGE('',*,*,#1679,.F.);
#2202=ORIENTED_EDGE('',*,*,#1681,.F.);
#2203=ORIENTED_EDGE('',*,*,#1682,.T.);
#2204=ORIENTED_EDGE('',*,*,#1683,.F.);
#2205=ORIENTED_EDGE('',*,*,#1682,.F.);
#2206=ORIENTED_EDGE('',*,*,#1684,.F.);
#2207=ORIENTED_EDGE('',*,*,#1665,.T.);
#2208=ORIENTED_EDGE('',*,*,#1675,.T.);
#2209=ORIENTED_EDGE('',*,*,#1672,.T.);
#2210=ORIENTED_EDGE('',*,*,#1669,.T.);
#2211=ORIENTED_EDGE('',*,*,#1666,.T.);
#2212=ORIENTED_EDGE('',*,*,#1684,.T.);
#2213=ORIENTED_EDGE('',*,*,#1681,.T.);
#2214=ORIENTED_EDGE('',*,*,#1678,.T.);
#2215=ORIENTED_EDGE('',*,*,#1674,.T.);
#2216=ORIENTED_EDGE('',*,*,#1677,.T.);
#2217=ORIENTED_EDGE('',*,*,#1680,.T.);
#2218=ORIENTED_EDGE('',*,*,#1683,.T.);
#2219=ORIENTED_EDGE('',*,*,#1664,.T.);
#2220=ORIENTED_EDGE('',*,*,#1668,.T.);
#2221=ORIENTED_EDGE('',*,*,#1671,.T.);
#2222=ORIENTED_EDGE('',*,*,#1685,.F.);
#2223=ORIENTED_EDGE('',*,*,#1686,.F.);
#2224=ORIENTED_EDGE('',*,*,#1687,.F.);
#2225=ORIENTED_EDGE('',*,*,#1688,.T.);
#2226=ORIENTED_EDGE('',*,*,#1689,.F.);
#2227=ORIENTED_EDGE('',*,*,#1688,.F.);
#2228=ORIENTED_EDGE('',*,*,#1690,.F.);
#2229=ORIENTED_EDGE('',*,*,#1691,.T.);
#2230=ORIENTED_EDGE('',*,*,#1692,.F.);
#2231=ORIENTED_EDGE('',*,*,#1691,.F.);
#2232=ORIENTED_EDGE('',*,*,#1693,.F.);
#2233=ORIENTED_EDGE('',*,*,#1694,.T.);
#2234=ORIENTED_EDGE('',*,*,#1695,.F.);
#2235=ORIENTED_EDGE('',*,*,#1694,.F.);
#2236=ORIENTED_EDGE('',*,*,#1696,.F.);
#2237=ORIENTED_EDGE('',*,*,#1697,.T.);
#2238=ORIENTED_EDGE('',*,*,#1698,.F.);
#2239=ORIENTED_EDGE('',*,*,#1697,.F.);
#2240=ORIENTED_EDGE('',*,*,#1699,.F.);
#2241=ORIENTED_EDGE('',*,*,#1700,.T.);
#2242=ORIENTED_EDGE('',*,*,#1701,.F.);
#2243=ORIENTED_EDGE('',*,*,#1700,.F.);
#2244=ORIENTED_EDGE('',*,*,#1702,.F.);
#2245=ORIENTED_EDGE('',*,*,#1703,.T.);
#2246=ORIENTED_EDGE('',*,*,#1704,.F.);
#2247=ORIENTED_EDGE('',*,*,#1703,.F.);
#2248=ORIENTED_EDGE('',*,*,#1705,.F.);
#2249=ORIENTED_EDGE('',*,*,#1706,.T.);
#2250=ORIENTED_EDGE('',*,*,#1707,.F.);
#2251=ORIENTED_EDGE('',*,*,#1706,.F.);
#2252=ORIENTED_EDGE('',*,*,#1708,.F.);
#2253=ORIENTED_EDGE('',*,*,#1709,.T.);
#2254=ORIENTED_EDGE('',*,*,#1710,.F.);
#2255=ORIENTED_EDGE('',*,*,#1709,.F.);
#2256=ORIENTED_EDGE('',*,*,#1711,.F.);
#2257=ORIENTED_EDGE('',*,*,#1712,.T.);
#2258=ORIENTED_EDGE('',*,*,#1713,.F.);
#2259=ORIENTED_EDGE('',*,*,#1712,.F.);
#2260=ORIENTED_EDGE('',*,*,#1714,.F.);
#2261=ORIENTED_EDGE('',*,*,#1715,.T.);
#2262=ORIENTED_EDGE('',*,*,#1716,.F.);
#2263=ORIENTED_EDGE('',*,*,#1715,.F.);
#2264=ORIENTED_EDGE('',*,*,#1717,.F.);
#2265=ORIENTED_EDGE('',*,*,#1718,.T.);
#2266=ORIENTED_EDGE('',*,*,#1719,.F.);
#2267=ORIENTED_EDGE('',*,*,#1718,.F.);
#2268=ORIENTED_EDGE('',*,*,#1720,.F.);
#2269=ORIENTED_EDGE('',*,*,#1686,.T.);
#2270=ORIENTED_EDGE('',*,*,#1705,.T.);
#2271=ORIENTED_EDGE('',*,*,#1702,.T.);
#2272=ORIENTED_EDGE('',*,*,#1699,.T.);
#2273=ORIENTED_EDGE('',*,*,#1696,.T.);
#2274=ORIENTED_EDGE('',*,*,#1693,.T.);
#2275=ORIENTED_EDGE('',*,*,#1690,.T.);
#2276=ORIENTED_EDGE('',*,*,#1687,.T.);
#2277=ORIENTED_EDGE('',*,*,#1720,.T.);
#2278=ORIENTED_EDGE('',*,*,#1717,.T.);
#2279=ORIENTED_EDGE('',*,*,#1714,.T.);
#2280=ORIENTED_EDGE('',*,*,#1711,.T.);
#2281=ORIENTED_EDGE('',*,*,#1708,.T.);
#2282=ORIENTED_EDGE('',*,*,#1704,.T.);
#2283=ORIENTED_EDGE('',*,*,#1707,.T.);
#2284=ORIENTED_EDGE('',*,*,#1710,.T.);
#2285=ORIENTED_EDGE('',*,*,#1713,.T.);
#2286=ORIENTED_EDGE('',*,*,#1716,.T.);
#2287=ORIENTED_EDGE('',*,*,#1719,.T.);
#2288=ORIENTED_EDGE('',*,*,#1685,.T.);
#2289=ORIENTED_EDGE('',*,*,#1689,.T.);
#2290=ORIENTED_EDGE('',*,*,#1692,.T.);
#2291=ORIENTED_EDGE('',*,*,#1695,.T.);
#2292=ORIENTED_EDGE('',*,*,#1698,.T.);
#2293=ORIENTED_EDGE('',*,*,#1701,.T.);
#2294=ORIENTED_EDGE('',*,*,#1721,.F.);
#2295=ORIENTED_EDGE('',*,*,#1722,.F.);
#2296=ORIENTED_EDGE('',*,*,#1723,.F.);
#2297=ORIENTED_EDGE('',*,*,#1724,.T.);
#2298=ORIENTED_EDGE('',*,*,#1725,.F.);
#2299=ORIENTED_EDGE('',*,*,#1724,.F.);
#2300=ORIENTED_EDGE('',*,*,#1726,.F.);
#2301=ORIENTED_EDGE('',*,*,#1727,.T.);
#2302=ORIENTED_EDGE('',*,*,#1728,.F.);
#2303=ORIENTED_EDGE('',*,*,#1727,.F.);
#2304=ORIENTED_EDGE('',*,*,#1729,.F.);
#2305=ORIENTED_EDGE('',*,*,#1730,.T.);
#2306=ORIENTED_EDGE('',*,*,#1731,.F.);
#2307=ORIENTED_EDGE('',*,*,#1730,.F.);
#2308=ORIENTED_EDGE('',*,*,#1732,.F.);
#2309=ORIENTED_EDGE('',*,*,#1733,.T.);
#2310=ORIENTED_EDGE('',*,*,#1734,.F.);
#2311=ORIENTED_EDGE('',*,*,#1733,.F.);
#2312=ORIENTED_EDGE('',*,*,#1735,.F.);
#2313=ORIENTED_EDGE('',*,*,#1736,.T.);
#2314=ORIENTED_EDGE('',*,*,#1737,.F.);
#2315=ORIENTED_EDGE('',*,*,#1736,.F.);
#2316=ORIENTED_EDGE('',*,*,#1738,.F.);
#2317=ORIENTED_EDGE('',*,*,#1739,.T.);
#2318=ORIENTED_EDGE('',*,*,#1740,.F.);
#2319=ORIENTED_EDGE('',*,*,#1739,.F.);
#2320=ORIENTED_EDGE('',*,*,#1741,.F.);
#2321=ORIENTED_EDGE('',*,*,#1742,.T.);
#2322=ORIENTED_EDGE('',*,*,#1743,.F.);
#2323=ORIENTED_EDGE('',*,*,#1742,.F.);
#2324=ORIENTED_EDGE('',*,*,#1744,.F.);
#2325=ORIENTED_EDGE('',*,*,#1745,.T.);
#2326=ORIENTED_EDGE('',*,*,#1746,.F.);
#2327=ORIENTED_EDGE('',*,*,#1745,.F.);
#2328=ORIENTED_EDGE('',*,*,#1747,.F.);
#2329=ORIENTED_EDGE('',*,*,#1748,.T.);
#2330=ORIENTED_EDGE('',*,*,#1749,.F.);
#2331=ORIENTED_EDGE('',*,*,#1748,.F.);
#2332=ORIENTED_EDGE('',*,*,#1750,.F.);
#2333=ORIENTED_EDGE('',*,*,#1751,.T.);
#2334=ORIENTED_EDGE('',*,*,#1752,.F.);
#2335=ORIENTED_EDGE('',*,*,#1751,.F.);
#2336=ORIENTED_EDGE('',*,*,#1753,.F.);
#2337=ORIENTED_EDGE('',*,*,#1754,.T.);
#2338=ORIENTED_EDGE('',*,*,#1755,.F.);
#2339=ORIENTED_EDGE('',*,*,#1754,.F.);
#2340=ORIENTED_EDGE('',*,*,#1756,.F.);
#2341=ORIENTED_EDGE('',*,*,#1722,.T.);
#2342=ORIENTED_EDGE('',*,*,#1757,.F.);
#2343=ORIENTED_EDGE('',*,*,#1758,.F.);
#2344=ORIENTED_EDGE('',*,*,#1759,.F.);
#2345=ORIENTED_EDGE('',*,*,#1760,.T.);
#2346=ORIENTED_EDGE('',*,*,#1761,.F.);
#2347=ORIENTED_EDGE('',*,*,#1760,.F.);
#2348=ORIENTED_EDGE('',*,*,#1762,.F.);
#2349=ORIENTED_EDGE('',*,*,#1763,.T.);
#2350=ORIENTED_EDGE('',*,*,#1764,.F.);
#2351=ORIENTED_EDGE('',*,*,#1763,.F.);
#2352=ORIENTED_EDGE('',*,*,#1765,.F.);
#2353=ORIENTED_EDGE('',*,*,#1766,.T.);
#2354=ORIENTED_EDGE('',*,*,#1767,.F.);
#2355=ORIENTED_EDGE('',*,*,#1766,.F.);
#2356=ORIENTED_EDGE('',*,*,#1768,.F.);
#2357=ORIENTED_EDGE('',*,*,#1769,.T.);
#2358=ORIENTED_EDGE('',*,*,#1770,.F.);
#2359=ORIENTED_EDGE('',*,*,#1769,.F.);
#2360=ORIENTED_EDGE('',*,*,#1771,.F.);
#2361=ORIENTED_EDGE('',*,*,#1772,.T.);
#2362=ORIENTED_EDGE('',*,*,#1773,.F.);
#2363=ORIENTED_EDGE('',*,*,#1772,.F.);
#2364=ORIENTED_EDGE('',*,*,#1774,.F.);
#2365=ORIENTED_EDGE('',*,*,#1758,.T.);
#2366=ORIENTED_EDGE('',*,*,#1775,.F.);
#2367=ORIENTED_EDGE('',*,*,#1776,.F.);
#2368=ORIENTED_EDGE('',*,*,#1777,.F.);
#2369=ORIENTED_EDGE('',*,*,#1778,.T.);
#2370=ORIENTED_EDGE('',*,*,#1779,.F.);
#2371=ORIENTED_EDGE('',*,*,#1778,.F.);
#2372=ORIENTED_EDGE('',*,*,#1780,.F.);
#2373=ORIENTED_EDGE('',*,*,#1781,.T.);
#2374=ORIENTED_EDGE('',*,*,#1782,.F.);
#2375=ORIENTED_EDGE('',*,*,#1781,.F.);
#2376=ORIENTED_EDGE('',*,*,#1783,.F.);
#2377=ORIENTED_EDGE('',*,*,#1784,.T.);
#2378=ORIENTED_EDGE('',*,*,#1785,.F.);
#2379=ORIENTED_EDGE('',*,*,#1784,.F.);
#2380=ORIENTED_EDGE('',*,*,#1786,.F.);
#2381=ORIENTED_EDGE('',*,*,#1787,.T.);
#2382=ORIENTED_EDGE('',*,*,#1788,.F.);
#2383=ORIENTED_EDGE('',*,*,#1787,.F.);
#2384=ORIENTED_EDGE('',*,*,#1789,.F.);
#2385=ORIENTED_EDGE('',*,*,#1790,.T.);
#2386=ORIENTED_EDGE('',*,*,#1791,.F.);
#2387=ORIENTED_EDGE('',*,*,#1790,.F.);
#2388=ORIENTED_EDGE('',*,*,#1792,.F.);
#2389=ORIENTED_EDGE('',*,*,#1793,.T.);
#2390=ORIENTED_EDGE('',*,*,#1794,.F.);
#2391=ORIENTED_EDGE('',*,*,#1793,.F.);
#2392=ORIENTED_EDGE('',*,*,#1795,.F.);
#2393=ORIENTED_EDGE('',*,*,#1796,.T.);
#2394=ORIENTED_EDGE('',*,*,#1797,.F.);
#2395=ORIENTED_EDGE('',*,*,#1796,.F.);
#2396=ORIENTED_EDGE('',*,*,#1798,.F.);
#2397=ORIENTED_EDGE('',*,*,#1799,.T.);
#2398=ORIENTED_EDGE('',*,*,#1800,.F.);
#2399=ORIENTED_EDGE('',*,*,#1799,.F.);
#2400=ORIENTED_EDGE('',*,*,#1801,.F.);
#2401=ORIENTED_EDGE('',*,*,#1802,.T.);
#2402=ORIENTED_EDGE('',*,*,#1803,.F.);
#2403=ORIENTED_EDGE('',*,*,#1802,.F.);
#2404=ORIENTED_EDGE('',*,*,#1804,.F.);
#2405=ORIENTED_EDGE('',*,*,#1805,.T.);
#2406=ORIENTED_EDGE('',*,*,#1806,.F.);
#2407=ORIENTED_EDGE('',*,*,#1805,.F.);
#2408=ORIENTED_EDGE('',*,*,#1807,.F.);
#2409=ORIENTED_EDGE('',*,*,#1808,.T.);
#2410=ORIENTED_EDGE('',*,*,#1809,.F.);
#2411=ORIENTED_EDGE('',*,*,#1808,.F.);
#2412=ORIENTED_EDGE('',*,*,#1810,.F.);
#2413=ORIENTED_EDGE('',*,*,#1811,.T.);
#2414=ORIENTED_EDGE('',*,*,#1812,.F.);
#2415=ORIENTED_EDGE('',*,*,#1811,.F.);
#2416=ORIENTED_EDGE('',*,*,#1813,.F.);
#2417=ORIENTED_EDGE('',*,*,#1814,.T.);
#2418=ORIENTED_EDGE('',*,*,#1815,.F.);
#2419=ORIENTED_EDGE('',*,*,#1814,.F.);
#2420=ORIENTED_EDGE('',*,*,#1816,.F.);
#2421=ORIENTED_EDGE('',*,*,#1817,.T.);
#2422=ORIENTED_EDGE('',*,*,#1818,.F.);
#2423=ORIENTED_EDGE('',*,*,#1817,.F.);
#2424=ORIENTED_EDGE('',*,*,#1819,.F.);
#2425=ORIENTED_EDGE('',*,*,#1820,.T.);
#2426=ORIENTED_EDGE('',*,*,#1821,.F.);
#2427=ORIENTED_EDGE('',*,*,#1820,.F.);
#2428=ORIENTED_EDGE('',*,*,#1822,.F.);
#2429=ORIENTED_EDGE('',*,*,#1823,.T.);
#2430=ORIENTED_EDGE('',*,*,#1824,.F.);
#2431=ORIENTED_EDGE('',*,*,#1823,.F.);
#2432=ORIENTED_EDGE('',*,*,#1825,.F.);
#2433=ORIENTED_EDGE('',*,*,#1826,.T.);
#2434=ORIENTED_EDGE('',*,*,#1827,.F.);
#2435=ORIENTED_EDGE('',*,*,#1826,.F.);
#2436=ORIENTED_EDGE('',*,*,#1828,.F.);
#2437=ORIENTED_EDGE('',*,*,#1829,.T.);
#2438=ORIENTED_EDGE('',*,*,#1830,.F.);
#2439=ORIENTED_EDGE('',*,*,#1829,.F.);
#2440=ORIENTED_EDGE('',*,*,#1831,.F.);
#2441=ORIENTED_EDGE('',*,*,#1832,.T.);
#2442=ORIENTED_EDGE('',*,*,#1833,.F.);
#2443=ORIENTED_EDGE('',*,*,#1832,.F.);
#2444=ORIENTED_EDGE('',*,*,#1834,.F.);
#2445=ORIENTED_EDGE('',*,*,#1835,.T.);
#2446=ORIENTED_EDGE('',*,*,#1836,.F.);
#2447=ORIENTED_EDGE('',*,*,#1835,.F.);
#2448=ORIENTED_EDGE('',*,*,#1837,.F.);
#2449=ORIENTED_EDGE('',*,*,#1838,.T.);
#2450=ORIENTED_EDGE('',*,*,#1839,.F.);
#2451=ORIENTED_EDGE('',*,*,#1838,.F.);
#2452=ORIENTED_EDGE('',*,*,#1840,.F.);
#2453=ORIENTED_EDGE('',*,*,#1841,.T.);
#2454=ORIENTED_EDGE('',*,*,#1842,.F.);
#2455=ORIENTED_EDGE('',*,*,#1841,.F.);
#2456=ORIENTED_EDGE('',*,*,#1843,.F.);
#2457=ORIENTED_EDGE('',*,*,#1844,.T.);
#2458=ORIENTED_EDGE('',*,*,#1845,.F.);
#2459=ORIENTED_EDGE('',*,*,#1844,.F.);
#2460=ORIENTED_EDGE('',*,*,#1846,.F.);
#2461=ORIENTED_EDGE('',*,*,#1776,.T.);
#2462=ORIENTED_EDGE('',*,*,#1847,.F.);
#2463=ORIENTED_EDGE('',*,*,#1848,.F.);
#2464=ORIENTED_EDGE('',*,*,#1849,.F.);
#2465=ORIENTED_EDGE('',*,*,#1850,.T.);
#2466=ORIENTED_EDGE('',*,*,#1851,.F.);
#2467=ORIENTED_EDGE('',*,*,#1850,.F.);
#2468=ORIENTED_EDGE('',*,*,#1852,.F.);
#2469=ORIENTED_EDGE('',*,*,#1853,.T.);
#2470=ORIENTED_EDGE('',*,*,#1854,.F.);
#2471=ORIENTED_EDGE('',*,*,#1853,.F.);
#2472=ORIENTED_EDGE('',*,*,#1855,.F.);
#2473=ORIENTED_EDGE('',*,*,#1856,.T.);
#2474=ORIENTED_EDGE('',*,*,#1857,.F.);
#2475=ORIENTED_EDGE('',*,*,#1856,.F.);
#2476=ORIENTED_EDGE('',*,*,#1858,.F.);
#2477=ORIENTED_EDGE('',*,*,#1859,.T.);
#2478=ORIENTED_EDGE('',*,*,#1860,.F.);
#2479=ORIENTED_EDGE('',*,*,#1859,.F.);
#2480=ORIENTED_EDGE('',*,*,#1861,.F.);
#2481=ORIENTED_EDGE('',*,*,#1862,.T.);
#2482=ORIENTED_EDGE('',*,*,#1863,.F.);
#2483=ORIENTED_EDGE('',*,*,#1862,.F.);
#2484=ORIENTED_EDGE('',*,*,#1864,.F.);
#2485=ORIENTED_EDGE('',*,*,#1865,.T.);
#2486=ORIENTED_EDGE('',*,*,#1866,.F.);
#2487=ORIENTED_EDGE('',*,*,#1865,.F.);
#2488=ORIENTED_EDGE('',*,*,#1867,.F.);
#2489=ORIENTED_EDGE('',*,*,#1868,.T.);
#2490=ORIENTED_EDGE('',*,*,#1869,.F.);
#2491=ORIENTED_EDGE('',*,*,#1868,.F.);
#2492=ORIENTED_EDGE('',*,*,#1870,.F.);
#2493=ORIENTED_EDGE('',*,*,#1871,.T.);
#2494=ORIENTED_EDGE('',*,*,#1872,.F.);
#2495=ORIENTED_EDGE('',*,*,#1871,.F.);
#2496=ORIENTED_EDGE('',*,*,#1873,.F.);
#2497=ORIENTED_EDGE('',*,*,#1874,.T.);
#2498=ORIENTED_EDGE('',*,*,#1875,.F.);
#2499=ORIENTED_EDGE('',*,*,#1874,.F.);
#2500=ORIENTED_EDGE('',*,*,#1876,.F.);
#2501=ORIENTED_EDGE('',*,*,#1877,.T.);
#2502=ORIENTED_EDGE('',*,*,#1878,.F.);
#2503=ORIENTED_EDGE('',*,*,#1877,.F.);
#2504=ORIENTED_EDGE('',*,*,#1879,.F.);
#2505=ORIENTED_EDGE('',*,*,#1880,.T.);
#2506=ORIENTED_EDGE('',*,*,#1881,.F.);
#2507=ORIENTED_EDGE('',*,*,#1880,.F.);
#2508=ORIENTED_EDGE('',*,*,#1882,.F.);
#2509=ORIENTED_EDGE('',*,*,#1883,.T.);
#2510=ORIENTED_EDGE('',*,*,#1884,.F.);
#2511=ORIENTED_EDGE('',*,*,#1883,.F.);
#2512=ORIENTED_EDGE('',*,*,#1885,.F.);
#2513=ORIENTED_EDGE('',*,*,#1848,.T.);
#2514=ORIENTED_EDGE('',*,*,#1886,.F.);
#2515=ORIENTED_EDGE('',*,*,#1887,.F.);
#2516=ORIENTED_EDGE('',*,*,#1888,.F.);
#2517=ORIENTED_EDGE('',*,*,#1889,.T.);
#2518=ORIENTED_EDGE('',*,*,#1890,.F.);
#2519=ORIENTED_EDGE('',*,*,#1889,.F.);
#2520=ORIENTED_EDGE('',*,*,#1891,.F.);
#2521=ORIENTED_EDGE('',*,*,#1892,.T.);
#2522=ORIENTED_EDGE('',*,*,#1893,.F.);
#2523=ORIENTED_EDGE('',*,*,#1892,.F.);
#2524=ORIENTED_EDGE('',*,*,#1894,.F.);
#2525=ORIENTED_EDGE('',*,*,#1895,.T.);
#2526=ORIENTED_EDGE('',*,*,#1896,.F.);
#2527=ORIENTED_EDGE('',*,*,#1895,.F.);
#2528=ORIENTED_EDGE('',*,*,#1897,.F.);
#2529=ORIENTED_EDGE('',*,*,#1898,.T.);
#2530=ORIENTED_EDGE('',*,*,#1899,.F.);
#2531=ORIENTED_EDGE('',*,*,#1898,.F.);
#2532=ORIENTED_EDGE('',*,*,#1900,.F.);
#2533=ORIENTED_EDGE('',*,*,#1901,.T.);
#2534=ORIENTED_EDGE('',*,*,#1902,.F.);
#2535=ORIENTED_EDGE('',*,*,#1903,.F.);
#2536=ORIENTED_EDGE('',*,*,#1904,.F.);
#2537=ORIENTED_EDGE('',*,*,#1905,.T.);
#2538=ORIENTED_EDGE('',*,*,#1906,.F.);
#2539=ORIENTED_EDGE('',*,*,#1905,.F.);
#2540=ORIENTED_EDGE('',*,*,#1907,.F.);
#2541=ORIENTED_EDGE('',*,*,#1908,.T.);
#2542=ORIENTED_EDGE('',*,*,#1909,.F.);
#2543=ORIENTED_EDGE('',*,*,#1908,.F.);
#2544=ORIENTED_EDGE('',*,*,#1910,.F.);
#2545=ORIENTED_EDGE('',*,*,#1911,.T.);
#2546=ORIENTED_EDGE('',*,*,#1912,.F.);
#2547=ORIENTED_EDGE('',*,*,#1911,.F.);
#2548=ORIENTED_EDGE('',*,*,#1913,.F.);
#2549=ORIENTED_EDGE('',*,*,#1914,.T.);
#2550=ORIENTED_EDGE('',*,*,#1915,.F.);
#2551=ORIENTED_EDGE('',*,*,#1914,.F.);
#2552=ORIENTED_EDGE('',*,*,#1916,.F.);
#2553=ORIENTED_EDGE('',*,*,#1917,.T.);
#2554=ORIENTED_EDGE('',*,*,#1918,.F.);
#2555=ORIENTED_EDGE('',*,*,#1917,.F.);
#2556=ORIENTED_EDGE('',*,*,#1919,.F.);
#2557=ORIENTED_EDGE('',*,*,#1920,.T.);
#2558=ORIENTED_EDGE('',*,*,#1921,.F.);
#2559=ORIENTED_EDGE('',*,*,#1920,.F.);
#2560=ORIENTED_EDGE('',*,*,#1922,.F.);
#2561=ORIENTED_EDGE('',*,*,#1923,.T.);
#2562=ORIENTED_EDGE('',*,*,#1924,.F.);
#2563=ORIENTED_EDGE('',*,*,#1923,.F.);
#2564=ORIENTED_EDGE('',*,*,#1925,.F.);
#2565=ORIENTED_EDGE('',*,*,#1926,.T.);
#2566=ORIENTED_EDGE('',*,*,#1927,.F.);
#2567=ORIENTED_EDGE('',*,*,#1926,.F.);
#2568=ORIENTED_EDGE('',*,*,#1928,.F.);
#2569=ORIENTED_EDGE('',*,*,#1929,.T.);
#2570=ORIENTED_EDGE('',*,*,#1930,.F.);
#2571=ORIENTED_EDGE('',*,*,#1929,.F.);
#2572=ORIENTED_EDGE('',*,*,#1931,.F.);
#2573=ORIENTED_EDGE('',*,*,#1932,.T.);
#2574=ORIENTED_EDGE('',*,*,#1933,.F.);
#2575=ORIENTED_EDGE('',*,*,#1932,.F.);
#2576=ORIENTED_EDGE('',*,*,#1934,.F.);
#2577=ORIENTED_EDGE('',*,*,#1935,.T.);
#2578=ORIENTED_EDGE('',*,*,#1936,.F.);
#2579=ORIENTED_EDGE('',*,*,#1935,.F.);
#2580=ORIENTED_EDGE('',*,*,#1937,.F.);
#2581=ORIENTED_EDGE('',*,*,#1938,.T.);
#2582=ORIENTED_EDGE('',*,*,#1939,.F.);
#2583=ORIENTED_EDGE('',*,*,#1938,.F.);
#2584=ORIENTED_EDGE('',*,*,#1940,.F.);
#2585=ORIENTED_EDGE('',*,*,#1941,.T.);
#2586=ORIENTED_EDGE('',*,*,#1942,.F.);
#2587=ORIENTED_EDGE('',*,*,#1941,.F.);
#2588=ORIENTED_EDGE('',*,*,#1943,.F.);
#2589=ORIENTED_EDGE('',*,*,#1944,.T.);
#2590=ORIENTED_EDGE('',*,*,#1945,.F.);
#2591=ORIENTED_EDGE('',*,*,#1944,.F.);
#2592=ORIENTED_EDGE('',*,*,#1946,.F.);
#2593=ORIENTED_EDGE('',*,*,#1947,.T.);
#2594=ORIENTED_EDGE('',*,*,#1948,.F.);
#2595=ORIENTED_EDGE('',*,*,#1947,.F.);
#2596=ORIENTED_EDGE('',*,*,#1949,.F.);
#2597=ORIENTED_EDGE('',*,*,#1950,.T.);
#2598=ORIENTED_EDGE('',*,*,#1951,.F.);
#2599=ORIENTED_EDGE('',*,*,#1950,.F.);
#2600=ORIENTED_EDGE('',*,*,#1952,.F.);
#2601=ORIENTED_EDGE('',*,*,#1953,.T.);
#2602=ORIENTED_EDGE('',*,*,#1954,.F.);
#2603=ORIENTED_EDGE('',*,*,#1953,.F.);
#2604=ORIENTED_EDGE('',*,*,#1955,.F.);
#2605=ORIENTED_EDGE('',*,*,#1956,.T.);
#2606=ORIENTED_EDGE('',*,*,#1957,.F.);
#2607=ORIENTED_EDGE('',*,*,#1956,.F.);
#2608=ORIENTED_EDGE('',*,*,#1958,.F.);
#2609=ORIENTED_EDGE('',*,*,#1959,.T.);
#2610=ORIENTED_EDGE('',*,*,#1960,.F.);
#2611=ORIENTED_EDGE('',*,*,#1959,.F.);
#2612=ORIENTED_EDGE('',*,*,#1961,.F.);
#2613=ORIENTED_EDGE('',*,*,#1962,.T.);
#2614=ORIENTED_EDGE('',*,*,#1963,.F.);
#2615=ORIENTED_EDGE('',*,*,#1962,.F.);
#2616=ORIENTED_EDGE('',*,*,#1964,.F.);
#2617=ORIENTED_EDGE('',*,*,#1965,.T.);
#2618=ORIENTED_EDGE('',*,*,#1966,.F.);
#2619=ORIENTED_EDGE('',*,*,#1965,.F.);
#2620=ORIENTED_EDGE('',*,*,#1967,.F.);
#2621=ORIENTED_EDGE('',*,*,#1968,.T.);
#2622=ORIENTED_EDGE('',*,*,#1969,.F.);
#2623=ORIENTED_EDGE('',*,*,#1968,.F.);
#2624=ORIENTED_EDGE('',*,*,#1970,.F.);
#2625=ORIENTED_EDGE('',*,*,#1971,.T.);
#2626=ORIENTED_EDGE('',*,*,#1972,.F.);
#2627=ORIENTED_EDGE('',*,*,#1971,.F.);
#2628=ORIENTED_EDGE('',*,*,#1973,.F.);
#2629=ORIENTED_EDGE('',*,*,#1974,.T.);
#2630=ORIENTED_EDGE('',*,*,#1975,.F.);
#2631=ORIENTED_EDGE('',*,*,#1974,.F.);
#2632=ORIENTED_EDGE('',*,*,#1976,.F.);
#2633=ORIENTED_EDGE('',*,*,#1977,.T.);
#2634=ORIENTED_EDGE('',*,*,#1978,.F.);
#2635=ORIENTED_EDGE('',*,*,#1977,.F.);
#2636=ORIENTED_EDGE('',*,*,#1979,.F.);
#2637=ORIENTED_EDGE('',*,*,#1980,.T.);
#2638=ORIENTED_EDGE('',*,*,#1981,.F.);
#2639=ORIENTED_EDGE('',*,*,#1980,.F.);
#2640=ORIENTED_EDGE('',*,*,#1982,.F.);
#2641=ORIENTED_EDGE('',*,*,#1983,.T.);
#2642=ORIENTED_EDGE('',*,*,#1984,.F.);
#2643=ORIENTED_EDGE('',*,*,#1983,.F.);
#2644=ORIENTED_EDGE('',*,*,#1985,.F.);
#2645=ORIENTED_EDGE('',*,*,#1903,.T.);
#2646=ORIENTED_EDGE('',*,*,#1986,.F.);
#2647=ORIENTED_EDGE('',*,*,#1987,.F.);
#2648=ORIENTED_EDGE('',*,*,#1988,.F.);
#2649=ORIENTED_EDGE('',*,*,#1989,.T.);
#2650=ORIENTED_EDGE('',*,*,#1990,.F.);
#2651=ORIENTED_EDGE('',*,*,#1989,.F.);
#2652=ORIENTED_EDGE('',*,*,#1991,.F.);
#2653=ORIENTED_EDGE('',*,*,#1992,.T.);
#2654=ORIENTED_EDGE('',*,*,#1993,.F.);
#2655=ORIENTED_EDGE('',*,*,#1992,.F.);
#2656=ORIENTED_EDGE('',*,*,#1994,.F.);
#2657=ORIENTED_EDGE('',*,*,#1995,.T.);
#2658=ORIENTED_EDGE('',*,*,#1996,.F.);
#2659=ORIENTED_EDGE('',*,*,#1995,.F.);
#2660=ORIENTED_EDGE('',*,*,#1997,.F.);
#2661=ORIENTED_EDGE('',*,*,#1998,.T.);
#2662=ORIENTED_EDGE('',*,*,#1999,.F.);
#2663=ORIENTED_EDGE('',*,*,#1998,.F.);
#2664=ORIENTED_EDGE('',*,*,#2000,.F.);
#2665=ORIENTED_EDGE('',*,*,#2001,.T.);
#2666=ORIENTED_EDGE('',*,*,#2002,.F.);
#2667=ORIENTED_EDGE('',*,*,#2001,.F.);
#2668=ORIENTED_EDGE('',*,*,#2003,.F.);
#2669=ORIENTED_EDGE('',*,*,#2004,.T.);
#2670=ORIENTED_EDGE('',*,*,#2005,.F.);
#2671=ORIENTED_EDGE('',*,*,#2004,.F.);
#2672=ORIENTED_EDGE('',*,*,#2006,.F.);
#2673=ORIENTED_EDGE('',*,*,#2007,.T.);
#2674=ORIENTED_EDGE('',*,*,#2008,.F.);
#2675=ORIENTED_EDGE('',*,*,#2007,.F.);
#2676=ORIENTED_EDGE('',*,*,#2009,.F.);
#2677=ORIENTED_EDGE('',*,*,#2010,.T.);
#2678=ORIENTED_EDGE('',*,*,#2011,.F.);
#2679=ORIENTED_EDGE('',*,*,#2010,.F.);
#2680=ORIENTED_EDGE('',*,*,#2012,.F.);
#2681=ORIENTED_EDGE('',*,*,#2013,.T.);
#2682=ORIENTED_EDGE('',*,*,#2014,.F.);
#2683=ORIENTED_EDGE('',*,*,#2013,.F.);
#2684=ORIENTED_EDGE('',*,*,#2015,.F.);
#2685=ORIENTED_EDGE('',*,*,#2016,.T.);
#2686=ORIENTED_EDGE('',*,*,#2017,.F.);
#2687=ORIENTED_EDGE('',*,*,#2016,.F.);
#2688=ORIENTED_EDGE('',*,*,#2018,.F.);
#2689=ORIENTED_EDGE('',*,*,#2019,.T.);
#2690=ORIENTED_EDGE('',*,*,#2020,.F.);
#2691=ORIENTED_EDGE('',*,*,#2019,.F.);
#2692=ORIENTED_EDGE('',*,*,#2021,.F.);
#2693=ORIENTED_EDGE('',*,*,#1987,.T.);
#2694=ORIENTED_EDGE('',*,*,#2022,.F.);
#2695=ORIENTED_EDGE('',*,*,#2023,.F.);
#2696=ORIENTED_EDGE('',*,*,#2024,.F.);
#2697=ORIENTED_EDGE('',*,*,#2025,.T.);
#2698=ORIENTED_EDGE('',*,*,#2026,.F.);
#2699=ORIENTED_EDGE('',*,*,#2025,.F.);
#2700=ORIENTED_EDGE('',*,*,#2027,.F.);
#2701=ORIENTED_EDGE('',*,*,#2028,.T.);
#2702=ORIENTED_EDGE('',*,*,#2029,.F.);
#2703=ORIENTED_EDGE('',*,*,#2028,.F.);
#2704=ORIENTED_EDGE('',*,*,#2030,.F.);
#2705=ORIENTED_EDGE('',*,*,#2031,.T.);
#2706=ORIENTED_EDGE('',*,*,#2032,.F.);
#2707=ORIENTED_EDGE('',*,*,#2031,.F.);
#2708=ORIENTED_EDGE('',*,*,#2033,.F.);
#2709=ORIENTED_EDGE('',*,*,#2034,.T.);
#2710=ORIENTED_EDGE('',*,*,#2035,.F.);
#2711=ORIENTED_EDGE('',*,*,#2034,.F.);
#2712=ORIENTED_EDGE('',*,*,#2036,.F.);
#2713=ORIENTED_EDGE('',*,*,#2037,.T.);
#2714=ORIENTED_EDGE('',*,*,#2038,.F.);
#2715=ORIENTED_EDGE('',*,*,#2037,.F.);
#2716=ORIENTED_EDGE('',*,*,#2039,.F.);
#2717=ORIENTED_EDGE('',*,*,#2040,.T.);
#2718=ORIENTED_EDGE('',*,*,#2041,.F.);
#2719=ORIENTED_EDGE('',*,*,#2040,.F.);
#2720=ORIENTED_EDGE('',*,*,#2042,.F.);
#2721=ORIENTED_EDGE('',*,*,#2043,.T.);
#2722=ORIENTED_EDGE('',*,*,#2044,.F.);
#2723=ORIENTED_EDGE('',*,*,#2043,.F.);
#2724=ORIENTED_EDGE('',*,*,#2045,.F.);
#2725=ORIENTED_EDGE('',*,*,#2046,.T.);
#2726=ORIENTED_EDGE('',*,*,#2047,.F.);
#2727=ORIENTED_EDGE('',*,*,#2046,.F.);
#2728=ORIENTED_EDGE('',*,*,#2048,.F.);
#2729=ORIENTED_EDGE('',*,*,#2049,.T.);
#2730=ORIENTED_EDGE('',*,*,#2050,.F.);
#2731=ORIENTED_EDGE('',*,*,#2049,.F.);
#2732=ORIENTED_EDGE('',*,*,#2051,.F.);
#2733=ORIENTED_EDGE('',*,*,#2052,.T.);
#2734=ORIENTED_EDGE('',*,*,#2053,.F.);
#2735=ORIENTED_EDGE('',*,*,#2052,.F.);
#2736=ORIENTED_EDGE('',*,*,#2054,.F.);
#2737=ORIENTED_EDGE('',*,*,#2055,.T.);
#2738=ORIENTED_EDGE('',*,*,#2056,.F.);
#2739=ORIENTED_EDGE('',*,*,#2055,.F.);
#2740=ORIENTED_EDGE('',*,*,#2057,.F.);
#2741=ORIENTED_EDGE('',*,*,#2023,.T.);
#2742=ORIENTED_EDGE('',*,*,#2058,.F.);
#2743=ORIENTED_EDGE('',*,*,#2059,.F.);
#2744=ORIENTED_EDGE('',*,*,#2060,.F.);
#2745=ORIENTED_EDGE('',*,*,#2061,.T.);
#2746=ORIENTED_EDGE('',*,*,#2062,.F.);
#2747=ORIENTED_EDGE('',*,*,#2061,.F.);
#2748=ORIENTED_EDGE('',*,*,#2063,.F.);
#2749=ORIENTED_EDGE('',*,*,#2064,.T.);
#2750=ORIENTED_EDGE('',*,*,#2065,.F.);
#2751=ORIENTED_EDGE('',*,*,#2064,.F.);
#2752=ORIENTED_EDGE('',*,*,#2066,.F.);
#2753=ORIENTED_EDGE('',*,*,#2067,.T.);
#2754=ORIENTED_EDGE('',*,*,#2068,.F.);
#2755=ORIENTED_EDGE('',*,*,#2067,.F.);
#2756=ORIENTED_EDGE('',*,*,#2069,.F.);
#2757=ORIENTED_EDGE('',*,*,#2070,.T.);
#2758=ORIENTED_EDGE('',*,*,#2071,.F.);
#2759=ORIENTED_EDGE('',*,*,#2070,.F.);
#2760=ORIENTED_EDGE('',*,*,#2072,.F.);
#2761=ORIENTED_EDGE('',*,*,#2073,.T.);
#2762=ORIENTED_EDGE('',*,*,#2074,.F.);
#2763=ORIENTED_EDGE('',*,*,#2073,.F.);
#2764=ORIENTED_EDGE('',*,*,#2075,.F.);
#2765=ORIENTED_EDGE('',*,*,#2076,.T.);
#2766=ORIENTED_EDGE('',*,*,#2077,.F.);
#2767=ORIENTED_EDGE('',*,*,#2076,.F.);
#2768=ORIENTED_EDGE('',*,*,#2078,.F.);
#2769=ORIENTED_EDGE('',*,*,#2079,.T.);
#2770=ORIENTED_EDGE('',*,*,#2080,.F.);
#2771=ORIENTED_EDGE('',*,*,#2079,.F.);
#2772=ORIENTED_EDGE('',*,*,#2081,.F.);
#2773=ORIENTED_EDGE('',*,*,#2082,.T.);
#2774=ORIENTED_EDGE('',*,*,#2083,.F.);
#2775=ORIENTED_EDGE('',*,*,#2082,.F.);
#2776=ORIENTED_EDGE('',*,*,#2084,.F.);
#2777=ORIENTED_EDGE('',*,*,#2085,.T.);
#2778=ORIENTED_EDGE('',*,*,#2086,.F.);
#2779=ORIENTED_EDGE('',*,*,#2085,.F.);
#2780=ORIENTED_EDGE('',*,*,#2087,.F.);
#2781=ORIENTED_EDGE('',*,*,#2088,.T.);
#2782=ORIENTED_EDGE('',*,*,#2089,.F.);
#2783=ORIENTED_EDGE('',*,*,#2088,.F.);
#2784=ORIENTED_EDGE('',*,*,#2090,.F.);
#2785=ORIENTED_EDGE('',*,*,#2091,.T.);
#2786=ORIENTED_EDGE('',*,*,#2092,.F.);
#2787=ORIENTED_EDGE('',*,*,#2091,.F.);
#2788=ORIENTED_EDGE('',*,*,#2093,.F.);
#2789=ORIENTED_EDGE('',*,*,#2094,.T.);
#2790=ORIENTED_EDGE('',*,*,#2095,.F.);
#2791=ORIENTED_EDGE('',*,*,#2094,.F.);
#2792=ORIENTED_EDGE('',*,*,#2096,.F.);
#2793=ORIENTED_EDGE('',*,*,#2097,.T.);
#2794=ORIENTED_EDGE('',*,*,#2098,.F.);
#2795=ORIENTED_EDGE('',*,*,#2097,.F.);
#2796=ORIENTED_EDGE('',*,*,#2099,.F.);
#2797=ORIENTED_EDGE('',*,*,#2100,.T.);
#2798=ORIENTED_EDGE('',*,*,#2101,.F.);
#2799=ORIENTED_EDGE('',*,*,#2100,.F.);
#2800=ORIENTED_EDGE('',*,*,#2102,.F.);
#2801=ORIENTED_EDGE('',*,*,#2103,.T.);
#2802=ORIENTED_EDGE('',*,*,#2104,.F.);
#2803=ORIENTED_EDGE('',*,*,#2103,.F.);
#2804=ORIENTED_EDGE('',*,*,#2105,.F.);
#2805=ORIENTED_EDGE('',*,*,#2106,.T.);
#2806=ORIENTED_EDGE('',*,*,#2107,.F.);
#2807=ORIENTED_EDGE('',*,*,#2106,.F.);
#2808=ORIENTED_EDGE('',*,*,#2108,.F.);
#2809=ORIENTED_EDGE('',*,*,#2109,.T.);
#2810=ORIENTED_EDGE('',*,*,#2110,.F.);
#2811=ORIENTED_EDGE('',*,*,#2109,.F.);
#2812=ORIENTED_EDGE('',*,*,#2111,.F.);
#2813=ORIENTED_EDGE('',*,*,#2059,.T.);
#2814=ORIENTED_EDGE('',*,*,#2112,.T.);
#2815=ORIENTED_EDGE('',*,*,#2113,.T.);
#2816=ORIENTED_EDGE('',*,*,#2114,.T.);
#2817=ORIENTED_EDGE('',*,*,#2115,.T.);
#2818=ORIENTED_EDGE('',*,*,#1741,.T.);
#2819=ORIENTED_EDGE('',*,*,#1738,.T.);
#2820=ORIENTED_EDGE('',*,*,#1735,.T.);
#2821=ORIENTED_EDGE('',*,*,#1732,.T.);
#2822=ORIENTED_EDGE('',*,*,#1729,.T.);
#2823=ORIENTED_EDGE('',*,*,#1726,.T.);
#2824=ORIENTED_EDGE('',*,*,#1723,.T.);
#2825=ORIENTED_EDGE('',*,*,#1756,.T.);
#2826=ORIENTED_EDGE('',*,*,#1753,.T.);
#2827=ORIENTED_EDGE('',*,*,#1750,.T.);
#2828=ORIENTED_EDGE('',*,*,#1747,.T.);
#2829=ORIENTED_EDGE('',*,*,#1744,.T.);
#2830=ORIENTED_EDGE('',*,*,#1768,.T.);
#2831=ORIENTED_EDGE('',*,*,#1765,.T.);
#2832=ORIENTED_EDGE('',*,*,#1762,.T.);
#2833=ORIENTED_EDGE('',*,*,#1759,.T.);
#2834=ORIENTED_EDGE('',*,*,#1774,.T.);
#2835=ORIENTED_EDGE('',*,*,#1771,.T.);
#2836=ORIENTED_EDGE('',*,*,#1813,.T.);
#2837=ORIENTED_EDGE('',*,*,#1810,.T.);
#2838=ORIENTED_EDGE('',*,*,#1807,.T.);
#2839=ORIENTED_EDGE('',*,*,#1804,.T.);
#2840=ORIENTED_EDGE('',*,*,#1801,.T.);
#2841=ORIENTED_EDGE('',*,*,#1798,.T.);
#2842=ORIENTED_EDGE('',*,*,#1795,.T.);
#2843=ORIENTED_EDGE('',*,*,#1792,.T.);
#2844=ORIENTED_EDGE('',*,*,#1789,.T.);
#2845=ORIENTED_EDGE('',*,*,#1786,.T.);
#2846=ORIENTED_EDGE('',*,*,#1783,.T.);
#2847=ORIENTED_EDGE('',*,*,#1780,.T.);
#2848=ORIENTED_EDGE('',*,*,#1777,.T.);
#2849=ORIENTED_EDGE('',*,*,#1846,.T.);
#2850=ORIENTED_EDGE('',*,*,#1843,.T.);
#2851=ORIENTED_EDGE('',*,*,#1840,.T.);
#2852=ORIENTED_EDGE('',*,*,#1837,.T.);
#2853=ORIENTED_EDGE('',*,*,#1834,.T.);
#2854=ORIENTED_EDGE('',*,*,#1831,.T.);
#2855=ORIENTED_EDGE('',*,*,#1828,.T.);
#2856=ORIENTED_EDGE('',*,*,#1825,.T.);
#2857=ORIENTED_EDGE('',*,*,#1822,.T.);
#2858=ORIENTED_EDGE('',*,*,#1819,.T.);
#2859=ORIENTED_EDGE('',*,*,#1816,.T.);
#2860=ORIENTED_EDGE('',*,*,#1867,.T.);
#2861=ORIENTED_EDGE('',*,*,#1864,.T.);
#2862=ORIENTED_EDGE('',*,*,#1861,.T.);
#2863=ORIENTED_EDGE('',*,*,#1858,.T.);
#2864=ORIENTED_EDGE('',*,*,#1855,.T.);
#2865=ORIENTED_EDGE('',*,*,#1852,.T.);
#2866=ORIENTED_EDGE('',*,*,#1849,.T.);
#2867=ORIENTED_EDGE('',*,*,#1885,.T.);
#2868=ORIENTED_EDGE('',*,*,#1882,.T.);
#2869=ORIENTED_EDGE('',*,*,#1879,.T.);
#2870=ORIENTED_EDGE('',*,*,#1876,.T.);
#2871=ORIENTED_EDGE('',*,*,#1873,.T.);
#2872=ORIENTED_EDGE('',*,*,#1870,.T.);
#2873=ORIENTED_EDGE('',*,*,#1946,.T.);
#2874=ORIENTED_EDGE('',*,*,#1943,.T.);
#2875=ORIENTED_EDGE('',*,*,#1940,.T.);
#2876=ORIENTED_EDGE('',*,*,#1937,.T.);
#2877=ORIENTED_EDGE('',*,*,#1934,.T.);
#2878=ORIENTED_EDGE('',*,*,#1931,.T.);
#2879=ORIENTED_EDGE('',*,*,#1928,.T.);
#2880=ORIENTED_EDGE('',*,*,#1925,.T.);
#2881=ORIENTED_EDGE('',*,*,#1922,.T.);
#2882=ORIENTED_EDGE('',*,*,#1919,.T.);
#2883=ORIENTED_EDGE('',*,*,#1916,.T.);
#2884=ORIENTED_EDGE('',*,*,#1913,.T.);
#2885=ORIENTED_EDGE('',*,*,#1910,.T.);
#2886=ORIENTED_EDGE('',*,*,#1907,.T.);
#2887=ORIENTED_EDGE('',*,*,#1904,.T.);
#2888=ORIENTED_EDGE('',*,*,#1985,.T.);
#2889=ORIENTED_EDGE('',*,*,#1982,.T.);
#2890=ORIENTED_EDGE('',*,*,#1979,.T.);
#2891=ORIENTED_EDGE('',*,*,#1976,.T.);
#2892=ORIENTED_EDGE('',*,*,#1973,.T.);
#2893=ORIENTED_EDGE('',*,*,#1970,.T.);
#2894=ORIENTED_EDGE('',*,*,#1967,.T.);
#2895=ORIENTED_EDGE('',*,*,#1964,.T.);
#2896=ORIENTED_EDGE('',*,*,#1961,.T.);
#2897=ORIENTED_EDGE('',*,*,#1958,.T.);
#2898=ORIENTED_EDGE('',*,*,#1955,.T.);
#2899=ORIENTED_EDGE('',*,*,#1952,.T.);
#2900=ORIENTED_EDGE('',*,*,#1949,.T.);
#2901=ORIENTED_EDGE('',*,*,#2006,.T.);
#2902=ORIENTED_EDGE('',*,*,#2003,.T.);
#2903=ORIENTED_EDGE('',*,*,#2000,.T.);
#2904=ORIENTED_EDGE('',*,*,#1997,.T.);
#2905=ORIENTED_EDGE('',*,*,#1994,.T.);
#2906=ORIENTED_EDGE('',*,*,#1991,.T.);
#2907=ORIENTED_EDGE('',*,*,#1988,.T.);
#2908=ORIENTED_EDGE('',*,*,#2021,.T.);
#2909=ORIENTED_EDGE('',*,*,#2018,.T.);
#2910=ORIENTED_EDGE('',*,*,#2015,.T.);
#2911=ORIENTED_EDGE('',*,*,#2012,.T.);
#2912=ORIENTED_EDGE('',*,*,#2009,.T.);
#2913=ORIENTED_EDGE('',*,*,#2042,.T.);
#2914=ORIENTED_EDGE('',*,*,#2039,.T.);
#2915=ORIENTED_EDGE('',*,*,#2036,.T.);
#2916=ORIENTED_EDGE('',*,*,#2033,.T.);
#2917=ORIENTED_EDGE('',*,*,#2030,.T.);
#2918=ORIENTED_EDGE('',*,*,#2027,.T.);
#2919=ORIENTED_EDGE('',*,*,#2024,.T.);
#2920=ORIENTED_EDGE('',*,*,#2057,.T.);
#2921=ORIENTED_EDGE('',*,*,#2054,.T.);
#2922=ORIENTED_EDGE('',*,*,#2051,.T.);
#2923=ORIENTED_EDGE('',*,*,#2048,.T.);
#2924=ORIENTED_EDGE('',*,*,#2045,.T.);
#2925=ORIENTED_EDGE('',*,*,#2087,.T.);
#2926=ORIENTED_EDGE('',*,*,#2084,.T.);
#2927=ORIENTED_EDGE('',*,*,#2081,.T.);
#2928=ORIENTED_EDGE('',*,*,#2078,.T.);
#2929=ORIENTED_EDGE('',*,*,#2075,.T.);
#2930=ORIENTED_EDGE('',*,*,#2072,.T.);
#2931=ORIENTED_EDGE('',*,*,#2069,.T.);
#2932=ORIENTED_EDGE('',*,*,#2066,.T.);
#2933=ORIENTED_EDGE('',*,*,#2063,.T.);
#2934=ORIENTED_EDGE('',*,*,#2060,.T.);
#2935=ORIENTED_EDGE('',*,*,#2111,.T.);
#2936=ORIENTED_EDGE('',*,*,#2108,.T.);
#2937=ORIENTED_EDGE('',*,*,#2105,.T.);
#2938=ORIENTED_EDGE('',*,*,#2102,.T.);
#2939=ORIENTED_EDGE('',*,*,#2099,.T.);
#2940=ORIENTED_EDGE('',*,*,#2096,.T.);
#2941=ORIENTED_EDGE('',*,*,#2093,.T.);
#2942=ORIENTED_EDGE('',*,*,#2090,.T.);
#2943=ORIENTED_EDGE('',*,*,#2116,.T.);
#2944=ORIENTED_EDGE('',*,*,#2117,.T.);
#2945=ORIENTED_EDGE('',*,*,#1900,.T.);
#2946=ORIENTED_EDGE('',*,*,#1897,.T.);
#2947=ORIENTED_EDGE('',*,*,#1894,.T.);
#2948=ORIENTED_EDGE('',*,*,#1891,.T.);
#2949=ORIENTED_EDGE('',*,*,#1888,.T.);
#2950=ORIENTED_EDGE('',*,*,#2118,.T.);
#2951=ORIENTED_EDGE('',*,*,#2119,.F.);
#2952=ORIENTED_EDGE('',*,*,#2120,.F.);
#2953=ORIENTED_EDGE('',*,*,#2115,.F.);
#2954=ORIENTED_EDGE('',*,*,#2121,.T.);
#2955=ORIENTED_EDGE('',*,*,#2122,.F.);
#2956=ORIENTED_EDGE('',*,*,#2121,.F.);
#2957=ORIENTED_EDGE('',*,*,#2114,.F.);
#2958=ORIENTED_EDGE('',*,*,#2123,.T.);
#2959=ORIENTED_EDGE('',*,*,#2124,.F.);
#2960=ORIENTED_EDGE('',*,*,#2123,.F.);
#2961=ORIENTED_EDGE('',*,*,#2113,.F.);
#2962=ORIENTED_EDGE('',*,*,#2125,.T.);
#2963=ORIENTED_EDGE('',*,*,#2126,.F.);
#2964=ORIENTED_EDGE('',*,*,#2125,.F.);
#2965=ORIENTED_EDGE('',*,*,#2112,.F.);
#2966=ORIENTED_EDGE('',*,*,#2120,.T.);
#2967=ORIENTED_EDGE('',*,*,#2124,.T.);
#2968=ORIENTED_EDGE('',*,*,#2126,.T.);
#2969=ORIENTED_EDGE('',*,*,#2119,.T.);
#2970=ORIENTED_EDGE('',*,*,#2122,.T.);
#2971=ORIENTED_EDGE('',*,*,#1740,.T.);
#2972=ORIENTED_EDGE('',*,*,#1743,.T.);
#2973=ORIENTED_EDGE('',*,*,#1746,.T.);
#2974=ORIENTED_EDGE('',*,*,#1749,.T.);
#2975=ORIENTED_EDGE('',*,*,#1752,.T.);
#2976=ORIENTED_EDGE('',*,*,#1755,.T.);
#2977=ORIENTED_EDGE('',*,*,#1721,.T.);
#2978=ORIENTED_EDGE('',*,*,#1725,.T.);
#2979=ORIENTED_EDGE('',*,*,#1728,.T.);
#2980=ORIENTED_EDGE('',*,*,#1731,.T.);
#2981=ORIENTED_EDGE('',*,*,#1734,.T.);
#2982=ORIENTED_EDGE('',*,*,#1737,.T.);
#2983=ORIENTED_EDGE('',*,*,#1767,.T.);
#2984=ORIENTED_EDGE('',*,*,#1770,.T.);
#2985=ORIENTED_EDGE('',*,*,#1773,.T.);
#2986=ORIENTED_EDGE('',*,*,#1757,.T.);
#2987=ORIENTED_EDGE('',*,*,#1761,.T.);
#2988=ORIENTED_EDGE('',*,*,#1764,.T.);
#2989=ORIENTED_EDGE('',*,*,#1812,.T.);
#2990=ORIENTED_EDGE('',*,*,#1815,.T.);
#2991=ORIENTED_EDGE('',*,*,#1818,.T.);
#2992=ORIENTED_EDGE('',*,*,#1821,.T.);
#2993=ORIENTED_EDGE('',*,*,#1824,.T.);
#2994=ORIENTED_EDGE('',*,*,#1827,.T.);
#2995=ORIENTED_EDGE('',*,*,#1830,.T.);
#2996=ORIENTED_EDGE('',*,*,#1833,.T.);
#2997=ORIENTED_EDGE('',*,*,#1836,.T.);
#2998=ORIENTED_EDGE('',*,*,#1839,.T.);
#2999=ORIENTED_EDGE('',*,*,#1842,.T.);
#3000=ORIENTED_EDGE('',*,*,#1845,.T.);
#3001=ORIENTED_EDGE('',*,*,#1775,.T.);
#3002=ORIENTED_EDGE('',*,*,#1779,.T.);
#3003=ORIENTED_EDGE('',*,*,#1782,.T.);
#3004=ORIENTED_EDGE('',*,*,#1785,.T.);
#3005=ORIENTED_EDGE('',*,*,#1788,.T.);
#3006=ORIENTED_EDGE('',*,*,#1791,.T.);
#3007=ORIENTED_EDGE('',*,*,#1794,.T.);
#3008=ORIENTED_EDGE('',*,*,#1797,.T.);
#3009=ORIENTED_EDGE('',*,*,#1800,.T.);
#3010=ORIENTED_EDGE('',*,*,#1803,.T.);
#3011=ORIENTED_EDGE('',*,*,#1806,.T.);
#3012=ORIENTED_EDGE('',*,*,#1809,.T.);
#3013=ORIENTED_EDGE('',*,*,#1866,.T.);
#3014=ORIENTED_EDGE('',*,*,#1869,.T.);
#3015=ORIENTED_EDGE('',*,*,#1872,.T.);
#3016=ORIENTED_EDGE('',*,*,#1875,.T.);
#3017=ORIENTED_EDGE('',*,*,#1878,.T.);
#3018=ORIENTED_EDGE('',*,*,#1881,.T.);
#3019=ORIENTED_EDGE('',*,*,#1884,.T.);
#3020=ORIENTED_EDGE('',*,*,#1847,.T.);
#3021=ORIENTED_EDGE('',*,*,#1851,.T.);
#3022=ORIENTED_EDGE('',*,*,#1854,.T.);
#3023=ORIENTED_EDGE('',*,*,#1857,.T.);
#3024=ORIENTED_EDGE('',*,*,#1860,.T.);
#3025=ORIENTED_EDGE('',*,*,#1863,.T.);
#3026=ORIENTED_EDGE('',*,*,#1945,.T.);
#3027=ORIENTED_EDGE('',*,*,#1948,.T.);
#3028=ORIENTED_EDGE('',*,*,#1951,.T.);
#3029=ORIENTED_EDGE('',*,*,#1954,.T.);
#3030=ORIENTED_EDGE('',*,*,#1957,.T.);
#3031=ORIENTED_EDGE('',*,*,#1960,.T.);
#3032=ORIENTED_EDGE('',*,*,#1963,.T.);
#3033=ORIENTED_EDGE('',*,*,#1966,.T.);
#3034=ORIENTED_EDGE('',*,*,#1969,.T.);
#3035=ORIENTED_EDGE('',*,*,#1972,.T.);
#3036=ORIENTED_EDGE('',*,*,#1975,.T.);
#3037=ORIENTED_EDGE('',*,*,#1978,.T.);
#3038=ORIENTED_EDGE('',*,*,#1981,.T.);
#3039=ORIENTED_EDGE('',*,*,#1984,.T.);
#3040=ORIENTED_EDGE('',*,*,#1902,.T.);
#3041=ORIENTED_EDGE('',*,*,#1906,.T.);
#3042=ORIENTED_EDGE('',*,*,#1909,.T.);
#3043=ORIENTED_EDGE('',*,*,#1912,.T.);
#3044=ORIENTED_EDGE('',*,*,#1915,.T.);
#3045=ORIENTED_EDGE('',*,*,#1918,.T.);
#3046=ORIENTED_EDGE('',*,*,#1921,.T.);
#3047=ORIENTED_EDGE('',*,*,#1924,.T.);
#3048=ORIENTED_EDGE('',*,*,#1927,.T.);
#3049=ORIENTED_EDGE('',*,*,#1930,.T.);
#3050=ORIENTED_EDGE('',*,*,#1933,.T.);
#3051=ORIENTED_EDGE('',*,*,#1936,.T.);
#3052=ORIENTED_EDGE('',*,*,#1939,.T.);
#3053=ORIENTED_EDGE('',*,*,#1942,.T.);
#3054=ORIENTED_EDGE('',*,*,#2005,.T.);
#3055=ORIENTED_EDGE('',*,*,#2008,.T.);
#3056=ORIENTED_EDGE('',*,*,#2011,.T.);
#3057=ORIENTED_EDGE('',*,*,#2014,.T.);
#3058=ORIENTED_EDGE('',*,*,#2017,.T.);
#3059=ORIENTED_EDGE('',*,*,#2020,.T.);
#3060=ORIENTED_EDGE('',*,*,#1986,.T.);
#3061=ORIENTED_EDGE('',*,*,#1990,.T.);
#3062=ORIENTED_EDGE('',*,*,#1993,.T.);
#3063=ORIENTED_EDGE('',*,*,#1996,.T.);
#3064=ORIENTED_EDGE('',*,*,#1999,.T.);
#3065=ORIENTED_EDGE('',*,*,#2002,.T.);
#3066=ORIENTED_EDGE('',*,*,#2041,.T.);
#3067=ORIENTED_EDGE('',*,*,#2044,.T.);
#3068=ORIENTED_EDGE('',*,*,#2047,.T.);
#3069=ORIENTED_EDGE('',*,*,#2050,.T.);
#3070=ORIENTED_EDGE('',*,*,#2053,.T.);
#3071=ORIENTED_EDGE('',*,*,#2056,.T.);
#3072=ORIENTED_EDGE('',*,*,#2022,.T.);
#3073=ORIENTED_EDGE('',*,*,#2026,.T.);
#3074=ORIENTED_EDGE('',*,*,#2029,.T.);
#3075=ORIENTED_EDGE('',*,*,#2032,.T.);
#3076=ORIENTED_EDGE('',*,*,#2035,.T.);
#3077=ORIENTED_EDGE('',*,*,#2038,.T.);
#3078=ORIENTED_EDGE('',*,*,#2086,.T.);
#3079=ORIENTED_EDGE('',*,*,#2089,.T.);
#3080=ORIENTED_EDGE('',*,*,#2092,.T.);
#3081=ORIENTED_EDGE('',*,*,#2095,.T.);
#3082=ORIENTED_EDGE('',*,*,#2098,.T.);
#3083=ORIENTED_EDGE('',*,*,#2101,.T.);
#3084=ORIENTED_EDGE('',*,*,#2104,.T.);
#3085=ORIENTED_EDGE('',*,*,#2107,.T.);
#3086=ORIENTED_EDGE('',*,*,#2110,.T.);
#3087=ORIENTED_EDGE('',*,*,#2058,.T.);
#3088=ORIENTED_EDGE('',*,*,#2062,.T.);
#3089=ORIENTED_EDGE('',*,*,#2065,.T.);
#3090=ORIENTED_EDGE('',*,*,#2068,.T.);
#3091=ORIENTED_EDGE('',*,*,#2071,.T.);
#3092=ORIENTED_EDGE('',*,*,#2074,.T.);
#3093=ORIENTED_EDGE('',*,*,#2077,.T.);
#3094=ORIENTED_EDGE('',*,*,#2080,.T.);
#3095=ORIENTED_EDGE('',*,*,#2083,.T.);
#3096=ORIENTED_EDGE('',*,*,#2127,.T.);
#3097=ORIENTED_EDGE('',*,*,#2128,.T.);
#3098=ORIENTED_EDGE('',*,*,#1886,.T.);
#3099=ORIENTED_EDGE('',*,*,#1890,.T.);
#3100=ORIENTED_EDGE('',*,*,#1893,.T.);
#3101=ORIENTED_EDGE('',*,*,#1896,.T.);
#3102=ORIENTED_EDGE('',*,*,#1899,.T.);
#3103=ORIENTED_EDGE('',*,*,#2129,.T.);
#3104=ORIENTED_EDGE('',*,*,#2130,.T.);
#3105=ORIENTED_EDGE('',*,*,#2118,.F.);
#3106=ORIENTED_EDGE('',*,*,#1887,.T.);
#3107=ORIENTED_EDGE('',*,*,#2128,.F.);
#3108=ORIENTED_EDGE('',*,*,#2131,.T.);
#3109=ORIENTED_EDGE('',*,*,#2129,.F.);
#3110=ORIENTED_EDGE('',*,*,#1901,.F.);
#3111=ORIENTED_EDGE('',*,*,#2117,.F.);
#3112=ORIENTED_EDGE('',*,*,#2131,.F.);
#3113=ORIENTED_EDGE('',*,*,#2116,.F.);
#3114=ORIENTED_EDGE('',*,*,#2130,.F.);
#3115=ORIENTED_EDGE('',*,*,#2127,.F.);
#3116=PLANE('',#3404);
#3117=PLANE('',#3405);
#3118=PLANE('',#3406);
#3119=PLANE('',#3407);
#3120=PLANE('',#3408);
#3121=PLANE('',#3409);
#3122=PLANE('',#3410);
#3123=PLANE('',#3411);
#3124=PLANE('',#3412);
#3125=PLANE('',#3413);
#3126=PLANE('',#3414);
#3127=PLANE('',#3415);
#3128=PLANE('',#3416);
#3129=PLANE('',#3417);
#3130=PLANE('',#3418);
#3131=PLANE('',#3419);
#3132=PLANE('',#3420);
#3133=PLANE('',#3421);
#3134=PLANE('',#3422);
#3135=PLANE('',#3423);
#3136=PLANE('',#3424);
#3137=PLANE('',#3425);
#3138=PLANE('',#3426);
#3139=PLANE('',#3427);
#3140=PLANE('',#3428);
#3141=PLANE('',#3429);
#3142=PLANE('',#3430);
#3143=PLANE('',#3431);
#3144=PLANE('',#3432);
#3145=PLANE('',#3433);
#3146=PLANE('',#3434);
#3147=PLANE('',#3435);
#3148=PLANE('',#3436);
#3149=PLANE('',#3437);
#3150=PLANE('',#3438);
#3151=PLANE('',#3439);
#3152=PLANE('',#3440);
#3153=PLANE('',#3441);
#3154=PLANE('',#3442);
#3155=PLANE('',#3443);
#3156=PLANE('',#3444);
#3157=PLANE('',#3445);
#3158=PLANE('',#3446);
#3159=PLANE('',#3447);
#3160=PLANE('',#3448);
#3161=PLANE('',#3449);
#3162=PLANE('',#3450);
#3163=PLANE('',#3451);
#3164=PLANE('',#3452);
#3165=PLANE('',#3453);
#3166=PLANE('',#3454);
#3167=PLANE('',#3455);
#3168=PLANE('',#3456);
#3169=PLANE('',#3457);
#3170=PLANE('',#3458);
#3171=PLANE('',#3459);
#3172=PLANE('',#3460);
#3173=PLANE('',#3461);
#3174=PLANE('',#3462);
#3175=PLANE('',#3463);
#3176=PLANE('',#3464);
#3177=PLANE('',#3465);
#3178=PLANE('',#3466);
#3179=PLANE('',#3467);
#3180=PLANE('',#3468);
#3181=PLANE('',#3469);
#3182=PLANE('',#3470);
#3183=PLANE('',#3471);
#3184=PLANE('',#3472);
#3185=PLANE('',#3473);
#3186=PLANE('',#3474);
#3187=PLANE('',#3475);
#3188=PLANE('',#3476);
#3189=PLANE('',#3477);
#3190=PLANE('',#3478);
#3191=PLANE('',#3479);
#3192=PLANE('',#3480);
#3193=PLANE('',#3481);
#3194=PLANE('',#3482);
#3195=PLANE('',#3483);
#3196=PLANE('',#3484);
#3197=PLANE('',#3485);
#3198=PLANE('',#3486);
#3199=PLANE('',#3487);
#3200=PLANE('',#3488);
#3201=PLANE('',#3489);
#3202=PLANE('',#3490);
#3203=PLANE('',#3491);
#3204=PLANE('',#3492);
#3205=PLANE('',#3493);
#3206=PLANE('',#3494);
#3207=PLANE('',#3495);
#3208=PLANE('',#3496);
#3209=PLANE('',#3497);
#3210=PLANE('',#3498);
#3211=PLANE('',#3499);
#3212=PLANE('',#3500);
#3213=PLANE('',#3501);
#3214=PLANE('',#3502);
#3215=ADVANCED_FACE('',(#258),#3116,.T.);
#3216=ADVANCED_FACE('',(#259),#3117,.T.);
#3217=ADVANCED_FACE('',(#260),#3118,.F.);
#3218=ADVANCED_FACE('',(#261),#3119,.F.);
#3219=ADVANCED_FACE('',(#262),#3120,.F.);
#3220=ADVANCED_FACE('',(#263),#39,.F.);
#3221=ADVANCED_FACE('',(#264),#40,.F.);
#3222=ADVANCED_FACE('',(#265),#3121,.F.);
#3223=ADVANCED_FACE('',(#266),#41,.F.);
#3224=ADVANCED_FACE('',(#267),#42,.F.);
#3225=ADVANCED_FACE('',(#268),#43,.F.);
#3226=ADVANCED_FACE('',(#269),#3122,.F.);
#3227=ADVANCED_FACE('',(#270),#3123,.F.);
#3228=ADVANCED_FACE('',(#271),#3124,.F.);
#3229=ADVANCED_FACE('',(#272),#44,.F.);
#3230=ADVANCED_FACE('',(#273),#45,.F.);
#3231=ADVANCED_FACE('',(#274),#46,.F.);
#3232=ADVANCED_FACE('',(#275),#3125,.F.);
#3233=ADVANCED_FACE('',(#276),#3126,.T.);
#3234=ADVANCED_FACE('',(#277),#47,.F.);
#3235=ADVANCED_FACE('',(#278),#48,.F.);
#3236=ADVANCED_FACE('',(#279),#49,.F.);
#3237=ADVANCED_FACE('',(#280),#50,.F.);
#3238=ADVANCED_FACE('',(#281),#51,.F.);
#3239=ADVANCED_FACE('',(#282),#52,.F.);
#3240=ADVANCED_FACE('',(#283),#53,.F.);
#3241=ADVANCED_FACE('',(#284),#54,.F.);
#3242=ADVANCED_FACE('',(#285),#55,.F.);
#3243=ADVANCED_FACE('',(#286),#56,.F.);
#3244=ADVANCED_FACE('',(#287),#57,.F.);
#3245=ADVANCED_FACE('',(#288),#58,.F.);
#3246=ADVANCED_FACE('',(#289),#3127,.F.);
#3247=ADVANCED_FACE('',(#290),#3128,.T.);
#3248=ADVANCED_FACE('',(#291),#59,.F.);
#3249=ADVANCED_FACE('',(#292),#60,.F.);
#3250=ADVANCED_FACE('',(#293),#61,.F.);
#3251=ADVANCED_FACE('',(#294),#62,.F.);
#3252=ADVANCED_FACE('',(#295),#63,.F.);
#3253=ADVANCED_FACE('',(#296),#64,.F.);
#3254=ADVANCED_FACE('',(#297),#65,.F.);
#3255=ADVANCED_FACE('',(#298),#66,.F.);
#3256=ADVANCED_FACE('',(#299),#67,.F.);
#3257=ADVANCED_FACE('',(#300),#68,.F.);
#3258=ADVANCED_FACE('',(#301),#69,.F.);
#3259=ADVANCED_FACE('',(#302),#70,.F.);
#3260=ADVANCED_FACE('',(#303),#3129,.F.);
#3261=ADVANCED_FACE('',(#304),#3130,.F.);
#3262=ADVANCED_FACE('',(#305),#3131,.F.);
#3263=ADVANCED_FACE('',(#306),#3132,.F.);
#3264=ADVANCED_FACE('',(#307),#3133,.F.);
#3265=ADVANCED_FACE('',(#308),#3134,.F.);
#3266=ADVANCED_FACE('',(#309),#3135,.F.);
#3267=ADVANCED_FACE('',(#310),#71,.F.);
#3268=ADVANCED_FACE('',(#311),#72,.F.);
#3269=ADVANCED_FACE('',(#312),#73,.F.);
#3270=ADVANCED_FACE('',(#313),#74,.F.);
#3271=ADVANCED_FACE('',(#314),#75,.F.);
#3272=ADVANCED_FACE('',(#315),#76,.F.);
#3273=ADVANCED_FACE('',(#316),#77,.F.);
#3274=ADVANCED_FACE('',(#317),#78,.F.);
#3275=ADVANCED_FACE('',(#318),#79,.F.);
#3276=ADVANCED_FACE('',(#319),#80,.F.);
#3277=ADVANCED_FACE('',(#320),#81,.F.);
#3278=ADVANCED_FACE('',(#321),#82,.F.);
#3279=ADVANCED_FACE('',(#322),#3136,.F.);
#3280=ADVANCED_FACE('',(#323),#83,.F.);
#3281=ADVANCED_FACE('',(#324),#84,.F.);
#3282=ADVANCED_FACE('',(#325),#85,.F.);
#3283=ADVANCED_FACE('',(#326),#86,.F.);
#3284=ADVANCED_FACE('',(#327),#87,.F.);
#3285=ADVANCED_FACE('',(#328),#88,.F.);
#3286=ADVANCED_FACE('',(#329),#89,.F.);
#3287=ADVANCED_FACE('',(#330),#90,.F.);
#3288=ADVANCED_FACE('',(#331),#91,.F.);
#3289=ADVANCED_FACE('',(#332),#92,.F.);
#3290=ADVANCED_FACE('',(#333),#3137,.F.);
#3291=ADVANCED_FACE('',(#334),#3138,.F.);
#3292=ADVANCED_FACE('',(#335),#3139,.F.);
#3293=ADVANCED_FACE('',(#336),#3140,.F.);
#3294=ADVANCED_FACE('',(#337),#3141,.F.);
#3295=ADVANCED_FACE('',(#338),#3142,.F.);
#3296=ADVANCED_FACE('',(#339),#3143,.F.);
#3297=ADVANCED_FACE('',(#340),#3144,.F.);
#3298=ADVANCED_FACE('',(#341),#93,.F.);
#3299=ADVANCED_FACE('',(#342),#94,.F.);
#3300=ADVANCED_FACE('',(#343),#95,.F.);
#3301=ADVANCED_FACE('',(#344),#96,.F.);
#3302=ADVANCED_FACE('',(#345),#97,.F.);
#3303=ADVANCED_FACE('',(#346),#3145,.F.);
#3304=ADVANCED_FACE('',(#347),#3146,.F.);
#3305=ADVANCED_FACE('',(#348),#3147,.F.);
#3306=ADVANCED_FACE('',(#349),#3148,.F.);
#3307=ADVANCED_FACE('',(#350),#3149,.F.);
#3308=ADVANCED_FACE('',(#351),#3150,.F.);
#3309=ADVANCED_FACE('',(#352),#3151,.F.);
#3310=ADVANCED_FACE('',(#353),#3152,.F.);
#3311=ADVANCED_FACE('',(#354),#3153,.F.);
#3312=ADVANCED_FACE('',(#355),#3154,.F.);
#3313=ADVANCED_FACE('',(#356),#98,.F.);
#3314=ADVANCED_FACE('',(#357),#99,.F.);
#3315=ADVANCED_FACE('',(#358),#3155,.F.);
#3316=ADVANCED_FACE('',(#359),#100,.F.);
#3317=ADVANCED_FACE('',(#360),#101,.F.);
#3318=ADVANCED_FACE('',(#361),#3156,.F.);
#3319=ADVANCED_FACE('',(#362),#3157,.F.);
#3320=ADVANCED_FACE('',(#363),#3158,.F.);
#3321=ADVANCED_FACE('',(#364),#3159,.F.);
#3322=ADVANCED_FACE('',(#365),#3160,.F.);
#3323=ADVANCED_FACE('',(#366),#102,.F.);
#3324=ADVANCED_FACE('',(#367),#103,.F.);
#3325=ADVANCED_FACE('',(#368),#104,.F.);
#3326=ADVANCED_FACE('',(#369),#3161,.F.);
#3327=ADVANCED_FACE('',(#370),#3162,.F.);
#3328=ADVANCED_FACE('',(#371),#3163,.F.);
#3329=ADVANCED_FACE('',(#372),#3164,.F.);
#3330=ADVANCED_FACE('',(#373),#3165,.F.);
#3331=ADVANCED_FACE('',(#374),#3166,.F.);
#3332=ADVANCED_FACE('',(#375),#3167,.F.);
#3333=ADVANCED_FACE('',(#376),#105,.F.);
#3334=ADVANCED_FACE('',(#377),#106,.F.);
#3335=ADVANCED_FACE('',(#378),#107,.F.);
#3336=ADVANCED_FACE('',(#379),#3168,.F.);
#3337=ADVANCED_FACE('',(#380),#3169,.F.);
#3338=ADVANCED_FACE('',(#381),#3170,.F.);
#3339=ADVANCED_FACE('',(#382),#3171,.F.);
#3340=ADVANCED_FACE('',(#383),#3172,.F.);
#3341=ADVANCED_FACE('',(#384),#3173,.F.);
#3342=ADVANCED_FACE('',(#385),#3174,.F.);
#3343=ADVANCED_FACE('',(#386),#3175,.F.);
#3344=ADVANCED_FACE('',(#387),#3176,.F.);
#3345=ADVANCED_FACE('',(#388),#3177,.F.);
#3346=ADVANCED_FACE('',(#389),#3178,.F.);
#3347=ADVANCED_FACE('',(#390),#3179,.F.);
#3348=ADVANCED_FACE('',(#391),#3180,.F.);
#3349=ADVANCED_FACE('',(#392),#3181,.F.);
#3350=ADVANCED_FACE('',(#393),#3182,.F.);
#3351=ADVANCED_FACE('',(#394),#3183,.F.);
#3352=ADVANCED_FACE('',(#395),#3184,.F.);
#3353=ADVANCED_FACE('',(#396),#3185,.F.);
#3354=ADVANCED_FACE('',(#397),#3186,.F.);
#3355=ADVANCED_FACE('',(#398),#3187,.F.);
#3356=ADVANCED_FACE('',(#399),#3188,.F.);
#3357=ADVANCED_FACE('',(#400),#3189,.F.);
#3358=ADVANCED_FACE('',(#401),#3190,.F.);
#3359=ADVANCED_FACE('',(#402),#3191,.F.);
#3360=ADVANCED_FACE('',(#403),#3192,.F.);
#3361=ADVANCED_FACE('',(#404),#108,.F.);
#3362=ADVANCED_FACE('',(#405),#109,.F.);
#3363=ADVANCED_FACE('',(#406),#3193,.F.);
#3364=ADVANCED_FACE('',(#407),#3194,.F.);
#3365=ADVANCED_FACE('',(#408),#3195,.F.);
#3366=ADVANCED_FACE('',(#409),#3196,.F.);
#3367=ADVANCED_FACE('',(#410),#3197,.F.);
#3368=ADVANCED_FACE('',(#411),#3198,.F.);
#3369=ADVANCED_FACE('',(#412),#3199,.F.);
#3370=ADVANCED_FACE('',(#413),#110,.F.);
#3371=ADVANCED_FACE('',(#414),#111,.F.);
#3372=ADVANCED_FACE('',(#415),#3200,.F.);
#3373=ADVANCED_FACE('',(#416),#3201,.F.);
#3374=ADVANCED_FACE('',(#417),#3202,.F.);
#3375=ADVANCED_FACE('',(#418),#3203,.F.);
#3376=ADVANCED_FACE('',(#419),#3204,.F.);
#3377=ADVANCED_FACE('',(#420),#3205,.F.);
#3378=ADVANCED_FACE('',(#421,#13,#14,#15,#16,#17,#18,#19,#20,#21),#3206,
 .F.);
#3379=ADVANCED_FACE('',(#422),#3207,.T.);
#3380=ADVANCED_FACE('',(#423),#3208,.T.);
#3381=ADVANCED_FACE('',(#424),#3209,.T.);
#3382=ADVANCED_FACE('',(#425),#3210,.T.);
#3383=ADVANCED_FACE('',(#426,#22,#23,#24,#25,#26,#27,#28,#29,#30),#3211,
 .T.);
#3384=ADVANCED_FACE('',(#427),#3212,.F.);
#3385=ADVANCED_FACE('',(#428),#3213,.F.);
#3386=ADVANCED_FACE('',(#429),#3214,.T.);
#3387=CLOSED_SHELL('',(#3215,#3216,#3217,#3218,#3219,#3220,#3221,#3222,
#3223,#3224));
#3388=CLOSED_SHELL('',(#3225,#3226,#3227,#3228,#3229,#3230,#3231,#3232,
#3233));
#3389=CLOSED_SHELL('',(#3234,#3235,#3236,#3237,#3238,#3239,#3240,#3241,
#3242,#3243,#3244,#3245,#3246,#3247));
#3390=CLOSED_SHELL('',(#3248,#3249,#3250,#3251,#3252,#3253,#3254,#3255,
#3256,#3257,#3258,#3259,#3260,#3261,#3262,#3263,#3264,#3265,#3266,#3267,
#3268,#3269,#3270,#3271,#3272,#3273,#3274,#3275,#3276,#3277,#3278,#3279,
#3280,#3281,#3282,#3283,#3284,#3285,#3286,#3287,#3288,#3289,#3290,#3291,
#3292,#3293,#3294,#3295,#3296,#3297,#3298,#3299,#3300,#3301,#3302,#3303,
#3304,#3305,#3306,#3307,#3308,#3309,#3310,#3311,#3312,#3313,#3314,#3315,
#3316,#3317,#3318,#3319,#3320,#3321,#3322,#3323,#3324,#3325,#3326,#3327,
#3328,#3329,#3330,#3331,#3332,#3333,#3334,#3335,#3336,#3337,#3338,#3339,
#3340,#3341,#3342,#3343,#3344,#3345,#3346,#3347,#3348,#3349,#3350,#3351,
#3352,#3353,#3354,#3355,#3356,#3357,#3358,#3359,#3360,#3361,#3362,#3363,
#3364,#3365,#3366,#3367,#3368,#3369,#3370,#3371,#3372,#3373,#3374,#3375,
#3376,#3377,#3378,#3379,#3380,#3381,#3382,#3383,#3384,#3385,#3386));
#3391=DERIVED_UNIT_ELEMENT(#3393,1.);
#3392=DERIVED_UNIT_ELEMENT(#6434,-3.);
#3393=(
MASS_UNIT()
NAMED_UNIT(*)
SI_UNIT(.KILO.,.GRAM.)
);
#3394=DERIVED_UNIT((#3391,#3392));
#3395=MEASURE_REPRESENTATION_ITEM('density measure',
POSITIVE_RATIO_MEASURE(7850.),#3394);
#3396=PROPERTY_DEFINITION_REPRESENTATION(#3401,#3398);
#3397=PROPERTY_DEFINITION_REPRESENTATION(#3402,#3399);
#3398=REPRESENTATION('material name',(#3400),#6431);
#3399=REPRESENTATION('density',(#3395),#6431);
#3400=DESCRIPTIVE_REPRESENTATION_ITEM('Steel','Steel');
#3401=PROPERTY_DEFINITION('material property','material name',#6441);
#3402=PROPERTY_DEFINITION('material property','density of part',#6441);
#3403=AXIS2_PLACEMENT_3D('',#4049,#3503,#3504);
#3404=AXIS2_PLACEMENT_3D('',#4050,#3505,#3506);
#3405=AXIS2_PLACEMENT_3D('',#4059,#3511,#3512);
#3406=AXIS2_PLACEMENT_3D('',#4097,#3516,#3517);
#3407=AXIS2_PLACEMENT_3D('',#4101,#3520,#3521);
#3408=AXIS2_PLACEMENT_3D('',#4105,#3524,#3525);
#3409=AXIS2_PLACEMENT_3D('',#4153,#3529,#3530);
#3410=AXIS2_PLACEMENT_3D('',#4204,#3535,#3536);
#3411=AXIS2_PLACEMENT_3D('',#4210,#3540,#3541);
#3412=AXIS2_PLACEMENT_3D('',#4216,#3545,#3546);
#3413=AXIS2_PLACEMENT_3D('',#4294,#3552,#3553);
#3414=AXIS2_PLACEMENT_3D('',#4295,#3554,#3555);
#3415=AXIS2_PLACEMENT_3D('',#4596,#3568,#3569);
#3416=AXIS2_PLACEMENT_3D('',#4597,#3570,#3571);
#3417=AXIS2_PLACEMENT_3D('',#4898,#3584,#3585);
#3418=AXIS2_PLACEMENT_3D('',#4907,#3590,#3591);
#3419=AXIS2_PLACEMENT_3D('',#4913,#3595,#3596);
#3420=AXIS2_PLACEMENT_3D('',#4919,#3600,#3601);
#3421=AXIS2_PLACEMENT_3D('',#4925,#3605,#3606);
#3422=AXIS2_PLACEMENT_3D('',#4931,#3610,#3611);
#3423=AXIS2_PLACEMENT_3D('',#4934,#3614,#3615);
#3424=AXIS2_PLACEMENT_3D('',#5243,#3632,#3633);
#3425=AXIS2_PLACEMENT_3D('',#5496,#3646,#3647);
#3426=AXIS2_PLACEMENT_3D('',#5505,#3652,#3653);
#3427=AXIS2_PLACEMENT_3D('',#5511,#3657,#3658);
#3428=AXIS2_PLACEMENT_3D('',#5517,#3662,#3663);
#3429=AXIS2_PLACEMENT_3D('',#5523,#3667,#3668);
#3430=AXIS2_PLACEMENT_3D('',#5529,#3672,#3673);
#3431=AXIS2_PLACEMENT_3D('',#5535,#3677,#3678);
#3432=AXIS2_PLACEMENT_3D('',#5541,#3682,#3683);
#3433=AXIS2_PLACEMENT_3D('',#5669,#3691,#3692);
#3434=AXIS2_PLACEMENT_3D('',#5678,#3697,#3698);
#3435=AXIS2_PLACEMENT_3D('',#5684,#3702,#3703);
#3436=AXIS2_PLACEMENT_3D('',#5690,#3707,#3708);
#3437=AXIS2_PLACEMENT_3D('',#5696,#3712,#3713);
#3438=AXIS2_PLACEMENT_3D('',#5702,#3717,#3718);
#3439=AXIS2_PLACEMENT_3D('',#5711,#3723,#3724);
#3440=AXIS2_PLACEMENT_3D('',#5717,#3728,#3729);
#3441=AXIS2_PLACEMENT_3D('',#5723,#3733,#3734);
#3442=AXIS2_PLACEMENT_3D('',#5729,#3738,#3739);
#3443=AXIS2_PLACEMENT_3D('',#5785,#3745,#3746);
#3444=AXIS2_PLACEMENT_3D('',#5841,#3752,#3753);
#3445=AXIS2_PLACEMENT_3D('',#5847,#3757,#3758);
#3446=AXIS2_PLACEMENT_3D('',#5853,#3762,#3763);
#3447=AXIS2_PLACEMENT_3D('',#5859,#3767,#3768);
#3448=AXIS2_PLACEMENT_3D('',#5865,#3772,#3773);
#3449=AXIS2_PLACEMENT_3D('',#5946,#3780,#3781);
#3450=AXIS2_PLACEMENT_3D('',#5952,#3785,#3786);
#3451=AXIS2_PLACEMENT_3D('',#5958,#3790,#3791);
#3452=AXIS2_PLACEMENT_3D('',#5964,#3795,#3796);
#3453=AXIS2_PLACEMENT_3D('',#5970,#3800,#3801);
#3454=AXIS2_PLACEMENT_3D('',#5976,#3805,#3806);
#3455=AXIS2_PLACEMENT_3D('',#5982,#3810,#3811);
#3456=AXIS2_PLACEMENT_3D('',#6060,#3817,#3818);
#3457=AXIS2_PLACEMENT_3D('',#6069,#3823,#3824);
#3458=AXIS2_PLACEMENT_3D('',#6075,#3828,#3829);
#3459=AXIS2_PLACEMENT_3D('',#6081,#3833,#3834);
#3460=AXIS2_PLACEMENT_3D('',#6087,#3838,#3839);
#3461=AXIS2_PLACEMENT_3D('',#6093,#3843,#3844);
#3462=AXIS2_PLACEMENT_3D('',#6099,#3848,#3849);
#3463=AXIS2_PLACEMENT_3D('',#6105,#3853,#3854);
#3464=AXIS2_PLACEMENT_3D('',#6111,#3858,#3859);
#3465=AXIS2_PLACEMENT_3D('',#6117,#3863,#3864);
#3466=AXIS2_PLACEMENT_3D('',#6123,#3868,#3869);
#3467=AXIS2_PLACEMENT_3D('',#6129,#3873,#3874);
#3468=AXIS2_PLACEMENT_3D('',#6132,#3877,#3878);
#3469=AXIS2_PLACEMENT_3D('',#6141,#3883,#3884);
#3470=AXIS2_PLACEMENT_3D('',#6147,#3888,#3889);
#3471=AXIS2_PLACEMENT_3D('',#6153,#3893,#3894);
#3472=AXIS2_PLACEMENT_3D('',#6159,#3898,#3899);
#3473=AXIS2_PLACEMENT_3D('',#6165,#3903,#3904);
#3474=AXIS2_PLACEMENT_3D('',#6171,#3908,#3909);
#3475=AXIS2_PLACEMENT_3D('',#6177,#3913,#3914);
#3476=AXIS2_PLACEMENT_3D('',#6183,#3918,#3919);
#3477=AXIS2_PLACEMENT_3D('',#6189,#3923,#3924);
#3478=AXIS2_PLACEMENT_3D('',#6195,#3928,#3929);
#3479=AXIS2_PLACEMENT_3D('',#6201,#3933,#3934);
#3480=AXIS2_PLACEMENT_3D('',#6204,#3937,#3938);
#3481=AXIS2_PLACEMENT_3D('',#6263,#3945,#3946);
#3482=AXIS2_PLACEMENT_3D('',#6269,#3950,#3951);
#3483=AXIS2_PLACEMENT_3D('',#6275,#3955,#3956);
#3484=AXIS2_PLACEMENT_3D('',#6281,#3960,#3961);
#3485=AXIS2_PLACEMENT_3D('',#6287,#3965,#3966);
#3486=AXIS2_PLACEMENT_3D('',#6293,#3970,#3971);
#3487=AXIS2_PLACEMENT_3D('',#6299,#3975,#3976);
#3488=AXIS2_PLACEMENT_3D('',#6355,#3982,#3983);
#3489=AXIS2_PLACEMENT_3D('',#6361,#3987,#3988);
#3490=AXIS2_PLACEMENT_3D('',#6367,#3992,#3993);
#3491=AXIS2_PLACEMENT_3D('',#6373,#3997,#3998);
#3492=AXIS2_PLACEMENT_3D('',#6379,#4002,#4003);
#3493=AXIS2_PLACEMENT_3D('',#6385,#4007,#4008);
#3494=AXIS2_PLACEMENT_3D('',#6388,#4011,#4012);
#3495=AXIS2_PLACEMENT_3D('',#6402,#4020,#4021);
#3496=AXIS2_PLACEMENT_3D('',#6408,#4025,#4026);
#3497=AXIS2_PLACEMENT_3D('',#6412,#4029,#4030);
#3498=AXIS2_PLACEMENT_3D('',#6416,#4033,#4034);
#3499=AXIS2_PLACEMENT_3D('',#6418,#4036,#4037);
#3500=AXIS2_PLACEMENT_3D('',#6424,#4041,#4042);
#3501=AXIS2_PLACEMENT_3D('',#6426,#4044,#4045);
#3502=AXIS2_PLACEMENT_3D('',#6428,#4047,#4048);
#3503=DIRECTION('axis',(0.,0.,1.));
#3504=DIRECTION('refdir',(1.,0.,0.));
#3505=DIRECTION('center_axis',(0.,-1.,2.22044604925031E-16));
#3506=DIRECTION('ref_axis',(-1.,0.,0.));
#3507=DIRECTION('',(0.,2.22044604925031E-16,1.));
#3508=DIRECTION('',(-1.,0.,0.));
#3509=DIRECTION('',(0.,-2.22044604925031E-16,-1.));
#3510=DIRECTION('',(1.,0.,0.));
#3511=DIRECTION('center_axis',(0.,-2.22044604925031E-16,-1.));
#3512=DIRECTION('ref_axis',(0.,1.,-2.22044604925031E-16));
#3513=DIRECTION('',(0.242535579622435,0.970142511498805,-2.1541491068673E-16));
#3514=DIRECTION('',(1.,0.,0.));
#3515=DIRECTION('',(0.242535488794633,-0.970142534205747,2.15414915728684E-16));
#3516=DIRECTION('center_axis',(0.970142511498805,-0.242535579622435,5.3853716957527E-17));
#3517=DIRECTION('ref_axis',(-0.242535579622435,-0.970142511498805,2.1541491068673E-16));
#3518=DIRECTION('',(-0.242535579622435,-0.970142511498805,2.1541491068673E-16));
#3519=DIRECTION('',(0.,-2.22044604925031E-16,-1.));
#3520=DIRECTION('center_axis',(-0.970142534205747,-0.242535488794633,5.38536967897036E-17));
#3521=DIRECTION('ref_axis',(-0.242535488794633,0.970142534205747,-2.15414915728684E-16));
#3522=DIRECTION('',(0.,-2.22044604925031E-16,-1.));
#3523=DIRECTION('',(-0.242535488794633,0.970142534205747,-2.15414915728684E-16));
#3524=DIRECTION('center_axis',(0.,-2.22044604925031E-16,-1.));
#3525=DIRECTION('ref_axis',(1.,0.,0.));
#3526=DIRECTION('',(-1.,0.,0.));
#3527=DIRECTION('',(0.,-2.22044604925031E-16,-1.));
#3528=DIRECTION('',(0.,-2.22044604925031E-16,-1.));
#3529=DIRECTION('center_axis',(0.,-1.,2.22044604925031E-16));
#3530=DIRECTION('ref_axis',(-1.,0.,0.));
#3531=DIRECTION('',(0.,-2.22044604925031E-16,-1.));
#3532=DIRECTION('',(0.,-2.22044604925031E-16,-1.));
#3533=DIRECTION('',(0.,-2.22044604925031E-16,-1.));
#3534=DIRECTION('',(0.,-2.22044604925031E-16,-1.));
#3535=DIRECTION('center_axis',(0.,1.,-2.22044604925031E-16));
#3536=DIRECTION('ref_axis',(1.,0.,0.));
#3537=DIRECTION('',(-1.,0.,0.));
#3538=DIRECTION('',(1.,0.,0.));
#3539=DIRECTION('',(0.,-2.22044604925031E-16,-1.));
#3540=DIRECTION('center_axis',(1.,0.,0.));
#3541=DIRECTION('ref_axis',(0.,-1.,2.22044604925031E-16));
#3542=DIRECTION('',(0.,1.,-2.22044604925031E-16));
#3543=DIRECTION('',(0.,-1.,2.22044604925031E-16));
#3544=DIRECTION('',(0.,-2.22044604925031E-16,-1.));
#3545=DIRECTION('center_axis',(0.,-1.,2.22044604925031E-16));
#3546=DIRECTION('ref_axis',(-1.,0.,0.));
#3547=DIRECTION('',(1.,0.,0.));
#3548=DIRECTION('',(-1.,0.,0.));
#3549=DIRECTION('',(0.,-2.22044604925031E-16,-1.));
#3550=DIRECTION('',(0.,-2.22044604925031E-16,-1.));
#3551=DIRECTION('',(0.,-2.22044604925031E-16,-1.));
#3552=DIRECTION('center_axis',(0.,-2.22044604925031E-16,-1.));
#3553=DIRECTION('ref_axis',(1.,0.,0.));
#3554=DIRECTION('center_axis',(0.,-2.22044604925031E-16,-1.));
#3555=DIRECTION('ref_axis',(0.,1.,-2.22044604925031E-16));
#3556=DIRECTION('',(0.,-2.22044604925031E-16,-1.));
#3557=DIRECTION('',(0.,-2.22044604925031E-16,-1.));
#3558=DIRECTION('',(0.,-2.22044604925031E-16,-1.));
#3559=DIRECTION('',(0.,-2.22044604925031E-16,-1.));
#3560=DIRECTION('',(0.,-2.22044604925031E-16,-1.));
#3561=DIRECTION('',(0.,-2.22044604925031E-16,-1.));
#3562=DIRECTION('',(0.,-2.22044604925031E-16,-1.));
#3563=DIRECTION('',(0.,-2.22044604925031E-16,-1.));
#3564=DIRECTION('',(0.,-2.22044604925031E-16,-1.));
#3565=DIRECTION('',(0.,-2.22044604925031E-16,-1.));
#3566=DIRECTION('',(0.,-2.22044604925031E-16,-1.));
#3567=DIRECTION('',(0.,-2.22044604925031E-16,-1.));
#3568=DIRECTION('center_axis',(0.,-2.22044604925031E-16,-1.));
#3569=DIRECTION('ref_axis',(1.,0.,0.));
#3570=DIRECTION('center_axis',(0.,-2.22044604925031E-16,-1.));
#3571=DIRECTION('ref_axis',(0.,1.,-2.22044604925031E-16));
#3572=DIRECTION('',(0.,-2.22044604925031E-16,-1.));
#3573=DIRECTION('',(0.,-2.22044604925031E-16,-1.));
#3574=DIRECTION('',(0.,-2.22044604925031E-16,-1.));
#3575=DIRECTION('',(0.,-2.22044604925031E-16,-1.));
#3576=DIRECTION('',(0.,-2.22044604925031E-16,-1.));
#3577=DIRECTION('',(0.,-2.22044604925031E-16,-1.));
#3578=DIRECTION('',(0.,-2.22044604925031E-16,-1.));
#3579=DIRECTION('',(0.,-2.22044604925031E-16,-1.));
#3580=DIRECTION('',(0.,-2.22044604925031E-16,-1.));
#3581=DIRECTION('',(0.,-2.22044604925031E-16,-1.));
#3582=DIRECTION('',(0.,-2.22044604925031E-16,-1.));
#3583=DIRECTION('',(0.,-2.22044604925031E-16,-1.));
#3584=DIRECTION('center_axis',(0.,1.,-2.22044604925031E-16));
#3585=DIRECTION('ref_axis',(1.,0.,0.));
#3586=DIRECTION('',(-1.,0.,0.));
#3587=DIRECTION('',(0.,-2.22044604925031E-16,-1.));
#3588=DIRECTION('',(1.,0.,0.));
#3589=DIRECTION('',(0.,-2.22044604925031E-16,-1.));
#3590=DIRECTION('center_axis',(-1.,-1.8503720018173E-16,4.10865120107862E-32));
#3591=DIRECTION('ref_axis',(-1.8503720018173E-16,1.,-2.22044604925031E-16));
#3592=DIRECTION('',(1.8503720018173E-16,-1.,2.22044604925031E-16));
#3593=DIRECTION('',(-1.8503720018173E-16,1.,-2.22044604925031E-16));
#3594=DIRECTION('',(0.,-2.22044604925031E-16,-1.));
#3595=DIRECTION('center_axis',(0.,-1.,2.22044604925031E-16));
#3596=DIRECTION('ref_axis',(-1.,0.,0.));
#3597=DIRECTION('',(1.,0.,0.));
#3598=DIRECTION('',(-1.,0.,0.));
#3599=DIRECTION('',(0.,-2.22044604925031E-16,-1.));
#3600=DIRECTION('center_axis',(1.,0.,0.));
#3601=DIRECTION('ref_axis',(0.,-1.,2.22044604925031E-16));
#3602=DIRECTION('',(0.,1.,-2.22044604925031E-16));
#3603=DIRECTION('',(0.,-1.,2.22044604925031E-16));
#3604=DIRECTION('',(0.,-2.22044604925031E-16,-1.));
#3605=DIRECTION('center_axis',(0.,1.,-2.22044604925031E-16));
#3606=DIRECTION('ref_axis',(1.,0.,0.));
#3607=DIRECTION('',(-1.,0.,0.));
#3608=DIRECTION('',(1.,0.,0.));
#3609=DIRECTION('',(0.,-2.22044604925031E-16,-1.));
#3610=DIRECTION('center_axis',(1.,2.31685192064304E-16,-5.14444469388983E-32));
#3611=DIRECTION('ref_axis',(2.31685192064304E-16,-1.,2.22044604925031E-16));
#3612=DIRECTION('',(-2.31685192064304E-16,1.,-2.22044604925031E-16));
#3613=DIRECTION('',(2.31685192064304E-16,-1.,2.22044604925031E-16));
#3614=DIRECTION('center_axis',(0.774864203767747,-0.632127728959405,1.40360551838948E-16));
#3615=DIRECTION('ref_axis',(-0.632127728959405,-0.774864203767747,1.72054415996158E-16));
#3616=DIRECTION('',(0.632127728959405,0.774864203767747,-1.72054415996158E-16));
#3617=DIRECTION('',(0.,-2.22044604925031E-16,-1.));
#3618=DIRECTION('',(-0.632127728959405,-0.774864203767747,1.72054415996158E-16));
#3619=DIRECTION('',(0.,-2.22044604925031E-16,-1.));
#3620=DIRECTION('',(0.,-2.22044604925031E-16,-1.));
#3621=DIRECTION('',(0.,-2.22044604925031E-16,-1.));
#3622=DIRECTION('',(0.,-2.22044604925031E-16,-1.));
#3623=DIRECTION('',(0.,-2.22044604925031E-16,-1.));
#3624=DIRECTION('',(0.,-2.22044604925031E-16,-1.));
#3625=DIRECTION('',(0.,-2.22044604925031E-16,-1.));
#3626=DIRECTION('',(0.,-2.22044604925031E-16,-1.));
#3627=DIRECTION('',(0.,-2.22044604925031E-16,-1.));
#3628=DIRECTION('',(0.,-2.22044604925031E-16,-1.));
#3629=DIRECTION('',(0.,-2.22044604925031E-16,-1.));
#3630=DIRECTION('',(0.,-2.22044604925031E-16,-1.));
#3631=DIRECTION('',(0.,-2.22044604925031E-16,-1.));
#3632=DIRECTION('center_axis',(0.765973977884387,0.642871577536268,-1.42746165451572E-16));
#3633=DIRECTION('ref_axis',(0.642871577536268,-0.765973977884387,1.70080389302193E-16));
#3634=DIRECTION('',(-0.642871577536268,0.765973977884387,-1.70080389302193E-16));
#3635=DIRECTION('',(0.642871577536268,-0.765973977884387,1.70080389302193E-16));
#3636=DIRECTION('',(0.,-2.22044604925031E-16,-1.));
#3637=DIRECTION('',(0.,-2.22044604925031E-16,-1.));
#3638=DIRECTION('',(0.,-2.22044604925031E-16,-1.));
#3639=DIRECTION('',(0.,-2.22044604925031E-16,-1.));
#3640=DIRECTION('',(0.,-2.22044604925031E-16,-1.));
#3641=DIRECTION('',(0.,-2.22044604925031E-16,-1.));
#3642=DIRECTION('',(0.,-2.22044604925031E-16,-1.));
#3643=DIRECTION('',(0.,-2.22044604925031E-16,-1.));
#3644=DIRECTION('',(0.,-2.22044604925031E-16,-1.));
#3645=DIRECTION('',(0.,-2.22044604925031E-16,-1.));
#3646=DIRECTION('center_axis',(0.,1.,-2.22044604925031E-16));
#3647=DIRECTION('ref_axis',(1.,0.,0.));
#3648=DIRECTION('',(-1.,0.,0.));
#3649=DIRECTION('',(0.,-2.22044604925031E-16,-1.));
#3650=DIRECTION('',(1.,0.,0.));
#3651=DIRECTION('',(0.,-2.22044604925031E-16,-1.));
#3652=DIRECTION('center_axis',(-1.,-1.85037163418143E-16,4.108650384763E-32));
#3653=DIRECTION('ref_axis',(-1.85037163418143E-16,1.,-2.22044604925031E-16));
#3654=DIRECTION('',(1.85037163418143E-16,-1.,2.22044604925031E-16));
#3655=DIRECTION('',(-1.85037163418143E-16,1.,-2.22044604925031E-16));
#3656=DIRECTION('',(0.,-2.22044604925031E-16,-1.));
#3657=DIRECTION('center_axis',(0.,-1.,2.22044604925031E-16));
#3658=DIRECTION('ref_axis',(-1.,0.,0.));
#3659=DIRECTION('',(1.,0.,0.));
#3660=DIRECTION('',(-1.,0.,0.));
#3661=DIRECTION('',(0.,-2.22044604925031E-16,-1.));
#3662=DIRECTION('center_axis',(1.,0.,0.));
#3663=DIRECTION('ref_axis',(0.,-1.,2.22044604925031E-16));
#3664=DIRECTION('',(0.,1.,-2.22044604925031E-16));
#3665=DIRECTION('',(0.,-1.,2.22044604925031E-16));
#3666=DIRECTION('',(0.,-2.22044604925031E-16,-1.));
#3667=DIRECTION('center_axis',(0.,-1.,2.22044604925031E-16));
#3668=DIRECTION('ref_axis',(-1.,0.,0.));
#3669=DIRECTION('',(1.,0.,0.));
#3670=DIRECTION('',(-1.,0.,0.));
#3671=DIRECTION('',(0.,-2.22044604925031E-16,-1.));
#3672=DIRECTION('center_axis',(-0.886225462837974,-0.463254173232815,1.02863089875352E-16));
#3673=DIRECTION('ref_axis',(-0.463254173232815,0.886225462837974,-1.96781582770361E-16));
#3674=DIRECTION('',(0.463254173232815,-0.886225462837974,1.96781582770361E-16));
#3675=DIRECTION('',(-0.463254173232815,0.886225462837974,-1.96781582770361E-16));
#3676=DIRECTION('',(0.,-2.22044604925031E-16,-1.));
#3677=DIRECTION('center_axis',(0.,-1.,2.22044604925031E-16));
#3678=DIRECTION('ref_axis',(-1.,0.,0.));
#3679=DIRECTION('',(1.,0.,0.));
#3680=DIRECTION('',(-1.,0.,0.));
#3681=DIRECTION('',(0.,-2.22044604925031E-16,-1.));
#3682=DIRECTION('center_axis',(0.870753612908775,0.491719580255165,-1.0918367993166E-16));
#3683=DIRECTION('ref_axis',(0.491719580255165,-0.870753612908775,1.93346141965373E-16));
#3684=DIRECTION('',(-0.491719580255165,0.870753612908775,-1.93346141965373E-16));
#3685=DIRECTION('',(0.491719580255165,-0.870753612908775,1.93346141965373E-16));
#3686=DIRECTION('',(0.,-2.22044604925031E-16,-1.));
#3687=DIRECTION('',(0.,-2.22044604925031E-16,-1.));
#3688=DIRECTION('',(0.,-2.22044604925031E-16,-1.));
#3689=DIRECTION('',(0.,-2.22044604925031E-16,-1.));
#3690=DIRECTION('',(0.,-2.22044604925031E-16,-1.));
#3691=DIRECTION('center_axis',(0.,-1.,2.22044604925031E-16));
#3692=DIRECTION('ref_axis',(-1.,0.,0.));
#3693=DIRECTION('',(1.,0.,0.));
#3694=DIRECTION('',(0.,-2.22044604925031E-16,-1.));
#3695=DIRECTION('',(-1.,0.,0.));
#3696=DIRECTION('',(0.,-2.22044604925031E-16,-1.));
#3697=DIRECTION('center_axis',(0.955139210265616,0.296157203210011,-6.5760109182469E-17));
#3698=DIRECTION('ref_axis',(0.296157203210011,-0.955139210265616,2.12083508591835E-16));
#3699=DIRECTION('',(-0.296157203210011,0.955139210265616,-2.12083508591835E-16));
#3700=DIRECTION('',(0.296157203210011,-0.955139210265616,2.12083508591835E-16));
#3701=DIRECTION('',(0.,-2.22044604925031E-16,-1.));
#3702=DIRECTION('center_axis',(0.,1.,-2.22044604925031E-16));
#3703=DIRECTION('ref_axis',(1.,0.,0.));
#3704=DIRECTION('',(-1.,0.,0.));
#3705=DIRECTION('',(1.,0.,0.));
#3706=DIRECTION('',(0.,-2.22044604925031E-16,-1.));
#3707=DIRECTION('center_axis',(-0.955139173360439,0.296157322233197,-6.57601356109254E-17));
#3708=DIRECTION('ref_axis',(0.296157322233197,0.955139173360439,-2.1208350039724E-16));
#3709=DIRECTION('',(-0.296157322233197,-0.955139173360439,2.1208350039724E-16));
#3710=DIRECTION('',(0.296157322233197,0.955139173360439,-2.1208350039724E-16));
#3711=DIRECTION('',(0.,-2.22044604925031E-16,-1.));
#3712=DIRECTION('center_axis',(0.,-1.,2.22044604925031E-16));
#3713=DIRECTION('ref_axis',(-1.,0.,0.));
#3714=DIRECTION('',(1.,0.,0.));
#3715=DIRECTION('',(-1.,0.,0.));
#3716=DIRECTION('',(0.,-2.22044604925031E-16,-1.));
#3717=DIRECTION('center_axis',(-1.,0.,0.));
#3718=DIRECTION('ref_axis',(0.,1.,-2.22044604925031E-16));
#3719=DIRECTION('',(0.,-1.,2.22044604925031E-16));
#3720=DIRECTION('',(0.,-2.22044604925031E-16,-1.));
#3721=DIRECTION('',(0.,1.,-2.22044604925031E-16));
#3722=DIRECTION('',(0.,-2.22044604925031E-16,-1.));
#3723=DIRECTION('center_axis',(0.,-1.,2.22044604925031E-16));
#3724=DIRECTION('ref_axis',(-1.,0.,0.));
#3725=DIRECTION('',(1.,0.,0.));
#3726=DIRECTION('',(-1.,0.,0.));
#3727=DIRECTION('',(0.,-2.22044604925031E-16,-1.));
#3728=DIRECTION('center_axis',(1.,9.25185633272853E-17,-2.05432478422386E-32));
#3729=DIRECTION('ref_axis',(9.25185633272853E-17,-1.,2.22044604925031E-16));
#3730=DIRECTION('',(-9.25185633272853E-17,1.,-2.22044604925031E-16));
#3731=DIRECTION('',(9.25185633272853E-17,-1.,2.22044604925031E-16));
#3732=DIRECTION('',(0.,-2.22044604925031E-16,-1.));
#3733=DIRECTION('center_axis',(0.,1.,-2.22044604925031E-16));
#3734=DIRECTION('ref_axis',(1.,0.,0.));
#3735=DIRECTION('',(-1.,0.,0.));
#3736=DIRECTION('',(1.,0.,0.));
#3737=DIRECTION('',(0.,-2.22044604925031E-16,-1.));
#3738=DIRECTION('center_axis',(-0.942665668272359,0.333738577123813,-7.41048505056992E-17));
#3739=DIRECTION('ref_axis',(0.333738577123813,0.942665668272359,-2.09313825887926E-16));
#3740=DIRECTION('',(-0.333738577123813,-0.942665668272359,2.09313825887926E-16));
#3741=DIRECTION('',(0.333738577123813,0.942665668272359,-2.09313825887926E-16));
#3742=DIRECTION('',(0.,-2.22044604925031E-16,-1.));
#3743=DIRECTION('',(0.,-2.22044604925031E-16,-1.));
#3744=DIRECTION('',(0.,-2.22044604925031E-16,-1.));
#3745=DIRECTION('center_axis',(0.,1.,-2.22044604925031E-16));
#3746=DIRECTION('ref_axis',(1.,0.,0.));
#3747=DIRECTION('',(-1.,0.,0.));
#3748=DIRECTION('',(1.,0.,0.));
#3749=DIRECTION('',(0.,-2.22044604925031E-16,-1.));
#3750=DIRECTION('',(0.,-2.22044604925031E-16,-1.));
#3751=DIRECTION('',(0.,-2.22044604925031E-16,-1.));
#3752=DIRECTION('center_axis',(0.938939227826144,0.344083022611177,-7.64017788171095E-17));
#3753=DIRECTION('ref_axis',(0.344083022611177,-0.938939227826144,2.0848638989127E-16));
#3754=DIRECTION('',(-0.344083022611177,0.938939227826144,-2.0848638989127E-16));
#3755=DIRECTION('',(0.344083022611177,-0.938939227826144,2.0848638989127E-16));
#3756=DIRECTION('',(0.,-2.22044604925031E-16,-1.));
#3757=DIRECTION('center_axis',(0.,1.,-2.22044604925031E-16));
#3758=DIRECTION('ref_axis',(1.,0.,0.));
#3759=DIRECTION('',(-1.,0.,0.));
#3760=DIRECTION('',(1.,0.,0.));
#3761=DIRECTION('',(0.,-2.22044604925031E-16,-1.));
#3762=DIRECTION('center_axis',(-1.,-1.85037126654571E-16,4.10864956844771E-32));
#3763=DIRECTION('ref_axis',(-1.85037126654571E-16,1.,-2.22044604925031E-16));
#3764=DIRECTION('',(1.85037126654571E-16,-1.,2.22044604925031E-16));
#3765=DIRECTION('',(-1.85037126654571E-16,1.,-2.22044604925031E-16));
#3766=DIRECTION('',(0.,-2.22044604925031E-16,-1.));
#3767=DIRECTION('center_axis',(0.,-1.,2.22044604925031E-16));
#3768=DIRECTION('ref_axis',(-1.,0.,0.));
#3769=DIRECTION('',(1.,0.,0.));
#3770=DIRECTION('',(-1.,0.,0.));
#3771=DIRECTION('',(0.,-2.22044604925031E-16,-1.));
#3772=DIRECTION('center_axis',(1.,0.,0.));
#3773=DIRECTION('ref_axis',(0.,-1.,2.22044604925031E-16));
#3774=DIRECTION('',(0.,1.,-2.22044604925031E-16));
#3775=DIRECTION('',(0.,-1.,2.22044604925031E-16));
#3776=DIRECTION('',(0.,-2.22044604925031E-16,-1.));
#3777=DIRECTION('',(0.,-2.22044604925031E-16,-1.));
#3778=DIRECTION('',(0.,-2.22044604925031E-16,-1.));
#3779=DIRECTION('',(0.,-2.22044604925031E-16,-1.));
#3780=DIRECTION('center_axis',(0.,-1.,2.22044604925031E-16));
#3781=DIRECTION('ref_axis',(-1.,0.,0.));
#3782=DIRECTION('',(1.,0.,0.));
#3783=DIRECTION('',(-1.,0.,0.));
#3784=DIRECTION('',(0.,-2.22044604925031E-16,-1.));
#3785=DIRECTION('center_axis',(-0.947613134444655,-0.319420330329765,7.09255610530957E-17));
#3786=DIRECTION('ref_axis',(-0.319420330329765,0.947613134444655,-2.10412384059534E-16));
#3787=DIRECTION('',(0.319420330329765,-0.947613134444655,2.10412384059534E-16));
#3788=DIRECTION('',(-0.319420330329765,0.947613134444655,-2.10412384059534E-16));
#3789=DIRECTION('',(0.,-2.22044604925031E-16,-1.));
#3790=DIRECTION('center_axis',(-0.937457379921389,-0.34810007301195,7.72937431863129E-17));
#3791=DIRECTION('ref_axis',(-0.34810007301195,0.937457379921389,-2.081573535587E-16));
#3792=DIRECTION('',(0.34810007301195,-0.937457379921389,2.081573535587E-16));
#3793=DIRECTION('',(-0.34810007301195,0.937457379921389,-2.081573535587E-16));
#3794=DIRECTION('',(0.,-2.22044604925031E-16,-1.));
#3795=DIRECTION('center_axis',(0.,-1.,2.22044604925031E-16));
#3796=DIRECTION('ref_axis',(-1.,0.,0.));
#3797=DIRECTION('',(1.,0.,0.));
#3798=DIRECTION('',(-1.,0.,0.));
#3799=DIRECTION('',(0.,-2.22044604925031E-16,-1.));
#3800=DIRECTION('center_axis',(0.938578495012564,-0.345065803434579,7.66199999967695E-17));
#3801=DIRECTION('ref_axis',(-0.345065803434579,-0.938578495012564,2.08406291116195E-16));
#3802=DIRECTION('',(0.345065803434579,0.938578495012564,-2.08406291116195E-16));
#3803=DIRECTION('',(-0.345065803434579,-0.938578495012564,2.08406291116195E-16));
#3804=DIRECTION('',(0.,-2.22044604925031E-16,-1.));
#3805=DIRECTION('center_axis',(0.944353590965687,-0.328932052603895,7.30375876676115E-17));
#3806=DIRECTION('ref_axis',(-0.328932052603895,-0.944353590965687,2.09688620015511E-16));
#3807=DIRECTION('',(0.328932052603895,0.944353590965687,-2.09688620015511E-16));
#3808=DIRECTION('',(-0.328932052603895,-0.944353590965687,2.09688620015511E-16));
#3809=DIRECTION('',(0.,-2.22044604925031E-16,-1.));
#3810=DIRECTION('center_axis',(0.,-1.,2.22044604925031E-16));
#3811=DIRECTION('ref_axis',(-1.,0.,0.));
#3812=DIRECTION('',(1.,0.,0.));
#3813=DIRECTION('',(-1.,0.,0.));
#3814=DIRECTION('',(0.,-2.22044604925031E-16,-1.));
#3815=DIRECTION('',(0.,-2.22044604925031E-16,-1.));
#3816=DIRECTION('',(0.,-2.22044604925031E-16,-1.));
#3817=DIRECTION('center_axis',(1.,0.,0.));
#3818=DIRECTION('ref_axis',(0.,-1.,2.22044604925031E-16));
#3819=DIRECTION('',(0.,1.,-2.22044604925031E-16));
#3820=DIRECTION('',(0.,-2.22044604925031E-16,-1.));
#3821=DIRECTION('',(0.,-1.,2.22044604925031E-16));
#3822=DIRECTION('',(0.,-2.22044604925031E-16,-1.));
#3823=DIRECTION('center_axis',(0.,-1.,2.22044604925031E-16));
#3824=DIRECTION('ref_axis',(-1.,0.,0.));
#3825=DIRECTION('',(1.,0.,0.));
#3826=DIRECTION('',(-1.,0.,0.));
#3827=DIRECTION('',(0.,-2.22044604925031E-16,-1.));
#3828=DIRECTION('center_axis',(1.,0.,0.));
#3829=DIRECTION('ref_axis',(0.,-1.,2.22044604925031E-16));
#3830=DIRECTION('',(0.,1.,-2.22044604925031E-16));
#3831=DIRECTION('',(0.,-1.,2.22044604925031E-16));
#3832=DIRECTION('',(0.,-2.22044604925031E-16,-1.));
#3833=DIRECTION('center_axis',(0.,1.,-2.22044604925031E-16));
#3834=DIRECTION('ref_axis',(1.,0.,0.));
#3835=DIRECTION('',(-1.,0.,0.));
#3836=DIRECTION('',(1.,0.,0.));
#3837=DIRECTION('',(0.,-2.22044604925031E-16,-1.));
#3838=DIRECTION('center_axis',(-1.,-1.85037126654571E-16,4.10864956844771E-32));
#3839=DIRECTION('ref_axis',(-1.85037126654571E-16,1.,-2.22044604925031E-16));
#3840=DIRECTION('',(1.85037126654571E-16,-1.,2.22044604925031E-16));
#3841=DIRECTION('',(-1.85037126654571E-16,1.,-2.22044604925031E-16));
#3842=DIRECTION('',(0.,-2.22044604925031E-16,-1.));
#3843=DIRECTION('center_axis',(0.,-1.,2.22044604925031E-16));
#3844=DIRECTION('ref_axis',(-1.,0.,0.));
#3845=DIRECTION('',(1.,0.,0.));
#3846=DIRECTION('',(-1.,0.,0.));
#3847=DIRECTION('',(0.,-2.22044604925031E-16,-1.));
#3848=DIRECTION('center_axis',(1.,0.,0.));
#3849=DIRECTION('ref_axis',(0.,-1.,2.22044604925031E-16));
#3850=DIRECTION('',(0.,1.,-2.22044604925031E-16));
#3851=DIRECTION('',(0.,-1.,2.22044604925031E-16));
#3852=DIRECTION('',(0.,-2.22044604925031E-16,-1.));
#3853=DIRECTION('center_axis',(0.,1.,-2.22044604925031E-16));
#3854=DIRECTION('ref_axis',(1.,0.,0.));
#3855=DIRECTION('',(-1.,0.,0.));
#3856=DIRECTION('',(1.,0.,0.));
#3857=DIRECTION('',(0.,-2.22044604925031E-16,-1.));
#3858=DIRECTION('center_axis',(1.,0.,0.));
#3859=DIRECTION('ref_axis',(0.,-1.,2.22044604925031E-16));
#3860=DIRECTION('',(0.,1.,-2.22044604925031E-16));
#3861=DIRECTION('',(0.,-1.,2.22044604925031E-16));
#3862=DIRECTION('',(0.,-2.22044604925031E-16,-1.));
#3863=DIRECTION('center_axis',(0.,-1.,2.22044604925031E-16));
#3864=DIRECTION('ref_axis',(-1.,0.,0.));
#3865=DIRECTION('',(1.,0.,0.));
#3866=DIRECTION('',(-1.,0.,0.));
#3867=DIRECTION('',(0.,-2.22044604925031E-16,-1.));
#3868=DIRECTION('center_axis',(1.,0.,0.));
#3869=DIRECTION('ref_axis',(0.,-1.,2.22044604925031E-16));
#3870=DIRECTION('',(0.,1.,-2.22044604925031E-16));
#3871=DIRECTION('',(0.,-1.,2.22044604925031E-16));
#3872=DIRECTION('',(0.,-2.22044604925031E-16,-1.));
#3873=DIRECTION('center_axis',(0.,1.,-2.22044604925031E-16));
#3874=DIRECTION('ref_axis',(1.,0.,0.));
#3875=DIRECTION('',(-1.,0.,0.));
#3876=DIRECTION('',(1.,0.,0.));
#3877=DIRECTION('center_axis',(1.,0.,0.));
#3878=DIRECTION('ref_axis',(0.,-1.,2.22044604925031E-16));
#3879=DIRECTION('',(0.,1.,-2.22044604925031E-16));
#3880=DIRECTION('',(0.,-2.22044604925031E-16,-1.));
#3881=DIRECTION('',(0.,-1.,2.22044604925031E-16));
#3882=DIRECTION('',(0.,-2.22044604925031E-16,-1.));
#3883=DIRECTION('center_axis',(0.,-1.,2.22044604925031E-16));
#3884=DIRECTION('ref_axis',(-1.,0.,0.));
#3885=DIRECTION('',(1.,0.,0.));
#3886=DIRECTION('',(-1.,0.,0.));
#3887=DIRECTION('',(0.,-2.22044604925031E-16,-1.));
#3888=DIRECTION('center_axis',(1.,0.,0.));
#3889=DIRECTION('ref_axis',(0.,-1.,2.22044604925031E-16));
#3890=DIRECTION('',(0.,1.,-2.22044604925031E-16));
#3891=DIRECTION('',(0.,-1.,2.22044604925031E-16));
#3892=DIRECTION('',(0.,-2.22044604925031E-16,-1.));
#3893=DIRECTION('center_axis',(0.,1.,-2.22044604925031E-16));
#3894=DIRECTION('ref_axis',(1.,0.,0.));
#3895=DIRECTION('',(-1.,0.,0.));
#3896=DIRECTION('',(1.,0.,0.));
#3897=DIRECTION('',(0.,-2.22044604925031E-16,-1.));
#3898=DIRECTION('center_axis',(-1.,-1.8503720018173E-16,4.10865120107862E-32));
#3899=DIRECTION('ref_axis',(-1.8503720018173E-16,1.,-2.22044604925031E-16));
#3900=DIRECTION('',(1.8503720018173E-16,-1.,2.22044604925031E-16));
#3901=DIRECTION('',(-1.8503720018173E-16,1.,-2.22044604925031E-16));
#3902=DIRECTION('',(0.,-2.22044604925031E-16,-1.));
#3903=DIRECTION('center_axis',(0.,-1.,2.22044604925031E-16));
#3904=DIRECTION('ref_axis',(-1.,0.,0.));
#3905=DIRECTION('',(1.,0.,0.));
#3906=DIRECTION('',(-1.,0.,0.));
#3907=DIRECTION('',(0.,-2.22044604925031E-16,-1.));
#3908=DIRECTION('center_axis',(1.,0.,0.));
#3909=DIRECTION('ref_axis',(0.,-1.,2.22044604925031E-16));
#3910=DIRECTION('',(0.,1.,-2.22044604925031E-16));
#3911=DIRECTION('',(0.,-1.,2.22044604925031E-16));
#3912=DIRECTION('',(0.,-2.22044604925031E-16,-1.));
#3913=DIRECTION('center_axis',(0.,1.,-2.22044604925031E-16));
#3914=DIRECTION('ref_axis',(1.,0.,0.));
#3915=DIRECTION('',(-1.,0.,0.));
#3916=DIRECTION('',(1.,0.,0.));
#3917=DIRECTION('',(0.,-2.22044604925031E-16,-1.));
#3918=DIRECTION('center_axis',(1.,0.,0.));
#3919=DIRECTION('ref_axis',(0.,-1.,2.22044604925031E-16));
#3920=DIRECTION('',(0.,1.,-2.22044604925031E-16));
#3921=DIRECTION('',(0.,-1.,2.22044604925031E-16));
#3922=DIRECTION('',(0.,-2.22044604925031E-16,-1.));
#3923=DIRECTION('center_axis',(0.,-1.,2.22044604925031E-16));
#3924=DIRECTION('ref_axis',(-1.,0.,0.));
#3925=DIRECTION('',(1.,0.,0.));
#3926=DIRECTION('',(-1.,0.,0.));
#3927=DIRECTION('',(0.,-2.22044604925031E-16,-1.));
#3928=DIRECTION('center_axis',(1.,0.,0.));
#3929=DIRECTION('ref_axis',(0.,-1.,2.22044604925031E-16));
#3930=DIRECTION('',(0.,1.,-2.22044604925031E-16));
#3931=DIRECTION('',(0.,-1.,2.22044604925031E-16));
#3932=DIRECTION('',(0.,-2.22044604925031E-16,-1.));
#3933=DIRECTION('center_axis',(0.,1.,-2.22044604925031E-16));
#3934=DIRECTION('ref_axis',(1.,0.,0.));
#3935=DIRECTION('',(-1.,0.,0.));
#3936=DIRECTION('',(1.,0.,0.));
#3937=DIRECTION('center_axis',(-1.,0.,0.));
#3938=DIRECTION('ref_axis',(0.,1.,-2.22044604925031E-16));
#3939=DIRECTION('',(0.,-1.,2.22044604925031E-16));
#3940=DIRECTION('',(0.,-2.22044604925031E-16,-1.));
#3941=DIRECTION('',(0.,1.,-2.22044604925031E-16));
#3942=DIRECTION('',(0.,-2.22044604925031E-16,-1.));
#3943=DIRECTION('',(0.,-2.22044604925031E-16,-1.));
#3944=DIRECTION('',(0.,-2.22044604925031E-16,-1.));
#3945=DIRECTION('center_axis',(0.,1.,-2.22044604925031E-16));
#3946=DIRECTION('ref_axis',(1.,0.,0.));
#3947=DIRECTION('',(-1.,0.,0.));
#3948=DIRECTION('',(1.,0.,0.));
#3949=DIRECTION('',(0.,-2.22044604925031E-16,-1.));
#3950=DIRECTION('center_axis',(0.9144959619817,0.404595026562569,-8.98381428277182E-17));
#3951=DIRECTION('ref_axis',(0.404595026562569,-0.9144959619817,2.03058894583763E-16));
#3952=DIRECTION('',(-0.404595026562569,0.9144959619817,-2.03058894583763E-16));
#3953=DIRECTION('',(0.404595026562569,-0.9144959619817,2.03058894583763E-16));
#3954=DIRECTION('',(0.,-2.22044604925031E-16,-1.));
#3955=DIRECTION('center_axis',(0.887867588910456,0.460099059510376,-1.0216251389536E-16));
#3956=DIRECTION('ref_axis',(0.460099059510376,-0.887867588910456,1.97146208005362E-16));
#3957=DIRECTION('',(-0.460099059510376,0.887867588910456,-1.97146208005362E-16));
#3958=DIRECTION('',(0.460099059510376,-0.887867588910456,1.97146208005362E-16));
#3959=DIRECTION('',(0.,-2.22044604925031E-16,-1.));
#3960=DIRECTION('center_axis',(0.,1.,-2.22044604925031E-16));
#3961=DIRECTION('ref_axis',(1.,0.,0.));
#3962=DIRECTION('',(-1.,0.,0.));
#3963=DIRECTION('',(1.,0.,0.));
#3964=DIRECTION('',(0.,-2.22044604925031E-16,-1.));
#3965=DIRECTION('center_axis',(-1.,-1.8503720018173E-16,4.10865120107862E-32));
#3966=DIRECTION('ref_axis',(-1.8503720018173E-16,1.,-2.22044604925031E-16));
#3967=DIRECTION('',(1.8503720018173E-16,-1.,2.22044604925031E-16));
#3968=DIRECTION('',(-1.8503720018173E-16,1.,-2.22044604925031E-16));
#3969=DIRECTION('',(0.,-2.22044604925031E-16,-1.));
#3970=DIRECTION('center_axis',(0.,-1.,2.22044604925031E-16));
#3971=DIRECTION('ref_axis',(-1.,0.,0.));
#3972=DIRECTION('',(1.,0.,0.));
#3973=DIRECTION('',(-1.,0.,0.));
#3974=DIRECTION('',(0.,-2.22044604925031E-16,-1.));
#3975=DIRECTION('center_axis',(1.,0.,0.));
#3976=DIRECTION('ref_axis',(0.,-1.,2.22044604925031E-16));
#3977=DIRECTION('',(0.,1.,-2.22044604925031E-16));
#3978=DIRECTION('',(0.,-1.,2.22044604925031E-16));
#3979=DIRECTION('',(0.,-2.22044604925031E-16,-1.));
#3980=DIRECTION('',(0.,-2.22044604925031E-16,-1.));
#3981=DIRECTION('',(0.,-2.22044604925031E-16,-1.));
#3982=DIRECTION('center_axis',(0.,-1.,2.22044604925031E-16));
#3983=DIRECTION('ref_axis',(-1.,0.,0.));
#3984=DIRECTION('',(1.,0.,0.));
#3985=DIRECTION('',(-1.,0.,0.));
#3986=DIRECTION('',(0.,-2.22044604925031E-16,-1.));
#3987=DIRECTION('center_axis',(-0.912653442012858,-0.408734259369194,9.07572371409579E-17));
#3988=DIRECTION('ref_axis',(-0.408734259369194,0.912653442012858,-2.02649772965215E-16));
#3989=DIRECTION('',(0.408734259369194,-0.912653442012858,2.02649772965215E-16));
#3990=DIRECTION('',(-0.408734259369194,0.912653442012858,-2.02649772965215E-16));
#3991=DIRECTION('',(0.,-2.22044604925031E-16,-1.));
#3992=DIRECTION('center_axis',(-0.889920546520528,-0.456115578423501,1.01278003411198E-16));
#3993=DIRECTION('ref_axis',(-0.456115578423501,0.889920546520528,-1.97602056166819E-16));
#3994=DIRECTION('',(0.456115578423501,-0.889920546520528,1.97602056166819E-16));
#3995=DIRECTION('',(-0.456115578423501,0.889920546520528,-1.97602056166819E-16));
#3996=DIRECTION('',(0.,-2.22044604925031E-16,-1.));
#3997=DIRECTION('center_axis',(0.,-1.,2.22044604925031E-16));
#3998=DIRECTION('ref_axis',(-1.,0.,0.));
#3999=DIRECTION('',(1.,0.,0.));
#4000=DIRECTION('',(-1.,0.,0.));
#4001=DIRECTION('',(0.,-2.22044604925031E-16,-1.));
#4002=DIRECTION('center_axis',(1.,9.25186000908652E-17,-2.05432560053931E-32));
#4003=DIRECTION('ref_axis',(9.25186000908651E-17,-1.,2.22044604925031E-16));
#4004=DIRECTION('',(-9.25186000908651E-17,1.,-2.22044604925031E-16));
#4005=DIRECTION('',(9.25186000908651E-17,-1.,2.22044604925031E-16));
#4006=DIRECTION('',(0.,-2.22044604925031E-16,-1.));
#4007=DIRECTION('center_axis',(0.,1.,-2.22044604925031E-16));
#4008=DIRECTION('ref_axis',(1.,0.,0.));
#4009=DIRECTION('',(-1.,0.,0.));
#4010=DIRECTION('',(1.,0.,0.));
#4011=DIRECTION('center_axis',(0.,-2.22044604925031E-16,-1.));
#4012=DIRECTION('ref_axis',(1.,0.,0.));
#4013=DIRECTION('',(-1.,0.,0.));
#4014=DIRECTION('',(0.,-1.,2.22044604925031E-16));
#4015=DIRECTION('',(1.,0.,0.));
#4016=DIRECTION('',(0.,1.,-2.22044604925031E-16));
#4017=DIRECTION('',(-1.,0.,0.));
#4018=DIRECTION('',(-0.242535579622435,-0.970142511498805,2.1541491068673E-16));
#4019=DIRECTION('',(-0.242535488794633,0.970142534205747,-2.15414915728684E-16));
#4020=DIRECTION('center_axis',(1.,0.,0.));
#4021=DIRECTION('ref_axis',(0.,-1.,2.22044604925031E-16));
#4022=DIRECTION('',(0.,-1.,2.22044604925031E-16));
#4023=DIRECTION('',(0.,-2.22044604925031E-16,-1.));
#4024=DIRECTION('',(0.,-2.22044604925031E-16,-1.));
#4025=DIRECTION('center_axis',(0.,-1.,2.22044604925031E-16));
#4026=DIRECTION('ref_axis',(-1.,0.,0.));
#4027=DIRECTION('',(-1.,0.,0.));
#4028=DIRECTION('',(0.,-2.22044604925031E-16,-1.));
#4029=DIRECTION('center_axis',(-1.,0.,0.));
#4030=DIRECTION('ref_axis',(0.,1.,-2.22044604925031E-16));
#4031=DIRECTION('',(0.,1.,-2.22044604925031E-16));
#4032=DIRECTION('',(0.,-2.22044604925031E-16,-1.));
#4033=DIRECTION('center_axis',(0.,1.,-2.22044604925031E-16));
#4034=DIRECTION('ref_axis',(1.,0.,0.));
#4035=DIRECTION('',(1.,0.,0.));
#4036=DIRECTION('center_axis',(0.,-2.22044604925031E-16,-1.));
#4037=DIRECTION('ref_axis',(0.,1.,-2.22044604925031E-16));
#4038=DIRECTION('',(1.,0.,0.));
#4039=DIRECTION('',(0.242535488794633,-0.970142534205747,2.15414915728684E-16));
#4040=DIRECTION('',(0.242535579622435,0.970142511498805,-2.1541491068673E-16));
#4041=DIRECTION('center_axis',(-0.970142534205747,-0.242535488794633,5.38536967897036E-17));
#4042=DIRECTION('ref_axis',(-0.242535488794633,0.970142534205747,-2.15414915728684E-16));
#4043=DIRECTION('',(0.,2.22044604925031E-16,1.));
#4044=DIRECTION('center_axis',(0.970142511498805,-0.242535579622435,5.3853716957527E-17));
#4045=DIRECTION('ref_axis',(-0.242535579622435,-0.970142511498805,2.1541491068673E-16));
#4046=DIRECTION('',(0.,-2.22044604925031E-16,-1.));
#4047=DIRECTION('center_axis',(0.,1.,-2.22044604925031E-16));
#4048=DIRECTION('ref_axis',(1.,0.,0.));
#4049=CARTESIAN_POINT('',(0.,0.,0.));
#4050=CARTESIAN_POINT('Origin',(29.531489013494,102.082548141479,73.176932684517));
#4051=CARTESIAN_POINT('',(25.3798115746849,102.082548141479,68.176932684517));
#4052=CARTESIAN_POINT('',(25.3798115746849,102.082548141479,73.176932684517));
#4053=CARTESIAN_POINT('',(25.3798115746849,102.082548141479,73.176932684517));
#4054=CARTESIAN_POINT('',(27.8200797701296,102.082548141479,68.176932684517));
#4055=CARTESIAN_POINT('',(28.515744506747,102.082548141479,68.176932684517));
#4056=CARTESIAN_POINT('',(27.8200797701296,102.082548141479,73.176932684517));
#4057=CARTESIAN_POINT('',(27.8200797701296,102.082548141479,73.176932684517));
#4058=CARTESIAN_POINT('',(28.515744506747,102.082548141479,73.176932684517));
#4059=CARTESIAN_POINT('Origin',(27.5,21.823067315483,68.176932684517));
#4060=CARTESIAN_POINT('',(25.6335026014457,103.097312450409,68.176932684517));
#4061=CARTESIAN_POINT('',(16.1267253434602,65.0701958530029,68.176932684517));
#4062=CARTESIAN_POINT('',(26.100617049993,105.006036758423,68.176932684517));
#4063=CARTESIAN_POINT('Ctrl Pts',(25.6335026014457,103.097312450409,68.176932684517));
#4064=CARTESIAN_POINT('Ctrl Pts',(25.7103672026438,103.406621463922,68.176932684517));
#4065=CARTESIAN_POINT('Ctrl Pts',(25.7872318038419,103.715930477435,68.176932684517));
#4066=CARTESIAN_POINT('Ctrl Pts',(25.8630329359183,104.025499820709,68.176932684517));
#4067=CARTESIAN_POINT('Ctrl Pts',(25.9430170266947,104.352152230452,68.176932684517));
#4068=CARTESIAN_POINT('Ctrl Pts',(26.0218170383439,104.679094494438,68.176932684517));
#4069=CARTESIAN_POINT('Ctrl Pts',(26.100617049993,105.006036758423,68.176932684517));
#4070=CARTESIAN_POINT('',(26.5516233432898,106.946976184845,68.176932684517));
#4071=CARTESIAN_POINT('Ctrl Pts',(26.100617049993,105.006036758423,68.176932684517));
#4072=CARTESIAN_POINT('Ctrl Pts',(26.1791011535273,105.335420216403,68.176932684517));
#4073=CARTESIAN_POINT('Ctrl Pts',(26.2575852570615,105.664803674384,68.176932684517));
#4074=CARTESIAN_POINT('Ctrl Pts',(26.3341736782203,105.994627475738,68.176932684517));
#4075=CARTESIAN_POINT('Ctrl Pts',(26.4078256365997,106.311805562483,68.176932684517));
#4076=CARTESIAN_POINT('Ctrl Pts',(26.4797244899448,106.629390873664,68.176932684517));
#4077=CARTESIAN_POINT('Ctrl Pts',(26.5516233432898,106.946976184845,68.176932684517));
#4078=CARTESIAN_POINT('',(26.6160529840598,106.946976184845,68.176932684517));
#4079=CARTESIAN_POINT('',(27.0580264920299,106.946976184845,68.176932684517));
#4080=CARTESIAN_POINT('',(27.0912206161628,105.014090538025,68.176932684517));
#4081=CARTESIAN_POINT('Ctrl Pts',(26.6160529840598,106.946976184845,68.176932684517));
#4082=CARTESIAN_POINT('Ctrl Pts',(26.6971123408467,106.633175589153,68.176932684517));
#4083=CARTESIAN_POINT('Ctrl Pts',(26.7781716976335,106.31937499346,68.176932684517));
#4084=CARTESIAN_POINT('Ctrl Pts',(26.855650543035,106.004693508148,68.176932684517));
#4085=CARTESIAN_POINT('Ctrl Pts',(26.9367919163261,105.675136611227,68.176932684517));
#4086=CARTESIAN_POINT('Ctrl Pts',(27.0140062662445,105.344613574626,68.176932684517));
#4087=CARTESIAN_POINT('Ctrl Pts',(27.0912206161628,105.014090538025,68.176932684517));
#4088=CARTESIAN_POINT('',(27.5663888443122,103.097312450409,68.176932684517));
#4089=CARTESIAN_POINT('Ctrl Pts',(27.0912206161628,105.014090538025,68.176932684517));
#4090=CARTESIAN_POINT('Ctrl Pts',(27.1682518700614,104.684861521882,68.176932684517));
#4091=CARTESIAN_POINT('Ctrl Pts',(27.2452831239601,104.35563250574,68.176932684517));
#4092=CARTESIAN_POINT('Ctrl Pts',(27.326791285337,104.027514457703,68.176932684517));
#4093=CARTESIAN_POINT('Ctrl Pts',(27.4039804526302,103.716782888323,68.176932684517));
#4094=CARTESIAN_POINT('Ctrl Pts',(27.4851846484712,103.407047669366,68.176932684517));
#4095=CARTESIAN_POINT('Ctrl Pts',(27.5663888443122,103.097312450409,68.176932684517));
#4096=CARTESIAN_POINT('',(37.8750999565138,61.8624433906711,68.176932684517));
#4097=CARTESIAN_POINT('Origin',(25.6335026014457,103.097312450409,73.176932684517));
#4098=CARTESIAN_POINT('',(25.6335026014457,103.097312450409,73.176932684517));
#4099=CARTESIAN_POINT('',(16.1267253434602,65.0701958530029,73.176932684517));
#4100=CARTESIAN_POINT('',(25.6335026014457,103.097312450409,73.176932684517));
#4101=CARTESIAN_POINT('Origin',(29.0643745649466,97.1053659915924,73.176932684517));
#4102=CARTESIAN_POINT('',(27.5663888443122,103.097312450409,73.176932684517));
#4103=CARTESIAN_POINT('',(27.5663888443122,103.097312450409,73.176932684517));
#4104=CARTESIAN_POINT('',(37.8750999565138,61.8624433906711,73.176932684517));
#4105=CARTESIAN_POINT('Origin',(27.5,21.823067315483,73.176932684517));
#4106=CARTESIAN_POINT('',(27.0912206161628,105.014090538025,73.176932684517));
#4107=CARTESIAN_POINT('Ctrl Pts',(27.5663888443122,103.097312450409,73.176932684517));
#4108=CARTESIAN_POINT('Ctrl Pts',(27.4851846484712,103.407047669366,73.176932684517));
#4109=CARTESIAN_POINT('Ctrl Pts',(27.3182326083252,104.043848836773,73.176932684517));
#4110=CARTESIAN_POINT('Ctrl Pts',(27.1682518700614,104.684861521882,73.176932684517));
#4111=CARTESIAN_POINT('Ctrl Pts',(27.0912206161628,105.014090538025,73.176932684517));
#4112=CARTESIAN_POINT('',(26.6160529840598,106.946976184845,73.176932684517));
#4113=CARTESIAN_POINT('Ctrl Pts',(27.0912206161628,105.014090538025,73.176932684517));
#4114=CARTESIAN_POINT('Ctrl Pts',(27.0140062662445,105.344613574626,73.176932684517));
#4115=CARTESIAN_POINT('Ctrl Pts',(26.863062837837,105.990740626981,73.176932684517));
#4116=CARTESIAN_POINT('Ctrl Pts',(26.6971123408467,106.633175589153,73.176932684517));
#4117=CARTESIAN_POINT('Ctrl Pts',(26.6160529840598,106.946976184845,73.176932684517));
#4118=CARTESIAN_POINT('',(26.5516233432898,106.946976184845,73.176932684517));
#4119=CARTESIAN_POINT('',(27.0580264920299,106.946976184845,73.176932684517));
#4120=CARTESIAN_POINT('',(26.100617049993,105.006036758423,73.176932684517));
#4121=CARTESIAN_POINT('Ctrl Pts',(26.5516233432898,106.946976184845,73.176932684517));
#4122=CARTESIAN_POINT('Ctrl Pts',(26.4797244899448,106.629390873664,73.176932684517));
#4123=CARTESIAN_POINT('Ctrl Pts',(26.3330602158019,105.98155830088,73.176932684517));
#4124=CARTESIAN_POINT('Ctrl Pts',(26.1791011535273,105.335420216403,73.176932684517));
#4125=CARTESIAN_POINT('Ctrl Pts',(26.100617049993,105.006036758423,73.176932684517));
#4126=CARTESIAN_POINT('Ctrl Pts',(26.100617049993,105.006036758423,73.176932684517));
#4127=CARTESIAN_POINT('Ctrl Pts',(26.0218170383439,104.679094494438,73.176932684517));
#4128=CARTESIAN_POINT('Ctrl Pts',(25.8683380495047,104.042308191554,73.176932684517));
#4129=CARTESIAN_POINT('Ctrl Pts',(25.7103672026438,103.406621463922,73.176932684517));
#4130=CARTESIAN_POINT('Ctrl Pts',(25.6335026014457,103.097312450409,73.176932684517));
#4131=CARTESIAN_POINT('Ctrl Pts',(27.5663888443122,103.097312450409,73.176932684517));
#4132=CARTESIAN_POINT('Ctrl Pts',(27.5663888443122,103.097312450409,-26.823067315483));
#4133=CARTESIAN_POINT('Ctrl Pts',(27.4851846484712,103.407047669366,73.176932684517));
#4134=CARTESIAN_POINT('Ctrl Pts',(27.4851846484712,103.407047669366,-26.823067315483));
#4135=CARTESIAN_POINT('Ctrl Pts',(27.3182326083252,104.043848836773,73.176932684517));
#4136=CARTESIAN_POINT('Ctrl Pts',(27.3182326083252,104.043848836773,-26.823067315483));
#4137=CARTESIAN_POINT('Ctrl Pts',(27.1682518700614,104.684861521882,73.176932684517));
#4138=CARTESIAN_POINT('Ctrl Pts',(27.1682518700614,104.684861521882,-26.823067315483));
#4139=CARTESIAN_POINT('Ctrl Pts',(27.0912206161628,105.014090538025,73.176932684517));
#4140=CARTESIAN_POINT('Ctrl Pts',(27.0912206161628,105.014090538025,-26.823067315483));
#4141=CARTESIAN_POINT('',(27.0912206161628,105.014090538025,73.176932684517));
#4142=CARTESIAN_POINT('Ctrl Pts',(27.0912206161628,105.014090538025,73.176932684517));
#4143=CARTESIAN_POINT('Ctrl Pts',(27.0912206161628,105.014090538025,-26.823067315483));
#4144=CARTESIAN_POINT('Ctrl Pts',(27.0140062662445,105.344613574626,73.176932684517));
#4145=CARTESIAN_POINT('Ctrl Pts',(27.0140062662445,105.344613574626,-26.823067315483));
#4146=CARTESIAN_POINT('Ctrl Pts',(26.863062837837,105.990740626981,73.176932684517));
#4147=CARTESIAN_POINT('Ctrl Pts',(26.863062837837,105.990740626981,-26.823067315483));
#4148=CARTESIAN_POINT('Ctrl Pts',(26.6971123408467,106.633175589153,73.176932684517));
#4149=CARTESIAN_POINT('Ctrl Pts',(26.6971123408467,106.633175589153,-26.823067315483));
#4150=CARTESIAN_POINT('Ctrl Pts',(26.6160529840598,106.946976184845,73.176932684517));
#4151=CARTESIAN_POINT('Ctrl Pts',(26.6160529840598,106.946976184845,-26.823067315483));
#4152=CARTESIAN_POINT('',(26.6160529840598,106.946976184845,73.176932684517));
#4153=CARTESIAN_POINT('Origin',(26.6160529840598,106.946976184845,73.176932684517));
#4154=CARTESIAN_POINT('',(26.5516233432898,106.946976184845,73.176932684517));
#4155=CARTESIAN_POINT('Ctrl Pts',(26.5516233432898,106.946976184845,73.176932684517));
#4156=CARTESIAN_POINT('Ctrl Pts',(26.5516233432898,106.946976184845,-26.823067315483));
#4157=CARTESIAN_POINT('Ctrl Pts',(26.4797244899448,106.629390873664,73.176932684517));
#4158=CARTESIAN_POINT('Ctrl Pts',(26.4797244899448,106.629390873664,-26.823067315483));
#4159=CARTESIAN_POINT('Ctrl Pts',(26.3330602158019,105.98155830088,73.176932684517));
#4160=CARTESIAN_POINT('Ctrl Pts',(26.3330602158019,105.98155830088,-26.823067315483));
#4161=CARTESIAN_POINT('Ctrl Pts',(26.1791011535273,105.335420216403,73.176932684517));
#4162=CARTESIAN_POINT('Ctrl Pts',(26.1791011535273,105.335420216403,-26.823067315483));
#4163=CARTESIAN_POINT('Ctrl Pts',(26.100617049993,105.006036758423,73.176932684517));
#4164=CARTESIAN_POINT('Ctrl Pts',(26.100617049993,105.006036758423,-26.823067315483));
#4165=CARTESIAN_POINT('',(26.100617049993,105.006036758423,73.176932684517));
#4166=CARTESIAN_POINT('Ctrl Pts',(26.100617049993,105.006036758423,73.176932684517));
#4167=CARTESIAN_POINT('Ctrl Pts',(26.100617049993,105.006036758423,-26.823067315483));
#4168=CARTESIAN_POINT('Ctrl Pts',(26.0218170383439,104.679094494438,73.176932684517));
#4169=CARTESIAN_POINT('Ctrl Pts',(26.0218170383439,104.679094494438,-26.823067315483));
#4170=CARTESIAN_POINT('Ctrl Pts',(25.8683380495047,104.042308191554,73.176932684517));
#4171=CARTESIAN_POINT('Ctrl Pts',(25.8683380495047,104.042308191554,-26.823067315483));
#4172=CARTESIAN_POINT('Ctrl Pts',(25.7103672026438,103.406621463922,73.176932684517));
#4173=CARTESIAN_POINT('Ctrl Pts',(25.7103672026438,103.406621463922,-26.823067315483));
#4174=CARTESIAN_POINT('Ctrl Pts',(25.6335026014457,103.097312450409,73.176932684517));
#4175=CARTESIAN_POINT('Ctrl Pts',(25.6335026014457,103.097312450409,-26.823067315483));
#4176=CARTESIAN_POINT('Ctrl Pts',(26.503301261724,80.2731484174728,73.176932684517));
#4177=CARTESIAN_POINT('Ctrl Pts',(26.503301261724,80.2731484174728,-26.823067315483));
#4178=CARTESIAN_POINT('Ctrl Pts',(26.8143047404369,80.2824973100373,73.176932684517));
#4179=CARTESIAN_POINT('Ctrl Pts',(26.8143047404369,80.2824973100373,-26.823067315483));
#4180=CARTESIAN_POINT('Ctrl Pts',(27.3772487720925,80.2994196393101,73.176932684517));
#4181=CARTESIAN_POINT('Ctrl Pts',(27.3772487720925,80.2994196393101,-26.823067315483));
#4182=CARTESIAN_POINT('Ctrl Pts',(27.8584253379268,80.5872746145151,73.176932684517));
#4183=CARTESIAN_POINT('Ctrl Pts',(27.8584253379268,80.5872746145151,-26.823067315483));
#4184=CARTESIAN_POINT('Ctrl Pts',(28.0737715948234,80.716101527214,73.176932684517));
#4185=CARTESIAN_POINT('Ctrl Pts',(28.0737715948234,80.716101527214,-26.823067315483));
#4186=CARTESIAN_POINT('',(28.0737715948234,80.716101527214,68.176932684517));
#4187=CARTESIAN_POINT('',(26.503301261724,80.2731484174728,68.176932684517));
#4188=CARTESIAN_POINT('Ctrl Pts',(28.0737715948234,80.716101527214,68.176932684517));
#4189=CARTESIAN_POINT('Ctrl Pts',(27.8584253379268,80.5872746145151,68.176932684517));
#4190=CARTESIAN_POINT('Ctrl Pts',(27.6430790810301,80.4584477018163,68.176932684517));
#4191=CARTESIAN_POINT('Ctrl Pts',(27.4113553751121,80.3838866949081,68.176932684517));
#4192=CARTESIAN_POINT('Ctrl Pts',(27.1253082191499,80.2918462026018,68.176932684517));
#4193=CARTESIAN_POINT('Ctrl Pts',(26.8143047404369,80.2824973100373,68.176932684517));
#4194=CARTESIAN_POINT('Ctrl Pts',(26.503301261724,80.2731484174728,68.176932684517));
#4195=CARTESIAN_POINT('',(28.0737715948234,80.716101527214,73.176932684517));
#4196=CARTESIAN_POINT('',(28.0737715948234,80.716101527214,73.176932684517));
#4197=CARTESIAN_POINT('',(26.503301261724,80.2731484174728,73.176932684517));
#4198=CARTESIAN_POINT('Ctrl Pts',(26.503301261724,80.2731484174728,73.176932684517));
#4199=CARTESIAN_POINT('Ctrl Pts',(26.8143047404369,80.2824973100373,73.176932684517));
#4200=CARTESIAN_POINT('Ctrl Pts',(27.3772487720925,80.2994196393101,73.176932684517));
#4201=CARTESIAN_POINT('Ctrl Pts',(27.8584253379268,80.5872746145151,73.176932684517));
#4202=CARTESIAN_POINT('Ctrl Pts',(28.0737715948234,80.716101527214,73.176932684517));
#4203=CARTESIAN_POINT('',(26.503301261724,80.2731484174728,73.176932684517));
#4204=CARTESIAN_POINT('Origin',(25.2147108305106,80.2731484174728,73.176932684517));
#4205=CARTESIAN_POINT('',(25.2147108305106,80.2731484174728,68.176932684517));
#4206=CARTESIAN_POINT('',(26.3573554152553,80.2731484174728,68.176932684517));
#4207=CARTESIAN_POINT('',(25.2147108305106,80.2731484174728,73.176932684517));
#4208=CARTESIAN_POINT('',(26.3573554152553,80.2731484174728,73.176932684517));
#4209=CARTESIAN_POINT('',(25.2147108305106,80.2731484174728,73.176932684517));
#4210=CARTESIAN_POINT('Origin',(25.2147108305106,83.4946250915527,73.176932684517));
#4211=CARTESIAN_POINT('',(25.2147108305106,83.4946250915527,68.176932684517));
#4212=CARTESIAN_POINT('',(25.2147108305106,52.6588462035178,68.176932684517));
#4213=CARTESIAN_POINT('',(25.2147108305106,83.4946250915527,73.176932684517));
#4214=CARTESIAN_POINT('',(25.2147108305106,52.6588462035178,73.176932684517));
#4215=CARTESIAN_POINT('',(25.2147108305106,83.4946250915527,73.176932684517));
#4216=CARTESIAN_POINT('Origin',(26.503301261724,83.4946250915527,73.176932684517));
#4217=CARTESIAN_POINT('',(26.503301261724,83.4946250915527,68.176932684517));
#4218=CARTESIAN_POINT('',(27.001650630862,83.4946250915527,68.176932684517));
#4219=CARTESIAN_POINT('',(26.503301261724,83.4946250915527,73.176932684517));
#4220=CARTESIAN_POINT('',(27.001650630862,83.4946250915527,73.176932684517));
#4221=CARTESIAN_POINT('',(26.503301261724,83.4946250915527,73.176932684517));
#4222=CARTESIAN_POINT('Ctrl Pts',(28.0737715948234,83.1724774837494,73.176932684517));
#4223=CARTESIAN_POINT('Ctrl Pts',(28.0737715948234,83.1724774837494,-26.823067315483));
#4224=CARTESIAN_POINT('Ctrl Pts',(27.8558686661592,83.2660487853473,73.176932684517));
#4225=CARTESIAN_POINT('Ctrl Pts',(27.8558686661592,83.2660487853472,-26.823067315483));
#4226=CARTESIAN_POINT('Ctrl Pts',(27.3562420545457,83.480597128723,73.176932684517));
#4227=CARTESIAN_POINT('Ctrl Pts',(27.3562420545457,83.480597128723,-26.823067315483));
#4228=CARTESIAN_POINT('Ctrl Pts',(26.810837616626,83.4895671689025,73.176932684517));
#4229=CARTESIAN_POINT('Ctrl Pts',(26.810837616626,83.4895671689024,-26.823067315483));
#4230=CARTESIAN_POINT('Ctrl Pts',(26.503301261724,83.4946250915527,73.176932684517));
#4231=CARTESIAN_POINT('Ctrl Pts',(26.503301261724,83.4946250915527,-26.823067315483));
#4232=CARTESIAN_POINT('',(28.0737715948234,83.1724774837494,68.176932684517));
#4233=CARTESIAN_POINT('Ctrl Pts',(26.503301261724,83.4946250915527,68.176932684517));
#4234=CARTESIAN_POINT('Ctrl Pts',(26.810837616626,83.4895671689025,68.176932684517));
#4235=CARTESIAN_POINT('Ctrl Pts',(27.1183739715281,83.4845092462522,68.176932684517));
#4236=CARTESIAN_POINT('Ctrl Pts',(27.4113553751121,83.4140881896019,68.176932684517));
#4237=CARTESIAN_POINT('Ctrl Pts',(27.6379657374951,83.3596200869451,68.176932684517));
#4238=CARTESIAN_POINT('Ctrl Pts',(27.8558686661592,83.2660487853473,68.176932684517));
#4239=CARTESIAN_POINT('Ctrl Pts',(28.0737715948234,83.1724774837494,68.176932684517));
#4240=CARTESIAN_POINT('',(28.0737715948234,83.1724774837494,73.176932684517));
#4241=CARTESIAN_POINT('Ctrl Pts',(28.0737715948234,83.1724774837494,73.176932684517));
#4242=CARTESIAN_POINT('Ctrl Pts',(27.8558686661592,83.2660487853473,73.176932684517));
#4243=CARTESIAN_POINT('Ctrl Pts',(27.3562420545457,83.480597128723,73.176932684517));
#4244=CARTESIAN_POINT('Ctrl Pts',(26.810837616626,83.4895671689025,73.176932684517));
#4245=CARTESIAN_POINT('Ctrl Pts',(26.503301261724,83.4946250915527,73.176932684517));
#4246=CARTESIAN_POINT('',(28.0737715948234,83.1724774837494,73.176932684517));
#4247=CARTESIAN_POINT('Ctrl Pts',(28.6133688676963,81.9966387748718,73.176932684517));
#4248=CARTESIAN_POINT('Ctrl Pts',(28.6133688676963,81.9966387748718,-26.823067315483));
#4249=CARTESIAN_POINT('Ctrl Pts',(28.6004937869933,82.2526457579811,73.176932684517));
#4250=CARTESIAN_POINT('Ctrl Pts',(28.6004937869933,82.2526457579811,-26.823067315483));
#4251=CARTESIAN_POINT('Ctrl Pts',(28.5769269862056,82.7212459718635,73.176932684517));
#4252=CARTESIAN_POINT('Ctrl Pts',(28.5769269862056,82.7212459718635,-26.823067315483));
#4253=CARTESIAN_POINT('Ctrl Pts',(28.230801042294,83.0316529269497,73.176932684517));
#4254=CARTESIAN_POINT('Ctrl Pts',(28.230801042294,83.0316529269497,-26.823067315483));
#4255=CARTESIAN_POINT('Ctrl Pts',(28.0737715948234,83.1724774837494,73.176932684517));
#4256=CARTESIAN_POINT('Ctrl Pts',(28.0737715948234,83.1724774837494,-26.823067315483));
#4257=CARTESIAN_POINT('',(28.6133688676963,81.9966387748718,68.176932684517));
#4258=CARTESIAN_POINT('Ctrl Pts',(28.0737715948234,83.1724774837494,68.176932684517));
#4259=CARTESIAN_POINT('Ctrl Pts',(28.230801042294,83.0316529269497,68.176932684517));
#4260=CARTESIAN_POINT('Ctrl Pts',(28.3878304897646,82.89082837015,68.176932684517));
#4261=CARTESIAN_POINT('Ctrl Pts',(28.4784698475013,82.7174440026283,68.176932684517));
#4262=CARTESIAN_POINT('Ctrl Pts',(28.5876187062902,82.5086527410904,68.176932684517));
#4263=CARTESIAN_POINT('Ctrl Pts',(28.6004937869933,82.2526457579811,68.176932684517));
#4264=CARTESIAN_POINT('Ctrl Pts',(28.6133688676963,81.9966387748718,68.176932684517));
#4265=CARTESIAN_POINT('',(28.6133688676963,81.9966387748718,73.176932684517));
#4266=CARTESIAN_POINT('Ctrl Pts',(28.6133688676963,81.9966387748718,73.176932684517));
#4267=CARTESIAN_POINT('Ctrl Pts',(28.6004937869933,82.2526457579811,73.176932684517));
#4268=CARTESIAN_POINT('Ctrl Pts',(28.5769269862056,82.7212459718635,73.176932684517));
#4269=CARTESIAN_POINT('Ctrl Pts',(28.230801042294,83.0316529269497,73.176932684517));
#4270=CARTESIAN_POINT('Ctrl Pts',(28.0737715948234,83.1724774837494,73.176932684517));
#4271=CARTESIAN_POINT('',(28.6133688676963,81.9966387748718,73.176932684517));
#4272=CARTESIAN_POINT('Ctrl Pts',(28.0737715948234,80.716101527214,73.176932684517));
#4273=CARTESIAN_POINT('Ctrl Pts',(28.0737715948234,80.716101527214,-26.823067315483));
#4274=CARTESIAN_POINT('Ctrl Pts',(28.2310359244658,80.8868874882463,73.176932684517));
#4275=CARTESIAN_POINT('Ctrl Pts',(28.2310359244658,80.8868874882463,-26.823067315483));
#4276=CARTESIAN_POINT('Ctrl Pts',(28.5630169252818,81.247412309086,73.176932684517));
#4277=CARTESIAN_POINT('Ctrl Pts',(28.5630169252818,81.247412309086,-26.823067315483));
#4278=CARTESIAN_POINT('Ctrl Pts',(28.5960067911522,81.7382946748423,73.176932684517));
#4279=CARTESIAN_POINT('Ctrl Pts',(28.5960067911522,81.7382946748423,-26.823067315483));
#4280=CARTESIAN_POINT('Ctrl Pts',(28.6133688676963,81.9966387748718,73.176932684517));
#4281=CARTESIAN_POINT('Ctrl Pts',(28.6133688676963,81.9966387748718,-26.823067315483));
#4282=CARTESIAN_POINT('Ctrl Pts',(28.6133688676963,81.9966387748718,68.176932684517));
#4283=CARTESIAN_POINT('Ctrl Pts',(28.5960067911522,81.7382946748423,68.176932684517));
#4284=CARTESIAN_POINT('Ctrl Pts',(28.5786447146082,81.4799505748127,68.176932684517));
#4285=CARTESIAN_POINT('Ctrl Pts',(28.4784692514548,81.2577123939991,68.176932684517));
#4286=CARTESIAN_POINT('Ctrl Pts',(28.3883002541083,81.0576734492786,68.176932684517));
#4287=CARTESIAN_POINT('Ctrl Pts',(28.2310359244658,80.8868874882463,68.176932684517));
#4288=CARTESIAN_POINT('Ctrl Pts',(28.0737715948234,80.716101527214,68.176932684517));
#4289=CARTESIAN_POINT('Ctrl Pts',(28.0737715948234,80.716101527214,73.176932684517));
#4290=CARTESIAN_POINT('Ctrl Pts',(28.2310359244658,80.8868874882463,73.176932684517));
#4291=CARTESIAN_POINT('Ctrl Pts',(28.5630169252818,81.247412309086,73.176932684517));
#4292=CARTESIAN_POINT('Ctrl Pts',(28.5960067911522,81.7382946748423,73.176932684517));
#4293=CARTESIAN_POINT('Ctrl Pts',(28.6133688676963,81.9966387748718,73.176932684517));
#4294=CARTESIAN_POINT('Origin',(27.5,21.823067315483,73.176932684517));
#4295=CARTESIAN_POINT('Origin',(27.5,21.823067315483,68.176932684517));
#4296=CARTESIAN_POINT('Ctrl Pts',(28.8952475774894,-58.113443851471,73.176932684517));
#4297=CARTESIAN_POINT('Ctrl Pts',(28.8952475774894,-58.113443851471,-26.823067315483));
#4298=CARTESIAN_POINT('Ctrl Pts',(28.7856707891954,-57.8579923758967,73.176932684517));
#4299=CARTESIAN_POINT('Ctrl Pts',(28.7856707891954,-57.8579923758967,-26.823067315483));
#4300=CARTESIAN_POINT('Ctrl Pts',(28.578072369296,-57.3740274457703,73.176932684517));
#4301=CARTESIAN_POINT('Ctrl Pts',(28.578072369296,-57.3740274457703,-26.823067315483));
#4302=CARTESIAN_POINT('Ctrl Pts',(28.1917510694606,-57.0174022713068,73.176932684517));
#4303=CARTESIAN_POINT('Ctrl Pts',(28.1917510694606,-57.0174022713069,-26.823067315483));
#4304=CARTESIAN_POINT('Ctrl Pts',(28.0093419540534,-56.8490147590637,73.176932684517));
#4305=CARTESIAN_POINT('Ctrl Pts',(28.0093419540534,-56.8490147590638,-26.823067315483));
#4306=CARTESIAN_POINT('',(28.0093419540534,-56.8490147590637,68.176932684517));
#4307=CARTESIAN_POINT('',(28.8952475774894,-58.113443851471,68.176932684517));
#4308=CARTESIAN_POINT('Ctrl Pts',(28.0093419540534,-56.8490147590637,68.176932684517));
#4309=CARTESIAN_POINT('Ctrl Pts',(28.1917510694606,-57.0174022713068,68.176932684517));
#4310=CARTESIAN_POINT('Ctrl Pts',(28.3741601848679,-57.18578978355,68.176932684517));
#4311=CARTESIAN_POINT('Ctrl Pts',(28.5167241085181,-57.3825669288635,68.176932684517));
#4312=CARTESIAN_POINT('Ctrl Pts',(28.6760940009014,-57.6025409003225,68.176932684517));
#4313=CARTESIAN_POINT('Ctrl Pts',(28.7856707891954,-57.8579923758967,68.176932684517));
#4314=CARTESIAN_POINT('Ctrl Pts',(28.8952475774894,-58.113443851471,68.176932684517));
#4315=CARTESIAN_POINT('',(28.0093419540534,-56.8490147590637,73.176932684517));
#4316=CARTESIAN_POINT('',(28.0093419540534,-56.8490147590637,73.176932684517));
#4317=CARTESIAN_POINT('',(28.8952475774894,-58.113443851471,73.176932684517));
#4318=CARTESIAN_POINT('Ctrl Pts',(28.8952475774894,-58.113443851471,73.176932684517));
#4319=CARTESIAN_POINT('Ctrl Pts',(28.7856707891954,-57.8579923758967,73.176932684517));
#4320=CARTESIAN_POINT('Ctrl Pts',(28.578072369296,-57.3740274457703,73.176932684517));
#4321=CARTESIAN_POINT('Ctrl Pts',(28.1917510694606,-57.0174022713068,73.176932684517));
#4322=CARTESIAN_POINT('Ctrl Pts',(28.0093419540534,-56.8490147590637,73.176932684517));
#4323=CARTESIAN_POINT('',(28.8952475774894,-58.113443851471,73.176932684517));
#4324=CARTESIAN_POINT('Ctrl Pts',(29.2093425977836,-60.1027035713196,73.176932684517));
#4325=CARTESIAN_POINT('Ctrl Pts',(29.2093425977836,-60.1027035713196,-26.823067315483));
#4326=CARTESIAN_POINT('Ctrl Pts',(29.200222035148,-59.740841512214,73.176932684517));
#4327=CARTESIAN_POINT('Ctrl Pts',(29.200222035148,-59.740841512214,-26.823067315483));
#4328=CARTESIAN_POINT('Ctrl Pts',(29.1831465820151,-59.0633659136429,73.176932684517));
#4329=CARTESIAN_POINT('Ctrl Pts',(29.1831465820151,-59.0633659136429,-26.823067315483));
#4330=CARTESIAN_POINT('Ctrl Pts',(28.9867447254761,-58.41533846775,73.176932684517));
#4331=CARTESIAN_POINT('Ctrl Pts',(28.9867447254761,-58.41533846775,-26.823067315483));
#4332=CARTESIAN_POINT('Ctrl Pts',(28.8952475774894,-58.113443851471,73.176932684517));
#4333=CARTESIAN_POINT('Ctrl Pts',(28.8952475774894,-58.113443851471,-26.823067315483));
#4334=CARTESIAN_POINT('',(29.2093425977836,-60.1027035713196,68.176932684517));
#4335=CARTESIAN_POINT('Ctrl Pts',(28.8952475774894,-58.113443851471,68.176932684517));
#4336=CARTESIAN_POINT('Ctrl Pts',(28.9867447254761,-58.41533846775,68.176932684517));
#4337=CARTESIAN_POINT('Ctrl Pts',(29.0782418734629,-58.717233084029,68.176932684517));
#4338=CARTESIAN_POINT('Ctrl Pts',(29.1308194387565,-59.0255188941955,68.176932684517));
#4339=CARTESIAN_POINT('Ctrl Pts',(29.1911014725125,-59.3789794531083,68.176932684517));
#4340=CARTESIAN_POINT('Ctrl Pts',(29.200222035148,-59.740841512214,68.176932684517));
#4341=CARTESIAN_POINT('Ctrl Pts',(29.2093425977836,-60.1027035713196,68.176932684517));
#4342=CARTESIAN_POINT('',(29.2093425977836,-60.1027035713196,73.176932684517));
#4343=CARTESIAN_POINT('Ctrl Pts',(29.2093425977836,-60.1027035713196,73.176932684517));
#4344=CARTESIAN_POINT('Ctrl Pts',(29.200222035148,-59.740841512214,73.176932684517));
#4345=CARTESIAN_POINT('Ctrl Pts',(29.1831465820151,-59.0633659136429,73.176932684517));
#4346=CARTESIAN_POINT('Ctrl Pts',(28.9867447254761,-58.41533846775,73.176932684517));
#4347=CARTESIAN_POINT('Ctrl Pts',(28.8952475774894,-58.113443851471,73.176932684517));
#4348=CARTESIAN_POINT('',(29.2093425977836,-60.1027035713196,73.176932684517));
#4349=CARTESIAN_POINT('Ctrl Pts',(28.8952475774894,-62.116129398346,73.176932684517));
#4350=CARTESIAN_POINT('Ctrl Pts',(28.8952475774894,-62.116129398346,-26.823067315483));
#4351=CARTESIAN_POINT('Ctrl Pts',(28.9867646561739,-61.8081607346779,73.176932684517));
#4352=CARTESIAN_POINT('Ctrl Pts',(28.9867646561739,-61.8081607346779,-26.823067315483));
#4353=CARTESIAN_POINT('Ctrl Pts',(29.1818629227313,-61.1516258747452,73.176932684517));
#4354=CARTESIAN_POINT('Ctrl Pts',(29.1818629227313,-61.1516258747452,-26.823067315483));
#4355=CARTESIAN_POINT('Ctrl Pts',(29.1998127243957,-60.4664668518652,73.176932684517));
#4356=CARTESIAN_POINT('Ctrl Pts',(29.1998127243957,-60.4664668518652,-26.823067315483));
#4357=CARTESIAN_POINT('Ctrl Pts',(29.2093425977836,-60.1027035713196,73.176932684517));
#4358=CARTESIAN_POINT('Ctrl Pts',(29.2093425977836,-60.1027035713196,-26.823067315483));
#4359=CARTESIAN_POINT('',(28.8952475774894,-62.116129398346,68.176932684517));
#4360=CARTESIAN_POINT('Ctrl Pts',(29.2093425977836,-60.1027035713196,68.176932684517));
#4361=CARTESIAN_POINT('Ctrl Pts',(29.1998127243957,-60.4664668518652,68.176932684517));
#4362=CARTESIAN_POINT('Ctrl Pts',(29.1902828510078,-60.8302301324108,68.176932684517));
#4363=CARTESIAN_POINT('Ctrl Pts',(29.1308194387565,-61.1859250068664,68.176932684517));
#4364=CARTESIAN_POINT('Ctrl Pts',(29.0782817348585,-61.5001920710098,68.176932684517));
#4365=CARTESIAN_POINT('Ctrl Pts',(28.9867646561739,-61.8081607346779,68.176932684517));
#4366=CARTESIAN_POINT('Ctrl Pts',(28.8952475774894,-62.116129398346,68.176932684517));
#4367=CARTESIAN_POINT('',(28.8952475774894,-62.116129398346,73.176932684517));
#4368=CARTESIAN_POINT('Ctrl Pts',(28.8952475774894,-62.116129398346,73.176932684517));
#4369=CARTESIAN_POINT('Ctrl Pts',(28.9867646561739,-61.8081607346779,73.176932684517));
#4370=CARTESIAN_POINT('Ctrl Pts',(29.1818629227313,-61.1516258747452,73.176932684517));
#4371=CARTESIAN_POINT('Ctrl Pts',(29.1998127243957,-60.4664668518652,73.176932684517));
#4372=CARTESIAN_POINT('Ctrl Pts',(29.2093425977836,-60.1027035713196,73.176932684517));
#4373=CARTESIAN_POINT('',(28.8952475774894,-62.116129398346,73.176932684517));
#4374=CARTESIAN_POINT('Ctrl Pts',(28.0093419540534,-63.436930179596,73.176932684517));
#4375=CARTESIAN_POINT('Ctrl Pts',(28.0093419540534,-63.436930179596,-26.823067315483));
#4376=CARTESIAN_POINT('Ctrl Pts',(28.1917170733445,-63.2580407727813,73.176932684517));
#4377=CARTESIAN_POINT('Ctrl Pts',(28.1917170733445,-63.2580407727814,-26.823067315483));
#4378=CARTESIAN_POINT('Ctrl Pts',(28.5776145524404,-62.8795189031587,73.176932684517));
#4379=CARTESIAN_POINT('Ctrl Pts',(28.5776145524404,-62.8795189031587,-26.823067315483));
#4380=CARTESIAN_POINT('Ctrl Pts',(28.7855712168659,-62.3797222115086,73.176932684517));
#4381=CARTESIAN_POINT('Ctrl Pts',(28.7855712168659,-62.3797222115086,-26.823067315483));
#4382=CARTESIAN_POINT('Ctrl Pts',(28.8952475774894,-62.116129398346,73.176932684517));
#4383=CARTESIAN_POINT('Ctrl Pts',(28.8952475774894,-62.116129398346,-26.823067315483));
#4384=CARTESIAN_POINT('',(28.0093419540534,-63.436930179596,68.176932684517));
#4385=CARTESIAN_POINT('Ctrl Pts',(28.8952475774894,-62.116129398346,68.176932684517));
#4386=CARTESIAN_POINT('Ctrl Pts',(28.7855712168659,-62.3797222115086,68.176932684517));
#4387=CARTESIAN_POINT('Ctrl Pts',(28.6758948562425,-62.6433150246712,68.176932684517));
#4388=CARTESIAN_POINT('Ctrl Pts',(28.5167241085181,-62.8731751441956,68.176932684517));
#4389=CARTESIAN_POINT('Ctrl Pts',(28.3740921926357,-63.0791513659667,68.176932684517));
#4390=CARTESIAN_POINT('Ctrl Pts',(28.1917170733445,-63.2580407727813,68.176932684517));
#4391=CARTESIAN_POINT('Ctrl Pts',(28.0093419540534,-63.436930179596,68.176932684517));
#4392=CARTESIAN_POINT('',(28.0093419540534,-63.436930179596,73.176932684517));
#4393=CARTESIAN_POINT('Ctrl Pts',(28.0093419540534,-63.436930179596,73.176932684517));
#4394=CARTESIAN_POINT('Ctrl Pts',(28.1917170733445,-63.2580407727813,73.176932684517));
#4395=CARTESIAN_POINT('Ctrl Pts',(28.5776145524404,-62.8795189031587,73.176932684517));
#4396=CARTESIAN_POINT('Ctrl Pts',(28.7855712168659,-62.3797222115086,73.176932684517));
#4397=CARTESIAN_POINT('Ctrl Pts',(28.8952475774894,-62.116129398346,73.176932684517));
#4398=CARTESIAN_POINT('',(28.0093419540534,-63.436930179596,73.176932684517));
#4399=CARTESIAN_POINT('Ctrl Pts',(26.648268102468,-63.9040493965149,73.176932684517));
#4400=CARTESIAN_POINT('Ctrl Pts',(26.648268102468,-63.9040493965149,-26.823067315483));
#4401=CARTESIAN_POINT('Ctrl Pts',(26.9004900280761,-63.8860435163169,73.176932684517));
#4402=CARTESIAN_POINT('Ctrl Pts',(26.9004900280761,-63.8860435163169,-26.823067315483));
#4403=CARTESIAN_POINT('Ctrl Pts',(27.3959177799994,-63.8506754065604,73.176932684517));
#4404=CARTESIAN_POINT('Ctrl Pts',(27.3959177799994,-63.8506754065605,-26.823067315483));
#4405=CARTESIAN_POINT('Ctrl Pts',(27.807363141381,-63.5731618007576,73.176932684517));
#4406=CARTESIAN_POINT('Ctrl Pts',(27.807363141381,-63.5731618007577,-26.823067315483));
#4407=CARTESIAN_POINT('Ctrl Pts',(28.0093419540534,-63.436930179596,73.176932684517));
#4408=CARTESIAN_POINT('Ctrl Pts',(28.0093419540534,-63.436930179596,-26.823067315483));
#4409=CARTESIAN_POINT('',(26.648268102468,-63.9040493965149,68.176932684517));
#4410=CARTESIAN_POINT('Ctrl Pts',(28.0093419540534,-63.436930179596,68.176932684517));
#4411=CARTESIAN_POINT('Ctrl Pts',(27.807363141381,-63.5731618007576,68.176932684517));
#4412=CARTESIAN_POINT('Ctrl Pts',(27.6053843287087,-63.7093934219193,68.176932684517));
#4413=CARTESIAN_POINT('Ctrl Pts',(27.3831671465049,-63.787271976471,68.176932684517));
#4414=CARTESIAN_POINT('Ctrl Pts',(27.1527119536841,-63.8680376361189,68.176932684517));
#4415=CARTESIAN_POINT('Ctrl Pts',(26.9004900280761,-63.8860435163169,68.176932684517));
#4416=CARTESIAN_POINT('Ctrl Pts',(26.648268102468,-63.9040493965149,68.176932684517));
#4417=CARTESIAN_POINT('',(26.648268102468,-63.9040493965149,73.176932684517));
#4418=CARTESIAN_POINT('Ctrl Pts',(26.648268102468,-63.9040493965149,73.176932684517));
#4419=CARTESIAN_POINT('Ctrl Pts',(26.9004900280761,-63.8860435163169,73.176932684517));
#4420=CARTESIAN_POINT('Ctrl Pts',(27.3959177799994,-63.8506754065604,73.176932684517));
#4421=CARTESIAN_POINT('Ctrl Pts',(27.807363141381,-63.5731618007576,73.176932684517));
#4422=CARTESIAN_POINT('Ctrl Pts',(28.0093419540534,-63.436930179596,73.176932684517));
#4423=CARTESIAN_POINT('',(26.648268102468,-63.9040493965149,73.176932684517));
#4424=CARTESIAN_POINT('Ctrl Pts',(25.2871936548362,-63.436930179596,73.176932684517));
#4425=CARTESIAN_POINT('Ctrl Pts',(25.2871936548362,-63.436930179596,-26.823067315483));
#4426=CARTESIAN_POINT('Ctrl Pts',(25.4891731924982,-63.5731570838522,73.176932684517));
#4427=CARTESIAN_POINT('Ctrl Pts',(25.4891731924982,-63.5731570838522,-26.823067315483));
#4428=CARTESIAN_POINT('Ctrl Pts',(25.9006216595721,-63.8506621795627,73.176932684517));
#4429=CARTESIAN_POINT('Ctrl Pts',(25.9006216595721,-63.8506621795627,-26.823067315483));
#4430=CARTESIAN_POINT('Ctrl Pts',(26.3960466300816,-63.8860390085912,73.176932684517));
#4431=CARTESIAN_POINT('Ctrl Pts',(26.3960466300816,-63.8860390085913,-26.823067315483));
#4432=CARTESIAN_POINT('Ctrl Pts',(26.648268102468,-63.9040493965149,73.176932684517));
#4433=CARTESIAN_POINT('Ctrl Pts',(26.648268102468,-63.9040493965149,-26.823067315483));
#4434=CARTESIAN_POINT('',(25.2871936548362,-63.436930179596,68.176932684517));
#4435=CARTESIAN_POINT('Ctrl Pts',(26.648268102468,-63.9040493965149,68.176932684517));
#4436=CARTESIAN_POINT('Ctrl Pts',(26.3960466300816,-63.8860390085912,68.176932684517));
#4437=CARTESIAN_POINT('Ctrl Pts',(26.1438251576951,-63.8680286206676,68.176932684517));
#4438=CARTESIAN_POINT('Ctrl Pts',(25.9133690584312,-63.7872624397278,68.176932684517));
#4439=CARTESIAN_POINT('Ctrl Pts',(25.6911527301602,-63.7093839881085,68.176932684517));
#4440=CARTESIAN_POINT('Ctrl Pts',(25.4891731924982,-63.5731570838522,68.176932684517));
#4441=CARTESIAN_POINT('Ctrl Pts',(25.2871936548362,-63.436930179596,68.176932684517));
#4442=CARTESIAN_POINT('',(25.2871936548362,-63.436930179596,73.176932684517));
#4443=CARTESIAN_POINT('Ctrl Pts',(25.2871936548362,-63.436930179596,73.176932684517));
#4444=CARTESIAN_POINT('Ctrl Pts',(25.4891731924982,-63.5731570838522,73.176932684517));
#4445=CARTESIAN_POINT('Ctrl Pts',(25.9006216595721,-63.8506621795627,73.176932684517));
#4446=CARTESIAN_POINT('Ctrl Pts',(26.3960466300816,-63.8860390085912,73.176932684517));
#4447=CARTESIAN_POINT('Ctrl Pts',(26.648268102468,-63.9040493965149,73.176932684517));
#4448=CARTESIAN_POINT('',(25.2871936548362,-63.436930179596,73.176932684517));
#4449=CARTESIAN_POINT('Ctrl Pts',(24.4093412149558,-62.116129398346,73.176932684517));
#4450=CARTESIAN_POINT('Ctrl Pts',(24.4093412149558,-62.116129398346,-26.823067315483));
#4451=CARTESIAN_POINT('Ctrl Pts',(24.5167514025674,-62.3797921022213,73.176932684517));
#4452=CARTESIAN_POINT('Ctrl Pts',(24.5167514025674,-62.3797921022213,-26.823067315483));
#4453=CARTESIAN_POINT('Ctrl Pts',(24.7205460649182,-62.8800523932193,73.176932684517));
#4454=CARTESIAN_POINT('Ctrl Pts',(24.7205460649182,-62.8800523932194,-26.823067315483));
#4455=CARTESIAN_POINT('Ctrl Pts',(25.1052488639826,-63.2581223735167,73.176932684517));
#4456=CARTESIAN_POINT('Ctrl Pts',(25.1052488639826,-63.2581223735168,-26.823067315483));
#4457=CARTESIAN_POINT('Ctrl Pts',(25.2871936548362,-63.436930179596,73.176932684517));
#4458=CARTESIAN_POINT('Ctrl Pts',(25.2871936548362,-63.436930179596,-26.823067315483));
#4459=CARTESIAN_POINT('',(24.4093412149558,-62.116129398346,68.176932684517));
#4460=CARTESIAN_POINT('Ctrl Pts',(25.2871936548362,-63.436930179596,68.176932684517));
#4461=CARTESIAN_POINT('Ctrl Pts',(25.1052488639826,-63.2581223735167,68.176932684517));
#4462=CARTESIAN_POINT('Ctrl Pts',(24.9233040731289,-63.0793145674375,68.176932684517));
#4463=CARTESIAN_POINT('Ctrl Pts',(24.781824945272,-62.8731751441956,68.176932684517));
#4464=CARTESIAN_POINT('Ctrl Pts',(24.624161590179,-62.6434548060965,68.176932684517));
#4465=CARTESIAN_POINT('Ctrl Pts',(24.5167514025674,-62.3797921022213,68.176932684517));
#4466=CARTESIAN_POINT('Ctrl Pts',(24.4093412149558,-62.116129398346,68.176932684517));
#4467=CARTESIAN_POINT('',(24.4093412149558,-62.116129398346,73.176932684517));
#4468=CARTESIAN_POINT('Ctrl Pts',(24.4093412149558,-62.116129398346,73.176932684517));
#4469=CARTESIAN_POINT('Ctrl Pts',(24.5167514025674,-62.3797921022213,73.176932684517));
#4470=CARTESIAN_POINT('Ctrl Pts',(24.7205460649182,-62.8800523932193,73.176932684517));
#4471=CARTESIAN_POINT('Ctrl Pts',(25.1052488639826,-63.2581223735167,73.176932684517));
#4472=CARTESIAN_POINT('Ctrl Pts',(25.2871936548362,-63.436930179596,73.176932684517));
#4473=CARTESIAN_POINT('',(24.4093412149558,-62.116129398346,73.176932684517));
#4474=CARTESIAN_POINT('Ctrl Pts',(24.1033011663566,-60.1027035713196,73.176932684517));
#4475=CARTESIAN_POINT('Ctrl Pts',(24.1033011663566,-60.1027035713196,-26.823067315483));
#4476=CARTESIAN_POINT('Ctrl Pts',(24.1125440445928,-60.4663383985469,73.176932684517));
#4477=CARTESIAN_POINT('Ctrl Pts',(24.1125440445928,-60.4663383985469,-26.823067315483));
#4478=CARTESIAN_POINT('Ctrl Pts',(24.1299418912699,-61.150807327908,73.176932684517));
#4479=CARTESIAN_POINT('Ctrl Pts',(24.1299418912699,-61.150807327908,-26.823067315483));
#4480=CARTESIAN_POINT('Ctrl Pts',(24.3201732443607,-61.8080548874411,73.176932684517));
#4481=CARTESIAN_POINT('Ctrl Pts',(24.3201732443607,-61.8080548874411,-26.823067315483));
#4482=CARTESIAN_POINT('Ctrl Pts',(24.4093412149558,-62.116129398346,73.176932684517));
#4483=CARTESIAN_POINT('Ctrl Pts',(24.4093412149558,-62.116129398346,-26.823067315483));
#4484=CARTESIAN_POINT('',(24.1033011663566,-60.1027035713196,68.176932684517));
#4485=CARTESIAN_POINT('Ctrl Pts',(24.4093412149558,-62.116129398346,68.176932684517));
#4486=CARTESIAN_POINT('Ctrl Pts',(24.3201732443607,-61.8080548874411,68.176932684517));
#4487=CARTESIAN_POINT('Ctrl Pts',(24.2310052737655,-61.4999803765363,68.176932684517));
#4488=CARTESIAN_POINT('Ctrl Pts',(24.1798108804832,-61.1859250068665,68.176932684517));
#4489=CARTESIAN_POINT('Ctrl Pts',(24.121786922829,-60.8299732257741,68.176932684517));
#4490=CARTESIAN_POINT('Ctrl Pts',(24.1125440445928,-60.4663383985469,68.176932684517));
#4491=CARTESIAN_POINT('Ctrl Pts',(24.1033011663566,-60.1027035713196,68.176932684517));
#4492=CARTESIAN_POINT('',(24.1033011663566,-60.1027035713196,73.176932684517));
#4493=CARTESIAN_POINT('Ctrl Pts',(24.1033011663566,-60.1027035713196,73.176932684517));
#4494=CARTESIAN_POINT('Ctrl Pts',(24.1125440445928,-60.4663383985469,73.176932684517));
#4495=CARTESIAN_POINT('Ctrl Pts',(24.1299418912699,-61.150807327908,73.176932684517));
#4496=CARTESIAN_POINT('Ctrl Pts',(24.3201732443607,-61.8080548874411,73.176932684517));
#4497=CARTESIAN_POINT('Ctrl Pts',(24.4093412149558,-62.116129398346,73.176932684517));
#4498=CARTESIAN_POINT('',(24.1033011663566,-60.1027035713196,73.176932684517));
#4499=CARTESIAN_POINT('Ctrl Pts',(24.4093412149558,-58.113443851471,73.176932684517));
#4500=CARTESIAN_POINT('Ctrl Pts',(24.4093412149558,-58.113443851471,-26.823067315483));
#4501=CARTESIAN_POINT('Ctrl Pts',(24.3201929094942,-58.4154490659056,73.176932684517));
#4502=CARTESIAN_POINT('Ctrl Pts',(24.3201929094942,-58.4154490659056,-26.823067315483));
#4503=CARTESIAN_POINT('Ctrl Pts',(24.1286863177938,-59.0642105762074,73.176932684517));
#4504=CARTESIAN_POINT('Ctrl Pts',(24.1286863177938,-59.0642105762074,-26.823067315483));
#4505=CARTESIAN_POINT('Ctrl Pts',(24.1121432594139,-59.74097826411,73.176932684517));
#4506=CARTESIAN_POINT('Ctrl Pts',(24.1121432594139,-59.7409782641101,-26.823067315483));
#4507=CARTESIAN_POINT('Ctrl Pts',(24.1033011663566,-60.1027035713196,73.176932684517));
#4508=CARTESIAN_POINT('Ctrl Pts',(24.1033011663566,-60.1027035713196,-26.823067315483));
#4509=CARTESIAN_POINT('',(24.4093412149558,-58.113443851471,68.176932684517));
#4510=CARTESIAN_POINT('Ctrl Pts',(24.1033011663566,-60.1027035713196,68.176932684517));
#4511=CARTESIAN_POINT('Ctrl Pts',(24.1121432594139,-59.74097826411,68.176932684517));
#4512=CARTESIAN_POINT('Ctrl Pts',(24.1209853524713,-59.3792529569005,68.176932684517));
#4513=CARTESIAN_POINT('Ctrl Pts',(24.1798108804832,-59.0255284309387,68.176932684517));
#4514=CARTESIAN_POINT('Ctrl Pts',(24.2310446040326,-58.7174542803403,68.176932684517));
#4515=CARTESIAN_POINT('Ctrl Pts',(24.3201929094942,-58.4154490659056,68.176932684517));
#4516=CARTESIAN_POINT('Ctrl Pts',(24.4093412149558,-58.113443851471,68.176932684517));
#4517=CARTESIAN_POINT('',(24.4093412149558,-58.113443851471,73.176932684517));
#4518=CARTESIAN_POINT('Ctrl Pts',(24.4093412149558,-58.113443851471,73.176932684517));
#4519=CARTESIAN_POINT('Ctrl Pts',(24.3201929094942,-58.4154490659056,73.176932684517));
#4520=CARTESIAN_POINT('Ctrl Pts',(24.1286863177938,-59.0642105762074,73.176932684517));
#4521=CARTESIAN_POINT('Ctrl Pts',(24.1121432594139,-59.74097826411,73.176932684517));
#4522=CARTESIAN_POINT('Ctrl Pts',(24.1033011663566,-60.1027035713196,73.176932684517));
#4523=CARTESIAN_POINT('',(24.4093412149558,-58.113443851471,73.176932684517));
#4524=CARTESIAN_POINT('Ctrl Pts',(25.2871936548362,-56.8490147590637,73.176932684517));
#4525=CARTESIAN_POINT('Ctrl Pts',(25.2871936548362,-56.8490147590638,-26.823067315483));
#4526=CARTESIAN_POINT('Ctrl Pts',(25.1052171414902,-57.0173189141678,73.176932684517));
#4527=CARTESIAN_POINT('Ctrl Pts',(25.1052171414902,-57.0173189141678,-26.823067315483));
#4528=CARTESIAN_POINT('Ctrl Pts',(24.7201118204729,-57.3734902930349,73.176932684517));
#4529=CARTESIAN_POINT('Ctrl Pts',(24.7201118204729,-57.3734902930349,-26.823067315483));
#4530=CARTESIAN_POINT('Ctrl Pts',(24.5166564139204,-57.8579233423289,73.176932684517));
#4531=CARTESIAN_POINT('Ctrl Pts',(24.5166564139204,-57.8579233423289,-26.823067315483));
#4532=CARTESIAN_POINT('Ctrl Pts',(24.4093412149558,-58.113443851471,73.176932684517));
#4533=CARTESIAN_POINT('Ctrl Pts',(24.4093412149558,-58.113443851471,-26.823067315483));
#4534=CARTESIAN_POINT('',(25.2871936548362,-56.8490147590637,68.176932684517));
#4535=CARTESIAN_POINT('Ctrl Pts',(24.4093412149558,-58.113443851471,68.176932684517));
#4536=CARTESIAN_POINT('Ctrl Pts',(24.5166564139204,-57.8579233423289,68.176932684517));
#4537=CARTESIAN_POINT('Ctrl Pts',(24.623971612885,-57.6024028331869,68.176932684517));
#4538=CARTESIAN_POINT('Ctrl Pts',(24.781824945272,-57.3825669288635,68.176932684517));
#4539=CARTESIAN_POINT('Ctrl Pts',(24.9232406281442,-57.1856230692718,68.176932684517));
#4540=CARTESIAN_POINT('Ctrl Pts',(25.1052171414902,-57.0173189141678,68.176932684517));
#4541=CARTESIAN_POINT('Ctrl Pts',(25.2871936548362,-56.8490147590637,68.176932684517));
#4542=CARTESIAN_POINT('',(25.2871936548362,-56.8490147590637,73.176932684517));
#4543=CARTESIAN_POINT('Ctrl Pts',(25.2871936548362,-56.8490147590637,73.176932684517));
#4544=CARTESIAN_POINT('Ctrl Pts',(25.1052171414902,-57.0173189141678,73.176932684517));
#4545=CARTESIAN_POINT('Ctrl Pts',(24.7201118204729,-57.3734902930349,73.176932684517));
#4546=CARTESIAN_POINT('Ctrl Pts',(24.5166564139204,-57.8579233423289,73.176932684517));
#4547=CARTESIAN_POINT('Ctrl Pts',(24.4093412149558,-58.113443851471,73.176932684517));
#4548=CARTESIAN_POINT('',(25.2871936548362,-56.8490147590637,73.176932684517));
#4549=CARTESIAN_POINT('Ctrl Pts',(26.648268102468,-56.414110660553,73.176932684517));
#4550=CARTESIAN_POINT('Ctrl Pts',(26.648268102468,-56.414110660553,-26.823067315483));
#4551=CARTESIAN_POINT('Ctrl Pts',(26.3968047172817,-56.43031655927,73.176932684517));
#4552=CARTESIAN_POINT('Ctrl Pts',(26.3968047172817,-56.43031655927,-26.823067315483));
#4553=CARTESIAN_POINT('Ctrl Pts',(25.9063557289781,-56.461924209125,73.176932684517));
#4554=CARTESIAN_POINT('Ctrl Pts',(25.9063557289781,-56.461924209125,-26.823067315483));
#4555=CARTESIAN_POINT('Ctrl Pts',(25.4900505298137,-56.7221917791473,73.176932684517));
#4556=CARTESIAN_POINT('Ctrl Pts',(25.4900505298137,-56.7221917791473,-26.823067315483));
#4557=CARTESIAN_POINT('Ctrl Pts',(25.2871936548362,-56.8490147590637,73.176932684517));
#4558=CARTESIAN_POINT('Ctrl Pts',(25.2871936548362,-56.8490147590638,-26.823067315483));
#4559=CARTESIAN_POINT('',(26.648268102468,-56.414110660553,68.176932684517));
#4560=CARTESIAN_POINT('Ctrl Pts',(25.2871936548362,-56.8490147590637,68.176932684517));
#4561=CARTESIAN_POINT('Ctrl Pts',(25.4900505298137,-56.7221917791473,68.176932684517));
#4562=CARTESIAN_POINT('Ctrl Pts',(25.6929074047912,-56.5953687992309,68.176932684517));
#4563=CARTESIAN_POINT('Ctrl Pts',(25.9133690584312,-56.5228390693665,68.176932684517));
#4564=CARTESIAN_POINT('Ctrl Pts',(26.1453413320953,-56.4465224579871,68.176932684517));
#4565=CARTESIAN_POINT('Ctrl Pts',(26.3968047172817,-56.43031655927,68.176932684517));
#4566=CARTESIAN_POINT('Ctrl Pts',(26.648268102468,-56.414110660553,68.176932684517));
#4567=CARTESIAN_POINT('',(26.648268102468,-56.414110660553,73.176932684517));
#4568=CARTESIAN_POINT('Ctrl Pts',(26.648268102468,-56.414110660553,73.176932684517));
#4569=CARTESIAN_POINT('Ctrl Pts',(26.3968047172817,-56.43031655927,73.176932684517));
#4570=CARTESIAN_POINT('Ctrl Pts',(25.9063557289781,-56.461924209125,73.176932684517));
#4571=CARTESIAN_POINT('Ctrl Pts',(25.4900505298137,-56.7221917791473,73.176932684517));
#4572=CARTESIAN_POINT('Ctrl Pts',(25.2871936548362,-56.8490147590637,73.176932684517));
#4573=CARTESIAN_POINT('',(26.648268102468,-56.414110660553,73.176932684517));
#4574=CARTESIAN_POINT('Ctrl Pts',(28.0093419540534,-56.8490147590637,73.176932684517));
#4575=CARTESIAN_POINT('Ctrl Pts',(28.0093419540534,-56.8490147590638,-26.823067315483));
#4576=CARTESIAN_POINT('Ctrl Pts',(27.8064852814429,-56.7221917798115,73.176932684517));
#4577=CARTESIAN_POINT('Ctrl Pts',(27.8064852814429,-56.7221917798115,-26.823067315483));
#4578=CARTESIAN_POINT('Ctrl Pts',(27.3901803377642,-56.4619241112387,73.176932684517));
#4579=CARTESIAN_POINT('Ctrl Pts',(27.3901803377642,-56.4619241112387,-26.823067315483));
#4580=CARTESIAN_POINT('Ctrl Pts',(26.8997315014631,-56.430316530001,73.176932684517));
#4581=CARTESIAN_POINT('Ctrl Pts',(26.8997315014631,-56.430316530001,-26.823067315483));
#4582=CARTESIAN_POINT('Ctrl Pts',(26.648268102468,-56.414110660553,73.176932684517));
#4583=CARTESIAN_POINT('Ctrl Pts',(26.648268102468,-56.414110660553,-26.823067315483));
#4584=CARTESIAN_POINT('Ctrl Pts',(26.648268102468,-56.414110660553,68.176932684517));
#4585=CARTESIAN_POINT('Ctrl Pts',(26.8997315014631,-56.430316530001,68.176932684517));
#4586=CARTESIAN_POINT('Ctrl Pts',(27.1511949004582,-56.446522399449,68.176932684517));
#4587=CARTESIAN_POINT('Ctrl Pts',(27.3831671465049,-56.5228390693665,68.176932684517));
#4588=CARTESIAN_POINT('Ctrl Pts',(27.6036286088325,-56.5953688005593,68.176932684517));
#4589=CARTESIAN_POINT('Ctrl Pts',(27.8064852814429,-56.7221917798115,68.176932684517));
#4590=CARTESIAN_POINT('Ctrl Pts',(28.0093419540534,-56.8490147590637,68.176932684517));
#4591=CARTESIAN_POINT('Ctrl Pts',(28.0093419540534,-56.8490147590637,73.176932684517));
#4592=CARTESIAN_POINT('Ctrl Pts',(27.8064852814429,-56.7221917798115,73.176932684517));
#4593=CARTESIAN_POINT('Ctrl Pts',(27.3901803377642,-56.4619241112387,73.176932684517));
#4594=CARTESIAN_POINT('Ctrl Pts',(26.8997315014631,-56.430316530001,73.176932684517));
#4595=CARTESIAN_POINT('Ctrl Pts',(26.648268102468,-56.414110660553,73.176932684517));
#4596=CARTESIAN_POINT('Origin',(27.5,21.823067315483,73.176932684517));
#4597=CARTESIAN_POINT('Origin',(27.5,21.823067315483,68.176932684517));
#4598=CARTESIAN_POINT('Ctrl Pts',(21.8482679117332,-56.7604184150696,73.176932684517));
#4599=CARTESIAN_POINT('Ctrl Pts',(21.8482679117332,-56.7604184150696,-26.823067315483));
#4600=CARTESIAN_POINT('Ctrl Pts',(22.0977789423434,-56.3313259262916,73.176932684517));
#4601=CARTESIAN_POINT('Ctrl Pts',(22.0977789423434,-56.3313259262916,-26.823067315483));
#4602=CARTESIAN_POINT('Ctrl Pts',(22.5872416923426,-55.4895804168942,73.176932684517));
#4603=CARTESIAN_POINT('Ctrl Pts',(22.5872416923426,-55.4895804168942,-26.823067315483));
#4604=CARTESIAN_POINT('Ctrl Pts',(23.388398524044,-54.937240586836,73.176932684517));
#4605=CARTESIAN_POINT('Ctrl Pts',(23.388398524044,-54.937240586836,-26.823067315483));
#4606=CARTESIAN_POINT('Ctrl Pts',(23.7811535585532,-54.6664643287659,73.176932684517));
#4607=CARTESIAN_POINT('Ctrl Pts',(23.7811535585532,-54.6664643287659,-26.823067315483));
#4608=CARTESIAN_POINT('',(23.7811535585532,-54.6664643287659,68.176932684517));
#4609=CARTESIAN_POINT('',(21.8482679117332,-56.7604184150696,68.176932684517));
#4610=CARTESIAN_POINT('Ctrl Pts',(23.7811535585532,-54.6664643287659,68.176932684517));
#4611=CARTESIAN_POINT('Ctrl Pts',(23.388398524044,-54.937240586836,68.176932684517));
#4612=CARTESIAN_POINT('Ctrl Pts',(22.9956434895347,-55.208016844906,68.176932684517));
#4613=CARTESIAN_POINT('Ctrl Pts',(22.6777979720245,-55.5483460426331,68.176932684517));
#4614=CARTESIAN_POINT('Ctrl Pts',(22.3472899729537,-55.9022334375135,68.176932684517));
#4615=CARTESIAN_POINT('Ctrl Pts',(22.0977789423434,-56.3313259262916,68.176932684517));
#4616=CARTESIAN_POINT('Ctrl Pts',(21.8482679117332,-56.7604184150696,68.176932684517));
#4617=CARTESIAN_POINT('',(23.7811535585532,-54.6664643287659,73.176932684517));
#4618=CARTESIAN_POINT('',(23.7811535585532,-54.6664643287659,73.176932684517));
#4619=CARTESIAN_POINT('',(21.8482679117332,-56.7604184150696,73.176932684517));
#4620=CARTESIAN_POINT('Ctrl Pts',(21.8482679117332,-56.7604184150696,73.176932684517));
#4621=CARTESIAN_POINT('Ctrl Pts',(22.0977789423434,-56.3313259262916,73.176932684517));
#4622=CARTESIAN_POINT('Ctrl Pts',(22.5872416923426,-55.4895804168942,73.176932684517));
#4623=CARTESIAN_POINT('Ctrl Pts',(23.388398524044,-54.937240586836,73.176932684517));
#4624=CARTESIAN_POINT('Ctrl Pts',(23.7811535585532,-54.6664643287659,73.176932684517));
#4625=CARTESIAN_POINT('',(21.8482679117332,-56.7604184150696,73.176932684517));
#4626=CARTESIAN_POINT('Ctrl Pts',(21.1556503165374,-60.1027035713196,73.176932684517));
#4627=CARTESIAN_POINT('Ctrl Pts',(21.1556503165374,-60.1027035713196,-26.823067315483));
#4628=CARTESIAN_POINT('Ctrl Pts',(21.1765200622323,-59.4887426832408,73.176932684517));
#4629=CARTESIAN_POINT('Ctrl Pts',(21.1765200622323,-59.4887426832409,-26.823067315483));
#4630=CARTESIAN_POINT('Ctrl Pts',(21.2157902035764,-58.3334659871515,73.176932684517));
#4631=CARTESIAN_POINT('Ctrl Pts',(21.2157902035764,-58.3334659871515,-26.823067315483));
#4632=CARTESIAN_POINT('Ctrl Pts',(21.6464692000141,-57.2623159039851,73.176932684517));
#4633=CARTESIAN_POINT('Ctrl Pts',(21.6464692000141,-57.2623159039851,-26.823067315483));
#4634=CARTESIAN_POINT('Ctrl Pts',(21.8482679117332,-56.7604184150696,73.176932684517));
#4635=CARTESIAN_POINT('Ctrl Pts',(21.8482679117332,-56.7604184150696,-26.823067315483));
#4636=CARTESIAN_POINT('',(21.1556503165374,-60.1027035713196,68.176932684517));
#4637=CARTESIAN_POINT('Ctrl Pts',(21.8482679117332,-56.7604184150696,68.176932684517));
#4638=CARTESIAN_POINT('Ctrl Pts',(21.6464692000141,-57.2623159039851,68.176932684517));
#4639=CARTESIAN_POINT('Ctrl Pts',(21.444670488295,-57.7642133929006,68.176932684517));
#4640=CARTESIAN_POINT('Ctrl Pts',(21.3288047898421,-58.2845807075501,68.176932684517));
#4641=CARTESIAN_POINT('Ctrl Pts',(21.1973898079271,-58.8747817951621,68.176932684517));
#4642=CARTESIAN_POINT('Ctrl Pts',(21.1765200622323,-59.4887426832408,68.176932684517));
#4643=CARTESIAN_POINT('Ctrl Pts',(21.1556503165374,-60.1027035713196,68.176932684517));
#4644=CARTESIAN_POINT('',(21.1556503165374,-60.1027035713196,73.176932684517));
#4645=CARTESIAN_POINT('Ctrl Pts',(21.1556503165374,-60.1027035713196,73.176932684517));
#4646=CARTESIAN_POINT('Ctrl Pts',(21.1765200622323,-59.4887426832408,73.176932684517));
#4647=CARTESIAN_POINT('Ctrl Pts',(21.2157902035764,-58.3334659871515,73.176932684517));
#4648=CARTESIAN_POINT('Ctrl Pts',(21.6464692000141,-57.2623159039851,73.176932684517));
#4649=CARTESIAN_POINT('Ctrl Pts',(21.8482679117332,-56.7604184150696,73.176932684517));
#4650=CARTESIAN_POINT('',(21.1556503165374,-60.1027035713196,73.176932684517));
#4651=CARTESIAN_POINT('Ctrl Pts',(21.8482679117332,-63.4772038459778,73.176932684517));
#4652=CARTESIAN_POINT('Ctrl Pts',(21.8482679117332,-63.4772038459778,-26.823067315483));
#4653=CARTESIAN_POINT('Ctrl Pts',(21.6464381833082,-62.9671798536862,73.176932684517));
#4654=CARTESIAN_POINT('Ctrl Pts',(21.6464381833082,-62.9671798536862,-26.823067315483));
#4655=CARTESIAN_POINT('Ctrl Pts',(21.2179115631092,-61.8842925142307,73.176932684517));
#4656=CARTESIAN_POINT('Ctrl Pts',(21.2179115631092,-61.8842925142307,-26.823067315483));
#4657=CARTESIAN_POINT('Ctrl Pts',(21.177191715492,-60.7191049494704,73.176932684517));
#4658=CARTESIAN_POINT('Ctrl Pts',(21.177191715492,-60.7191049494704,-26.823067315483));
#4659=CARTESIAN_POINT('Ctrl Pts',(21.1556503165374,-60.1027035713196,73.176932684517));
#4660=CARTESIAN_POINT('Ctrl Pts',(21.1556503165374,-60.1027035713196,-26.823067315483));
#4661=CARTESIAN_POINT('',(21.8482679117332,-63.4772038459778,68.176932684517));
#4662=CARTESIAN_POINT('Ctrl Pts',(21.1556503165374,-60.1027035713196,68.176932684517));
#4663=CARTESIAN_POINT('Ctrl Pts',(21.177191715492,-60.7191049494704,68.176932684517));
#4664=CARTESIAN_POINT('Ctrl Pts',(21.1987331144465,-61.3355063276212,68.176932684517));
#4665=CARTESIAN_POINT('Ctrl Pts',(21.3288047898421,-61.9288754463196,68.176932684517));
#4666=CARTESIAN_POINT('Ctrl Pts',(21.4446084548833,-62.4571558613947,68.176932684517));
#4667=CARTESIAN_POINT('Ctrl Pts',(21.6464381833082,-62.9671798536862,68.176932684517));
#4668=CARTESIAN_POINT('Ctrl Pts',(21.8482679117332,-63.4772038459778,68.176932684517));
#4669=CARTESIAN_POINT('',(21.8482679117332,-63.4772038459778,73.176932684517));
#4670=CARTESIAN_POINT('Ctrl Pts',(21.8482679117332,-63.4772038459778,73.176932684517));
#4671=CARTESIAN_POINT('Ctrl Pts',(21.6464381833082,-62.9671798536862,73.176932684517));
#4672=CARTESIAN_POINT('Ctrl Pts',(21.2179115631092,-61.8842925142307,73.176932684517));
#4673=CARTESIAN_POINT('Ctrl Pts',(21.177191715492,-60.7191049494704,73.176932684517));
#4674=CARTESIAN_POINT('Ctrl Pts',(21.1556503165374,-60.1027035713196,73.176932684517));
#4675=CARTESIAN_POINT('',(21.8482679117332,-63.4772038459778,73.176932684517));
#4676=CARTESIAN_POINT('Ctrl Pts',(23.7811535585532,-65.6355881690979,73.176932684517));
#4677=CARTESIAN_POINT('Ctrl Pts',(23.7811535585532,-65.6355881690979,-26.823067315483));
#4678=CARTESIAN_POINT('Ctrl Pts',(23.3882043611788,-65.353566686552,73.176932684517));
#4679=CARTESIAN_POINT('Ctrl Pts',(23.3882043611788,-65.353566686552,-26.823067315483));
#4680=CARTESIAN_POINT('Ctrl Pts',(22.5851290337528,-64.7771957562891,73.176932684517));
#4681=CARTESIAN_POINT('Ctrl Pts',(22.5851290337528,-64.7771957562891,-26.823067315483));
#4682=CARTESIAN_POINT('Ctrl Pts',(22.0973658653308,-63.9166697302201,73.176932684517));
#4683=CARTESIAN_POINT('Ctrl Pts',(22.0973658653308,-63.9166697302201,-26.823067315483));
#4684=CARTESIAN_POINT('Ctrl Pts',(21.8482679117332,-63.4772038459778,73.176932684517));
#4685=CARTESIAN_POINT('Ctrl Pts',(21.8482679117332,-63.4772038459778,-26.823067315483));
#4686=CARTESIAN_POINT('',(23.7811535585532,-65.6355881690979,68.176932684517));
#4687=CARTESIAN_POINT('Ctrl Pts',(21.8482679117332,-63.4772038459778,68.176932684517));
#4688=CARTESIAN_POINT('Ctrl Pts',(22.0973658653308,-63.9166697302201,68.176932684517));
#4689=CARTESIAN_POINT('Ctrl Pts',(22.3464638189285,-64.3561356144623,68.176932684517));
#4690=CARTESIAN_POINT('Ctrl Pts',(22.6777979720245,-64.7214913368225,68.176932684517));
#4691=CARTESIAN_POINT('Ctrl Pts',(22.9952551638044,-65.0715452040061,68.176932684517));
#4692=CARTESIAN_POINT('Ctrl Pts',(23.3882043611788,-65.353566686552,68.176932684517));
#4693=CARTESIAN_POINT('Ctrl Pts',(23.7811535585532,-65.6355881690979,68.176932684517));
#4694=CARTESIAN_POINT('',(23.7811535585532,-65.6355881690979,73.176932684517));
#4695=CARTESIAN_POINT('Ctrl Pts',(23.7811535585532,-65.6355881690979,73.176932684517));
#4696=CARTESIAN_POINT('Ctrl Pts',(23.3882043611788,-65.353566686552,73.176932684517));
#4697=CARTESIAN_POINT('Ctrl Pts',(22.5851290337528,-64.7771957562891,73.176932684517));
#4698=CARTESIAN_POINT('Ctrl Pts',(22.0973658653308,-63.9166697302201,73.176932684517));
#4699=CARTESIAN_POINT('Ctrl Pts',(21.8482679117332,-63.4772038459778,73.176932684517));
#4700=CARTESIAN_POINT('',(23.7811535585532,-65.6355881690979,73.176932684517));
#4701=CARTESIAN_POINT('Ctrl Pts',(26.648268102468,-66.3845849037171,73.176932684517));
#4702=CARTESIAN_POINT('Ctrl Pts',(26.648268102468,-66.3845849037171,-26.823067315483));
#4703=CARTESIAN_POINT('Ctrl Pts',(26.1288438055663,-66.3573766273692,73.176932684517));
#4704=CARTESIAN_POINT('Ctrl Pts',(26.1288438055663,-66.3573766273692,-26.823067315483));
#4705=CARTESIAN_POINT('Ctrl Pts',(25.120816794049,-66.3045745585037,73.176932684517));
#4706=CARTESIAN_POINT('Ctrl Pts',(25.120816794049,-66.3045745585037,-26.823067315483));
#4707=CARTESIAN_POINT('Ctrl Pts',(24.2185116318993,-65.8539912651992,73.176932684517));
#4708=CARTESIAN_POINT('Ctrl Pts',(24.2185116318993,-65.8539912651992,-26.823067315483));
#4709=CARTESIAN_POINT('Ctrl Pts',(23.7811535585532,-65.6355881690979,73.176932684517));
#4710=CARTESIAN_POINT('Ctrl Pts',(23.7811535585532,-65.6355881690979,-26.823067315483));
#4711=CARTESIAN_POINT('',(26.648268102468,-66.3845849037171,68.176932684517));
#4712=CARTESIAN_POINT('Ctrl Pts',(23.7811535585532,-65.6355881690979,68.176932684517));
#4713=CARTESIAN_POINT('Ctrl Pts',(24.2185116318993,-65.8539912651992,68.176932684517));
#4714=CARTESIAN_POINT('Ctrl Pts',(24.6558697052454,-66.0723943613004,68.176932684517));
#4715=CARTESIAN_POINT('Ctrl Pts',(25.1180666673789,-66.1973404884339,68.176932684517));
#4716=CARTESIAN_POINT('Ctrl Pts',(25.6094195086646,-66.3301683510214,68.176932684517));
#4717=CARTESIAN_POINT('Ctrl Pts',(26.1288438055663,-66.3573766273692,68.176932684517));
#4718=CARTESIAN_POINT('Ctrl Pts',(26.648268102468,-66.3845849037171,68.176932684517));
#4719=CARTESIAN_POINT('',(26.648268102468,-66.3845849037171,73.176932684517));
#4720=CARTESIAN_POINT('Ctrl Pts',(26.648268102468,-66.3845849037171,73.176932684517));
#4721=CARTESIAN_POINT('Ctrl Pts',(26.1288438055663,-66.3573766273692,73.176932684517));
#4722=CARTESIAN_POINT('Ctrl Pts',(25.120816794049,-66.3045745585037,73.176932684517));
#4723=CARTESIAN_POINT('Ctrl Pts',(24.2185116318993,-65.8539912651992,73.176932684517));
#4724=CARTESIAN_POINT('Ctrl Pts',(23.7811535585532,-65.6355881690979,73.176932684517));
#4725=CARTESIAN_POINT('',(26.648268102468,-66.3845849037171,73.176932684517));
#4726=CARTESIAN_POINT('Ctrl Pts',(29.523435233892,-65.6355881690979,73.176932684517));
#4727=CARTESIAN_POINT('Ctrl Pts',(29.523435233892,-65.6355881690979,-26.823067315483));
#4728=CARTESIAN_POINT('Ctrl Pts',(29.0867401795341,-65.8539716297492,73.176932684517));
#4729=CARTESIAN_POINT('Ctrl Pts',(29.0867401795341,-65.8539716297492,-26.823067315483));
#4730=CARTESIAN_POINT('Ctrl Pts',(28.1821928368203,-66.3063197318251,73.176932684517));
#4731=CARTESIAN_POINT('Ctrl Pts',(28.1821928368203,-66.3063197318251,-26.823067315483));
#4732=CARTESIAN_POINT('Ctrl Pts',(27.1711844461376,-66.3579042350989,73.176932684517));
#4733=CARTESIAN_POINT('Ctrl Pts',(27.1711844461376,-66.357904235099,-26.823067315483));
#4734=CARTESIAN_POINT('Ctrl Pts',(26.648268102468,-66.3845849037171,73.176932684517));
#4735=CARTESIAN_POINT('Ctrl Pts',(26.648268102468,-66.3845849037171,-26.823067315483));
#4736=CARTESIAN_POINT('',(29.523435233892,-65.6355881690979,68.176932684517));
#4737=CARTESIAN_POINT('Ctrl Pts',(26.648268102468,-66.3845849037171,68.176932684517));
#4738=CARTESIAN_POINT('Ctrl Pts',(27.1711844461376,-66.3579042350989,68.176932684517));
#4739=CARTESIAN_POINT('Ctrl Pts',(27.6941007898071,-66.3312235664808,68.176932684517));
#4740=CARTESIAN_POINT('Ctrl Pts',(28.1885367620597,-66.1973309516907,68.176932684517));
#4741=CARTESIAN_POINT('Ctrl Pts',(28.6500451251761,-66.0723550904004,68.176932684517));
#4742=CARTESIAN_POINT('Ctrl Pts',(29.0867401795341,-65.8539716297492,68.176932684517));
#4743=CARTESIAN_POINT('Ctrl Pts',(29.523435233892,-65.6355881690979,68.176932684517));
#4744=CARTESIAN_POINT('',(29.523435233892,-65.6355881690979,73.176932684517));
#4745=CARTESIAN_POINT('Ctrl Pts',(29.523435233892,-65.6355881690979,73.176932684517));
#4746=CARTESIAN_POINT('Ctrl Pts',(29.0867401795341,-65.8539716297492,73.176932684517));
#4747=CARTESIAN_POINT('Ctrl Pts',(28.1821928368203,-66.3063197318251,73.176932684517));
#4748=CARTESIAN_POINT('Ctrl Pts',(27.1711844461376,-66.3579042350989,73.176932684517));
#4749=CARTESIAN_POINT('Ctrl Pts',(26.648268102468,-66.3845849037171,73.176932684517));
#4750=CARTESIAN_POINT('',(29.523435233892,-65.6355881690979,73.176932684517));
#4751=CARTESIAN_POINT('Ctrl Pts',(31.44826710111,-63.4772038459778,73.176932684517));
#4752=CARTESIAN_POINT('Ctrl Pts',(31.44826710111,-63.4772038459778,-26.823067315483));
#4753=CARTESIAN_POINT('Ctrl Pts',(31.1997538153227,-63.9165005232758,73.176932684517));
#4754=CARTESIAN_POINT('Ctrl Pts',(31.1997538153227,-63.9165005232758,-26.823067315483));
#4755=CARTESIAN_POINT('Ctrl Pts',(30.7137325823031,-64.775639752333,73.176932684517));
#4756=CARTESIAN_POINT('Ctrl Pts',(30.7137325823031,-64.7756397523331,-26.823067315483));
#4757=CARTESIAN_POINT('Ctrl Pts',(29.9141659570382,-65.3532988174502,73.176932684517));
#4758=CARTESIAN_POINT('Ctrl Pts',(29.9141659570382,-65.3532988174502,-26.823067315483));
#4759=CARTESIAN_POINT('Ctrl Pts',(29.523435233892,-65.6355881690979,73.176932684517));
#4760=CARTESIAN_POINT('Ctrl Pts',(29.523435233892,-65.6355881690979,-26.823067315483));
#4761=CARTESIAN_POINT('',(31.44826710111,-63.4772038459778,68.176932684517));
#4762=CARTESIAN_POINT('Ctrl Pts',(29.523435233892,-65.6355881690979,68.176932684517));
#4763=CARTESIAN_POINT('Ctrl Pts',(29.9141659570382,-65.3532988174502,68.176932684517));
#4764=CARTESIAN_POINT('Ctrl Pts',(30.3048966801843,-65.0710094658025,68.176932684517));
#4765=CARTESIAN_POINT('Ctrl Pts',(30.6207507837424,-64.7215008735657,68.176932684517));
#4766=CARTESIAN_POINT('Ctrl Pts',(30.9512405295354,-64.3557972005737,68.176932684517));
#4767=CARTESIAN_POINT('Ctrl Pts',(31.1997538153227,-63.9165005232758,68.176932684517));
#4768=CARTESIAN_POINT('Ctrl Pts',(31.44826710111,-63.4772038459778,68.176932684517));
#4769=CARTESIAN_POINT('',(31.44826710111,-63.4772038459778,73.176932684517));
#4770=CARTESIAN_POINT('Ctrl Pts',(31.44826710111,-63.4772038459778,73.176932684517));
#4771=CARTESIAN_POINT('Ctrl Pts',(31.1997538153227,-63.9165005232758,73.176932684517));
#4772=CARTESIAN_POINT('Ctrl Pts',(30.7137325823031,-64.775639752333,73.176932684517));
#4773=CARTESIAN_POINT('Ctrl Pts',(29.9141659570382,-65.3532988174502,73.176932684517));
#4774=CARTESIAN_POINT('Ctrl Pts',(29.523435233892,-65.6355881690979,73.176932684517));
#4775=CARTESIAN_POINT('',(31.44826710111,-63.4772038459778,73.176932684517));
#4776=CARTESIAN_POINT('Ctrl Pts',(32.140884994329,-60.1027035713196,73.176932684517));
#4777=CARTESIAN_POINT('Ctrl Pts',(32.140884994329,-60.1027035713196,-26.823067315483));
#4778=CARTESIAN_POINT('Ctrl Pts',(32.1193446547125,-60.7191083405639,73.176932684517));
#4779=CARTESIAN_POINT('Ctrl Pts',(32.1193446547125,-60.719108340564,-26.823067315483));
#4780=CARTESIAN_POINT('Ctrl Pts',(32.0786270110687,-61.8842965493524,73.176932684517));
#4781=CARTESIAN_POINT('Ctrl Pts',(32.0786270110687,-61.8842965493524,-26.823067315483));
#4782=CARTESIAN_POINT('Ctrl Pts',(31.6500972071531,-62.9671830728994,73.176932684517));
#4783=CARTESIAN_POINT('Ctrl Pts',(31.6500972071531,-62.9671830728994,-26.823067315483));
#4784=CARTESIAN_POINT('Ctrl Pts',(31.44826710111,-63.4772038459778,73.176932684517));
#4785=CARTESIAN_POINT('Ctrl Pts',(31.44826710111,-63.4772038459778,-26.823067315483));
#4786=CARTESIAN_POINT('',(32.140884994329,-60.1027035713196,68.176932684517));
#4787=CARTESIAN_POINT('Ctrl Pts',(31.44826710111,-63.4772038459778,68.176932684517));
#4788=CARTESIAN_POINT('Ctrl Pts',(31.6500972071531,-62.9671830728994,68.176932684517));
#4789=CARTESIAN_POINT('Ctrl Pts',(31.8519273131962,-62.457162299821,68.176932684517));
#4790=CARTESIAN_POINT('Ctrl Pts',(31.9677311170707,-61.9288849830628,68.176932684517));
#4791=CARTESIAN_POINT('Ctrl Pts',(32.097804315096,-61.3355131098083,68.176932684517));
#4792=CARTESIAN_POINT('Ctrl Pts',(32.1193446547125,-60.7191083405639,68.176932684517));
#4793=CARTESIAN_POINT('Ctrl Pts',(32.140884994329,-60.1027035713196,68.176932684517));
#4794=CARTESIAN_POINT('',(32.140884994329,-60.1027035713196,73.176932684517));
#4795=CARTESIAN_POINT('Ctrl Pts',(32.140884994329,-60.1027035713196,73.176932684517));
#4796=CARTESIAN_POINT('Ctrl Pts',(32.1193446547125,-60.7191083405639,73.176932684517));
#4797=CARTESIAN_POINT('Ctrl Pts',(32.0786270110687,-61.8842965493524,73.176932684517));
#4798=CARTESIAN_POINT('Ctrl Pts',(31.6500972071531,-62.9671830728994,73.176932684517));
#4799=CARTESIAN_POINT('Ctrl Pts',(31.44826710111,-63.4772038459778,73.176932684517));
#4800=CARTESIAN_POINT('',(32.140884994329,-60.1027035713196,73.176932684517));
#4801=CARTESIAN_POINT('Ctrl Pts',(31.44826710111,-56.7684769630432,73.176932684517));
#4802=CARTESIAN_POINT('Ctrl Pts',(31.44826710111,-56.7684769630432,-26.823067315483));
#4803=CARTESIAN_POINT('Ctrl Pts',(31.6500580600823,-57.268344168939,73.176932684517));
#4804=CARTESIAN_POINT('Ctrl Pts',(31.6500580600823,-57.268344168939,-26.823067315483));
#4805=CARTESIAN_POINT('Ctrl Pts',(32.0812822211841,-58.3365526636228,73.176932684517));
#4806=CARTESIAN_POINT('Ctrl Pts',(32.0812822211841,-58.3365526636229,-26.823067315483));
#4807=CARTESIAN_POINT('Ctrl Pts',(32.1201861330743,-59.4893543819383,73.176932684517));
#4808=CARTESIAN_POINT('Ctrl Pts',(32.1201861330743,-59.4893543819383,-26.823067315483));
#4809=CARTESIAN_POINT('Ctrl Pts',(32.140884994329,-60.1027035713196,73.176932684517));
#4810=CARTESIAN_POINT('Ctrl Pts',(32.140884994329,-60.1027035713196,-26.823067315483));
#4811=CARTESIAN_POINT('',(31.44826710111,-56.7684769630432,68.176932684517));
#4812=CARTESIAN_POINT('Ctrl Pts',(32.140884994329,-60.1027035713196,68.176932684517));
#4813=CARTESIAN_POINT('Ctrl Pts',(32.1201861330743,-59.4893543819383,68.176932684517));
#4814=CARTESIAN_POINT('Ctrl Pts',(32.0994872718196,-58.876005192557,68.176932684517));
#4815=CARTESIAN_POINT('Ctrl Pts',(31.9677311170707,-58.2866024971009,68.176932684517));
#4816=CARTESIAN_POINT('Ctrl Pts',(31.8518490190547,-57.7682113748347,68.176932684517));
#4817=CARTESIAN_POINT('Ctrl Pts',(31.6500580600823,-57.268344168939,68.176932684517));
#4818=CARTESIAN_POINT('Ctrl Pts',(31.44826710111,-56.7684769630432,68.176932684517));
#4819=CARTESIAN_POINT('',(31.44826710111,-56.7684769630432,73.176932684517));
#4820=CARTESIAN_POINT('Ctrl Pts',(31.44826710111,-56.7684769630432,73.176932684517));
#4821=CARTESIAN_POINT('Ctrl Pts',(31.6500580600823,-57.268344168939,73.176932684517));
#4822=CARTESIAN_POINT('Ctrl Pts',(32.0812822211841,-58.3365526636228,73.176932684517));
#4823=CARTESIAN_POINT('Ctrl Pts',(32.1201861330743,-59.4893543819383,73.176932684517));
#4824=CARTESIAN_POINT('Ctrl Pts',(32.140884994329,-60.1027035713196,73.176932684517));
#4825=CARTESIAN_POINT('',(31.44826710111,-56.7684769630432,73.176932684517));
#4826=CARTESIAN_POINT('Ctrl Pts',(29.523435233892,-54.6745133399964,73.176932684517));
#4827=CARTESIAN_POINT('Ctrl Pts',(29.523435233892,-54.6745133399964,-26.823067315483));
#4828=CARTESIAN_POINT('Ctrl Pts',(29.913763639092,-54.9471172608838,73.176932684517));
#4829=CARTESIAN_POINT('Ctrl Pts',(29.913763639092,-54.9471172608838,-26.823067315483));
#4830=CARTESIAN_POINT('Ctrl Pts',(30.7093686120345,-55.5027648443349,73.176932684517));
#4831=CARTESIAN_POINT('Ctrl Pts',(30.7093686120345,-55.5027648443349,-26.823067315483));
#4832=CARTESIAN_POINT('Ctrl Pts',(31.198901752891,-56.3413212063417,73.176932684517));
#4833=CARTESIAN_POINT('Ctrl Pts',(31.198901752891,-56.3413212063417,-26.823067315483));
#4834=CARTESIAN_POINT('Ctrl Pts',(31.44826710111,-56.7684769630432,73.176932684517));
#4835=CARTESIAN_POINT('Ctrl Pts',(31.44826710111,-56.7684769630432,-26.823067315483));
#4836=CARTESIAN_POINT('',(29.523435233892,-54.6745133399964,68.176932684517));
#4837=CARTESIAN_POINT('Ctrl Pts',(31.44826710111,-56.7684769630432,68.176932684517));
#4838=CARTESIAN_POINT('Ctrl Pts',(31.198901752891,-56.3413212063417,68.176932684517));
#4839=CARTESIAN_POINT('Ctrl Pts',(30.9495364046721,-55.9141654496402,68.176932684517));
#4840=CARTESIAN_POINT('Ctrl Pts',(30.6207507837424,-55.5604195594788,68.176932684517));
#4841=CARTESIAN_POINT('Ctrl Pts',(30.304092044292,-55.2197211817713,68.176932684517));
#4842=CARTESIAN_POINT('Ctrl Pts',(29.913763639092,-54.9471172608838,68.176932684517));
#4843=CARTESIAN_POINT('Ctrl Pts',(29.523435233892,-54.6745133399964,68.176932684517));
#4844=CARTESIAN_POINT('',(29.523435233892,-54.6745133399964,73.176932684517));
#4845=CARTESIAN_POINT('Ctrl Pts',(29.523435233892,-54.6745133399964,73.176932684517));
#4846=CARTESIAN_POINT('Ctrl Pts',(29.913763639092,-54.9471172608838,73.176932684517));
#4847=CARTESIAN_POINT('Ctrl Pts',(30.7093686120345,-55.5027648443349,73.176932684517));
#4848=CARTESIAN_POINT('Ctrl Pts',(31.198901752891,-56.3413212063417,73.176932684517));
#4849=CARTESIAN_POINT('Ctrl Pts',(31.44826710111,-56.7684769630432,73.176932684517));
#4850=CARTESIAN_POINT('',(29.523435233892,-54.6745133399964,73.176932684517));
#4851=CARTESIAN_POINT('Ctrl Pts',(26.648268102468,-53.9496827125549,73.176932684517));
#4852=CARTESIAN_POINT('Ctrl Pts',(26.648268102468,-53.949682712555,-26.823067315483));
#4853=CARTESIAN_POINT('Ctrl Pts',(27.1706674416887,-53.9752093139865,73.176932684517));
#4854=CARTESIAN_POINT('Ctrl Pts',(27.1706674416887,-53.9752093139865,-26.823067315483));
#4855=CARTESIAN_POINT('Ctrl Pts',(28.1785676467893,-54.0244595041892,73.176932684517));
#4856=CARTESIAN_POINT('Ctrl Pts',(28.1785676467893,-54.0244595041892,-26.823067315483));
#4857=CARTESIAN_POINT('Ctrl Pts',(29.0862222234557,-54.4631825017603,73.176932684517));
#4858=CARTESIAN_POINT('Ctrl Pts',(29.0862222234557,-54.4631825017603,-26.823067315483));
#4859=CARTESIAN_POINT('Ctrl Pts',(29.523435233892,-54.6745133399964,73.176932684517));
#4860=CARTESIAN_POINT('Ctrl Pts',(29.523435233892,-54.6745133399964,-26.823067315483));
#4861=CARTESIAN_POINT('',(26.648268102468,-53.9496827125549,68.176932684517));
#4862=CARTESIAN_POINT('Ctrl Pts',(29.523435233892,-54.6745133399964,68.176932684517));
#4863=CARTESIAN_POINT('Ctrl Pts',(29.0862222234557,-54.4631825017603,68.176932684517));
#4864=CARTESIAN_POINT('Ctrl Pts',(28.6490092130194,-54.2518516635242,68.176932684517));
#4865=CARTESIAN_POINT('Ctrl Pts',(28.1885361660133,-54.1308903694153,68.176932684517));
#4866=CARTESIAN_POINT('Ctrl Pts',(27.6930667809094,-54.0007359154181,68.176932684517));
#4867=CARTESIAN_POINT('Ctrl Pts',(27.1706674416887,-53.9752093139865,68.176932684517));
#4868=CARTESIAN_POINT('Ctrl Pts',(26.648268102468,-53.9496827125549,68.176932684517));
#4869=CARTESIAN_POINT('',(26.648268102468,-53.9496827125549,73.176932684517));
#4870=CARTESIAN_POINT('Ctrl Pts',(26.648268102468,-53.9496827125549,73.176932684517));
#4871=CARTESIAN_POINT('Ctrl Pts',(27.1706674416887,-53.9752093139865,73.176932684517));
#4872=CARTESIAN_POINT('Ctrl Pts',(28.1785676467893,-54.0244595041892,73.176932684517));
#4873=CARTESIAN_POINT('Ctrl Pts',(29.0862222234557,-54.4631825017603,73.176932684517));
#4874=CARTESIAN_POINT('Ctrl Pts',(29.523435233892,-54.6745133399964,73.176932684517));
#4875=CARTESIAN_POINT('',(26.648268102468,-53.9496827125549,73.176932684517));
#4876=CARTESIAN_POINT('Ctrl Pts',(23.7811535585532,-54.6664643287659,73.176932684517));
#4877=CARTESIAN_POINT('Ctrl Pts',(23.7811535585532,-54.6664643287659,-26.823067315483));
#4878=CARTESIAN_POINT('Ctrl Pts',(24.2191992244459,-54.4574676614258,73.176932684517));
#4879=CARTESIAN_POINT('Ctrl Pts',(24.2191992244459,-54.4574676614258,-26.823067315483));
#4880=CARTESIAN_POINT('Ctrl Pts',(25.1256017534202,-54.025012503039,73.176932684517));
#4881=CARTESIAN_POINT('Ctrl Pts',(25.1256017534202,-54.025012503039,-26.823067315483));
#4882=CARTESIAN_POINT('Ctrl Pts',(26.1295218848528,-53.9753462756276,73.176932684517));
#4883=CARTESIAN_POINT('Ctrl Pts',(26.1295218848528,-53.9753462756276,-26.823067315483));
#4884=CARTESIAN_POINT('Ctrl Pts',(26.648268102468,-53.9496827125549,73.176932684517));
#4885=CARTESIAN_POINT('Ctrl Pts',(26.648268102468,-53.949682712555,-26.823067315483));
#4886=CARTESIAN_POINT('Ctrl Pts',(26.648268102468,-53.9496827125549,68.176932684517));
#4887=CARTESIAN_POINT('Ctrl Pts',(26.1295218848528,-53.9753462756276,68.176932684517));
#4888=CARTESIAN_POINT('Ctrl Pts',(25.6107756672375,-54.0010098387002,68.176932684517));
#4889=CARTESIAN_POINT('Ctrl Pts',(25.1180666673789,-54.1288781166077,68.176932684517));
#4890=CARTESIAN_POINT('Ctrl Pts',(24.6572448903385,-54.2484709940857,68.176932684517));
#4891=CARTESIAN_POINT('Ctrl Pts',(24.2191992244459,-54.4574676614258,68.176932684517));
#4892=CARTESIAN_POINT('Ctrl Pts',(23.7811535585532,-54.6664643287659,68.176932684517));
#4893=CARTESIAN_POINT('Ctrl Pts',(23.7811535585532,-54.6664643287659,73.176932684517));
#4894=CARTESIAN_POINT('Ctrl Pts',(24.2191992244459,-54.4574676614258,73.176932684517));
#4895=CARTESIAN_POINT('Ctrl Pts',(25.1256017534202,-54.025012503039,73.176932684517));
#4896=CARTESIAN_POINT('Ctrl Pts',(26.1295218848528,-53.9753462756276,73.176932684517));
#4897=CARTESIAN_POINT('Ctrl Pts',(26.648268102468,-53.9496827125549,73.176932684517));
#4898=CARTESIAN_POINT('Origin',(23.2173955429206,-7.51208543777468,73.176932684517));
#4899=CARTESIAN_POINT('',(26.1006170499931,-7.51208543777468,68.176932684517));
#4900=CARTESIAN_POINT('',(23.2173955429206,-7.51208543777468,68.176932684517));
#4901=CARTESIAN_POINT('',(25.3586977714603,-7.51208543777468,68.176932684517));
#4902=CARTESIAN_POINT('',(26.1006170499931,-7.51208543777468,73.176932684517));
#4903=CARTESIAN_POINT('',(26.1006170499931,-7.51208543777468,73.176932684517));
#4904=CARTESIAN_POINT('',(23.2173955429206,-7.51208543777468,73.176932684517));
#4905=CARTESIAN_POINT('',(25.3586977714603,-7.51208543777468,73.176932684517));
#4906=CARTESIAN_POINT('',(23.2173955429206,-7.51208543777468,73.176932684517));
#4907=CARTESIAN_POINT('Origin',(23.2173955429206,-19.512083530426,73.176932684517));
#4908=CARTESIAN_POINT('',(23.2173955429206,-19.512083530426,68.176932684517));
#4909=CARTESIAN_POINT('',(23.2173955429206,1.15549189252846,68.176932684517));
#4910=CARTESIAN_POINT('',(23.2173955429206,-19.512083530426,73.176932684517));
#4911=CARTESIAN_POINT('',(23.2173955429206,1.15549189252846,73.176932684517));
#4912=CARTESIAN_POINT('',(23.2173955429206,-19.512083530426,73.176932684517));
#4913=CARTESIAN_POINT('Origin',(30.7717591512809,-19.512083530426,73.176932684517));
#4914=CARTESIAN_POINT('',(30.7717591512809,-19.512083530426,68.176932684517));
#4915=CARTESIAN_POINT('',(29.1358795756404,-19.512083530426,68.176932684517));
#4916=CARTESIAN_POINT('',(30.7717591512809,-19.512083530426,73.176932684517));
#4917=CARTESIAN_POINT('',(29.1358795756404,-19.512083530426,73.176932684517));
#4918=CARTESIAN_POINT('',(30.7717591512809,-19.512083530426,73.176932684517));
#4919=CARTESIAN_POINT('Origin',(30.7717591512809,-17.0959782600403,73.176932684517));
#4920=CARTESIAN_POINT('',(30.7717591512809,-17.0959782600403,68.176932684517));
#4921=CARTESIAN_POINT('',(30.7717591512809,2.36354452772133,68.176932684517));
#4922=CARTESIAN_POINT('',(30.7717591512809,-17.0959782600403,73.176932684517));
#4923=CARTESIAN_POINT('',(30.7717591512809,2.36354452772133,73.176932684517));
#4924=CARTESIAN_POINT('',(30.7717591512809,-17.0959782600403,73.176932684517));
#4925=CARTESIAN_POINT('Origin',(26.1006170499931,-17.0959782600403,73.176932684517));
#4926=CARTESIAN_POINT('',(26.1006170499931,-17.0959782600403,68.176932684517));
#4927=CARTESIAN_POINT('',(26.8003085249965,-17.0959782600403,68.176932684517));
#4928=CARTESIAN_POINT('',(26.1006170499931,-17.0959782600403,73.176932684517));
#4929=CARTESIAN_POINT('',(26.8003085249965,-17.0959782600403,73.176932684517));
#4930=CARTESIAN_POINT('',(26.1006170499931,-17.0959782600403,73.176932684517));
#4931=CARTESIAN_POINT('Origin',(26.1006170499931,-7.51208543777468,73.176932684517));
#4932=CARTESIAN_POINT('',(26.100617049993,7.15549093885414,68.176932684517));
#4933=CARTESIAN_POINT('',(26.100617049993,7.15549093885414,73.176932684517));
#4934=CARTESIAN_POINT('Origin',(31.472429632009,131.075837612152,73.176932684517));
#4935=CARTESIAN_POINT('',(29.9744421232352,129.239599704742,68.176932684517));
#4936=CARTESIAN_POINT('',(31.472429632009,131.075837612152,68.176932684517));
#4937=CARTESIAN_POINT('',(3.92204531100599,97.3044878795091,68.176932684517));
#4938=CARTESIAN_POINT('',(29.9744421232352,129.239599704742,73.176932684517));
#4939=CARTESIAN_POINT('',(29.9744421232352,129.239599704742,73.176932684517));
#4940=CARTESIAN_POINT('',(31.472429632009,131.075837612152,73.176932684517));
#4941=CARTESIAN_POINT('',(3.92204531100599,97.3044878795091,73.176932684517));
#4942=CARTESIAN_POINT('',(31.472429632009,131.075837612152,73.176932684517));
#4943=CARTESIAN_POINT('Ctrl Pts',(29.9341744173179,132.171142101288,73.176932684517));
#4944=CARTESIAN_POINT('Ctrl Pts',(29.9341744173179,132.171142101288,-26.823067315483));
#4945=CARTESIAN_POINT('Ctrl Pts',(30.2250157734232,132.013571338515,73.176932684517));
#4946=CARTESIAN_POINT('Ctrl Pts',(30.2250157734232,132.013571338515,-26.823067315483));
#4947=CARTESIAN_POINT('Ctrl Pts',(30.7828705220422,131.71133922327,73.176932684517));
#4948=CARTESIAN_POINT('Ctrl Pts',(30.7828705220422,131.71133922327,-26.823067315483));
#4949=CARTESIAN_POINT('Ctrl Pts',(31.2492163593542,131.281552238128,73.176932684517));
#4950=CARTESIAN_POINT('Ctrl Pts',(31.2492163593542,131.281552238128,-26.823067315483));
#4951=CARTESIAN_POINT('Ctrl Pts',(31.472429632009,131.075837612152,73.176932684517));
#4952=CARTESIAN_POINT('Ctrl Pts',(31.472429632009,131.075837612152,-26.823067315483));
#4953=CARTESIAN_POINT('',(29.9341744173179,132.171142101288,68.176932684517));
#4954=CARTESIAN_POINT('Ctrl Pts',(31.472429632009,131.075837612152,68.176932684517));
#4955=CARTESIAN_POINT('Ctrl Pts',(31.2492163593542,131.281552238128,68.176932684517));
#4956=CARTESIAN_POINT('Ctrl Pts',(31.0260030866994,131.487266864104,68.176932684517));
#4957=CARTESIAN_POINT('Ctrl Pts',(30.7818251836905,131.66375875473,68.176932684517));
#4958=CARTESIAN_POINT('Ctrl Pts',(30.5158571295286,131.856000575742,68.176932684517));
#4959=CARTESIAN_POINT('Ctrl Pts',(30.2250157734232,132.013571338515,68.176932684517));
#4960=CARTESIAN_POINT('Ctrl Pts',(29.9341744173179,132.171142101288,68.176932684517));
#4961=CARTESIAN_POINT('',(29.9341744173179,132.171142101288,73.176932684517));
#4962=CARTESIAN_POINT('Ctrl Pts',(29.9341744173179,132.171142101288,73.176932684517));
#4963=CARTESIAN_POINT('Ctrl Pts',(30.2250157734232,132.013571338515,73.176932684517));
#4964=CARTESIAN_POINT('Ctrl Pts',(30.7828705220422,131.71133922327,73.176932684517));
#4965=CARTESIAN_POINT('Ctrl Pts',(31.2492163593542,131.281552238128,73.176932684517));
#4966=CARTESIAN_POINT('Ctrl Pts',(31.472429632009,131.075837612152,73.176932684517));
#4967=CARTESIAN_POINT('',(29.9341744173179,132.171142101288,73.176932684517));
#4968=CARTESIAN_POINT('Ctrl Pts',(27.8321605909476,132.638256549835,73.176932684517));
#4969=CARTESIAN_POINT('Ctrl Pts',(27.8321605909476,132.638256549835,-26.823067315483));
#4970=CARTESIAN_POINT('Ctrl Pts',(28.2083092745003,132.621460735465,73.176932684517));
#4971=CARTESIAN_POINT('Ctrl Pts',(28.2083092745003,132.621460735465,-26.823067315483));
#4972=CARTESIAN_POINT('Ctrl Pts',(28.9368527321491,132.588929767764,73.176932684517));
#4973=CARTESIAN_POINT('Ctrl Pts',(28.9368527321491,132.588929767764,-26.823067315483));
#4974=CARTESIAN_POINT('Ctrl Pts',(29.6090393266856,132.307344324527,73.176932684517));
#4975=CARTESIAN_POINT('Ctrl Pts',(29.6090393266856,132.307344324527,-26.823067315483));
#4976=CARTESIAN_POINT('Ctrl Pts',(29.9341744173179,132.171142101288,73.176932684517));
#4977=CARTESIAN_POINT('Ctrl Pts',(29.9341744173179,132.171142101288,-26.823067315483));
#4978=CARTESIAN_POINT('',(27.8321605909476,132.638256549835,68.176932684517));
#4979=CARTESIAN_POINT('Ctrl Pts',(29.9341744173179,132.171142101288,68.176932684517));
#4980=CARTESIAN_POINT('Ctrl Pts',(29.6090393266856,132.307344324527,68.176932684517));
#4981=CARTESIAN_POINT('Ctrl Pts',(29.2839042360534,132.443546547767,68.176932684517));
#4982=CARTESIAN_POINT('Ctrl Pts',(28.9455837000022,132.521479129791,68.176932684517));
#4983=CARTESIAN_POINT('Ctrl Pts',(28.584457958053,132.604664921095,68.176932684517));
#4984=CARTESIAN_POINT('Ctrl Pts',(28.2083092745003,132.621460735465,68.176932684517));
#4985=CARTESIAN_POINT('Ctrl Pts',(27.8321605909476,132.638256549835,68.176932684517));
#4986=CARTESIAN_POINT('',(27.8321605909476,132.638256549835,73.176932684517));
#4987=CARTESIAN_POINT('Ctrl Pts',(27.8321605909476,132.638256549835,73.176932684517));
#4988=CARTESIAN_POINT('Ctrl Pts',(28.2083092745003,132.621460735465,73.176932684517));
#4989=CARTESIAN_POINT('Ctrl Pts',(28.9368527321491,132.588929767764,73.176932684517));
#4990=CARTESIAN_POINT('Ctrl Pts',(29.6090393266856,132.307344324527,73.176932684517));
#4991=CARTESIAN_POINT('Ctrl Pts',(29.9341744173179,132.171142101288,73.176932684517));
#4992=CARTESIAN_POINT('',(27.8321605909476,132.638256549835,73.176932684517));
#4993=CARTESIAN_POINT('Ctrl Pts',(25.6576639402518,132.2194647789,73.176932684517));
#4994=CARTESIAN_POINT('Ctrl Pts',(25.6576639402518,132.2194647789,-26.823067315483));
#4995=CARTESIAN_POINT('Ctrl Pts',(26.0073112084729,132.341610063404,73.176932684517));
#4996=CARTESIAN_POINT('Ctrl Pts',(26.0073112084729,132.341610063404,-26.823067315483));
#4997=CARTESIAN_POINT('Ctrl Pts',(26.7115702606692,132.587634929358,73.176932684517));
#4998=CARTESIAN_POINT('Ctrl Pts',(26.7115702606692,132.587634929358,-26.823067315483));
#4999=CARTESIAN_POINT('Ctrl Pts',(27.4568791849906,132.621303563189,73.176932684517));
#5000=CARTESIAN_POINT('Ctrl Pts',(27.4568791849906,132.621303563189,-26.823067315483));
#5001=CARTESIAN_POINT('Ctrl Pts',(27.8321605909476,132.638256549835,73.176932684517));
#5002=CARTESIAN_POINT('Ctrl Pts',(27.8321605909476,132.638256549835,-26.823067315483));
#5003=CARTESIAN_POINT('',(25.6576639402518,132.2194647789,68.176932684517));
#5004=CARTESIAN_POINT('Ctrl Pts',(27.8321605909476,132.638256549835,68.176932684517));
#5005=CARTESIAN_POINT('Ctrl Pts',(27.4568791849906,132.621303563189,68.176932684517));
#5006=CARTESIAN_POINT('Ctrl Pts',(27.0815977790335,132.604350576544,68.176932684517));
#5007=CARTESIAN_POINT('Ctrl Pts',(26.7167240369925,132.533557415009,68.176932684517));
#5008=CARTESIAN_POINT('Ctrl Pts',(26.3569584766941,132.463755347908,68.176932684517));
#5009=CARTESIAN_POINT('Ctrl Pts',(26.0073112084729,132.341610063404,68.176932684517));
#5010=CARTESIAN_POINT('Ctrl Pts',(25.6576639402518,132.2194647789,68.176932684517));
#5011=CARTESIAN_POINT('',(25.6576639402518,132.2194647789,73.176932684517));
#5012=CARTESIAN_POINT('Ctrl Pts',(25.6576639402518,132.2194647789,73.176932684517));
#5013=CARTESIAN_POINT('Ctrl Pts',(26.0073112084729,132.341610063404,73.176932684517));
#5014=CARTESIAN_POINT('Ctrl Pts',(26.7115702606692,132.587634929358,73.176932684517));
#5015=CARTESIAN_POINT('Ctrl Pts',(27.4568791849906,132.621303563189,73.176932684517));
#5016=CARTESIAN_POINT('Ctrl Pts',(27.8321605909476,132.638256549835,73.176932684517));
#5017=CARTESIAN_POINT('',(25.6576639402518,132.2194647789,73.176932684517));
#5018=CARTESIAN_POINT('Ctrl Pts',(23.8294756401191,130.995304584503,73.176932684517));
#5019=CARTESIAN_POINT('Ctrl Pts',(23.8294756401191,130.995304584503,-26.823067315483));
#5020=CARTESIAN_POINT('Ctrl Pts',(24.1041592026248,131.247321260831,73.176932684517));
#5021=CARTESIAN_POINT('Ctrl Pts',(24.1041592026248,131.247321260831,-26.823067315483));
#5022=CARTESIAN_POINT('Ctrl Pts',(24.6509409044485,131.748982539409,73.176932684517));
#5023=CARTESIAN_POINT('Ctrl Pts',(24.6509409044485,131.748982539409,-26.823067315483));
#5024=CARTESIAN_POINT('Ctrl Pts',(25.3231490931545,132.063132511923,73.176932684517));
#5025=CARTESIAN_POINT('Ctrl Pts',(25.3231490931545,132.063132511923,-26.823067315483));
#5026=CARTESIAN_POINT('Ctrl Pts',(25.6576639402518,132.2194647789,73.176932684517));
#5027=CARTESIAN_POINT('Ctrl Pts',(25.6576639402518,132.2194647789,-26.823067315483));
#5028=CARTESIAN_POINT('',(23.8294756401191,130.995304584503,68.176932684517));
#5029=CARTESIAN_POINT('Ctrl Pts',(25.6576639402518,132.2194647789,68.176932684517));
#5030=CARTESIAN_POINT('Ctrl Pts',(25.3231490931545,132.063132511923,68.176932684517));
#5031=CARTESIAN_POINT('Ctrl Pts',(24.9886342460571,131.906800244945,68.176932684517));
#5032=CARTESIAN_POINT('Ctrl Pts',(24.6851801860938,131.704032421112,68.176932684517));
#5033=CARTESIAN_POINT('Ctrl Pts',(24.3788427651306,131.49933793716,68.176932684517));
#5034=CARTESIAN_POINT('Ctrl Pts',(24.1041592026248,131.247321260831,68.176932684517));
#5035=CARTESIAN_POINT('Ctrl Pts',(23.8294756401191,130.995304584503,68.176932684517));
#5036=CARTESIAN_POINT('',(23.8294756401191,130.995304584503,73.176932684517));
#5037=CARTESIAN_POINT('Ctrl Pts',(23.8294756401191,130.995304584503,73.176932684517));
#5038=CARTESIAN_POINT('Ctrl Pts',(24.1041592026248,131.247321260831,73.176932684517));
#5039=CARTESIAN_POINT('Ctrl Pts',(24.6509409044485,131.748982539409,73.176932684517));
#5040=CARTESIAN_POINT('Ctrl Pts',(25.3231490931545,132.063132511923,73.176932684517));
#5041=CARTESIAN_POINT('Ctrl Pts',(25.6576639402518,132.2194647789,73.176932684517));
#5042=CARTESIAN_POINT('',(23.8294756401191,130.995304584503,73.176932684517));
#5043=CARTESIAN_POINT('Ctrl Pts',(22.5730997312674,129.022147655487,73.176932684517));
#5044=CARTESIAN_POINT('Ctrl Pts',(22.5730997312674,129.022147655487,-26.823067315483));
#5045=CARTESIAN_POINT('Ctrl Pts',(22.7365594386317,129.392577493578,73.176932684517));
#5046=CARTESIAN_POINT('Ctrl Pts',(22.7365594386317,129.392577493578,-26.823067315483));
#5047=CARTESIAN_POINT('Ctrl Pts',(23.0551209750786,130.11449667642,73.176932684517));
#5048=CARTESIAN_POINT('Ctrl Pts',(23.0551209750786,130.11449667642,-26.823067315483));
#5049=CARTESIAN_POINT('Ctrl Pts',(23.5759119625224,130.706882621657,73.176932684517));
#5050=CARTESIAN_POINT('Ctrl Pts',(23.5759119625224,130.706882621657,-26.823067315483));
#5051=CARTESIAN_POINT('Ctrl Pts',(23.8294756401191,130.995304584503,73.176932684517));
#5052=CARTESIAN_POINT('Ctrl Pts',(23.8294756401191,130.995304584503,-26.823067315483));
#5053=CARTESIAN_POINT('',(22.5730997312674,129.022147655487,68.176932684517));
#5054=CARTESIAN_POINT('Ctrl Pts',(23.8294756401191,130.995304584503,68.176932684517));
#5055=CARTESIAN_POINT('Ctrl Pts',(23.5759119625224,130.706882621657,68.176932684517));
#5056=CARTESIAN_POINT('Ctrl Pts',(23.3223482849258,130.418460658812,68.176932684517));
#5057=CARTESIAN_POINT('Ctrl Pts',(23.1167238939414,130.099332332611,68.176932684517));
#5058=CARTESIAN_POINT('Ctrl Pts',(22.9000191459959,129.763007331669,68.176932684517));
#5059=CARTESIAN_POINT('Ctrl Pts',(22.7365594386317,129.392577493578,68.176932684517));
#5060=CARTESIAN_POINT('Ctrl Pts',(22.5730997312674,129.022147655487,68.176932684517));
#5061=CARTESIAN_POINT('',(22.5730997312674,129.022147655487,73.176932684517));
#5062=CARTESIAN_POINT('Ctrl Pts',(22.5730997312674,129.022147655487,73.176932684517));
#5063=CARTESIAN_POINT('Ctrl Pts',(22.7365594386317,129.392577493578,73.176932684517));
#5064=CARTESIAN_POINT('Ctrl Pts',(23.0551209750786,130.11449667642,73.176932684517));
#5065=CARTESIAN_POINT('Ctrl Pts',(23.5759119625224,130.706882621657,73.176932684517));
#5066=CARTESIAN_POINT('Ctrl Pts',(23.8294756401191,130.995304584503,73.176932684517));
#5067=CARTESIAN_POINT('',(22.5730997312674,129.022147655487,73.176932684517));
#5068=CARTESIAN_POINT('Ctrl Pts',(22.1140393603454,126.356375217438,73.176932684517));
#5069=CARTESIAN_POINT('Ctrl Pts',(22.1140393603454,126.356375217438,-26.823067315483));
#5070=CARTESIAN_POINT('Ctrl Pts',(22.1294499735305,126.832222570481,73.176932684517));
#5071=CARTESIAN_POINT('Ctrl Pts',(22.1294499735305,126.832222570481,-26.823067315483));
#5072=CARTESIAN_POINT('Ctrl Pts',(22.1589341051086,127.742630599006,73.176932684517));
#5073=CARTESIAN_POINT('Ctrl Pts',(22.1589341051086,127.742630599006,-26.823067315483));
#5074=CARTESIAN_POINT('Ctrl Pts',(22.4392824210738,128.608734469962,73.176932684517));
#5075=CARTESIAN_POINT('Ctrl Pts',(22.4392824210738,128.608734469962,-26.823067315483));
#5076=CARTESIAN_POINT('Ctrl Pts',(22.5730997312674,129.022147655487,73.176932684517));
#5077=CARTESIAN_POINT('Ctrl Pts',(22.5730997312674,129.022147655487,-26.823067315483));
#5078=CARTESIAN_POINT('',(22.1140393603454,126.356375217438,68.176932684517));
#5079=CARTESIAN_POINT('Ctrl Pts',(22.5730997312674,129.022147655487,68.176932684517));
#5080=CARTESIAN_POINT('Ctrl Pts',(22.4392824210738,128.608734469962,68.176932684517));
#5081=CARTESIAN_POINT('Ctrl Pts',(22.3054651108801,128.195321284437,68.176932684517));
#5082=CARTESIAN_POINT('Ctrl Pts',(22.2288045275817,127.771813869476,68.176932684517));
#5083=CARTESIAN_POINT('Ctrl Pts',(22.1448605867156,127.308069923524,68.176932684517));
#5084=CARTESIAN_POINT('Ctrl Pts',(22.1294499735305,126.832222570481,68.176932684517));
#5085=CARTESIAN_POINT('Ctrl Pts',(22.1140393603454,126.356375217438,68.176932684517));
#5086=CARTESIAN_POINT('',(22.1140393603454,126.356375217438,73.176932684517));
#5087=CARTESIAN_POINT('Ctrl Pts',(22.1140393603454,126.356375217438,73.176932684517));
#5088=CARTESIAN_POINT('Ctrl Pts',(22.1294499735305,126.832222570481,73.176932684517));
#5089=CARTESIAN_POINT('Ctrl Pts',(22.1589341051086,127.742630599006,73.176932684517));
#5090=CARTESIAN_POINT('Ctrl Pts',(22.4392824210738,128.608734469962,73.176932684517));
#5091=CARTESIAN_POINT('Ctrl Pts',(22.5730997312674,129.022147655487,73.176932684517));
#5092=CARTESIAN_POINT('',(22.1140393603454,126.356375217438,73.176932684517));
#5093=CARTESIAN_POINT('Ctrl Pts',(22.5569924700866,123.690602779388,73.176932684517));
#5094=CARTESIAN_POINT('Ctrl Pts',(22.5569924700866,123.690602779388,-26.823067315483));
#5095=CARTESIAN_POINT('Ctrl Pts',(22.4278936591982,124.101555961921,73.176932684517));
#5096=CARTESIAN_POINT('Ctrl Pts',(22.4278936591982,124.101555961921,-26.823067315483));
#5097=CARTESIAN_POINT('Ctrl Pts',(22.1554553469903,124.968793937818,73.176932684517));
#5098=CARTESIAN_POINT('Ctrl Pts',(22.1554553469903,124.968793937818,-26.823067315483));
#5099=CARTESIAN_POINT('Ctrl Pts',(22.1283175317128,125.878006237204,73.176932684517));
#5100=CARTESIAN_POINT('Ctrl Pts',(22.1283175317128,125.878006237204,-26.823067315483));
#5101=CARTESIAN_POINT('Ctrl Pts',(22.1140393603454,126.356375217438,73.176932684517));
#5102=CARTESIAN_POINT('Ctrl Pts',(22.1140393603454,126.356375217438,-26.823067315483));
#5103=CARTESIAN_POINT('',(22.5569924700866,123.690602779388,68.176932684517));
#5104=CARTESIAN_POINT('Ctrl Pts',(22.1140393603454,126.356375217438,68.176932684517));
#5105=CARTESIAN_POINT('Ctrl Pts',(22.1283175317128,125.878006237204,68.176932684517));
#5106=CARTESIAN_POINT('Ctrl Pts',(22.1425957030803,125.39963725697,68.176932684517));
#5107=CARTESIAN_POINT('Ctrl Pts',(22.2247776377807,124.932887554169,68.176932684517));
#5108=CARTESIAN_POINT('Ctrl Pts',(22.2987948483098,124.512509144453,68.176932684517));
#5109=CARTESIAN_POINT('Ctrl Pts',(22.4278936591982,124.101555961921,68.176932684517));
#5110=CARTESIAN_POINT('Ctrl Pts',(22.5569924700866,123.690602779388,68.176932684517));
#5111=CARTESIAN_POINT('',(22.5569924700866,123.690602779388,73.176932684517));
#5112=CARTESIAN_POINT('Ctrl Pts',(22.5569924700866,123.690602779388,73.176932684517));
#5113=CARTESIAN_POINT('Ctrl Pts',(22.4278936591982,124.101555961921,73.176932684517));
#5114=CARTESIAN_POINT('Ctrl Pts',(22.1554553469903,124.968793937818,73.176932684517));
#5115=CARTESIAN_POINT('Ctrl Pts',(22.1283175317128,125.878006237204,73.176932684517));
#5116=CARTESIAN_POINT('Ctrl Pts',(22.1140393603454,126.356375217438,73.176932684517));
#5117=CARTESIAN_POINT('',(22.5569924700866,123.690602779388,73.176932684517));
#5118=CARTESIAN_POINT('Ctrl Pts',(23.7811535585532,121.757719516754,73.176932684517));
#5119=CARTESIAN_POINT('Ctrl Pts',(23.7811535585532,121.757719516754,-26.823067315483));
#5120=CARTESIAN_POINT('Ctrl Pts',(23.53287818469,122.038755663998,73.176932684517));
#5121=CARTESIAN_POINT('Ctrl Pts',(23.53287818469,122.038755663998,-26.823067315483));
#5122=CARTESIAN_POINT('Ctrl Pts',(23.0217479351512,122.617331274761,73.176932684517));
#5123=CARTESIAN_POINT('Ctrl Pts',(23.0217479351512,122.617331274761,-26.823067315483));
#5124=CARTESIAN_POINT('Ctrl Pts',(22.7148291467996,123.326106565282,73.176932684517));
#5125=CARTESIAN_POINT('Ctrl Pts',(22.7148291467996,123.326106565282,-26.823067315483));
#5126=CARTESIAN_POINT('Ctrl Pts',(22.5569924700866,123.690602779388,73.176932684517));
#5127=CARTESIAN_POINT('Ctrl Pts',(22.5569924700866,123.690602779388,-26.823067315483));
#5128=CARTESIAN_POINT('',(23.7811535585532,121.757719516754,68.176932684517));
#5129=CARTESIAN_POINT('Ctrl Pts',(22.5569924700866,123.690602779388,68.176932684517));
#5130=CARTESIAN_POINT('Ctrl Pts',(22.7148291467996,123.326106565282,68.176932684517));
#5131=CARTESIAN_POINT('Ctrl Pts',(22.8726658235126,122.961610351176,68.176932684517));
#5132=CARTESIAN_POINT('Ctrl Pts',(23.0845093715796,122.631547451019,68.176932684517));
#5133=CARTESIAN_POINT('Ctrl Pts',(23.2846028108269,122.319791811242,68.176932684517));
#5134=CARTESIAN_POINT('Ctrl Pts',(23.53287818469,122.038755663998,68.176932684517));
#5135=CARTESIAN_POINT('Ctrl Pts',(23.7811535585532,121.757719516754,68.176932684517));
#5136=CARTESIAN_POINT('',(23.7811535585532,121.757719516754,73.176932684517));
#5137=CARTESIAN_POINT('Ctrl Pts',(23.7811535585532,121.757719516754,73.176932684517));
#5138=CARTESIAN_POINT('Ctrl Pts',(23.53287818469,122.038755663998,73.176932684517));
#5139=CARTESIAN_POINT('Ctrl Pts',(23.0217479351512,122.617331274761,73.176932684517));
#5140=CARTESIAN_POINT('Ctrl Pts',(22.7148291467996,123.326106565282,73.176932684517));
#5141=CARTESIAN_POINT('Ctrl Pts',(22.5569924700866,123.690602779388,73.176932684517));
#5142=CARTESIAN_POINT('',(23.7811535585532,121.757719516754,73.176932684517));
#5143=CARTESIAN_POINT('Ctrl Pts',(25.5771267402778,120.589933395386,73.176932684517));
#5144=CARTESIAN_POINT('Ctrl Pts',(25.5771267402778,120.589933395386,-26.823067315483));
#5145=CARTESIAN_POINT('Ctrl Pts',(25.24802833812,120.735811978193,73.176932684517));
#5146=CARTESIAN_POINT('Ctrl Pts',(25.24802833812,120.735811978193,-26.823067315483));
#5147=CARTESIAN_POINT('Ctrl Pts',(24.5868850020924,121.028875245168,73.176932684517));
#5148=CARTESIAN_POINT('Ctrl Pts',(24.5868850020924,121.028875245168,-26.823067315483));
#5149=CARTESIAN_POINT('Ctrl Pts',(24.0505275050603,121.514050662323,73.176932684517));
#5150=CARTESIAN_POINT('Ctrl Pts',(24.0505275050603,121.514050662323,-26.823067315483));
#5151=CARTESIAN_POINT('Ctrl Pts',(23.7811535585532,121.757719516754,73.176932684517));
#5152=CARTESIAN_POINT('Ctrl Pts',(23.7811535585532,121.757719516754,-26.823067315483));
#5153=CARTESIAN_POINT('',(25.5771267402778,120.589933395386,68.176932684517));
#5154=CARTESIAN_POINT('Ctrl Pts',(23.7811535585532,121.757719516754,68.176932684517));
#5155=CARTESIAN_POINT('Ctrl Pts',(24.0505275050603,121.514050662323,68.176932684517));
#5156=CARTESIAN_POINT('Ctrl Pts',(24.3199014515674,121.270381807892,68.176932684517));
#5157=CARTESIAN_POINT('Ctrl Pts',(24.6207505453238,121.075170040131,68.176932684517));
#5158=CARTESIAN_POINT('Ctrl Pts',(24.9189299359622,120.881690561001,68.176932684517));
#5159=CARTESIAN_POINT('Ctrl Pts',(25.24802833812,120.735811978193,68.176932684517));
#5160=CARTESIAN_POINT('Ctrl Pts',(25.5771267402778,120.589933395386,68.176932684517));
#5161=CARTESIAN_POINT('',(25.5771267402778,120.589933395386,73.176932684517));
#5162=CARTESIAN_POINT('Ctrl Pts',(25.5771267402778,120.589933395386,73.176932684517));
#5163=CARTESIAN_POINT('Ctrl Pts',(25.24802833812,120.735811978193,73.176932684517));
#5164=CARTESIAN_POINT('Ctrl Pts',(24.5868850020924,121.028875245168,73.176932684517));
#5165=CARTESIAN_POINT('Ctrl Pts',(24.0505275050603,121.514050662323,73.176932684517));
#5166=CARTESIAN_POINT('Ctrl Pts',(23.7811535585532,121.757719516754,73.176932684517));
#5167=CARTESIAN_POINT('',(25.5771267402778,120.589933395386,73.176932684517));
#5168=CARTESIAN_POINT('Ctrl Pts',(27.7355164278159,120.203356742859,73.176932684517));
#5169=CARTESIAN_POINT('Ctrl Pts',(27.7355164278159,120.203356742859,-26.823067315483));
#5170=CARTESIAN_POINT('Ctrl Pts',(27.361983997348,120.218591279747,73.176932684517));
#5171=CARTESIAN_POINT('Ctrl Pts',(27.361983997348,120.218591279747,-26.823067315483));
#5172=CARTESIAN_POINT('Ctrl Pts',(26.6247028172622,120.248661325662,73.176932684517));
#5173=CARTESIAN_POINT('Ctrl Pts',(26.6247028172622,120.248661325662,-26.823067315483));
#5174=CARTESIAN_POINT('Ctrl Pts',(25.9232158681503,120.477186879335,73.176932684517));
#5175=CARTESIAN_POINT('Ctrl Pts',(25.9232158681503,120.477186879335,-26.823067315483));
#5176=CARTESIAN_POINT('Ctrl Pts',(25.5771267402778,120.589933395386,73.176932684517));
#5177=CARTESIAN_POINT('Ctrl Pts',(25.5771267402778,120.589933395386,-26.823067315483));
#5178=CARTESIAN_POINT('',(27.7355164278159,120.203356742859,68.176932684517));
#5179=CARTESIAN_POINT('Ctrl Pts',(25.5771267402778,120.589933395386,68.176932684517));
#5180=CARTESIAN_POINT('Ctrl Pts',(25.9232158681503,120.477186879335,68.176932684517));
#5181=CARTESIAN_POINT('Ctrl Pts',(26.2693049960229,120.364440363285,68.176932684517));
#5182=CARTESIAN_POINT('Ctrl Pts',(26.6241067636619,120.299999713898,68.176932684517));
#5183=CARTESIAN_POINT('Ctrl Pts',(26.9884515668802,120.233825816635,68.176932684517));
#5184=CARTESIAN_POINT('Ctrl Pts',(27.361983997348,120.218591279747,68.176932684517));
#5185=CARTESIAN_POINT('Ctrl Pts',(27.7355164278159,120.203356742859,68.176932684517));
#5186=CARTESIAN_POINT('',(27.7355164278159,120.203356742859,73.176932684517));
#5187=CARTESIAN_POINT('Ctrl Pts',(27.7355164278159,120.203356742859,73.176932684517));
#5188=CARTESIAN_POINT('Ctrl Pts',(27.361983997348,120.218591279747,73.176932684517));
#5189=CARTESIAN_POINT('Ctrl Pts',(26.6247028172622,120.248661325662,73.176932684517));
#5190=CARTESIAN_POINT('Ctrl Pts',(25.9232158681503,120.477186879335,73.176932684517));
#5191=CARTESIAN_POINT('Ctrl Pts',(25.5771267402778,120.589933395386,73.176932684517));
#5192=CARTESIAN_POINT('',(27.7355164278159,120.203356742859,73.176932684517));
#5193=CARTESIAN_POINT('Ctrl Pts',(29.9019592989097,120.6463098526,73.176932684517));
#5194=CARTESIAN_POINT('Ctrl Pts',(29.9019592989097,120.6463098526,-26.823067315483));
#5195=CARTESIAN_POINT('Ctrl Pts',(29.5601344034481,120.517130745078,73.176932684517));
#5196=CARTESIAN_POINT('Ctrl Pts',(29.5601344034481,120.517130745078,-26.823067315483));
#5197=CARTESIAN_POINT('Ctrl Pts',(28.8620082177714,120.253301753097,73.176932684517));
#5198=CARTESIAN_POINT('Ctrl Pts',(28.8620082177714,120.253301753097,-26.823067315483));
#5199=CARTESIAN_POINT('Ctrl Pts',(28.1161689500185,120.220233647145,73.176932684517));
#5200=CARTESIAN_POINT('Ctrl Pts',(28.1161689500185,120.220233647145,-26.823067315483));
#5201=CARTESIAN_POINT('Ctrl Pts',(27.7355164278159,120.203356742859,73.176932684517));
#5202=CARTESIAN_POINT('Ctrl Pts',(27.7355164278159,120.203356742859,-26.823067315483));
#5203=CARTESIAN_POINT('',(29.9019592989097,120.6463098526,68.176932684517));
#5204=CARTESIAN_POINT('Ctrl Pts',(27.7355164278159,120.203356742859,68.176932684517));
#5205=CARTESIAN_POINT('Ctrl Pts',(28.1161689500185,120.220233647145,68.176932684517));
#5206=CARTESIAN_POINT('Ctrl Pts',(28.496821472221,120.237110551432,68.176932684517));
#5207=CARTESIAN_POINT('Ctrl Pts',(28.8650459039817,120.314095020294,68.176932684517));
#5208=CARTESIAN_POINT('Ctrl Pts',(29.2183095079865,120.387951637555,68.176932684517));
#5209=CARTESIAN_POINT('Ctrl Pts',(29.5601344034481,120.517130745078,68.176932684517));
#5210=CARTESIAN_POINT('Ctrl Pts',(29.9019592989097,120.6463098526,68.176932684517));
#5211=CARTESIAN_POINT('',(29.9019592989097,120.6463098526,73.176932684517));
#5212=CARTESIAN_POINT('Ctrl Pts',(29.9019592989097,120.6463098526,73.176932684517));
#5213=CARTESIAN_POINT('Ctrl Pts',(29.5601344034481,120.517130745078,73.176932684517));
#5214=CARTESIAN_POINT('Ctrl Pts',(28.8620082177714,120.253301753097,73.176932684517));
#5215=CARTESIAN_POINT('Ctrl Pts',(28.1161689500185,120.220233647145,73.176932684517));
#5216=CARTESIAN_POINT('Ctrl Pts',(27.7355164278159,120.203356742859,73.176932684517));
#5217=CARTESIAN_POINT('',(29.9019592989097,120.6463098526,73.176932684517));
#5218=CARTESIAN_POINT('Ctrl Pts',(31.6496103990684,121.975169181824,73.176932684517));
#5219=CARTESIAN_POINT('Ctrl Pts',(31.6496103990684,121.975169181824,-26.823067315483));
#5220=CARTESIAN_POINT('Ctrl Pts',(31.3906895047848,121.699752347651,73.176932684517));
#5221=CARTESIAN_POINT('Ctrl Pts',(31.3906895047848,121.699752347651,-26.823067315483));
#5222=CARTESIAN_POINT('Ctrl Pts',(30.8822459336156,121.158915660392,73.176932684517));
#5223=CARTESIAN_POINT('Ctrl Pts',(30.8822459336156,121.158915660392,-26.823067315483));
#5224=CARTESIAN_POINT('Ctrl Pts',(30.2246699022311,120.815059811685,73.176932684517));
#5225=CARTESIAN_POINT('Ctrl Pts',(30.2246699022311,120.815059811685,-26.823067315483));
#5226=CARTESIAN_POINT('Ctrl Pts',(29.9019592989097,120.6463098526,73.176932684517));
#5227=CARTESIAN_POINT('Ctrl Pts',(29.9019592989097,120.6463098526,-26.823067315483));
#5228=CARTESIAN_POINT('',(31.6496103990684,121.975169181824,68.176932684517));
#5229=CARTESIAN_POINT('Ctrl Pts',(29.9019592989097,120.6463098526,68.176932684517));
#5230=CARTESIAN_POINT('Ctrl Pts',(30.2246699022311,120.815059811685,68.176932684517));
#5231=CARTESIAN_POINT('Ctrl Pts',(30.5473805055525,120.983809770771,68.176932684517));
#5232=CARTESIAN_POINT('Ctrl Pts',(30.834173559011,121.200001239777,68.176932684517));
#5233=CARTESIAN_POINT('Ctrl Pts',(31.1317686105013,121.424335513479,68.176932684517));
#5234=CARTESIAN_POINT('Ctrl Pts',(31.3906895047848,121.699752347651,68.176932684517));
#5235=CARTESIAN_POINT('Ctrl Pts',(31.6496103990684,121.975169181824,68.176932684517));
#5236=CARTESIAN_POINT('',(31.6496103990684,121.975169181824,73.176932684517));
#5237=CARTESIAN_POINT('Ctrl Pts',(31.6496103990684,121.975169181824,73.176932684517));
#5238=CARTESIAN_POINT('Ctrl Pts',(31.3906895047848,121.699752347651,73.176932684517));
#5239=CARTESIAN_POINT('Ctrl Pts',(30.8822459336156,121.158915660392,73.176932684517));
#5240=CARTESIAN_POINT('Ctrl Pts',(30.2246699022311,120.815059811685,73.176932684517));
#5241=CARTESIAN_POINT('Ctrl Pts',(29.9019592989097,120.6463098526,73.176932684517));
#5242=CARTESIAN_POINT('',(31.6496103990684,121.975169181824,73.176932684517));
#5243=CARTESIAN_POINT('Origin',(30.1355165231833,123.779194355011,73.176932684517));
#5244=CARTESIAN_POINT('',(30.1355165231833,123.779194355011,68.176932684517));
#5245=CARTESIAN_POINT('',(54.6936741454529,94.5184363113403,68.176932684517));
#5246=CARTESIAN_POINT('',(30.1355165231833,123.779194355011,73.176932684517));
#5247=CARTESIAN_POINT('',(54.6936741454529,94.5184363113403,73.176932684517));
#5248=CARTESIAN_POINT('',(30.1355165231833,123.779194355011,73.176932684517));
#5249=CARTESIAN_POINT('Ctrl Pts',(29.1449123609672,123.006041049957,73.176932684517));
#5250=CARTESIAN_POINT('Ctrl Pts',(29.1449123609672,123.006041049957,-26.823067315483));
#5251=CARTESIAN_POINT('Ctrl Pts',(29.3279577726684,123.117525338862,73.176932684517));
#5252=CARTESIAN_POINT('Ctrl Pts',(29.3279577726684,123.117525338862,-26.823067315483));
#5253=CARTESIAN_POINT('Ctrl Pts',(29.6881588371517,123.336906743529,73.176932684517));
#5254=CARTESIAN_POINT('Ctrl Pts',(29.6881588371517,123.336906743529,-26.823067315483));
#5255=CARTESIAN_POINT('Ctrl Pts',(29.9880317326343,123.633381065604,73.176932684517));
#5256=CARTESIAN_POINT('Ctrl Pts',(29.9880317326343,123.633381065604,-26.823067315483));
#5257=CARTESIAN_POINT('Ctrl Pts',(30.1355165231833,123.779194355011,73.176932684517));
#5258=CARTESIAN_POINT('Ctrl Pts',(30.1355165231833,123.779194355011,-26.823067315483));
#5259=CARTESIAN_POINT('',(29.1449123609672,123.006041049957,68.176932684517));
#5260=CARTESIAN_POINT('Ctrl Pts',(30.1355165231833,123.779194355011,68.176932684517));
#5261=CARTESIAN_POINT('Ctrl Pts',(29.9880317326343,123.633381065604,68.176932684517));
#5262=CARTESIAN_POINT('Ctrl Pts',(29.8405469420853,123.487567776197,68.176932684517));
#5263=CARTESIAN_POINT('Ctrl Pts',(29.6784692991385,123.360402584076,68.176932684517));
#5264=CARTESIAN_POINT('Ctrl Pts',(29.5110031843697,123.229009627767,68.176932684517));
#5265=CARTESIAN_POINT('Ctrl Pts',(29.3279577726684,123.117525338862,68.176932684517));
#5266=CARTESIAN_POINT('Ctrl Pts',(29.1449123609672,123.006041049957,68.176932684517));
#5267=CARTESIAN_POINT('',(29.1449123609672,123.006041049957,73.176932684517));
#5268=CARTESIAN_POINT('Ctrl Pts',(29.1449123609672,123.006041049957,73.176932684517));
#5269=CARTESIAN_POINT('Ctrl Pts',(29.3279577726684,123.117525338862,73.176932684517));
#5270=CARTESIAN_POINT('Ctrl Pts',(29.6881588371517,123.336906743529,73.176932684517));
#5271=CARTESIAN_POINT('Ctrl Pts',(29.9880317326343,123.633381065604,73.176932684517));
#5272=CARTESIAN_POINT('Ctrl Pts',(30.1355165231833,123.779194355011,73.176932684517));
#5273=CARTESIAN_POINT('',(29.1449123609672,123.006041049957,73.176932684517));
#5274=CARTESIAN_POINT('Ctrl Pts',(27.8482681501517,122.683894634247,73.176932684517));
#5275=CARTESIAN_POINT('Ctrl Pts',(27.8482681501517,122.683894634247,-26.823067315483));
#5276=CARTESIAN_POINT('Ctrl Pts',(28.0808776605078,122.695862541517,73.176932684517));
#5277=CARTESIAN_POINT('Ctrl Pts',(28.0808776605078,122.695862541517,-26.823067315483));
#5278=CARTESIAN_POINT('Ctrl Pts',(28.5342800795133,122.719190384382,73.176932684517));
#5279=CARTESIAN_POINT('Ctrl Pts',(28.5342800795133,122.719190384382,-26.823067315483));
#5280=CARTESIAN_POINT('Ctrl Pts',(28.9449357785034,122.912100035829,73.176932684517));
#5281=CARTESIAN_POINT('Ctrl Pts',(28.9449357785034,122.912100035829,-26.823067315483));
#5282=CARTESIAN_POINT('Ctrl Pts',(29.1449123609672,123.006041049957,73.176932684517));
#5283=CARTESIAN_POINT('Ctrl Pts',(29.1449123609672,123.006041049957,-26.823067315483));
#5284=CARTESIAN_POINT('',(27.8482681501517,122.683894634247,68.176932684517));
#5285=CARTESIAN_POINT('Ctrl Pts',(29.1449123609672,123.006041049957,68.176932684517));
#5286=CARTESIAN_POINT('Ctrl Pts',(28.9449357785034,122.912100035829,68.176932684517));
#5287=CARTESIAN_POINT('Ctrl Pts',(28.7449591960397,122.818159021701,68.176932684517));
#5288=CARTESIAN_POINT('Ctrl Pts',(28.5348457086692,122.764432430267,68.176932684517));
#5289=CARTESIAN_POINT('Ctrl Pts',(28.3134871708638,122.707830448787,68.176932684517));
#5290=CARTESIAN_POINT('Ctrl Pts',(28.0808776605078,122.695862541517,68.176932684517));
#5291=CARTESIAN_POINT('Ctrl Pts',(27.8482681501517,122.683894634247,68.176932684517));
#5292=CARTESIAN_POINT('',(27.8482681501517,122.683894634247,73.176932684517));
#5293=CARTESIAN_POINT('Ctrl Pts',(27.8482681501517,122.683894634247,73.176932684517));
#5294=CARTESIAN_POINT('Ctrl Pts',(28.0808776605078,122.695862541517,73.176932684517));
#5295=CARTESIAN_POINT('Ctrl Pts',(28.5342800795133,122.719190384382,73.176932684517));
#5296=CARTESIAN_POINT('Ctrl Pts',(28.9449357785034,122.912100035829,73.176932684517));
#5297=CARTESIAN_POINT('Ctrl Pts',(29.1449123609672,123.006041049957,73.176932684517));
#5298=CARTESIAN_POINT('',(27.8482681501517,122.683894634247,73.176932684517));
#5299=CARTESIAN_POINT('Ctrl Pts',(26.3824963558326,123.126847743988,73.176932684517));
#5300=CARTESIAN_POINT('Ctrl Pts',(26.3824963558326,123.126847743988,-26.823067315483));
#5301=CARTESIAN_POINT('Ctrl Pts',(26.603696863346,122.997673406165,73.176932684517));
#5302=CARTESIAN_POINT('Ctrl Pts',(26.603696863346,122.997673406165,-26.823067315483));
#5303=CARTESIAN_POINT('Ctrl Pts',(27.0565287714583,122.733233407661,73.176932684517));
#5304=CARTESIAN_POINT('Ctrl Pts',(27.0565287714583,122.733233407661,-26.823067315483));
#5305=CARTESIAN_POINT('Ctrl Pts',(27.5803331142455,122.700591525146,73.176932684517));
#5306=CARTESIAN_POINT('Ctrl Pts',(27.5803331142455,122.700591525146,-26.823067315483));
#5307=CARTESIAN_POINT('Ctrl Pts',(27.8482681501517,122.683894634247,73.176932684517));
#5308=CARTESIAN_POINT('Ctrl Pts',(27.8482681501517,122.683894634247,-26.823067315483));
#5309=CARTESIAN_POINT('',(26.3824963558326,123.126847743988,68.176932684517));
#5310=CARTESIAN_POINT('Ctrl Pts',(27.8482681501517,122.683894634247,68.176932684517));
#5311=CARTESIAN_POINT('Ctrl Pts',(27.5803331142455,122.700591525146,68.176932684517));
#5312=CARTESIAN_POINT('Ctrl Pts',(27.3123980783393,122.717288416045,68.176932684517));
#5313=CARTESIAN_POINT('Ctrl Pts',(27.063032983602,122.794635295868,68.176932684517));
#5314=CARTESIAN_POINT('Ctrl Pts',(26.8248973708595,122.868499068341,68.176932684517));
#5315=CARTESIAN_POINT('Ctrl Pts',(26.603696863346,122.997673406165,68.176932684517));
#5316=CARTESIAN_POINT('Ctrl Pts',(26.3824963558326,123.126847743988,68.176932684517));
#5317=CARTESIAN_POINT('',(26.3824963558326,123.126847743988,73.176932684517));
#5318=CARTESIAN_POINT('Ctrl Pts',(26.3824963558326,123.126847743988,73.176932684517));
#5319=CARTESIAN_POINT('Ctrl Pts',(26.603696863346,122.997673406165,73.176932684517));
#5320=CARTESIAN_POINT('Ctrl Pts',(27.0565287714583,122.733233407661,73.176932684517));
#5321=CARTESIAN_POINT('Ctrl Pts',(27.5803331142455,122.700591525146,73.176932684517));
#5322=CARTESIAN_POINT('Ctrl Pts',(27.8482681501517,122.683894634247,73.176932684517));
#5323=CARTESIAN_POINT('',(26.3824963558326,123.126847743988,73.176932684517));
#5324=CARTESIAN_POINT('Ctrl Pts',(25.407999156774,124.415438175201,73.176932684517));
#5325=CARTESIAN_POINT('Ctrl Pts',(25.407999156774,124.415438175201,-26.823067315483));
#5326=CARTESIAN_POINT('Ctrl Pts',(25.5299742548249,124.154118322769,73.176932684517));
#5327=CARTESIAN_POINT('Ctrl Pts',(25.5299742548249,124.154118322769,-26.823067315483));
#5328=CARTESIAN_POINT('Ctrl Pts',(25.7632364641236,123.654376596088,73.176932684517));
#5329=CARTESIAN_POINT('Ctrl Pts',(25.7632364641236,123.654376596088,-26.823067315483));
#5330=CARTESIAN_POINT('Ctrl Pts',(26.1824795792776,123.297236012225,73.176932684517));
#5331=CARTESIAN_POINT('Ctrl Pts',(26.1824795792776,123.297236012225,-26.823067315483));
#5332=CARTESIAN_POINT('Ctrl Pts',(26.3824963558326,123.126847743988,73.176932684517));
#5333=CARTESIAN_POINT('Ctrl Pts',(26.3824963558326,123.126847743988,-26.823067315483));
#5334=CARTESIAN_POINT('',(25.407999156774,124.415438175201,68.176932684517));
#5335=CARTESIAN_POINT('Ctrl Pts',(26.3824963558326,123.126847743988,68.176932684517));
#5336=CARTESIAN_POINT('Ctrl Pts',(26.1824795792776,123.297236012225,68.176932684517));
#5337=CARTESIAN_POINT('Ctrl Pts',(25.9824628027226,123.467624280462,68.176932684517));
#5338=CARTESIAN_POINT('Ctrl Pts',(25.824778078855,123.670470714569,68.176932684517));
#5339=CARTESIAN_POINT('Ctrl Pts',(25.6519493528758,123.892798470336,68.176932684517));
#5340=CARTESIAN_POINT('Ctrl Pts',(25.5299742548249,124.154118322769,68.176932684517));
#5341=CARTESIAN_POINT('Ctrl Pts',(25.407999156774,124.415438175201,68.176932684517));
#5342=CARTESIAN_POINT('',(25.407999156774,124.415438175201,73.176932684517));
#5343=CARTESIAN_POINT('Ctrl Pts',(25.407999156774,124.415438175201,73.176932684517));
#5344=CARTESIAN_POINT('Ctrl Pts',(25.5299742548249,124.154118322769,73.176932684517));
#5345=CARTESIAN_POINT('Ctrl Pts',(25.7632364641236,123.654376596088,73.176932684517));
#5346=CARTESIAN_POINT('Ctrl Pts',(26.1824795792776,123.297236012225,73.176932684517));
#5347=CARTESIAN_POINT('Ctrl Pts',(26.3824963558326,123.126847743988,73.176932684517));
#5348=CARTESIAN_POINT('',(25.407999156774,124.415438175201,73.176932684517));
#5349=CARTESIAN_POINT('Ctrl Pts',(25.0616902101645,126.453020572662,73.176932684517));
#5350=CARTESIAN_POINT('Ctrl Pts',(25.0616902101645,126.453020572662,-26.823067315483));
#5351=CARTESIAN_POINT('Ctrl Pts',(25.0717711007793,126.081246248519,73.176932684517));
#5352=CARTESIAN_POINT('Ctrl Pts',(25.0717711007793,126.081246248519,-26.823067315483));
#5353=CARTESIAN_POINT('Ctrl Pts',(25.0906506421789,125.384985470353,73.176932684517));
#5354=CARTESIAN_POINT('Ctrl Pts',(25.0906506421789,125.384985470352,-26.823067315483));
#5355=CARTESIAN_POINT('Ctrl Pts',(25.3071168903882,124.723648625242,73.176932684517));
#5356=CARTESIAN_POINT('Ctrl Pts',(25.3071168903882,124.723648625242,-26.823067315483));
#5357=CARTESIAN_POINT('Ctrl Pts',(25.407999156774,124.415438175201,73.176932684517));
#5358=CARTESIAN_POINT('Ctrl Pts',(25.407999156774,124.415438175201,-26.823067315483));
#5359=CARTESIAN_POINT('',(25.0616902101645,126.453020572662,68.176932684517));
#5360=CARTESIAN_POINT('Ctrl Pts',(25.407999156774,124.415438175201,68.176932684517));
#5361=CARTESIAN_POINT('Ctrl Pts',(25.3071168903882,124.723648625242,68.176932684517));
#5362=CARTESIAN_POINT('Ctrl Pts',(25.2062346240023,125.031859075283,68.176932684517));
#5363=CARTESIAN_POINT('Ctrl Pts',(25.1482671487937,125.347654819489,68.176932684517));
#5364=CARTESIAN_POINT('Ctrl Pts',(25.081851991394,125.709471924375,68.176932684517));
#5365=CARTESIAN_POINT('Ctrl Pts',(25.0717711007793,126.081246248519,68.176932684517));
#5366=CARTESIAN_POINT('Ctrl Pts',(25.0616902101645,126.453020572662,68.176932684517));
#5367=CARTESIAN_POINT('',(25.0616902101645,126.453020572662,73.176932684517));
#5368=CARTESIAN_POINT('Ctrl Pts',(25.0616902101645,126.453020572662,73.176932684517));
#5369=CARTESIAN_POINT('Ctrl Pts',(25.0717711007793,126.081246248519,73.176932684517));
#5370=CARTESIAN_POINT('Ctrl Pts',(25.0906506421789,125.384985470353,73.176932684517));
#5371=CARTESIAN_POINT('Ctrl Pts',(25.3071168903882,124.723648625242,73.176932684517));
#5372=CARTESIAN_POINT('Ctrl Pts',(25.407999156774,124.415438175201,73.176932684517));
#5373=CARTESIAN_POINT('',(25.0616902101645,126.453020572662,73.176932684517));
#5374=CARTESIAN_POINT('Ctrl Pts',(25.4402142751822,128.458392620087,73.176932684517));
#5375=CARTESIAN_POINT('Ctrl Pts',(25.4402142751822,128.458392620087,-26.823067315483));
#5376=CARTESIAN_POINT('Ctrl Pts',(25.3299380003943,128.156089953182,73.176932684517));
#5377=CARTESIAN_POINT('Ctrl Pts',(25.3299380003943,128.156089953182,-26.823067315483));
#5378=CARTESIAN_POINT('Ctrl Pts',(25.0939462444392,127.509160798837,73.176932684517));
#5379=CARTESIAN_POINT('Ctrl Pts',(25.0939462444392,127.509160798837,-26.823067315483));
#5380=CARTESIAN_POINT('Ctrl Pts',(25.0729011632592,126.82009417,73.176932684517));
#5381=CARTESIAN_POINT('Ctrl Pts',(25.0729011632592,126.82009417,-26.823067315483));
#5382=CARTESIAN_POINT('Ctrl Pts',(25.0616902101645,126.453020572662,73.176932684517));
#5383=CARTESIAN_POINT('Ctrl Pts',(25.0616902101645,126.453020572662,-26.823067315483));
#5384=CARTESIAN_POINT('',(25.4402142751822,128.458392620087,68.176932684517));
#5385=CARTESIAN_POINT('Ctrl Pts',(25.0616902101645,126.453020572662,68.176932684517));
#5386=CARTESIAN_POINT('Ctrl Pts',(25.0729011632592,126.82009417,68.176932684517));
#5387=CARTESIAN_POINT('Ctrl Pts',(25.0841121163539,127.187167767338,68.176932684517));
#5388=CARTESIAN_POINT('Ctrl Pts',(25.1563209283957,127.542283535004,68.176932684517));
#5389=CARTESIAN_POINT('Ctrl Pts',(25.2196617256063,127.853787286277,68.176932684517));
#5390=CARTESIAN_POINT('Ctrl Pts',(25.3299380003943,128.156089953182,68.176932684517));
#5391=CARTESIAN_POINT('Ctrl Pts',(25.4402142751822,128.458392620087,68.176932684517));
#5392=CARTESIAN_POINT('',(25.4402142751822,128.458392620087,73.176932684517));
#5393=CARTESIAN_POINT('Ctrl Pts',(25.4402142751822,128.458392620087,73.176932684517));
#5394=CARTESIAN_POINT('Ctrl Pts',(25.3299380003943,128.156089953182,73.176932684517));
#5395=CARTESIAN_POINT('Ctrl Pts',(25.0939462444392,127.509160798837,73.176932684517));
#5396=CARTESIAN_POINT('Ctrl Pts',(25.0729011632592,126.82009417,73.176932684517));
#5397=CARTESIAN_POINT('Ctrl Pts',(25.0616902101645,126.453020572662,73.176932684517));
#5398=CARTESIAN_POINT('',(25.4402142751822,128.458392620087,73.176932684517));
#5399=CARTESIAN_POINT('Ctrl Pts',(26.4630329597602,129.730875492096,73.176932684517));
#5400=CARTESIAN_POINT('Ctrl Pts',(26.4630329597602,129.730875492096,-26.823067315483));
#5401=CARTESIAN_POINT('Ctrl Pts',(26.2570195364194,129.561900589412,73.176932684517));
#5402=CARTESIAN_POINT('Ctrl Pts',(26.2570195364194,129.561900589412,-26.823067315483));
#5403=CARTESIAN_POINT('Ctrl Pts',(25.8275948600375,129.209680856713,73.176932684517));
#5404=CARTESIAN_POINT('Ctrl Pts',(25.8275948600375,129.209680856713,-26.823067315483));
#5405=CARTESIAN_POINT('Ctrl Pts',(25.5727823186458,128.715495881067,73.176932684517));
#5406=CARTESIAN_POINT('Ctrl Pts',(25.5727823186458,128.715495881067,-26.823067315483));
#5407=CARTESIAN_POINT('Ctrl Pts',(25.4402142751822,128.458392620087,73.176932684517));
#5408=CARTESIAN_POINT('Ctrl Pts',(25.4402142751822,128.458392620087,-26.823067315483));
#5409=CARTESIAN_POINT('',(26.4630329597602,129.730875492096,68.176932684517));
#5410=CARTESIAN_POINT('Ctrl Pts',(25.4402142751822,128.458392620087,68.176932684517));
#5411=CARTESIAN_POINT('Ctrl Pts',(25.5727823186458,128.715495881067,68.176932684517));
#5412=CARTESIAN_POINT('Ctrl Pts',(25.7053503621093,128.972599142047,68.176932684517));
#5413=CARTESIAN_POINT('Ctrl Pts',(25.8851802337775,129.19127702713,68.176932684517));
#5414=CARTESIAN_POINT('Ctrl Pts',(26.0510061130786,129.392925686728,68.176932684517));
#5415=CARTESIAN_POINT('Ctrl Pts',(26.2570195364194,129.561900589412,68.176932684517));
#5416=CARTESIAN_POINT('Ctrl Pts',(26.4630329597602,129.730875492096,68.176932684517));
#5417=CARTESIAN_POINT('',(26.4630329597602,129.730875492096,73.176932684517));
#5418=CARTESIAN_POINT('Ctrl Pts',(26.4630329597602,129.730875492096,73.176932684517));
#5419=CARTESIAN_POINT('Ctrl Pts',(26.2570195364194,129.561900589412,73.176932684517));
#5420=CARTESIAN_POINT('Ctrl Pts',(25.8275948600375,129.209680856713,73.176932684517));
#5421=CARTESIAN_POINT('Ctrl Pts',(25.5727823186458,128.715495881067,73.176932684517));
#5422=CARTESIAN_POINT('Ctrl Pts',(25.4402142751822,128.458392620087,73.176932684517));
#5423=CARTESIAN_POINT('',(26.4630329597602,129.730875492096,73.176932684517));
#5424=CARTESIAN_POINT('Ctrl Pts',(27.8804826725135,130.173828601837,73.176932684517));
#5425=CARTESIAN_POINT('Ctrl Pts',(27.8804826725135,130.173828601837,-26.823067315483));
#5426=CARTESIAN_POINT('Ctrl Pts',(27.6278132039004,130.15515281402,73.176932684517));
#5427=CARTESIAN_POINT('Ctrl Pts',(27.6278132039004,130.15515281402,-26.823067315483));
#5428=CARTESIAN_POINT('Ctrl Pts',(27.1209528885682,130.117688787384,73.176932684517));
#5429=CARTESIAN_POINT('Ctrl Pts',(27.1209528885682,130.117688787384,-26.823067315483));
#5430=CARTESIAN_POINT('Ctrl Pts',(26.6827780072894,129.860071010025,73.176932684517));
#5431=CARTESIAN_POINT('Ctrl Pts',(26.6827780072894,129.860071010025,-26.823067315483));
#5432=CARTESIAN_POINT('Ctrl Pts',(26.4630329597602,129.730875492096,73.176932684517));
#5433=CARTESIAN_POINT('Ctrl Pts',(26.4630329597602,129.730875492096,-26.823067315483));
#5434=CARTESIAN_POINT('',(27.8804826725135,130.173828601837,68.176932684517));
#5435=CARTESIAN_POINT('Ctrl Pts',(26.4630329597602,129.730875492096,68.176932684517));
#5436=CARTESIAN_POINT('Ctrl Pts',(26.6827780072894,129.860071010025,68.176932684517));
#5437=CARTESIAN_POINT('Ctrl Pts',(26.9025230548185,129.989266527954,68.176932684517));
#5438=CARTESIAN_POINT('Ctrl Pts',(27.1395426977286,130.063092708588,68.176932684517));
#5439=CARTESIAN_POINT('Ctrl Pts',(27.3751437352873,130.136477026203,68.176932684517));
#5440=CARTESIAN_POINT('Ctrl Pts',(27.6278132039004,130.15515281402,68.176932684517));
#5441=CARTESIAN_POINT('Ctrl Pts',(27.8804826725135,130.173828601837,68.176932684517));
#5442=CARTESIAN_POINT('',(27.8804826725135,130.173828601837,73.176932684517));
#5443=CARTESIAN_POINT('Ctrl Pts',(27.8804826725135,130.173828601837,73.176932684517));
#5444=CARTESIAN_POINT('Ctrl Pts',(27.6278132039004,130.15515281402,73.176932684517));
#5445=CARTESIAN_POINT('Ctrl Pts',(27.1209528885682,130.117688787384,73.176932684517));
#5446=CARTESIAN_POINT('Ctrl Pts',(26.6827780072894,129.860071010025,73.176932684517));
#5447=CARTESIAN_POINT('Ctrl Pts',(26.4630329597602,129.730875492096,73.176932684517));
#5448=CARTESIAN_POINT('',(27.8804826725135,130.173828601837,73.176932684517));
#5449=CARTESIAN_POINT('Ctrl Pts',(29.0241068590293,129.916107654572,73.176932684517));
#5450=CARTESIAN_POINT('Ctrl Pts',(29.0241068590293,129.916107654572,-26.823067315483));
#5451=CARTESIAN_POINT('Ctrl Pts',(28.8480459746663,129.991249935658,73.176932684517));
#5452=CARTESIAN_POINT('Ctrl Pts',(28.8480459746663,129.991249935658,-26.823067315483));
#5453=CARTESIAN_POINT('Ctrl Pts',(28.4829140815803,130.147087181637,73.176932684517));
#5454=CARTESIAN_POINT('Ctrl Pts',(28.4829140815803,130.147087181637,-26.823067315483));
#5455=CARTESIAN_POINT('Ctrl Pts',(28.0860072445194,130.164705540093,73.176932684517));
#5456=CARTESIAN_POINT('Ctrl Pts',(28.0860072445194,130.164705540093,-26.823067315483));
#5457=CARTESIAN_POINT('Ctrl Pts',(27.8804826725135,130.173828601837,73.176932684517));
#5458=CARTESIAN_POINT('Ctrl Pts',(27.8804826725135,130.173828601837,-26.823067315483));
#5459=CARTESIAN_POINT('',(29.0241068590293,129.916107654572,68.176932684517));
#5460=CARTESIAN_POINT('Ctrl Pts',(27.8804826725135,130.173828601837,68.176932684517));
#5461=CARTESIAN_POINT('Ctrl Pts',(28.0860072445194,130.164705540093,68.176932684517));
#5462=CARTESIAN_POINT('Ctrl Pts',(28.2915318165252,130.155582478349,68.176932684517));
#5463=CARTESIAN_POINT('Ctrl Pts',(28.4885364759574,130.109398365021,68.176932684517));
#5464=CARTESIAN_POINT('Ctrl Pts',(28.6719850903034,130.066392216744,68.176932684517));
#5465=CARTESIAN_POINT('Ctrl Pts',(28.8480459746663,129.991249935658,68.176932684517));
#5466=CARTESIAN_POINT('Ctrl Pts',(29.0241068590293,129.916107654572,68.176932684517));
#5467=CARTESIAN_POINT('',(29.0241068590293,129.916107654572,73.176932684517));
#5468=CARTESIAN_POINT('Ctrl Pts',(29.0241068590293,129.916107654572,73.176932684517));
#5469=CARTESIAN_POINT('Ctrl Pts',(28.8480459746663,129.991249935658,73.176932684517));
#5470=CARTESIAN_POINT('Ctrl Pts',(28.4829140815803,130.147087181637,73.176932684517));
#5471=CARTESIAN_POINT('Ctrl Pts',(28.0860072445194,130.164705540093,73.176932684517));
#5472=CARTESIAN_POINT('Ctrl Pts',(27.8804826725135,130.173828601837,73.176932684517));
#5473=CARTESIAN_POINT('',(29.0241068590293,129.916107654572,73.176932684517));
#5474=CARTESIAN_POINT('Ctrl Pts',(29.9744421232352,129.239599704742,73.176932684517));
#5475=CARTESIAN_POINT('Ctrl Pts',(29.9744421232352,129.239599704742,-26.823067315483));
#5476=CARTESIAN_POINT('Ctrl Pts',(29.8241002977939,129.371440996974,73.176932684517));
#5477=CARTESIAN_POINT('Ctrl Pts',(29.8241002977939,129.371440996974,-26.823067315483));
#5478=CARTESIAN_POINT('Ctrl Pts',(29.5301936811873,129.629180505025,73.176932684517));
#5479=CARTESIAN_POINT('Ctrl Pts',(29.5301936811873,129.629180505025,-26.823067315483));
#5480=CARTESIAN_POINT('Ctrl Pts',(29.1901891392511,129.821946903554,73.176932684517));
#5481=CARTESIAN_POINT('Ctrl Pts',(29.1901891392511,129.821946903554,-26.823067315483));
#5482=CARTESIAN_POINT('Ctrl Pts',(29.0241068590293,129.916107654572,73.176932684517));
#5483=CARTESIAN_POINT('Ctrl Pts',(29.0241068590293,129.916107654572,-26.823067315483));
#5484=CARTESIAN_POINT('Ctrl Pts',(29.0241068590293,129.916107654572,68.176932684517));
#5485=CARTESIAN_POINT('Ctrl Pts',(29.1901891392511,129.821946903554,68.176932684517));
#5486=CARTESIAN_POINT('Ctrl Pts',(29.356271419473,129.727786152537,68.176932684517));
#5487=CARTESIAN_POINT('Ctrl Pts',(29.5113545644889,129.618122577667,68.176932684517));
#5488=CARTESIAN_POINT('Ctrl Pts',(29.6737584723526,129.503282289205,68.176932684517));
#5489=CARTESIAN_POINT('Ctrl Pts',(29.8241002977939,129.371440996974,68.176932684517));
#5490=CARTESIAN_POINT('Ctrl Pts',(29.9744421232352,129.239599704742,68.176932684517));
#5491=CARTESIAN_POINT('Ctrl Pts',(29.9744421232352,129.239599704742,73.176932684517));
#5492=CARTESIAN_POINT('Ctrl Pts',(29.8241002977939,129.371440996974,73.176932684517));
#5493=CARTESIAN_POINT('Ctrl Pts',(29.5301936811873,129.629180505025,73.176932684517));
#5494=CARTESIAN_POINT('Ctrl Pts',(29.1901891392511,129.821946903554,73.176932684517));
#5495=CARTESIAN_POINT('Ctrl Pts',(29.0241068590293,129.916107654572,73.176932684517));
#5496=CARTESIAN_POINT('Origin',(22.3314893234382,85.7818734645843,73.176932684517));
#5497=CARTESIAN_POINT('',(26.7288047063956,85.7818734645843,68.176932684517));
#5498=CARTESIAN_POINT('',(22.3314893234382,85.7818734645843,68.176932684517));
#5499=CARTESIAN_POINT('',(24.9157446617191,85.7818734645843,68.176932684517));
#5500=CARTESIAN_POINT('',(26.7288047063956,85.7818734645843,73.176932684517));
#5501=CARTESIAN_POINT('',(26.7288047063956,85.7818734645843,73.176932684517));
#5502=CARTESIAN_POINT('',(22.3314893234382,85.7818734645843,73.176932684517));
#5503=CARTESIAN_POINT('',(24.9157446617191,85.7818734645843,73.176932684517));
#5504=CARTESIAN_POINT('',(22.3314893234382,85.7818734645843,73.176932684517));
#5505=CARTESIAN_POINT('Origin',(22.3314893234382,73.7818729877472,73.176932684517));
#5506=CARTESIAN_POINT('',(22.3314893234382,73.7818729877472,68.176932684517));
#5507=CARTESIAN_POINT('',(22.3314893234382,47.8024701516151,68.176932684517));
#5508=CARTESIAN_POINT('',(22.3314893234382,73.7818729877472,73.176932684517));
#5509=CARTESIAN_POINT('',(22.3314893234382,47.8024701516151,73.176932684517));
#5510=CARTESIAN_POINT('',(22.3314893234382,73.7818729877472,73.176932684517));
#5511=CARTESIAN_POINT('Origin',(25.2147108305106,73.7818729877472,73.176932684517));
#5512=CARTESIAN_POINT('',(25.2147108305106,73.7818729877472,68.176932684517));
#5513=CARTESIAN_POINT('',(26.3573554152553,73.7818729877472,68.176932684517));
#5514=CARTESIAN_POINT('',(25.2147108305106,73.7818729877472,73.176932684517));
#5515=CARTESIAN_POINT('',(26.3573554152553,73.7818729877472,73.176932684517));
#5516=CARTESIAN_POINT('',(25.2147108305106,73.7818729877472,73.176932684517));
#5517=CARTESIAN_POINT('Origin',(25.2147108305106,78.0020073056221,73.176932684517));
#5518=CARTESIAN_POINT('',(25.2147108305106,78.0020073056221,68.176932684517));
#5519=CARTESIAN_POINT('',(25.2147108305106,49.9125373105525,68.176932684517));
#5520=CARTESIAN_POINT('',(25.2147108305106,78.0020073056221,73.176932684517));
#5521=CARTESIAN_POINT('',(25.2147108305106,49.9125373105525,73.176932684517));
#5522=CARTESIAN_POINT('',(25.2147108305106,78.0020073056221,73.176932684517));
#5523=CARTESIAN_POINT('Origin',(26.6006781103775,78.0020073056221,73.176932684517));
#5524=CARTESIAN_POINT('',(26.6006781103775,78.0020073056221,68.176932684517));
#5525=CARTESIAN_POINT('',(27.0503390551887,78.0020073056221,68.176932684517));
#5526=CARTESIAN_POINT('',(26.6006781103775,78.0020073056221,73.176932684517));
#5527=CARTESIAN_POINT('',(27.0503390551887,78.0020073056221,73.176932684517));
#5528=CARTESIAN_POINT('',(26.6006781103775,78.0020073056221,73.176932684517));
#5529=CARTESIAN_POINT('Origin',(28.8066571939597,73.7818729877472,73.176932684517));
#5530=CARTESIAN_POINT('',(28.8066571939597,73.7818729877472,68.176932684517));
#5531=CARTESIAN_POINT('',(39.3322326125499,53.6459875797853,68.176932684517));
#5532=CARTESIAN_POINT('',(28.8066571939597,73.7818729877472,73.176932684517));
#5533=CARTESIAN_POINT('',(39.3322326125499,53.6459875797853,73.176932684517));
#5534=CARTESIAN_POINT('',(28.8066571939597,73.7818729877472,73.176932684517));
#5535=CARTESIAN_POINT('Origin',(32.0281332719932,73.7818729877472,73.176932684517));
#5536=CARTESIAN_POINT('',(32.0281332719932,73.7818729877472,68.176932684517));
#5537=CARTESIAN_POINT('',(29.7640666359966,73.7818729877472,68.176932684517));
#5538=CARTESIAN_POINT('',(32.0281332719932,73.7818729877472,73.176932684517));
#5539=CARTESIAN_POINT('',(29.7640666359966,73.7818729877472,73.176932684517));
#5540=CARTESIAN_POINT('',(32.0281332719932,73.7818729877472,73.176932684517));
#5541=CARTESIAN_POINT('Origin',(29.3435177735896,78.5358806343265,73.176932684517));
#5542=CARTESIAN_POINT('',(29.3435177735896,78.5358806343265,68.176932684517));
#5543=CARTESIAN_POINT('',(41.2619136588746,57.430383326687,68.176932684517));
#5544=CARTESIAN_POINT('',(29.3435177735896,78.5358806343265,73.176932684517));
#5545=CARTESIAN_POINT('',(41.2619136588746,57.430383326687,73.176932684517));
#5546=CARTESIAN_POINT('',(29.3435177735896,78.5358806343265,73.176932684517));
#5547=CARTESIAN_POINT('Ctrl Pts',(30.77981173879,79.7093898057937,73.176932684517));
#5548=CARTESIAN_POINT('Ctrl Pts',(30.77981173879,79.7093898057937,-26.823067315483));
#5549=CARTESIAN_POINT('Ctrl Pts',(30.5479172459832,79.4331097342061,73.176932684517));
#5550=CARTESIAN_POINT('Ctrl Pts',(30.5479172459832,79.4331097342061,-26.823067315483));
#5551=CARTESIAN_POINT('Ctrl Pts',(30.1409247956589,78.9482172214508,73.176932684517));
#5552=CARTESIAN_POINT('Ctrl Pts',(30.1409247956589,78.9482172214508,-26.823067315483));
#5553=CARTESIAN_POINT('Ctrl Pts',(29.5883289765902,78.6534589514111,73.176932684517));
#5554=CARTESIAN_POINT('Ctrl Pts',(29.5883289765902,78.6534589514111,-26.823067315483));
#5555=CARTESIAN_POINT('Ctrl Pts',(29.3435177735896,78.5358806343265,73.176932684517));
#5556=CARTESIAN_POINT('Ctrl Pts',(29.3435177735896,78.5358806343265,-26.823067315483));
#5557=CARTESIAN_POINT('',(30.77981173879,79.7093898057937,68.176932684517));
#5558=CARTESIAN_POINT('Ctrl Pts',(29.3435177735896,78.5358806343265,68.176932684517));
#5559=CARTESIAN_POINT('Ctrl Pts',(29.5883289765902,78.6534589514111,68.176932684517));
#5560=CARTESIAN_POINT('Ctrl Pts',(29.8260690112629,78.7802710605896,68.176932684517));
#5561=CARTESIAN_POINT('Ctrl Pts',(30.0368589151511,78.9422756433487,68.176932684517));
#5562=CARTESIAN_POINT('Ctrl Pts',(30.3160227531764,79.1568296626185,68.176932684517));
#5563=CARTESIAN_POINT('Ctrl Pts',(30.5479172459832,79.4331097342061,68.176932684517));
#5564=CARTESIAN_POINT('Ctrl Pts',(30.77981173879,79.7093898057937,68.176932684517));
#5565=CARTESIAN_POINT('',(30.77981173879,79.7093898057937,73.176932684517));
#5566=CARTESIAN_POINT('Ctrl Pts',(30.77981173879,79.7093898057937,73.176932684517));
#5567=CARTESIAN_POINT('Ctrl Pts',(30.5479172459832,79.4331097342061,73.176932684517));
#5568=CARTESIAN_POINT('Ctrl Pts',(30.1409247956589,78.9482172214508,73.176932684517));
#5569=CARTESIAN_POINT('Ctrl Pts',(29.5883289765902,78.6534589514111,73.176932684517));
#5570=CARTESIAN_POINT('Ctrl Pts',(29.3435177735896,78.5358806343265,73.176932684517));
#5571=CARTESIAN_POINT('',(30.77981173879,79.7093898057937,73.176932684517));
#5572=CARTESIAN_POINT('Ctrl Pts',(31.4160531747947,81.9966387748718,73.176932684517));
#5573=CARTESIAN_POINT('Ctrl Pts',(31.4160531747947,81.9966387748718,-26.823067315483));
#5574=CARTESIAN_POINT('Ctrl Pts',(31.397411425784,81.5625190433564,73.176932684517));
#5575=CARTESIAN_POINT('Ctrl Pts',(31.397411425784,81.5625190433563,-26.823067315483));
#5576=CARTESIAN_POINT('Ctrl Pts',(31.3624687200268,80.7487907803546,73.176932684517));
#5577=CARTESIAN_POINT('Ctrl Pts',(31.3624687200268,80.7487907803546,-26.823067315483));
#5578=CARTESIAN_POINT('Ctrl Pts',(30.9651588780295,80.040030308459,73.176932684517));
#5579=CARTESIAN_POINT('Ctrl Pts',(30.9651588780295,80.040030308459,-26.823067315483));
#5580=CARTESIAN_POINT('Ctrl Pts',(30.77981173879,79.7093898057937,73.176932684517));
#5581=CARTESIAN_POINT('Ctrl Pts',(30.77981173879,79.7093898057937,-26.823067315483));
#5582=CARTESIAN_POINT('',(31.4160531747947,81.9966387748718,68.176932684517));
#5583=CARTESIAN_POINT('Ctrl Pts',(30.77981173879,79.7093898057937,68.176932684517));
#5584=CARTESIAN_POINT('Ctrl Pts',(30.9651588780295,80.040030308459,68.176932684517));
#5585=CARTESIAN_POINT('Ctrl Pts',(31.1505060172689,80.3706708111243,68.176932684517));
#5586=CARTESIAN_POINT('Ctrl Pts',(31.2569922197471,80.7241551578045,68.176932684517));
#5587=CARTESIAN_POINT('Ctrl Pts',(31.3787696767734,81.1283993118409,68.176932684517));
#5588=CARTESIAN_POINT('Ctrl Pts',(31.397411425784,81.5625190433564,68.176932684517));
#5589=CARTESIAN_POINT('Ctrl Pts',(31.4160531747947,81.9966387748718,68.176932684517));
#5590=CARTESIAN_POINT('',(31.4160531747947,81.9966387748718,73.176932684517));
#5591=CARTESIAN_POINT('Ctrl Pts',(31.4160531747947,81.9966387748718,73.176932684517));
#5592=CARTESIAN_POINT('Ctrl Pts',(31.397411425784,81.5625190433564,73.176932684517));
#5593=CARTESIAN_POINT('Ctrl Pts',(31.3624687200268,80.7487907803546,73.176932684517));
#5594=CARTESIAN_POINT('Ctrl Pts',(30.9651588780295,80.040030308459,73.176932684517));
#5595=CARTESIAN_POINT('Ctrl Pts',(30.77981173879,79.7093898057937,73.176932684517));
#5596=CARTESIAN_POINT('',(31.4160531747947,81.9966387748718,73.176932684517));
#5597=CARTESIAN_POINT('Ctrl Pts',(30.77981173879,84.2758333683014,73.176932684517));
#5598=CARTESIAN_POINT('Ctrl Pts',(30.77981173879,84.2758333683014,-26.823067315483));
#5599=CARTESIAN_POINT('Ctrl Pts',(30.9650078233153,83.9553529156414,73.176932684517));
#5600=CARTESIAN_POINT('Ctrl Pts',(30.9650078233153,83.9553529156414,-26.823067315483));
#5601=CARTESIAN_POINT('Ctrl Pts',(31.3709899299213,83.2528038869703,73.176932684517));
#5602=CARTESIAN_POINT('Ctrl Pts',(31.3709899299213,83.2528038869703,-26.823067315483));
#5603=CARTESIAN_POINT('Ctrl Pts',(31.4001791471882,82.4391368622553,73.176932684517));
#5604=CARTESIAN_POINT('Ctrl Pts',(31.4001791471882,82.4391368622553,-26.823067315483));
#5605=CARTESIAN_POINT('Ctrl Pts',(31.4160531747947,81.9966387748718,73.176932684517));
#5606=CARTESIAN_POINT('Ctrl Pts',(31.4160531747947,81.9966387748718,-26.823067315483));
#5607=CARTESIAN_POINT('',(30.77981173879,84.2758333683014,68.176932684517));
#5608=CARTESIAN_POINT('Ctrl Pts',(31.4160531747947,81.9966387748718,68.176932684517));
#5609=CARTESIAN_POINT('Ctrl Pts',(31.4001791471882,82.4391368622553,68.176932684517));
#5610=CARTESIAN_POINT('Ctrl Pts',(31.3843051195817,82.8816349496388,68.176932684517));
#5611=CARTESIAN_POINT('Ctrl Pts',(31.25699341184,83.2912695407867,68.176932684517));
#5612=CARTESIAN_POINT('Ctrl Pts',(31.1502039078406,83.6348724629815,68.176932684517));
#5613=CARTESIAN_POINT('Ctrl Pts',(30.9650078233153,83.9553529156414,68.176932684517));
#5614=CARTESIAN_POINT('Ctrl Pts',(30.77981173879,84.2758333683014,68.176932684517));
#5615=CARTESIAN_POINT('',(30.77981173879,84.2758333683014,73.176932684517));
#5616=CARTESIAN_POINT('Ctrl Pts',(30.77981173879,84.2758333683014,73.176932684517));
#5617=CARTESIAN_POINT('Ctrl Pts',(30.9650078233153,83.9553529156414,73.176932684517));
#5618=CARTESIAN_POINT('Ctrl Pts',(31.3709899299213,83.2528038869703,73.176932684517));
#5619=CARTESIAN_POINT('Ctrl Pts',(31.4001791471882,82.4391368622553,73.176932684517));
#5620=CARTESIAN_POINT('Ctrl Pts',(31.4160531747947,81.9966387748718,73.176932684517));
#5621=CARTESIAN_POINT('',(30.77981173879,84.2758333683014,73.176932684517));
#5622=CARTESIAN_POINT('Ctrl Pts',(29.0804821241508,85.4436182975769,73.176932684517));
#5623=CARTESIAN_POINT('Ctrl Pts',(29.0804821241508,85.4436182975769,-26.823067315483));
#5624=CARTESIAN_POINT('Ctrl Pts',(29.4151374812132,85.3128760834818,73.176932684517));
#5625=CARTESIAN_POINT('Ctrl Pts',(29.4151374812132,85.3128760834818,-26.823067315483));
#5626=CARTESIAN_POINT('Ctrl Pts',(30.0729966798518,85.0558655011686,73.176932684517));
#5627=CARTESIAN_POINT('Ctrl Pts',(30.0729966798518,85.0558655011685,-26.823067315483));
#5628=CARTESIAN_POINT('Ctrl Pts',(30.5469568324603,84.5328090890872,73.176932684517));
#5629=CARTESIAN_POINT('Ctrl Pts',(30.5469568324603,84.5328090890872,-26.823067315483));
#5630=CARTESIAN_POINT('Ctrl Pts',(30.77981173879,84.2758333683014,73.176932684517));
#5631=CARTESIAN_POINT('Ctrl Pts',(30.77981173879,84.2758333683014,-26.823067315483));
#5632=CARTESIAN_POINT('',(29.0804821241508,85.4436182975769,68.176932684517));
#5633=CARTESIAN_POINT('Ctrl Pts',(30.77981173879,84.2758333683014,68.176932684517));
#5634=CARTESIAN_POINT('Ctrl Pts',(30.5469568324603,84.5328090890872,68.176932684517));
#5635=CARTESIAN_POINT('Ctrl Pts',(30.3141019261306,84.7897848098731,68.176932684517));
#5636=CARTESIAN_POINT('Ctrl Pts',(30.0368589151511,84.9825444817543,68.176932684517));
#5637=CARTESIAN_POINT('Ctrl Pts',(29.7497928382756,85.1821338693867,68.176932684517));
#5638=CARTESIAN_POINT('Ctrl Pts',(29.4151374812132,85.3128760834818,68.176932684517));
#5639=CARTESIAN_POINT('Ctrl Pts',(29.0804821241508,85.4436182975769,68.176932684517));
#5640=CARTESIAN_POINT('',(29.0804821241508,85.4436182975769,73.176932684517));
#5641=CARTESIAN_POINT('Ctrl Pts',(29.0804821241508,85.4436182975769,73.176932684517));
#5642=CARTESIAN_POINT('Ctrl Pts',(29.4151374812132,85.3128760834818,73.176932684517));
#5643=CARTESIAN_POINT('Ctrl Pts',(30.0729966798518,85.0558655011686,73.176932684517));
#5644=CARTESIAN_POINT('Ctrl Pts',(30.5469568324603,84.5328090890872,73.176932684517));
#5645=CARTESIAN_POINT('Ctrl Pts',(30.77981173879,84.2758333683014,73.176932684517));
#5646=CARTESIAN_POINT('',(29.0804821241508,85.4436182975769,73.176932684517));
#5647=CARTESIAN_POINT('Ctrl Pts',(26.7288047063956,85.7818734645843,73.176932684517));
#5648=CARTESIAN_POINT('Ctrl Pts',(26.7288047063956,85.7818734645843,-26.823067315483));
#5649=CARTESIAN_POINT('Ctrl Pts',(27.1419312529074,85.7699617330705,73.176932684517));
#5650=CARTESIAN_POINT('Ctrl Pts',(27.1419312529074,85.7699617330705,-26.823067315483));
#5651=CARTESIAN_POINT('Ctrl Pts',(27.938995388704,85.7469798790476,73.176932684517));
#5652=CARTESIAN_POINT('Ctrl Pts',(27.938995388704,85.7469798790476,-26.823067315483));
#5653=CARTESIAN_POINT('Ctrl Pts',(28.7093906548493,85.5422395881287,73.176932684517));
#5654=CARTESIAN_POINT('Ctrl Pts',(28.7093906548493,85.5422395881287,-26.823067315483));
#5655=CARTESIAN_POINT('Ctrl Pts',(29.0804821241508,85.4436182975769,73.176932684517));
#5656=CARTESIAN_POINT('Ctrl Pts',(29.0804821241508,85.4436182975769,-26.823067315483));
#5657=CARTESIAN_POINT('Ctrl Pts',(29.0804821241508,85.4436182975769,68.176932684517));
#5658=CARTESIAN_POINT('Ctrl Pts',(28.7093906548493,85.5422395881287,68.176932684517));
#5659=CARTESIAN_POINT('Ctrl Pts',(28.3382991855478,85.6408608786806,68.176932684517));
#5660=CARTESIAN_POINT('Ctrl Pts',(27.9610198724875,85.6973096728325,68.176932684517));
#5661=CARTESIAN_POINT('Ctrl Pts',(27.5550577994192,85.7580500015567,68.176932684517));
#5662=CARTESIAN_POINT('Ctrl Pts',(27.1419312529074,85.7699617330705,68.176932684517));
#5663=CARTESIAN_POINT('Ctrl Pts',(26.7288047063956,85.7818734645843,68.176932684517));
#5664=CARTESIAN_POINT('Ctrl Pts',(26.7288047063956,85.7818734645843,73.176932684517));
#5665=CARTESIAN_POINT('Ctrl Pts',(27.1419312529074,85.7699617330705,73.176932684517));
#5666=CARTESIAN_POINT('Ctrl Pts',(27.938995388704,85.7469798790476,73.176932684517));
#5667=CARTESIAN_POINT('Ctrl Pts',(28.7093906548493,85.5422395881287,73.176932684517));
#5668=CARTESIAN_POINT('Ctrl Pts',(29.0804821241508,85.4436182975769,73.176932684517));
#5669=CARTESIAN_POINT('Origin',(32.0925623167167,97.1053659915924,73.176932684517));
#5670=CARTESIAN_POINT('',(29.0643745649466,97.1053659915924,68.176932684517));
#5671=CARTESIAN_POINT('',(32.0925623167167,97.1053659915924,68.176932684517));
#5672=CARTESIAN_POINT('',(29.7962811583583,97.1053659915924,68.176932684517));
#5673=CARTESIAN_POINT('',(29.0643745649466,97.1053659915924,73.176932684517));
#5674=CARTESIAN_POINT('',(29.0643745649466,97.1053659915924,73.176932684517));
#5675=CARTESIAN_POINT('',(32.0925623167167,97.1053659915924,73.176932684517));
#5676=CARTESIAN_POINT('',(29.7962811583583,97.1053659915924,73.176932684517));
#5677=CARTESIAN_POINT('',(32.0925623167167,97.1053659915924,73.176932684517));
#5678=CARTESIAN_POINT('Origin',(28.3717578638205,109.105365276337,73.176932684517));
#5679=CARTESIAN_POINT('',(28.3717578638205,109.105365276337,68.176932684517));
#5680=CARTESIAN_POINT('',(40.6783583611408,69.4152393815106,68.176932684517));
#5681=CARTESIAN_POINT('',(28.3717578638205,109.105365276337,73.176932684517));
#5682=CARTESIAN_POINT('',(40.6783583611408,69.4152393815106,73.176932684517));
#5683=CARTESIAN_POINT('',(28.3717578638205,109.105365276337,73.176932684517));
#5684=CARTESIAN_POINT('Origin',(24.9247783411155,109.105365276337,73.176932684517));
#5685=CARTESIAN_POINT('',(24.9247783411155,109.105365276337,68.176932684517));
#5686=CARTESIAN_POINT('',(26.2123891705577,109.105365276337,68.176932684517));
#5687=CARTESIAN_POINT('',(24.9247783411155,109.105365276337,73.176932684517));
#5688=CARTESIAN_POINT('',(26.2123891705577,109.105365276337,73.176932684517));
#5689=CARTESIAN_POINT('',(24.9247783411155,109.105365276337,73.176932684517));
#5690=CARTESIAN_POINT('Origin',(21.2039722490916,97.1053659915924,73.176932684517));
#5691=CARTESIAN_POINT('',(21.2039722490916,97.1053659915924,68.176932684517));
#5692=CARTESIAN_POINT('',(10.8324750330733,63.6561735059257,68.176932684517));
#5693=CARTESIAN_POINT('',(21.2039722490916,97.1053659915924,73.176932684517));
#5694=CARTESIAN_POINT('',(10.8324750330733,63.6561735059257,73.176932684517));
#5695=CARTESIAN_POINT('',(21.2039722490916,97.1053659915924,73.176932684517));
#5696=CARTESIAN_POINT('Origin',(24.1355162847648,97.1053659915924,73.176932684517));
#5697=CARTESIAN_POINT('',(24.1355162847648,97.1053659915924,68.176932684517));
#5698=CARTESIAN_POINT('',(25.8177581423824,97.1053659915924,68.176932684517));
#5699=CARTESIAN_POINT('',(24.1355162847648,97.1053659915924,73.176932684517));
#5700=CARTESIAN_POINT('',(25.8177581423824,97.1053659915924,73.176932684517));
#5701=CARTESIAN_POINT('',(24.1355162847648,97.1053659915924,73.176932684517));
#5702=CARTESIAN_POINT('Origin',(29.7167235601554,27.1348977088928,73.176932684517));
#5703=CARTESIAN_POINT('',(29.7167235601554,31.2422823905945,68.176932684517));
#5704=CARTESIAN_POINT('',(29.7167235601554,27.1348977088928,68.176932684517));
#5705=CARTESIAN_POINT('',(29.7167235601554,24.4789825121879,68.176932684517));
#5706=CARTESIAN_POINT('',(29.7167235601554,31.2422823905945,73.176932684517));
#5707=CARTESIAN_POINT('',(29.7167235601554,31.2422823905945,73.176932684517));
#5708=CARTESIAN_POINT('',(29.7167235601554,27.1348977088928,73.176932684517));
#5709=CARTESIAN_POINT('',(29.7167235601554,24.4789825121879,73.176932684517));
#5710=CARTESIAN_POINT('',(29.7167235601554,27.1348977088928,73.176932684517));
#5711=CARTESIAN_POINT('Origin',(32.3422271001945,27.1348977088928,73.176932684517));
#5712=CARTESIAN_POINT('',(32.3422271001945,27.1348977088928,68.176932684517));
#5713=CARTESIAN_POINT('',(29.9211135500972,27.1348977088928,68.176932684517));
#5714=CARTESIAN_POINT('',(32.3422271001945,27.1348977088928,73.176932684517));
#5715=CARTESIAN_POINT('',(29.9211135500972,27.1348977088928,73.176932684517));
#5716=CARTESIAN_POINT('',(32.3422271001945,27.1348977088928,73.176932684517));
#5717=CARTESIAN_POINT('Origin',(32.3422271001945,39.1349005699158,73.176932684517));
#5718=CARTESIAN_POINT('',(32.3422271001945,39.1349005699158,68.176932684517));
#5719=CARTESIAN_POINT('',(32.3422271001945,30.4789839426994,68.176932684517));
#5720=CARTESIAN_POINT('',(32.3422271001945,39.1349005699158,73.176932684517));
#5721=CARTESIAN_POINT('',(32.3422271001945,30.4789839426994,73.176932684517));
#5722=CARTESIAN_POINT('',(32.3422271001945,39.1349005699158,73.176932684517));
#5723=CARTESIAN_POINT('Origin',(29.2173963773856,39.1349005699158,73.176932684517));
#5724=CARTESIAN_POINT('',(29.2173963773856,39.1349005699158,68.176932684517));
#5725=CARTESIAN_POINT('',(28.3586981886928,39.1349005699158,68.176932684517));
#5726=CARTESIAN_POINT('',(29.2173963773856,39.1349005699158,73.176932684517));
#5727=CARTESIAN_POINT('',(28.3586981886928,39.1349005699158,73.176932684517));
#5728=CARTESIAN_POINT('',(29.2173963773856,39.1349005699158,73.176932684517));
#5729=CARTESIAN_POINT('Origin',(27.3811542976508,33.9483189582825,73.176932684517));
#5730=CARTESIAN_POINT('',(27.3811542976508,33.9483189582825,68.176932684517));
#5731=CARTESIAN_POINT('',(25.4804471796803,28.5796517787405,68.176932684517));
#5732=CARTESIAN_POINT('',(27.3811542976508,33.9483189582825,73.176932684517));
#5733=CARTESIAN_POINT('',(25.4804471796803,28.5796517787405,73.176932684517));
#5734=CARTESIAN_POINT('',(27.3811542976508,33.9483189582825,73.176932684517));
#5735=CARTESIAN_POINT('Ctrl Pts',(27.0590066898475,32.8771805763244,73.176932684517));
#5736=CARTESIAN_POINT('Ctrl Pts',(27.0590066898475,32.8771805763244,-26.823067315483));
#5737=CARTESIAN_POINT('Ctrl Pts',(27.1122190298415,33.0592030696088,73.176932684517));
#5738=CARTESIAN_POINT('Ctrl Pts',(27.1122190298415,33.0592030696088,-26.823067315483));
#5739=CARTESIAN_POINT('Ctrl Pts',(27.2168405039842,33.4170798624108,73.176932684517));
#5740=CARTESIAN_POINT('Ctrl Pts',(27.2168405039842,33.4170798624108,-26.823067315483));
#5741=CARTESIAN_POINT('Ctrl Pts',(27.3270160105955,33.7732857244589,73.176932684517));
#5742=CARTESIAN_POINT('Ctrl Pts',(27.3270160105955,33.7732857244589,-26.823067315483));
#5743=CARTESIAN_POINT('Ctrl Pts',(27.3811542976508,33.9483189582825,73.176932684517));
#5744=CARTESIAN_POINT('Ctrl Pts',(27.3811542976508,33.9483189582824,-26.823067315483));
#5745=CARTESIAN_POINT('',(27.0590066898475,32.8771805763244,68.176932684517));
#5746=CARTESIAN_POINT('Ctrl Pts',(27.3811542976508,33.9483189582825,68.176932684517));
#5747=CARTESIAN_POINT('Ctrl Pts',(27.3270160105955,33.7732857244589,68.176932684517));
#5748=CARTESIAN_POINT('Ctrl Pts',(27.2728777235403,33.5982524906353,68.176932684517));
#5749=CARTESIAN_POINT('Ctrl Pts',(27.2200804937492,33.4228157997131,68.176932684517));
#5750=CARTESIAN_POINT('Ctrl Pts',(27.1654313698355,33.2412255628932,68.176932684517));
#5751=CARTESIAN_POINT('Ctrl Pts',(27.1122190298415,33.0592030696088,68.176932684517));
#5752=CARTESIAN_POINT('Ctrl Pts',(27.0590066898475,32.8771805763244,68.176932684517));
#5753=CARTESIAN_POINT('',(27.0590066898475,32.8771805763244,73.176932684517));
#5754=CARTESIAN_POINT('Ctrl Pts',(27.0590066898475,32.8771805763244,73.176932684517));
#5755=CARTESIAN_POINT('Ctrl Pts',(27.1122190298415,33.0592030696088,73.176932684517));
#5756=CARTESIAN_POINT('Ctrl Pts',(27.2168405039842,33.4170798624108,73.176932684517));
#5757=CARTESIAN_POINT('Ctrl Pts',(27.3270160105955,33.7732857244589,73.176932684517));
#5758=CARTESIAN_POINT('Ctrl Pts',(27.3811542976508,33.9483189582825,73.176932684517));
#5759=CARTESIAN_POINT('',(27.0590066898475,32.8771805763244,73.176932684517));
#5760=CARTESIAN_POINT('Ctrl Pts',(26.72075152284,31.7738223075867,73.176932684517));
#5761=CARTESIAN_POINT('Ctrl Pts',(26.72075152284,31.7738223075866,-26.823067315483));
#5762=CARTESIAN_POINT('Ctrl Pts',(26.7791754355946,31.956827436607,73.176932684517));
#5763=CARTESIAN_POINT('Ctrl Pts',(26.7791754355946,31.956827436607,-26.823067315483));
#5764=CARTESIAN_POINT('Ctrl Pts',(26.8961744846628,32.3233113823146,73.176932684517));
#5765=CARTESIAN_POINT('Ctrl Pts',(26.8961744846628,32.3233113823145,-26.823067315483));
#5766=CARTESIAN_POINT('Ctrl Pts',(27.0046825385254,32.6923984942178,73.176932684517));
#5767=CARTESIAN_POINT('Ctrl Pts',(27.0046825385254,32.6923984942177,-26.823067315483));
#5768=CARTESIAN_POINT('Ctrl Pts',(27.0590066898475,32.8771805763244,73.176932684517));
#5769=CARTESIAN_POINT('Ctrl Pts',(27.0590066898475,32.8771805763244,-26.823067315483));
#5770=CARTESIAN_POINT('',(26.72075152284,31.7738223075867,68.176932684517));
#5771=CARTESIAN_POINT('Ctrl Pts',(27.0590066898475,32.8771805763244,68.176932684517));
#5772=CARTESIAN_POINT('Ctrl Pts',(27.0046825385254,32.6923984942178,68.176932684517));
#5773=CARTESIAN_POINT('Ctrl Pts',(26.9503583872033,32.5076164121111,68.176932684517));
#5774=CARTESIAN_POINT('Ctrl Pts',(26.8939059961448,32.3234868049621,68.176932684517));
#5775=CARTESIAN_POINT('Ctrl Pts',(26.8375993483492,32.1398325656273,68.176932684517));
#5776=CARTESIAN_POINT('Ctrl Pts',(26.7791754355946,31.956827436607,68.176932684517));
#5777=CARTESIAN_POINT('Ctrl Pts',(26.72075152284,31.7738223075867,68.176932684517));
#5778=CARTESIAN_POINT('',(26.72075152284,31.7738223075867,73.176932684517));
#5779=CARTESIAN_POINT('Ctrl Pts',(26.72075152284,31.7738223075867,73.176932684517));
#5780=CARTESIAN_POINT('Ctrl Pts',(26.7791754355946,31.956827436607,73.176932684517));
#5781=CARTESIAN_POINT('Ctrl Pts',(26.8961744846628,32.3233113823146,73.176932684517));
#5782=CARTESIAN_POINT('Ctrl Pts',(27.0046825385254,32.6923984942178,73.176932684517));
#5783=CARTESIAN_POINT('Ctrl Pts',(27.0590066898475,32.8771805763244,73.176932684517));
#5784=CARTESIAN_POINT('',(26.72075152284,31.7738223075867,73.176932684517));
#5785=CARTESIAN_POINT('Origin',(26.640214322866,31.7738223075867,73.176932684517));
#5786=CARTESIAN_POINT('',(26.640214322866,31.7738223075867,68.176932684517));
#5787=CARTESIAN_POINT('',(27.070107161433,31.7738223075867,68.176932684517));
#5788=CARTESIAN_POINT('',(26.640214322866,31.7738223075867,73.176932684517));
#5789=CARTESIAN_POINT('',(27.070107161433,31.7738223075867,73.176932684517));
#5790=CARTESIAN_POINT('',(26.640214322866,31.7738223075867,73.176932684517));
#5791=CARTESIAN_POINT('Ctrl Pts',(26.3180667150626,32.8771805763244,73.176932684517));
#5792=CARTESIAN_POINT('Ctrl Pts',(26.3180667150626,32.8771805763244,-26.823067315483));
#5793=CARTESIAN_POINT('Ctrl Pts',(26.3716673290146,32.6925894592749,73.176932684517));
#5794=CARTESIAN_POINT('Ctrl Pts',(26.3716673290146,32.6925894592749,-26.823067315483));
#5795=CARTESIAN_POINT('Ctrl Pts',(26.4785090066367,32.3246454533093,73.176932684517));
#5796=CARTESIAN_POINT('Ctrl Pts',(26.4785090066367,32.3246454533093,-26.823067315483));
#5797=CARTESIAN_POINT('Ctrl Pts',(26.5864336156663,31.9570176348009,73.176932684517));
#5798=CARTESIAN_POINT('Ctrl Pts',(26.5864336156663,31.9570176348009,-26.823067315483));
#5799=CARTESIAN_POINT('Ctrl Pts',(26.640214322866,31.7738223075867,73.176932684517));
#5800=CARTESIAN_POINT('Ctrl Pts',(26.640214322866,31.7738223075866,-26.823067315483));
#5801=CARTESIAN_POINT('',(26.3180667150626,32.8771805763244,68.176932684517));
#5802=CARTESIAN_POINT('Ctrl Pts',(26.640214322866,31.7738223075867,68.176932684517));
#5803=CARTESIAN_POINT('Ctrl Pts',(26.5864336156663,31.9570176348009,68.176932684517));
#5804=CARTESIAN_POINT('Ctrl Pts',(26.5326529084667,32.1402129620152,68.176932684517));
#5805=CARTESIAN_POINT('Ctrl Pts',(26.4791411150107,32.3234868049622,68.176932684517));
#5806=CARTESIAN_POINT('Ctrl Pts',(26.4252679429666,32.5079983422253,68.176932684517));
#5807=CARTESIAN_POINT('Ctrl Pts',(26.3716673290146,32.6925894592749,68.176932684517));
#5808=CARTESIAN_POINT('Ctrl Pts',(26.3180667150626,32.8771805763244,68.176932684517));
#5809=CARTESIAN_POINT('',(26.3180667150626,32.8771805763244,73.176932684517));
#5810=CARTESIAN_POINT('Ctrl Pts',(26.3180667150626,32.8771805763244,73.176932684517));
#5811=CARTESIAN_POINT('Ctrl Pts',(26.3716673290146,32.6925894592749,73.176932684517));
#5812=CARTESIAN_POINT('Ctrl Pts',(26.4785090066367,32.3246454533093,73.176932684517));
#5813=CARTESIAN_POINT('Ctrl Pts',(26.5864336156663,31.9570176348009,73.176932684517));
#5814=CARTESIAN_POINT('Ctrl Pts',(26.640214322866,31.7738223075867,73.176932684517));
#5815=CARTESIAN_POINT('',(26.3180667150626,32.8771805763244,73.176932684517));
#5816=CARTESIAN_POINT('Ctrl Pts',(25.9798115480552,33.9483189582825,73.176932684517));
#5817=CARTESIAN_POINT('Ctrl Pts',(25.9798115480552,33.9483189582824,-26.823067315483));
#5818=CARTESIAN_POINT('Ctrl Pts',(26.038589760667,33.7734877964539,73.176932684517));
#5819=CARTESIAN_POINT('Ctrl Pts',(26.038589760667,33.7734877964539,-26.823067315483));
#5820=CARTESIAN_POINT('Ctrl Pts',(26.1579288069276,33.4185232069885,73.176932684517));
#5821=CARTESIAN_POINT('Ctrl Pts',(26.1579288069276,33.4185232069885,-26.823067315483));
#5822=CARTESIAN_POINT('Ctrl Pts',(26.2641584788797,33.0594161676943,73.176932684517));
#5823=CARTESIAN_POINT('Ctrl Pts',(26.2641584788797,33.0594161676943,-26.823067315483));
#5824=CARTESIAN_POINT('Ctrl Pts',(26.3180667150626,32.8771805763244,73.176932684517));
#5825=CARTESIAN_POINT('Ctrl Pts',(26.3180667150626,32.8771805763244,-26.823067315483));
#5826=CARTESIAN_POINT('',(25.9798115480552,33.9483189582825,68.176932684517));
#5827=CARTESIAN_POINT('Ctrl Pts',(26.3180667150626,32.8771805763244,68.176932684517));
#5828=CARTESIAN_POINT('Ctrl Pts',(26.2641584788797,33.0594161676943,68.176932684517));
#5829=CARTESIAN_POINT('Ctrl Pts',(26.2102502426968,33.2416517590642,68.176932684517));
#5830=CARTESIAN_POINT('Ctrl Pts',(26.1529660213599,33.4228205680847,68.176932684517));
#5831=CARTESIAN_POINT('Ctrl Pts',(26.0973679732788,33.5986566346253,68.176932684517));
#5832=CARTESIAN_POINT('Ctrl Pts',(26.038589760667,33.7734877964539,68.176932684517));
#5833=CARTESIAN_POINT('Ctrl Pts',(25.9798115480552,33.9483189582825,68.176932684517));
#5834=CARTESIAN_POINT('',(25.9798115480552,33.9483189582825,73.176932684517));
#5835=CARTESIAN_POINT('Ctrl Pts',(25.9798115480552,33.9483189582825,73.176932684517));
#5836=CARTESIAN_POINT('Ctrl Pts',(26.038589760667,33.7734877964539,73.176932684517));
#5837=CARTESIAN_POINT('Ctrl Pts',(26.1579288069276,33.4185232069885,73.176932684517));
#5838=CARTESIAN_POINT('Ctrl Pts',(26.2641584788797,33.0594161676943,73.176932684517));
#5839=CARTESIAN_POINT('Ctrl Pts',(26.3180667150626,32.8771805763244,73.176932684517));
#5840=CARTESIAN_POINT('',(25.9798115480552,33.9483189582825,73.176932684517));
#5841=CARTESIAN_POINT('Origin',(24.0791404235969,39.1349005699158,73.176932684517));
#5842=CARTESIAN_POINT('',(24.0791404235969,39.1349005699158,68.176932684517));
#5843=CARTESIAN_POINT('',(27.0781369179621,30.9511912101702,68.176932684517));
#5844=CARTESIAN_POINT('',(24.0791404235969,39.1349005699158,73.176932684517));
#5845=CARTESIAN_POINT('',(27.0781369179621,30.9511912101702,73.176932684517));
#5846=CARTESIAN_POINT('',(24.0791404235969,39.1349005699158,73.176932684517));
#5847=CARTESIAN_POINT('Origin',(20.9704153228412,39.1349005699158,73.176932684517));
#5848=CARTESIAN_POINT('',(20.9704153228412,39.1349005699158,68.176932684517));
#5849=CARTESIAN_POINT('',(24.2352076614206,39.1349005699158,68.176932684517));
#5850=CARTESIAN_POINT('',(20.9704153228412,39.1349005699158,73.176932684517));
#5851=CARTESIAN_POINT('',(24.2352076614206,39.1349005699158,73.176932684517));
#5852=CARTESIAN_POINT('',(20.9704153228412,39.1349005699158,73.176932684517));
#5853=CARTESIAN_POINT('Origin',(20.9704153228412,27.1348977088928,73.176932684517));
#5854=CARTESIAN_POINT('',(20.9704153228412,27.1348977088928,68.176932684517));
#5855=CARTESIAN_POINT('',(20.9704153228412,24.4789825121879,68.176932684517));
#5856=CARTESIAN_POINT('',(20.9704153228412,27.1348977088928,73.176932684517));
#5857=CARTESIAN_POINT('',(20.9704153228412,24.4789825121879,73.176932684517));
#5858=CARTESIAN_POINT('',(20.9704153228412,27.1348977088928,73.176932684517));
#5859=CARTESIAN_POINT('Origin',(23.547596930326,27.1348977088928,73.176932684517));
#5860=CARTESIAN_POINT('',(23.547596930326,27.1348977088928,68.176932684517));
#5861=CARTESIAN_POINT('',(25.523798465163,27.1348977088928,68.176932684517));
#5862=CARTESIAN_POINT('',(23.547596930326,27.1348977088928,73.176932684517));
#5863=CARTESIAN_POINT('',(25.523798465163,27.1348977088928,73.176932684517));
#5864=CARTESIAN_POINT('',(23.547596930326,27.1348977088928,73.176932684517));
#5865=CARTESIAN_POINT('Origin',(23.547596930326,31.2422823905945,73.176932684517));
#5866=CARTESIAN_POINT('',(23.547596930326,31.2422823905945,68.176932684517));
#5867=CARTESIAN_POINT('',(23.547596930326,26.5326748530387,68.176932684517));
#5868=CARTESIAN_POINT('',(23.547596930326,31.2422823905945,73.176932684517));
#5869=CARTESIAN_POINT('',(23.547596930326,26.5326748530387,73.176932684517));
#5870=CARTESIAN_POINT('',(23.547596930326,31.2422823905945,73.176932684517));
#5871=CARTESIAN_POINT('Ctrl Pts',(23.483167289556,32.5791907310486,73.176932684517));
#5872=CARTESIAN_POINT('Ctrl Pts',(23.483167289556,32.5791907310485,-26.823067315483));
#5873=CARTESIAN_POINT('Ctrl Pts',(23.5019418563608,32.3444165767645,73.176932684517));
#5874=CARTESIAN_POINT('Ctrl Pts',(23.5019418563608,32.3444165767645,-26.823067315483));
#5875=CARTESIAN_POINT('Ctrl Pts',(23.5375257384398,31.8994435497886,73.176932684517));
#5876=CARTESIAN_POINT('Ctrl Pts',(23.5375257384398,31.8994435497885,-26.823067315483));
#5877=CARTESIAN_POINT('Ctrl Pts',(23.5443657887245,31.4531194776391,73.176932684517));
#5878=CARTESIAN_POINT('Ctrl Pts',(23.5443657887245,31.4531194776391,-26.823067315483));
#5879=CARTESIAN_POINT('Ctrl Pts',(23.547596930326,31.2422823905945,73.176932684517));
#5880=CARTESIAN_POINT('Ctrl Pts',(23.547596930326,31.2422823905944,-26.823067315483));
#5881=CARTESIAN_POINT('',(23.483167289556,32.5791907310486,68.176932684517));
#5882=CARTESIAN_POINT('Ctrl Pts',(23.547596930326,31.2422823905945,68.176932684517));
#5883=CARTESIAN_POINT('Ctrl Pts',(23.5443657887245,31.4531194776391,68.176932684517));
#5884=CARTESIAN_POINT('Ctrl Pts',(23.541134647123,31.6639565646838,68.176932684517));
#5885=CARTESIAN_POINT('Ctrl Pts',(23.5314893711219,31.8744921684265,68.176932684517));
#5886=CARTESIAN_POINT('Ctrl Pts',(23.5207164231655,32.1096424224805,68.176932684517));
#5887=CARTESIAN_POINT('Ctrl Pts',(23.5019418563608,32.3444165767645,68.176932684517));
#5888=CARTESIAN_POINT('Ctrl Pts',(23.483167289556,32.5791907310486,68.176932684517));
#5889=CARTESIAN_POINT('',(23.483167289556,32.5791907310486,73.176932684517));
#5890=CARTESIAN_POINT('Ctrl Pts',(23.483167289556,32.5791907310486,73.176932684517));
#5891=CARTESIAN_POINT('Ctrl Pts',(23.5019418563608,32.3444165767645,73.176932684517));
#5892=CARTESIAN_POINT('Ctrl Pts',(23.5375257384398,31.8994435497886,73.176932684517));
#5893=CARTESIAN_POINT('Ctrl Pts',(23.5443657887245,31.4531194776391,73.176932684517));
#5894=CARTESIAN_POINT('Ctrl Pts',(23.547596930326,31.2422823905945,73.176932684517));
#5895=CARTESIAN_POINT('',(23.483167289556,32.5791907310486,73.176932684517));
#5896=CARTESIAN_POINT('Ctrl Pts',(23.3382007468352,34.0691256523132,73.176932684517));
#5897=CARTESIAN_POINT('Ctrl Pts',(23.3382007468352,34.0691256523132,-26.823067315483));
#5898=CARTESIAN_POINT('Ctrl Pts',(23.3643406466458,33.8201943397972,73.176932684517));
#5899=CARTESIAN_POINT('Ctrl Pts',(23.3643406466458,33.8201943397972,-26.823067315483));
#5900=CARTESIAN_POINT('Ctrl Pts',(23.4164538560265,33.3239181602961,73.176932684517));
#5901=CARTESIAN_POINT('Ctrl Pts',(23.4164538560265,33.3239181602961,-26.823067315483));
#5902=CARTESIAN_POINT('Ctrl Pts',(23.4609769206572,32.8269036054996,73.176932684517));
#5903=CARTESIAN_POINT('Ctrl Pts',(23.4609769206572,32.8269036054996,-26.823067315483));
#5904=CARTESIAN_POINT('Ctrl Pts',(23.483167289556,32.5791907310486,73.176932684517));
#5905=CARTESIAN_POINT('Ctrl Pts',(23.483167289556,32.5791907310485,-26.823067315483));
#5906=CARTESIAN_POINT('',(23.3382007468352,34.0691256523132,68.176932684517));
#5907=CARTESIAN_POINT('Ctrl Pts',(23.483167289556,32.5791907310486,68.176932684517));
#5908=CARTESIAN_POINT('Ctrl Pts',(23.4609769206572,32.8269036054996,68.176932684517));
#5909=CARTESIAN_POINT('Ctrl Pts',(23.4387865517583,33.0746164799507,68.176932684517));
#5910=CARTESIAN_POINT('Ctrl Pts',(23.414710758985,33.3221459388733,68.176932684517));
#5911=CARTESIAN_POINT('Ctrl Pts',(23.3904805464564,33.5712630272812,68.176932684517));
#5912=CARTESIAN_POINT('Ctrl Pts',(23.3643406466458,33.8201943397972,68.176932684517));
#5913=CARTESIAN_POINT('Ctrl Pts',(23.3382007468352,34.0691256523132,68.176932684517));
#5914=CARTESIAN_POINT('',(23.3382007468352,34.0691256523132,73.176932684517));
#5915=CARTESIAN_POINT('Ctrl Pts',(23.3382007468352,34.0691256523132,73.176932684517));
#5916=CARTESIAN_POINT('Ctrl Pts',(23.3643406466458,33.8201943397972,73.176932684517));
#5917=CARTESIAN_POINT('Ctrl Pts',(23.4164538560265,33.3239181602961,73.176932684517));
#5918=CARTESIAN_POINT('Ctrl Pts',(23.4609769206572,32.8269036054996,73.176932684517));
#5919=CARTESIAN_POINT('Ctrl Pts',(23.483167289556,32.5791907310486,73.176932684517));
#5920=CARTESIAN_POINT('',(23.3382007468352,34.0691256523132,73.176932684517));
#5921=CARTESIAN_POINT('Ctrl Pts',(23.1771266449103,35.3979849815369,73.176932684517));
#5922=CARTESIAN_POINT('Ctrl Pts',(23.1771266449103,35.3979849815368,-26.823067315483));
#5923=CARTESIAN_POINT('Ctrl Pts',(23.2047146636395,35.1906924902969,73.176932684517));
#5924=CARTESIAN_POINT('Ctrl Pts',(23.2047146636395,35.1906924902968,-26.823067315483));
#5925=CARTESIAN_POINT('Ctrl Pts',(23.2635823040911,34.748369322314,73.176932684517));
#5926=CARTESIAN_POINT('Ctrl Pts',(23.2635823040911,34.748369322314,-26.823067315483));
#5927=CARTESIAN_POINT('Ctrl Pts',(23.3123093708104,34.3048120674368,73.176932684517));
#5928=CARTESIAN_POINT('Ctrl Pts',(23.3123093708104,34.3048120674368,-26.823067315483));
#5929=CARTESIAN_POINT('Ctrl Pts',(23.3382007468352,34.0691256523132,73.176932684517));
#5930=CARTESIAN_POINT('Ctrl Pts',(23.3382007468352,34.0691256523132,-26.823067315483));
#5931=CARTESIAN_POINT('',(23.1771266449103,35.3979849815369,68.176932684517));
#5932=CARTESIAN_POINT('Ctrl Pts',(23.3382007468352,34.0691256523132,68.176932684517));
#5933=CARTESIAN_POINT('Ctrl Pts',(23.3123093708104,34.3048120674368,68.176932684517));
#5934=CARTESIAN_POINT('Ctrl Pts',(23.2864179947856,34.5404984825605,68.176932684517));
#5935=CARTESIAN_POINT('Ctrl Pts',(23.2576635468612,34.7758364677429,68.176932684517));
#5936=CARTESIAN_POINT('Ctrl Pts',(23.2323026823686,34.9833999990569,68.176932684517));
#5937=CARTESIAN_POINT('Ctrl Pts',(23.2047146636395,35.1906924902969,68.176932684517));
#5938=CARTESIAN_POINT('Ctrl Pts',(23.1771266449103,35.3979849815369,68.176932684517));
#5939=CARTESIAN_POINT('',(23.1771266449103,35.3979849815369,73.176932684517));
#5940=CARTESIAN_POINT('Ctrl Pts',(23.1771266449103,35.3979849815369,73.176932684517));
#5941=CARTESIAN_POINT('Ctrl Pts',(23.2047146636395,35.1906924902969,73.176932684517));
#5942=CARTESIAN_POINT('Ctrl Pts',(23.2635823040911,34.748369322314,73.176932684517));
#5943=CARTESIAN_POINT('Ctrl Pts',(23.3123093708104,34.3048120674368,73.176932684517));
#5944=CARTESIAN_POINT('Ctrl Pts',(23.3382007468352,34.0691256523132,73.176932684517));
#5945=CARTESIAN_POINT('',(23.1771266449103,35.3979849815369,73.176932684517));
#5946=CARTESIAN_POINT('Origin',(23.2415562856803,35.3979849815369,73.176932684517));
#5947=CARTESIAN_POINT('',(23.2415562856803,35.3979849815369,68.176932684517));
#5948=CARTESIAN_POINT('',(25.3707781428401,35.3979849815369,68.176932684517));
#5949=CARTESIAN_POINT('',(23.2415562856803,35.3979849815369,73.176932684517));
#5950=CARTESIAN_POINT('',(25.3707781428401,35.3979849815369,73.176932684517));
#5951=CARTESIAN_POINT('',(23.2415562856803,35.3979849815369,73.176932684517));
#5952=CARTESIAN_POINT('Origin',(24.2079991090903,32.5308728218078,73.176932684517));
#5953=CARTESIAN_POINT('',(24.2079991090903,32.5308728218078,68.176932684517));
#5954=CARTESIAN_POINT('',(25.99649568996,27.2250024998037,68.176932684517));
#5955=CARTESIAN_POINT('',(24.2079991090903,32.5308728218078,73.176932684517));
#5956=CARTESIAN_POINT('',(25.99649568996,27.2250024998037,73.176932684517));
#5957=CARTESIAN_POINT('',(24.2079991090903,32.5308728218078,73.176932684517));
#5958=CARTESIAN_POINT('Origin',(25.8348453033576,28.149664402008,73.176932684517));
#5959=CARTESIAN_POINT('',(25.8348453033576,28.149664402008,68.176932684517));
#5960=CARTESIAN_POINT('',(26.9680077432169,25.09798020469,68.176932684517));
#5961=CARTESIAN_POINT('',(25.8348453033576,28.149664402008,73.176932684517));
#5962=CARTESIAN_POINT('',(26.9680077432169,25.09798020469,73.176932684517));
#5963=CARTESIAN_POINT('',(25.8348453033576,28.149664402008,73.176932684517));
#5964=CARTESIAN_POINT('Origin',(27.4133688200126,28.149664402008,73.176932684517));
#5965=CARTESIAN_POINT('',(27.4133688200126,28.149664402008,68.176932684517));
#5966=CARTESIAN_POINT('',(27.4566844100063,28.149664402008,68.176932684517));
#5967=CARTESIAN_POINT('',(27.4133688200126,28.149664402008,73.176932684517));
#5968=CARTESIAN_POINT('',(27.4566844100063,28.149664402008,73.176932684517));
#5969=CARTESIAN_POINT('',(27.4133688200126,28.149664402008,73.176932684517));
#5970=CARTESIAN_POINT('Origin',(29.0241080511222,32.5308728218078,73.176932684517));
#5971=CARTESIAN_POINT('',(29.0241080511222,32.5308728218078,68.176932684517));
#5972=CARTESIAN_POINT('',(27.1993942947377,27.5676539973127,68.176932684517));
#5973=CARTESIAN_POINT('',(29.0241080511222,32.5308728218078,73.176932684517));
#5974=CARTESIAN_POINT('',(27.1993942947377,27.5676539973127,73.176932684517));
#5975=CARTESIAN_POINT('',(29.0241080511222,32.5308728218078,73.176932684517));
#5976=CARTESIAN_POINT('Origin',(30.0227648008475,35.3979849815369,73.176932684517));
#5977=CARTESIAN_POINT('',(30.0227648008475,35.3979849815369,68.176932684517));
#5978=CARTESIAN_POINT('',(27.7779120155283,28.9530831477881,68.176932684517));
#5979=CARTESIAN_POINT('',(30.0227648008475,35.3979849815369,73.176932684517));
#5980=CARTESIAN_POINT('',(27.7779120155283,28.9530831477881,73.176932684517));
#5981=CARTESIAN_POINT('',(30.0227648008475,35.3979849815369,73.176932684517));
#5982=CARTESIAN_POINT('Origin',(30.103302596868,35.3979849815369,73.176932684517));
#5983=CARTESIAN_POINT('',(30.103302596868,35.3979849815369,68.176932684517));
#5984=CARTESIAN_POINT('',(28.801651298434,35.3979849815369,68.176932684517));
#5985=CARTESIAN_POINT('',(30.103302596868,35.3979849815369,73.176932684517));
#5986=CARTESIAN_POINT('',(28.801651298434,35.3979849815369,73.176932684517));
#5987=CARTESIAN_POINT('',(30.103302596868,35.3979849815369,73.176932684517));
#5988=CARTESIAN_POINT('Ctrl Pts',(29.934173225225,34.0691256523132,73.176932684517));
#5989=CARTESIAN_POINT('Ctrl Pts',(29.934173225225,34.0691256523132,-26.823067315483));
#5990=CARTESIAN_POINT('Ctrl Pts',(29.9624059909632,34.3047758763936,73.176932684517));
#5991=CARTESIAN_POINT('Ctrl Pts',(29.9624059909632,34.3047758763936,-26.823067315483));
#5992=CARTESIAN_POINT('Ctrl Pts',(30.0155250813844,34.7481446089068,73.176932684517));
#5993=CARTESIAN_POINT('Ctrl Pts',(30.0155250813844,34.7481446089067,-26.823067315483));
#5994=CARTESIAN_POINT('Ctrl Pts',(30.0752986467926,35.1906642656125,73.176932684517));
#5995=CARTESIAN_POINT('Ctrl Pts',(30.0752986467926,35.1906642656125,-26.823067315483));
#5996=CARTESIAN_POINT('Ctrl Pts',(30.103302596868,35.3979849815369,73.176932684517));
#5997=CARTESIAN_POINT('Ctrl Pts',(30.103302596868,35.3979849815368,-26.823067315483));
#5998=CARTESIAN_POINT('',(29.934173225225,34.0691256523132,68.176932684517));
#5999=CARTESIAN_POINT('Ctrl Pts',(30.103302596868,35.3979849815369,68.176932684517));
#6000=CARTESIAN_POINT('Ctrl Pts',(30.0752986467926,35.1906642656125,68.176932684517));
#6001=CARTESIAN_POINT('Ctrl Pts',(30.0472946967172,34.9833435496882,68.176932684517));
#6002=CARTESIAN_POINT('Ctrl Pts',(30.020751355947,34.7758364677429,68.176932684517));
#6003=CARTESIAN_POINT('Ctrl Pts',(29.9906387567014,34.540426100474,68.176932684517));
#6004=CARTESIAN_POINT('Ctrl Pts',(29.9624059909632,34.3047758763936,68.176932684517));
#6005=CARTESIAN_POINT('Ctrl Pts',(29.934173225225,34.0691256523132,68.176932684517));
#6006=CARTESIAN_POINT('',(29.934173225225,34.0691256523132,73.176932684517));
#6007=CARTESIAN_POINT('Ctrl Pts',(29.934173225225,34.0691256523132,73.176932684517));
#6008=CARTESIAN_POINT('Ctrl Pts',(29.9624059909632,34.3047758763936,73.176932684517));
#6009=CARTESIAN_POINT('Ctrl Pts',(30.0155250813844,34.7481446089068,73.176932684517));
#6010=CARTESIAN_POINT('Ctrl Pts',(30.0752986467926,35.1906642656125,73.176932684517));
#6011=CARTESIAN_POINT('Ctrl Pts',(30.103302596868,35.3979849815369,73.176932684517));
#6012=CARTESIAN_POINT('',(29.934173225225,34.0691256523132,73.176932684517));
#6013=CARTESIAN_POINT('Ctrl Pts',(29.7811537969718,32.5791907310486,73.176932684517));
#6014=CARTESIAN_POINT('Ctrl Pts',(29.7811537969718,32.5791907310485,-26.823067315483));
#6015=CARTESIAN_POINT('Ctrl Pts',(29.8036881622802,32.826940565262,73.176932684517));
#6016=CARTESIAN_POINT('Ctrl Pts',(29.8036881622802,32.826940565262,-26.823067315483));
#6017=CARTESIAN_POINT('Ctrl Pts',(29.8489150404831,33.32417895753,73.176932684517));
#6018=CARTESIAN_POINT('Ctrl Pts',(29.8489150404831,33.3241789575299,-26.823067315483));
#6019=CARTESIAN_POINT('Ctrl Pts',(29.9056876568865,33.820231894523,73.176932684517));
#6020=CARTESIAN_POINT('Ctrl Pts',(29.9056876568865,33.820231894523,-26.823067315483));
#6021=CARTESIAN_POINT('Ctrl Pts',(29.934173225225,34.0691256523132,73.176932684517));
#6022=CARTESIAN_POINT('Ctrl Pts',(29.934173225225,34.0691256523132,-26.823067315483));
#6023=CARTESIAN_POINT('',(29.7811537969718,32.5791907310486,68.176932684517));
#6024=CARTESIAN_POINT('Ctrl Pts',(29.934173225225,34.0691256523132,68.176932684517));
#6025=CARTESIAN_POINT('Ctrl Pts',(29.9056876568865,33.820231894523,68.176932684517));
#6026=CARTESIAN_POINT('Ctrl Pts',(29.877202088548,33.5713381367328,68.176932684517));
#6027=CARTESIAN_POINT('Ctrl Pts',(29.8516231763968,33.3221459388733,68.176932684517));
#6028=CARTESIAN_POINT('Ctrl Pts',(29.8262225275887,33.0746903994754,68.176932684517));
#6029=CARTESIAN_POINT('Ctrl Pts',(29.8036881622802,32.826940565262,68.176932684517));
#6030=CARTESIAN_POINT('Ctrl Pts',(29.7811537969718,32.5791907310486,68.176932684517));
#6031=CARTESIAN_POINT('',(29.7811537969718,32.5791907310486,73.176932684517));
#6032=CARTESIAN_POINT('Ctrl Pts',(29.7811537969718,32.5791907310486,73.176932684517));
#6033=CARTESIAN_POINT('Ctrl Pts',(29.8036881622802,32.826940565262,73.176932684517));
#6034=CARTESIAN_POINT('Ctrl Pts',(29.8489150404831,33.32417895753,73.176932684517));
#6035=CARTESIAN_POINT('Ctrl Pts',(29.9056876568865,33.820231894523,73.176932684517));
#6036=CARTESIAN_POINT('Ctrl Pts',(29.934173225225,34.0691256523132,73.176932684517));
#6037=CARTESIAN_POINT('',(29.7811537969718,32.5791907310486,73.176932684517));
#6038=CARTESIAN_POINT('Ctrl Pts',(29.7167235601554,31.2422823905945,73.176932684517));
#6039=CARTESIAN_POINT('Ctrl Pts',(29.7167235601554,31.2422823905944,-26.823067315483));
#6040=CARTESIAN_POINT('Ctrl Pts',(29.7199546600035,31.4531194805036,73.176932684517));
#6041=CARTESIAN_POINT('Ctrl Pts',(29.7199546600035,31.4531194805036,-26.823067315483));
#6042=CARTESIAN_POINT('Ctrl Pts',(29.7267946221082,31.8994435723111,73.176932684517));
#6043=CARTESIAN_POINT('Ctrl Pts',(29.7267946221082,31.8994435723111,-26.823067315483));
#6044=CARTESIAN_POINT('Ctrl Pts',(29.7623789790897,32.3444165803525,73.176932684517));
#6045=CARTESIAN_POINT('Ctrl Pts',(29.7623789790897,32.3444165803524,-26.823067315483));
#6046=CARTESIAN_POINT('Ctrl Pts',(29.7811537969718,32.5791907310486,73.176932684517));
#6047=CARTESIAN_POINT('Ctrl Pts',(29.7811537969718,32.5791907310485,-26.823067315483));
#6048=CARTESIAN_POINT('Ctrl Pts',(29.7811537969718,32.5791907310486,68.176932684517));
#6049=CARTESIAN_POINT('Ctrl Pts',(29.7623789790897,32.3444165803525,68.176932684517));
#6050=CARTESIAN_POINT('Ctrl Pts',(29.7436041612077,32.1096424296563,68.176932684517));
#6051=CARTESIAN_POINT('Ctrl Pts',(29.7328311193595,31.8744921684265,68.176932684517));
#6052=CARTESIAN_POINT('Ctrl Pts',(29.7231857598516,31.6639565704128,68.176932684517));
#6053=CARTESIAN_POINT('Ctrl Pts',(29.7199546600035,31.4531194805036,68.176932684517));
#6054=CARTESIAN_POINT('Ctrl Pts',(29.7167235601554,31.2422823905945,68.176932684517));
#6055=CARTESIAN_POINT('Ctrl Pts',(29.7167235601554,31.2422823905945,73.176932684517));
#6056=CARTESIAN_POINT('Ctrl Pts',(29.7199546600035,31.4531194805036,73.176932684517));
#6057=CARTESIAN_POINT('Ctrl Pts',(29.7267946221082,31.8994435723111,73.176932684517));
#6058=CARTESIAN_POINT('Ctrl Pts',(29.7623789790897,32.3444165803525,73.176932684517));
#6059=CARTESIAN_POINT('Ctrl Pts',(29.7811537969718,32.5791907310486,73.176932684517));
#6060=CARTESIAN_POINT('Origin',(25.8428990829597,13.4114098548889,73.176932684517));
#6061=CARTESIAN_POINT('',(25.8428990829597,11.1885905265808,68.176932684517));
#6062=CARTESIAN_POINT('',(25.8428990829597,13.4114098548889,68.176932684517));
#6063=CARTESIAN_POINT('',(25.8428990829597,17.6172385851859,68.176932684517));
#6064=CARTESIAN_POINT('',(25.8428990829597,11.1885905265808,73.176932684517));
#6065=CARTESIAN_POINT('',(25.8428990829597,11.1885905265808,73.176932684517));
#6066=CARTESIAN_POINT('',(25.8428990829597,13.4114098548889,73.176932684517));
#6067=CARTESIAN_POINT('',(25.8428990829597,17.6172385851859,73.176932684517));
#6068=CARTESIAN_POINT('',(25.8428990829597,13.4114098548889,73.176932684517));
#6069=CARTESIAN_POINT('Origin',(30.5623632658134,13.4114098548889,73.176932684517));
#6070=CARTESIAN_POINT('',(30.5623632658134,13.4114098548889,68.176932684517));
#6071=CARTESIAN_POINT('',(29.0311816329067,13.4114098548889,68.176932684517));
#6072=CARTESIAN_POINT('',(30.5623632658134,13.4114098548889,73.176932684517));
#6073=CARTESIAN_POINT('',(29.0311816329067,13.4114098548889,73.176932684517));
#6074=CARTESIAN_POINT('',(30.5623632658134,13.4114098548889,73.176932684517));
#6075=CARTESIAN_POINT('Origin',(30.5623632658134,15.8114123344421,73.176932684517));
#6076=CARTESIAN_POINT('',(30.5623632658134,15.8114123344421,68.176932684517));
#6077=CARTESIAN_POINT('',(30.5623632658134,18.8172398249625,68.176932684517));
#6078=CARTESIAN_POINT('',(30.5623632658134,15.8114123344421,73.176932684517));
#6079=CARTESIAN_POINT('',(30.5623632658134,18.8172398249625,73.176932684517));
#6080=CARTESIAN_POINT('',(30.5623632658134,15.8114123344421,73.176932684517));
#6081=CARTESIAN_POINT('Origin',(22.9596775758872,15.8114123344421,73.176932684517));
#6082=CARTESIAN_POINT('',(22.9596775758872,15.8114123344421,68.176932684517));
#6083=CARTESIAN_POINT('',(25.2298387879436,15.8114123344421,68.176932684517));
#6084=CARTESIAN_POINT('',(22.9596775758872,15.8114123344421,73.176932684517));
#6085=CARTESIAN_POINT('',(25.2298387879436,15.8114123344421,73.176932684517));
#6086=CARTESIAN_POINT('',(22.9596775758872,15.8114123344421,73.176932684517));
#6087=CARTESIAN_POINT('Origin',(22.9596775758872,3.81140947341917,73.176932684517));
#6088=CARTESIAN_POINT('',(22.9596775758872,3.81140947341917,68.176932684517));
#6089=CARTESIAN_POINT('',(22.9596775758872,12.8172383944511,68.176932684517));
#6090=CARTESIAN_POINT('',(22.9596775758872,3.81140947341917,73.176932684517));
#6091=CARTESIAN_POINT('',(22.9596775758872,12.8172383944511,73.176932684517));
#6092=CARTESIAN_POINT('',(22.9596775758872,3.81140947341917,73.176932684517));
#6093=CARTESIAN_POINT('Origin',(30.7395440328727,3.81140947341917,73.176932684517));
#6094=CARTESIAN_POINT('',(30.7395440328727,3.81140947341917,68.176932684517));
#6095=CARTESIAN_POINT('',(29.1197720164363,3.81140947341917,68.176932684517));
#6096=CARTESIAN_POINT('',(30.7395440328727,3.81140947341917,73.176932684517));
#6097=CARTESIAN_POINT('',(29.1197720164363,3.81140947341917,73.176932684517));
#6098=CARTESIAN_POINT('',(30.7395440328727,3.81140947341917,73.176932684517));
#6099=CARTESIAN_POINT('Origin',(30.7395440328727,6.22751474380491,73.176932684517));
#6100=CARTESIAN_POINT('',(30.7395440328727,6.22751474380491,68.176932684517));
#6101=CARTESIAN_POINT('',(30.7395440328727,14.0252910296439,68.176932684517));
#6102=CARTESIAN_POINT('',(30.7395440328727,6.22751474380491,73.176932684517));
#6103=CARTESIAN_POINT('',(30.7395440328727,14.0252910296439,73.176932684517));
#6104=CARTESIAN_POINT('',(30.7395440328727,6.22751474380491,73.176932684517));
#6105=CARTESIAN_POINT('Origin',(25.8428990829597,6.22751474380491,73.176932684517));
#6106=CARTESIAN_POINT('',(25.8428990829597,6.22751474380491,68.176932684517));
#6107=CARTESIAN_POINT('',(26.6714495414798,6.22751474380491,68.176932684517));
#6108=CARTESIAN_POINT('',(25.8428990829597,6.22751474380491,73.176932684517));
#6109=CARTESIAN_POINT('',(26.6714495414798,6.22751474380491,73.176932684517));
#6110=CARTESIAN_POINT('',(25.8428990829597,6.22751474380491,73.176932684517));
#6111=CARTESIAN_POINT('Origin',(25.8428990829597,8.77248525619505,73.176932684517));
#6112=CARTESIAN_POINT('',(25.8428990829597,8.77248525619505,68.176932684517));
#6113=CARTESIAN_POINT('',(25.8428990829597,15.297776285839,68.176932684517));
#6114=CARTESIAN_POINT('',(25.8428990829597,8.77248525619505,73.176932684517));
#6115=CARTESIAN_POINT('',(25.8428990829597,15.297776285839,73.176932684517));
#6116=CARTESIAN_POINT('',(25.8428990829597,8.77248525619505,73.176932684517));
#6117=CARTESIAN_POINT('Origin',(29.8536378133903,8.77248525619505,73.176932684517));
#6118=CARTESIAN_POINT('',(29.8536378133903,8.77248525619505,68.176932684517));
#6119=CARTESIAN_POINT('',(28.6768189066951,8.77248525619505,68.176932684517));
#6120=CARTESIAN_POINT('',(29.8536378133903,8.77248525619505,73.176932684517));
#6121=CARTESIAN_POINT('',(28.6768189066951,8.77248525619505,73.176932684517));
#6122=CARTESIAN_POINT('',(29.8536378133903,8.77248525619505,73.176932684517));
#6123=CARTESIAN_POINT('Origin',(29.8536378133903,11.1885905265808,73.176932684517));
#6124=CARTESIAN_POINT('',(29.8536378133903,11.1885905265808,68.176932684517));
#6125=CARTESIAN_POINT('',(29.8536378133903,16.5058289210319,68.176932684517));
#6126=CARTESIAN_POINT('',(29.8536378133903,11.1885905265808,73.176932684517));
#6127=CARTESIAN_POINT('',(29.8536378133903,16.5058289210319,73.176932684517));
#6128=CARTESIAN_POINT('',(29.8536378133903,11.1885905265808,73.176932684517));
#6129=CARTESIAN_POINT('Origin',(25.8428990829597,11.1885905265808,73.176932684517));
#6130=CARTESIAN_POINT('',(26.6714495414798,11.1885905265808,68.176932684517));
#6131=CARTESIAN_POINT('',(26.6714495414798,11.1885905265808,73.176932684517));
#6132=CARTESIAN_POINT('Origin',(25.8428990829597,-33.2355809211731,73.176932684517));
#6133=CARTESIAN_POINT('',(25.8428990829597,-35.4583954811096,68.176932684517));
#6134=CARTESIAN_POINT('',(25.8428990829597,-33.2355809211731,68.176932684517));
#6135=CARTESIAN_POINT('',(25.8428990829597,-5.70625680284508,68.176932684517));
#6136=CARTESIAN_POINT('',(25.8428990829597,-35.4583954811096,73.176932684517));
#6137=CARTESIAN_POINT('',(25.8428990829597,-35.4583954811096,73.176932684517));
#6138=CARTESIAN_POINT('',(25.8428990829597,-33.2355809211731,73.176932684517));
#6139=CARTESIAN_POINT('',(25.8428990829597,-5.70625680284508,73.176932684517));
#6140=CARTESIAN_POINT('',(25.8428990829597,-33.2355809211731,73.176932684517));
#6141=CARTESIAN_POINT('Origin',(30.5623632658134,-33.2355809211731,73.176932684517));
#6142=CARTESIAN_POINT('',(30.5623632658134,-33.2355809211731,68.176932684517));
#6143=CARTESIAN_POINT('',(29.0311816329067,-33.2355809211731,68.176932684517));
#6144=CARTESIAN_POINT('',(30.5623632658134,-33.2355809211731,73.176932684517));
#6145=CARTESIAN_POINT('',(29.0311816329067,-33.2355809211731,73.176932684517));
#6146=CARTESIAN_POINT('',(30.5623632658134,-33.2355809211731,73.176932684517));
#6147=CARTESIAN_POINT('Origin',(30.5623632658134,-30.8355832099915,73.176932684517));
#6148=CARTESIAN_POINT('',(30.5623632658134,-30.8355832099915,68.176932684517));
#6149=CARTESIAN_POINT('',(30.5623632658134,-4.50625794725426,68.176932684517));
#6150=CARTESIAN_POINT('',(30.5623632658134,-30.8355832099915,73.176932684517));
#6151=CARTESIAN_POINT('',(30.5623632658134,-4.50625794725426,73.176932684517));
#6152=CARTESIAN_POINT('',(30.5623632658134,-30.8355832099915,73.176932684517));
#6153=CARTESIAN_POINT('Origin',(22.9596775758872,-30.8355832099915,73.176932684517));
#6154=CARTESIAN_POINT('',(22.9596775758872,-30.8355832099915,68.176932684517));
#6155=CARTESIAN_POINT('',(25.2298387879436,-30.8355832099915,68.176932684517));
#6156=CARTESIAN_POINT('',(22.9596775758872,-30.8355832099915,73.176932684517));
#6157=CARTESIAN_POINT('',(25.2298387879436,-30.8355832099915,73.176932684517));
#6158=CARTESIAN_POINT('',(22.9596775758872,-30.8355832099915,73.176932684517));
#6159=CARTESIAN_POINT('Origin',(22.9596775758872,-42.8355813026428,73.176932684517));
#6160=CARTESIAN_POINT('',(22.9596775758872,-42.8355813026428,68.176932684517));
#6161=CARTESIAN_POINT('',(22.9596775758872,-10.5062569935799,68.176932684517));
#6162=CARTESIAN_POINT('',(22.9596775758872,-42.8355813026428,73.176932684517));
#6163=CARTESIAN_POINT('',(22.9596775758872,-10.5062569935799,73.176932684517));
#6164=CARTESIAN_POINT('',(22.9596775758872,-42.8355813026428,73.176932684517));
#6165=CARTESIAN_POINT('Origin',(30.7395440328727,-42.8355813026428,73.176932684517));
#6166=CARTESIAN_POINT('',(30.7395440328727,-42.8355813026428,68.176932684517));
#6167=CARTESIAN_POINT('',(29.1197720164363,-42.8355813026428,68.176932684517));
#6168=CARTESIAN_POINT('',(30.7395440328727,-42.8355813026428,73.176932684517));
#6169=CARTESIAN_POINT('',(29.1197720164363,-42.8355813026428,73.176932684517));
#6170=CARTESIAN_POINT('',(30.7395440328727,-42.8355813026428,73.176932684517));
#6171=CARTESIAN_POINT('Origin',(30.7395440328727,-40.4194760322571,73.176932684517));
#6172=CARTESIAN_POINT('',(30.7395440328727,-40.4194760322571,68.176932684517));
#6173=CARTESIAN_POINT('',(30.7395440328727,-9.29820435838707,68.176932684517));
#6174=CARTESIAN_POINT('',(30.7395440328727,-40.4194760322571,73.176932684517));
#6175=CARTESIAN_POINT('',(30.7395440328727,-9.29820435838707,73.176932684517));
#6176=CARTESIAN_POINT('',(30.7395440328727,-40.4194760322571,73.176932684517));
#6177=CARTESIAN_POINT('Origin',(25.8428990829597,-40.4194760322571,73.176932684517));
#6178=CARTESIAN_POINT('',(25.8428990829597,-40.4194760322571,68.176932684517));
#6179=CARTESIAN_POINT('',(26.6714495414798,-40.4194760322571,68.176932684517));
#6180=CARTESIAN_POINT('',(25.8428990829597,-40.4194760322571,73.176932684517));
#6181=CARTESIAN_POINT('',(26.6714495414798,-40.4194760322571,73.176932684517));
#6182=CARTESIAN_POINT('',(25.8428990829597,-40.4194760322571,73.176932684517));
#6183=CARTESIAN_POINT('Origin',(25.8428990829597,-37.8745102882385,73.176932684517));
#6184=CARTESIAN_POINT('',(25.8428990829597,-37.8745102882385,68.176932684517));
#6185=CARTESIAN_POINT('',(25.8428990829597,-8.02572148637779,68.176932684517));
#6186=CARTESIAN_POINT('',(25.8428990829597,-37.8745102882385,73.176932684517));
#6187=CARTESIAN_POINT('',(25.8428990829597,-8.02572148637779,73.176932684517));
#6188=CARTESIAN_POINT('',(25.8428990829597,-37.8745102882385,73.176932684517));
#6189=CARTESIAN_POINT('Origin',(29.8536378133903,-37.8745102882385,73.176932684517));
#6190=CARTESIAN_POINT('',(29.8536378133903,-37.8745102882385,68.176932684517));
#6191=CARTESIAN_POINT('',(28.6768189066951,-37.8745102882385,68.176932684517));
#6192=CARTESIAN_POINT('',(29.8536378133903,-37.8745102882385,73.176932684517));
#6193=CARTESIAN_POINT('',(28.6768189066951,-37.8745102882385,73.176932684517));
#6194=CARTESIAN_POINT('',(29.8536378133903,-37.8745102882385,73.176932684517));
#6195=CARTESIAN_POINT('Origin',(29.8536378133903,-35.4583954811096,73.176932684517));
#6196=CARTESIAN_POINT('',(29.8536378133903,-35.4583954811096,68.176932684517));
#6197=CARTESIAN_POINT('',(29.8536378133903,-6.81766408281334,68.176932684517));
#6198=CARTESIAN_POINT('',(29.8536378133903,-35.4583954811096,73.176932684517));
#6199=CARTESIAN_POINT('',(29.8536378133903,-6.81766408281334,73.176932684517));
#6200=CARTESIAN_POINT('',(29.8536378133903,-35.4583954811096,73.176932684517));
#6201=CARTESIAN_POINT('Origin',(25.8428990829597,-35.4583954811096,73.176932684517));
#6202=CARTESIAN_POINT('',(26.6714495414798,-35.4583954811096,68.176932684517));
#6203=CARTESIAN_POINT('',(26.6714495414798,-35.4583954811096,73.176932684517));
#6204=CARTESIAN_POINT('Origin',(28.6616915453086,-81.4610981941223,73.176932684517));
#6205=CARTESIAN_POINT('',(28.6616915453086,-77.4825692176819,68.176932684517));
#6206=CARTESIAN_POINT('',(28.6616915453086,-81.4610981941223,68.176932684517));
#6207=CARTESIAN_POINT('',(28.6616915453086,-29.8190154393197,68.176932684517));
#6208=CARTESIAN_POINT('',(28.6616915453086,-77.4825692176819,73.176932684517));
#6209=CARTESIAN_POINT('',(28.6616915453086,-77.4825692176819,73.176932684517));
#6210=CARTESIAN_POINT('',(28.6616915453086,-81.4610981941223,73.176932684517));
#6211=CARTESIAN_POINT('',(28.6616915453086,-29.8190154393197,73.176932684517));
#6212=CARTESIAN_POINT('',(28.6616915453086,-81.4610981941223,73.176932684517));
#6213=CARTESIAN_POINT('Ctrl Pts',(28.7986046064506,-83.7402844429016,73.176932684517));
#6214=CARTESIAN_POINT('Ctrl Pts',(28.7986046064506,-83.7402844429016,-26.823067315483));
#6215=CARTESIAN_POINT('Ctrl Pts',(28.7586811072878,-83.3506900018857,73.176932684517));
#6216=CARTESIAN_POINT('Ctrl Pts',(28.7586811072878,-83.3506900018857,-26.823067315483));
#6217=CARTESIAN_POINT('Ctrl Pts',(28.6810227553589,-82.5928590791362,73.176932684517));
#6218=CARTESIAN_POINT('Ctrl Pts',(28.6810227553589,-82.5928590791362,-26.823067315483));
#6219=CARTESIAN_POINT('Ctrl Pts',(28.6680130645607,-81.8311965068894,73.176932684517));
#6220=CARTESIAN_POINT('Ctrl Pts',(28.6680130645607,-81.8311965068894,-26.823067315483));
#6221=CARTESIAN_POINT('Ctrl Pts',(28.6616915453086,-81.4610981941223,73.176932684517));
#6222=CARTESIAN_POINT('Ctrl Pts',(28.6616915453086,-81.4610981941223,-26.823067315483));
#6223=CARTESIAN_POINT('',(28.7986046064506,-83.7402844429016,68.176932684517));
#6224=CARTESIAN_POINT('Ctrl Pts',(28.6616915453086,-81.4610981941223,68.176932684517));
#6225=CARTESIAN_POINT('Ctrl Pts',(28.6680130645607,-81.8311965068894,68.176932684517));
#6226=CARTESIAN_POINT('Ctrl Pts',(28.6743345838128,-82.2012948196564,68.176932684517));
#6227=CARTESIAN_POINT('Ctrl Pts',(28.6959201086173,-82.5704884529114,68.176932684517));
#6228=CARTESIAN_POINT('Ctrl Pts',(28.7187576081249,-82.9610955608697,68.176932684517));
#6229=CARTESIAN_POINT('Ctrl Pts',(28.7586811072878,-83.3506900018857,68.176932684517));
#6230=CARTESIAN_POINT('Ctrl Pts',(28.7986046064506,-83.7402844429016,68.176932684517));
#6231=CARTESIAN_POINT('',(28.7986046064506,-83.7402844429016,73.176932684517));
#6232=CARTESIAN_POINT('Ctrl Pts',(28.7986046064506,-83.7402844429016,73.176932684517));
#6233=CARTESIAN_POINT('Ctrl Pts',(28.7586811072878,-83.3506900018857,73.176932684517));
#6234=CARTESIAN_POINT('Ctrl Pts',(28.6810227553589,-82.5928590791362,73.176932684517));
#6235=CARTESIAN_POINT('Ctrl Pts',(28.6680130645607,-81.8311965068894,73.176932684517));
#6236=CARTESIAN_POINT('Ctrl Pts',(28.6616915453086,-81.4610981941223,73.176932684517));
#6237=CARTESIAN_POINT('',(28.7986046064506,-83.7402844429016,73.176932684517));
#6238=CARTESIAN_POINT('Ctrl Pts',(29.0482693899284,-85.8906292915344,73.176932684517));
#6239=CARTESIAN_POINT('Ctrl Pts',(29.0482693899284,-85.8906292915345,-26.823067315483));
#6240=CARTESIAN_POINT('Ctrl Pts',(29.0084951725457,-85.5530682033946,73.176932684517));
#6241=CARTESIAN_POINT('Ctrl Pts',(29.0084951725457,-85.5530682033946,-26.823067315483));
#6242=CARTESIAN_POINT('Ctrl Pts',(28.9240547639448,-84.8364281766136,73.176932684517));
#6243=CARTESIAN_POINT('Ctrl Pts',(28.9240547639448,-84.8364281766136,-26.823067315483));
#6244=CARTESIAN_POINT('Ctrl Pts',(28.8420058015161,-84.119510335933,73.176932684517));
#6245=CARTESIAN_POINT('Ctrl Pts',(28.8420058015161,-84.119510335933,-26.823067315483));
#6246=CARTESIAN_POINT('Ctrl Pts',(28.7986046064506,-83.7402844429016,73.176932684517));
#6247=CARTESIAN_POINT('Ctrl Pts',(28.7986046064506,-83.7402844429016,-26.823067315483));
#6248=CARTESIAN_POINT('',(29.0482693899284,-85.8906292915344,68.176932684517));
#6249=CARTESIAN_POINT('Ctrl Pts',(28.7986046064506,-83.7402844429016,68.176932684517));
#6250=CARTESIAN_POINT('Ctrl Pts',(28.8420058015161,-84.119510335933,68.176932684517));
#6251=CARTESIAN_POINT('Ctrl Pts',(28.8854069965816,-84.4987362289644,68.176932684517));
#6252=CARTESIAN_POINT('Ctrl Pts',(28.929477332891,-84.87788438797,68.176932684517));
#6253=CARTESIAN_POINT('Ctrl Pts',(28.968720955163,-85.2155071152547,68.176932684517));
#6254=CARTESIAN_POINT('Ctrl Pts',(29.0084951725457,-85.5530682033946,68.176932684517));
#6255=CARTESIAN_POINT('Ctrl Pts',(29.0482693899284,-85.8906292915344,68.176932684517));
#6256=CARTESIAN_POINT('',(29.0482693899284,-85.8906292915344,73.176932684517));
#6257=CARTESIAN_POINT('Ctrl Pts',(29.0482693899284,-85.8906292915344,73.176932684517));
#6258=CARTESIAN_POINT('Ctrl Pts',(29.0084951725457,-85.5530682033946,73.176932684517));
#6259=CARTESIAN_POINT('Ctrl Pts',(28.9240547639448,-84.8364281766136,73.176932684517));
#6260=CARTESIAN_POINT('Ctrl Pts',(28.8420058015161,-84.119510335933,73.176932684517));
#6261=CARTESIAN_POINT('Ctrl Pts',(28.7986046064506,-83.7402844429016,73.176932684517));
#6262=CARTESIAN_POINT('',(29.0482693899284,-85.8906292915344,73.176932684517));
#6263=CARTESIAN_POINT('Origin',(28.9677315939079,-85.8906292915344,73.176932684517));
#6264=CARTESIAN_POINT('',(28.9677315939079,-85.8906292915344,68.176932684517));
#6265=CARTESIAN_POINT('',(28.2338657969539,-85.8906292915344,68.176932684517));
#6266=CARTESIAN_POINT('',(28.9677315939079,-85.8906292915344,73.176932684517));
#6267=CARTESIAN_POINT('',(28.2338657969539,-85.8906292915344,73.176932684517));
#6268=CARTESIAN_POINT('',(28.9677315939079,-85.8906292915344,73.176932684517));
#6269=CARTESIAN_POINT('Origin',(27.7918928850303,-83.2329106330872,73.176932684517));
#6270=CARTESIAN_POINT('',(27.7918928850303,-83.2329106330872,68.176932684517));
#6271=CARTESIAN_POINT('',(8.33261873892599,-39.2496027291398,68.176932684517));
#6272=CARTESIAN_POINT('',(27.7918928850303,-83.2329106330872,73.176932684517));
#6273=CARTESIAN_POINT('',(8.33261873892599,-39.2496027291398,73.176932684517));
#6274=CARTESIAN_POINT('',(27.7918928850303,-83.2329106330872,73.176932684517));
#6275=CARTESIAN_POINT('Origin',(24.8120266187797,-77.4825692176819,73.176932684517));
#6276=CARTESIAN_POINT('',(24.8120266187797,-77.4825692176819,68.176932684517));
#6277=CARTESIAN_POINT('',(4.81301075139184,-38.8898409090096,68.176932684517));
#6278=CARTESIAN_POINT('',(24.8120266187797,-77.4825692176819,73.176932684517));
#6279=CARTESIAN_POINT('',(4.81301075139184,-38.8898409090096,73.176932684517));
#6280=CARTESIAN_POINT('',(24.8120266187797,-77.4825692176819,73.176932684517));
#6281=CARTESIAN_POINT('Origin',(21.8804830301414,-77.4825692176819,73.176932684517));
#6282=CARTESIAN_POINT('',(21.8804830301414,-77.4825692176819,68.176932684517));
#6283=CARTESIAN_POINT('',(24.6902415150707,-77.4825692176819,68.176932684517));
#6284=CARTESIAN_POINT('',(21.8804830301414,-77.4825692176819,73.176932684517));
#6285=CARTESIAN_POINT('',(24.6902415150707,-77.4825692176819,73.176932684517));
#6286=CARTESIAN_POINT('',(21.8804830301414,-77.4825692176819,73.176932684517));
#6287=CARTESIAN_POINT('Origin',(21.8804830301414,-89.4825673103333,73.176932684517));
#6288=CARTESIAN_POINT('',(21.8804830301414,-89.4825673103333,68.176932684517));
#6289=CARTESIAN_POINT('',(21.8804830301414,-33.8297499974252,68.176932684517));
#6290=CARTESIAN_POINT('',(21.8804830301414,-89.4825673103333,73.176932684517));
#6291=CARTESIAN_POINT('',(21.8804830301414,-33.8297499974252,73.176932684517));
#6292=CARTESIAN_POINT('',(21.8804830301414,-89.4825673103333,73.176932684517));
#6293=CARTESIAN_POINT('Origin',(24.6187382925163,-89.4825673103333,73.176932684517));
#6294=CARTESIAN_POINT('',(24.6187382925163,-89.4825673103333,68.176932684517));
#6295=CARTESIAN_POINT('',(26.0593691462581,-89.4825673103333,68.176932684517));
#6296=CARTESIAN_POINT('',(24.6187382925163,-89.4825673103333,73.176932684517));
#6297=CARTESIAN_POINT('',(26.0593691462581,-89.4825673103333,73.176932684517));
#6298=CARTESIAN_POINT('',(24.6187382925163,-89.4825673103333,73.176932684517));
#6299=CARTESIAN_POINT('Origin',(24.6187382925163,-85.504047870636,73.176932684517));
#6300=CARTESIAN_POINT('',(24.6187382925163,-85.504047870636,68.176932684517));
#6301=CARTESIAN_POINT('',(24.6187382925163,-31.8404902775765,68.176932684517));
#6302=CARTESIAN_POINT('',(24.6187382925163,-85.504047870636,73.176932684517));
#6303=CARTESIAN_POINT('',(24.6187382925163,-31.8404902775765,73.176932684517));
#6304=CARTESIAN_POINT('',(24.6187382925163,-85.504047870636,73.176932684517));
#6305=CARTESIAN_POINT('Ctrl Pts',(24.4818252313743,-83.2409596443176,73.176932684517));
#6306=CARTESIAN_POINT('Ctrl Pts',(24.4818252313743,-83.2409596443177,-26.823067315483));
#6307=CARTESIAN_POINT('Ctrl Pts',(24.5217543951067,-83.623835837567,73.176932684517));
#6308=CARTESIAN_POINT('Ctrl Pts',(24.5217543951067,-83.623835837567,-26.823067315483));
#6309=CARTESIAN_POINT('Ctrl Pts',(24.600219590652,-84.3762296411117,73.176932684517));
#6310=CARTESIAN_POINT('Ctrl Pts',(24.600219590652,-84.3762296411117,-26.823067315483));
#6311=CARTESIAN_POINT('Ctrl Pts',(24.6126388925331,-85.1325847659022,73.176932684517));
#6312=CARTESIAN_POINT('Ctrl Pts',(24.6126388925331,-85.1325847659022,-26.823067315483));
#6313=CARTESIAN_POINT('Ctrl Pts',(24.6187382925163,-85.504047870636,73.176932684517));
#6314=CARTESIAN_POINT('Ctrl Pts',(24.6187382925163,-85.504047870636,-26.823067315483));
#6315=CARTESIAN_POINT('',(24.4818252313743,-83.2409596443176,68.176932684517));
#6316=CARTESIAN_POINT('Ctrl Pts',(24.6187382925163,-85.504047870636,68.176932684517));
#6317=CARTESIAN_POINT('Ctrl Pts',(24.6126388925331,-85.1325847659022,68.176932684517));
#6318=CARTESIAN_POINT('Ctrl Pts',(24.60653949255,-84.7611216611683,68.176932684517));
#6319=CARTESIAN_POINT('Ctrl Pts',(24.5845097292075,-84.3906140327454,68.176932684517));
#6320=CARTESIAN_POINT('Ctrl Pts',(24.5616835588391,-84.0067120308163,68.176932684517));
#6321=CARTESIAN_POINT('Ctrl Pts',(24.5217543951067,-83.623835837567,68.176932684517));
#6322=CARTESIAN_POINT('Ctrl Pts',(24.4818252313743,-83.2409596443176,68.176932684517));
#6323=CARTESIAN_POINT('',(24.4818252313743,-83.2409596443176,73.176932684517));
#6324=CARTESIAN_POINT('Ctrl Pts',(24.4818252313743,-83.2409596443176,73.176932684517));
#6325=CARTESIAN_POINT('Ctrl Pts',(24.5217543951067,-83.623835837567,73.176932684517));
#6326=CARTESIAN_POINT('Ctrl Pts',(24.600219590652,-84.3762296411117,73.176932684517));
#6327=CARTESIAN_POINT('Ctrl Pts',(24.6126388925331,-85.1325847659022,73.176932684517));
#6328=CARTESIAN_POINT('Ctrl Pts',(24.6187382925163,-85.504047870636,73.176932684517));
#6329=CARTESIAN_POINT('',(24.4818252313743,-83.2409596443176,73.176932684517));
#6330=CARTESIAN_POINT('Ctrl Pts',(24.2482680071006,-81.0745167732239,73.176932684517));
#6331=CARTESIAN_POINT('Ctrl Pts',(24.2482680071006,-81.0745167732239,-26.823067315483));
#6332=CARTESIAN_POINT('Ctrl Pts',(24.2830000157206,-81.4215855006778,73.176932684517));
#6333=CARTESIAN_POINT('Ctrl Pts',(24.2830000157206,-81.4215855006778,-26.823067315483));
#6334=CARTESIAN_POINT('Ctrl Pts',(24.3553265824193,-82.1443277336381,73.176932684517));
#6335=CARTESIAN_POINT('Ctrl Pts',(24.3553265824193,-82.1443277336381,-26.823067315483));
#6336=CARTESIAN_POINT('Ctrl Pts',(24.4385609287696,-82.8658962327989,73.176932684517));
#6337=CARTESIAN_POINT('Ctrl Pts',(24.4385609287696,-82.8658962327989,-26.823067315483));
#6338=CARTESIAN_POINT('Ctrl Pts',(24.4818252313743,-83.2409596443176,73.176932684517));
#6339=CARTESIAN_POINT('Ctrl Pts',(24.4818252313743,-83.2409596443177,-26.823067315483));
#6340=CARTESIAN_POINT('',(24.2482680071006,-81.0745167732239,68.176932684517));
#6341=CARTESIAN_POINT('Ctrl Pts',(24.4818252313743,-83.2409596443176,68.176932684517));
#6342=CARTESIAN_POINT('Ctrl Pts',(24.4385609287696,-82.8658962327989,68.176932684517));
#6343=CARTESIAN_POINT('Ctrl Pts',(24.395296626165,-82.4908328212801,68.176932684517));
#6344=CARTESIAN_POINT('Ctrl Pts',(24.3549793947349,-82.1154522895813,68.176932684517));
#6345=CARTESIAN_POINT('Ctrl Pts',(24.3177320243406,-81.7686542281316,68.176932684517));
#6346=CARTESIAN_POINT('Ctrl Pts',(24.2830000157206,-81.4215855006778,68.176932684517));
#6347=CARTESIAN_POINT('Ctrl Pts',(24.2482680071006,-81.0745167732239,68.176932684517));
#6348=CARTESIAN_POINT('',(24.2482680071006,-81.0745167732239,73.176932684517));
#6349=CARTESIAN_POINT('Ctrl Pts',(24.2482680071006,-81.0745167732239,73.176932684517));
#6350=CARTESIAN_POINT('Ctrl Pts',(24.2830000157206,-81.4215855006778,73.176932684517));
#6351=CARTESIAN_POINT('Ctrl Pts',(24.3553265824193,-82.1443277336381,73.176932684517));
#6352=CARTESIAN_POINT('Ctrl Pts',(24.4385609287696,-82.8658962327989,73.176932684517));
#6353=CARTESIAN_POINT('Ctrl Pts',(24.4818252313743,-83.2409596443176,73.176932684517));
#6354=CARTESIAN_POINT('',(24.2482680071006,-81.0745167732239,73.176932684517));
#6355=CARTESIAN_POINT('Origin',(24.3288052070747,-81.0745167732239,73.176932684517));
#6356=CARTESIAN_POINT('',(24.3288052070747,-81.0745167732239,68.176932684517));
#6357=CARTESIAN_POINT('',(25.9144026035373,-81.0745167732239,68.176932684517));
#6358=CARTESIAN_POINT('',(24.3288052070747,-81.0745167732239,73.176932684517));
#6359=CARTESIAN_POINT('',(25.9144026035373,-81.0745167732239,73.176932684517));
#6360=CARTESIAN_POINT('',(24.3288052070747,-81.0745167732239,73.176932684517));
#6361=CARTESIAN_POINT('Origin',(25.5046439159522,-83.700020313263,73.176932684517));
#6362=CARTESIAN_POINT('',(25.5046439159522,-83.700020313263,68.176932684517));
#6363=CARTESIAN_POINT('',(5.98953703731206,-40.1251815132881,68.176932684517));
#6364=CARTESIAN_POINT('',(25.5046439159522,-83.700020313263,73.176932684517));
#6365=CARTESIAN_POINT('',(5.98953703731206,-40.1251815132881,73.176932684517));
#6366=CARTESIAN_POINT('',(25.5046439159522,-83.700020313263,73.176932684517));
#6367=CARTESIAN_POINT('Origin',(28.4684026229987,-89.4825673103333,73.176932684517));
#6368=CARTESIAN_POINT('',(28.4684026229987,-89.4825673103333,68.176932684517));
#6369=CARTESIAN_POINT('',(5.77782145655661,-45.2113006671237,68.176932684517));
#6370=CARTESIAN_POINT('',(28.4684026229987,-89.4825673103333,73.176932684517));
#6371=CARTESIAN_POINT('',(5.77782145655661,-45.2113006671237,73.176932684517));
#6372=CARTESIAN_POINT('',(28.4684026229987,-89.4825673103333,73.176932684517));
#6373=CARTESIAN_POINT('Origin',(31.3999468076835,-89.4825673103333,73.176932684517));
#6374=CARTESIAN_POINT('',(31.3999468076835,-89.4825673103333,68.176932684517));
#6375=CARTESIAN_POINT('',(29.4499734038417,-89.4825673103333,68.176932684517));
#6376=CARTESIAN_POINT('',(31.3999468076835,-89.4825673103333,73.176932684517));
#6377=CARTESIAN_POINT('',(29.4499734038417,-89.4825673103333,73.176932684517));
#6378=CARTESIAN_POINT('',(31.3999468076835,-89.4825673103333,73.176932684517));
#6379=CARTESIAN_POINT('Origin',(31.3999468076835,-77.4825692176819,73.176932684517));
#6380=CARTESIAN_POINT('',(31.3999468076835,-77.4825692176819,68.176932684517));
#6381=CARTESIAN_POINT('',(31.3999468076835,-27.8297509510995,68.176932684517));
#6382=CARTESIAN_POINT('',(31.3999468076835,-77.4825692176819,73.176932684517));
#6383=CARTESIAN_POINT('',(31.3999468076835,-27.8297509510995,73.176932684517));
#6384=CARTESIAN_POINT('',(31.3999468076835,-77.4825692176819,73.176932684517));
#6385=CARTESIAN_POINT('Origin',(28.6616915453086,-77.4825692176819,73.176932684517));
#6386=CARTESIAN_POINT('',(28.0808457726543,-77.4825692176819,68.176932684517));
#6387=CARTESIAN_POINT('',(28.0808457726543,-77.4825692176819,73.176932684517));
#6388=CARTESIAN_POINT('Origin',(27.5,21.823067315483,73.176932684517));
#6389=CARTESIAN_POINT('',(45.,146.823067315483,73.176932684517));
#6390=CARTESIAN_POINT('',(10.,146.823067315483,73.176932684517));
#6391=CARTESIAN_POINT('',(45.,146.823067315483,73.176932684517));
#6392=CARTESIAN_POINT('',(10.,-103.176932684517,73.176932684517));
#6393=CARTESIAN_POINT('',(10.,146.823067315483,73.176932684517));
#6394=CARTESIAN_POINT('',(45.,-103.176932684517,73.176932684517));
#6395=CARTESIAN_POINT('',(10.,-103.176932684517,73.176932684517));
#6396=CARTESIAN_POINT('',(45.,-103.176932684517,73.176932684517));
#6397=CARTESIAN_POINT('',(28.3757842705356,99.8597288131714,73.176932684517));
#6398=CARTESIAN_POINT('',(24.8241068531649,99.8597288131714,73.176932684517));
#6399=CARTESIAN_POINT('',(25.6164157384937,99.8597288131714,73.176932684517));
#6400=CARTESIAN_POINT('',(16.1267253434602,65.0701958530029,73.176932684517));
#6401=CARTESIAN_POINT('',(37.8750999565138,61.8624433906711,73.176932684517));
#6402=CARTESIAN_POINT('Origin',(45.,146.823067315483,73.176932684517));
#6403=CARTESIAN_POINT('',(45.,146.823067315483,68.176932684517));
#6404=CARTESIAN_POINT('',(45.,-103.176932684517,68.176932684517));
#6405=CARTESIAN_POINT('',(45.,84.323067315483,68.176932684517));
#6406=CARTESIAN_POINT('',(45.,146.823067315483,73.176932684517));
#6407=CARTESIAN_POINT('',(45.,-103.176932684517,73.176932684517));
#6408=CARTESIAN_POINT('Origin',(45.,-103.176932684517,73.176932684517));
#6409=CARTESIAN_POINT('',(10.,-103.176932684517,68.176932684517));
#6410=CARTESIAN_POINT('',(36.25,-103.176932684517,68.176932684517));
#6411=CARTESIAN_POINT('',(10.,-103.176932684517,73.176932684517));
#6412=CARTESIAN_POINT('Origin',(10.,-103.176932684517,73.176932684517));
#6413=CARTESIAN_POINT('',(10.,146.823067315483,68.176932684517));
#6414=CARTESIAN_POINT('',(10.,-40.676932684517,68.176932684517));
#6415=CARTESIAN_POINT('',(10.,146.823067315483,73.176932684517));
#6416=CARTESIAN_POINT('Origin',(10.,146.823067315483,73.176932684517));
#6417=CARTESIAN_POINT('',(18.75,146.823067315483,68.176932684517));
#6418=CARTESIAN_POINT('Origin',(27.5,21.823067315483,68.176932684517));
#6419=CARTESIAN_POINT('',(24.8241068531649,99.8597288131714,68.176932684517));
#6420=CARTESIAN_POINT('',(28.3757842705356,99.8597288131714,68.176932684517));
#6421=CARTESIAN_POINT('',(25.6164157384937,99.8597288131714,68.176932684517));
#6422=CARTESIAN_POINT('',(37.8750999565138,61.8624433906711,68.176932684517));
#6423=CARTESIAN_POINT('',(16.1267253434602,65.0701958530029,68.176932684517));
#6424=CARTESIAN_POINT('Origin',(29.0643745649466,97.1053659915924,73.176932684517));
#6425=CARTESIAN_POINT('',(28.3757842705356,99.8597288131714,73.176932684517));
#6426=CARTESIAN_POINT('Origin',(25.6335026014457,103.097312450409,73.176932684517));
#6427=CARTESIAN_POINT('',(24.8241068531649,99.8597288131714,73.176932684517));
#6428=CARTESIAN_POINT('Origin',(23.7328314769874,99.8597288131714,73.176932684517));
#6429=UNCERTAINTY_MEASURE_WITH_UNIT(LENGTH_MEASURE(0.01),#6433,
'DISTANCE_ACCURACY_VALUE',
'Maximum model space distance between geometric entities at asserted c
onnectivities');
#6430=UNCERTAINTY_MEASURE_WITH_UNIT(LENGTH_MEASURE(0.01),#6433,
'DISTANCE_ACCURACY_VALUE',
'Maximum model space distance between geometric entities at asserted c
onnectivities');
#6431=(
GEOMETRIC_REPRESENTATION_CONTEXT(3)
GLOBAL_UNCERTAINTY_ASSIGNED_CONTEXT((#6429))
GLOBAL_UNIT_ASSIGNED_CONTEXT((#6433,#6435,#6436))
REPRESENTATION_CONTEXT('','3D')
);
#6432=(
GEOMETRIC_REPRESENTATION_CONTEXT(3)
GLOBAL_UNCERTAINTY_ASSIGNED_CONTEXT((#6430))
GLOBAL_UNIT_ASSIGNED_CONTEXT((#6433,#6435,#6436))
REPRESENTATION_CONTEXT('','3D')
);
#6433=(
LENGTH_UNIT()
NAMED_UNIT(*)
SI_UNIT(.MILLI.,.METRE.)
);
#6434=(
LENGTH_UNIT()
NAMED_UNIT(*)
SI_UNIT($,.METRE.)
);
#6435=(
NAMED_UNIT(*)
PLANE_ANGLE_UNIT()
SI_UNIT($,.RADIAN.)
);
#6436=(
NAMED_UNIT(*)
SI_UNIT($,.STERADIAN.)
SOLID_ANGLE_UNIT()
);
#6437=SHAPE_DEFINITION_REPRESENTATION(#6438,#6439);
#6438=PRODUCT_DEFINITION_SHAPE('',$,#6441);
#6439=SHAPE_REPRESENTATION('',(#3403),#6431);
#6440=PRODUCT_DEFINITION_CONTEXT('part definition',#6445,'design');
#6441=PRODUCT_DEFINITION('2026-08-09-19-34-49-757','nameplate',#6442,#6440);
#6442=PRODUCT_DEFINITION_FORMATION('',$,#6447);
#6443=PRODUCT_RELATED_PRODUCT_CATEGORY('nameplate','nameplate',(#6447));
#6444=APPLICATION_PROTOCOL_DEFINITION('international standard',
'automotive_design',2009,#6445);
#6445=APPLICATION_CONTEXT(
'Core Data for Automotive Mechanical Design Process');
#6446=PRODUCT_CONTEXT('part definition',#6445,'mechanical');
#6447=PRODUCT('2026-08-09-19-34-49-757','nameplate',$,(#6446));
#6448=PRESENTATION_STYLE_ASSIGNMENT((#6449));
#6449=SURFACE_STYLE_USAGE(.BOTH.,#6450);
#6450=SURFACE_SIDE_STYLE('',(#6451));
#6451=SURFACE_STYLE_FILL_AREA(#6452);
#6452=FILL_AREA_STYLE('Steel - Satin',(#6453));
#6453=FILL_AREA_STYLE_COLOUR('Steel - Satin',#6454);
#6454=COLOUR_RGB('Steel - Satin',0.627450980392157,0.627450980392157,0.627450980392157);
ENDSEC;
END-ISO-10303-21;
