ISO-10303-21;
HEADER;
/* Generated by software containing ST-Developer
 * from STEP Tools, Inc. (www.steptools.com) 
 */

FILE_DESCRIPTION(
/* description */ (''),
/* implementation_level */ '2;1');

FILE_NAME(
/* name */ 'backrest_outer_frame.step',
/* time_stamp */ '2026-08-14T19:17:08+09:00',
/* author */ (''),
/* organization */ (''),
/* preprocessor_version */ 'ST-DEVELOPER v20.1',
/* originating_system */ 'Autodesk Translation Framework v15.8.0.0',
/* authorisation */ '');

FILE_SCHEMA (('AUTOMOTIVE_DESIGN { 1 0 10303 214 3 1 1 }'));
ENDSEC;

DATA;
#10=MECHANICAL_DESIGN_GEOMETRIC_PRESENTATION_REPRESENTATION('',(#13),#2853);
#11=SHAPE_REPRESENTATION_RELATIONSHIP('SRR','None',#2860,#12);
#12=ADVANCED_BREP_SHAPE_REPRESENTATION('',(#1805),#2852);
#13=STYLED_ITEM('',(#2869),#1805);
#14=FACE_BOUND('',#133,.T.);
#15=ORIENTED_CLOSED_SHELL('',*,#1802,.F.);
#16=ORIENTED_CLOSED_SHELL('',*,#1804,.F.);
#17=FACE_OUTER_BOUND('',#106,.T.);
#18=FACE_OUTER_BOUND('',#107,.T.);
#19=FACE_OUTER_BOUND('',#108,.T.);
#20=FACE_OUTER_BOUND('',#109,.T.);
#21=FACE_OUTER_BOUND('',#110,.T.);
#22=FACE_OUTER_BOUND('',#111,.T.);
#23=FACE_OUTER_BOUND('',#112,.T.);
#24=FACE_OUTER_BOUND('',#113,.T.);
#25=FACE_OUTER_BOUND('',#114,.T.);
#26=FACE_OUTER_BOUND('',#115,.T.);
#27=FACE_OUTER_BOUND('',#116,.T.);
#28=FACE_OUTER_BOUND('',#117,.T.);
#29=FACE_OUTER_BOUND('',#118,.T.);
#30=FACE_OUTER_BOUND('',#119,.T.);
#31=FACE_OUTER_BOUND('',#120,.T.);
#32=FACE_OUTER_BOUND('',#121,.T.);
#33=FACE_OUTER_BOUND('',#122,.T.);
#34=FACE_OUTER_BOUND('',#123,.T.);
#35=FACE_OUTER_BOUND('',#124,.T.);
#36=FACE_OUTER_BOUND('',#125,.T.);
#37=FACE_OUTER_BOUND('',#126,.T.);
#38=FACE_OUTER_BOUND('',#127,.T.);
#39=FACE_OUTER_BOUND('',#128,.T.);
#40=FACE_OUTER_BOUND('',#129,.T.);
#41=FACE_OUTER_BOUND('',#130,.T.);
#42=FACE_OUTER_BOUND('',#131,.T.);
#43=FACE_OUTER_BOUND('',#132,.T.);
#44=FACE_OUTER_BOUND('',#134,.T.);
#45=FACE_OUTER_BOUND('',#135,.T.);
#46=FACE_OUTER_BOUND('',#136,.T.);
#47=FACE_OUTER_BOUND('',#137,.T.);
#48=FACE_OUTER_BOUND('',#138,.T.);
#49=FACE_OUTER_BOUND('',#139,.T.);
#50=FACE_OUTER_BOUND('',#140,.T.);
#51=FACE_OUTER_BOUND('',#141,.T.);
#52=FACE_OUTER_BOUND('',#142,.T.);
#53=FACE_OUTER_BOUND('',#143,.T.);
#54=FACE_OUTER_BOUND('',#144,.T.);
#55=FACE_OUTER_BOUND('',#145,.T.);
#56=FACE_OUTER_BOUND('',#146,.T.);
#57=FACE_OUTER_BOUND('',#147,.T.);
#58=FACE_OUTER_BOUND('',#148,.T.);
#59=FACE_OUTER_BOUND('',#149,.T.);
#60=FACE_OUTER_BOUND('',#150,.T.);
#61=FACE_OUTER_BOUND('',#151,.T.);
#62=FACE_OUTER_BOUND('',#152,.T.);
#63=FACE_OUTER_BOUND('',#153,.T.);
#64=FACE_OUTER_BOUND('',#154,.T.);
#65=FACE_OUTER_BOUND('',#155,.T.);
#66=FACE_OUTER_BOUND('',#156,.T.);
#67=FACE_OUTER_BOUND('',#157,.T.);
#68=FACE_OUTER_BOUND('',#158,.T.);
#69=FACE_OUTER_BOUND('',#159,.T.);
#70=FACE_OUTER_BOUND('',#160,.T.);
#71=FACE_OUTER_BOUND('',#161,.T.);
#72=FACE_OUTER_BOUND('',#162,.T.);
#73=FACE_OUTER_BOUND('',#163,.T.);
#74=FACE_OUTER_BOUND('',#164,.T.);
#75=FACE_OUTER_BOUND('',#165,.T.);
#76=FACE_OUTER_BOUND('',#166,.T.);
#77=FACE_OUTER_BOUND('',#167,.T.);
#78=FACE_OUTER_BOUND('',#168,.T.);
#79=FACE_OUTER_BOUND('',#169,.T.);
#80=FACE_OUTER_BOUND('',#170,.T.);
#81=FACE_OUTER_BOUND('',#171,.T.);
#82=FACE_OUTER_BOUND('',#172,.T.);
#83=FACE_OUTER_BOUND('',#173,.T.);
#84=FACE_OUTER_BOUND('',#174,.T.);
#85=FACE_OUTER_BOUND('',#175,.T.);
#86=FACE_OUTER_BOUND('',#176,.T.);
#87=FACE_OUTER_BOUND('',#177,.T.);
#88=FACE_OUTER_BOUND('',#178,.T.);
#89=FACE_OUTER_BOUND('',#179,.T.);
#90=FACE_OUTER_BOUND('',#180,.T.);
#91=FACE_OUTER_BOUND('',#181,.T.);
#92=FACE_OUTER_BOUND('',#182,.T.);
#93=FACE_OUTER_BOUND('',#183,.T.);
#94=FACE_OUTER_BOUND('',#184,.T.);
#95=FACE_OUTER_BOUND('',#185,.T.);
#96=FACE_OUTER_BOUND('',#186,.T.);
#97=FACE_OUTER_BOUND('',#187,.T.);
#98=FACE_OUTER_BOUND('',#188,.T.);
#99=FACE_OUTER_BOUND('',#189,.T.);
#100=FACE_OUTER_BOUND('',#190,.T.);
#101=FACE_OUTER_BOUND('',#191,.T.);
#102=FACE_OUTER_BOUND('',#192,.T.);
#103=FACE_OUTER_BOUND('',#193,.T.);
#104=FACE_OUTER_BOUND('',#194,.T.);
#105=FACE_OUTER_BOUND('',#195,.T.);
#106=EDGE_LOOP('',(#1120,#1121,#1122,#1123));
#107=EDGE_LOOP('',(#1124,#1125,#1126,#1127,#1128,#1129,#1130,#1131,#1132,
#1133));
#108=EDGE_LOOP('',(#1134,#1135,#1136,#1137));
#109=EDGE_LOOP('',(#1138,#1139,#1140,#1141,#1142,#1143,#1144,#1145));
#110=EDGE_LOOP('',(#1146,#1147,#1148,#1149,#1150,#1151,#1152,#1153));
#111=EDGE_LOOP('',(#1154,#1155,#1156,#1157));
#112=EDGE_LOOP('',(#1158,#1159,#1160,#1161,#1162,#1163));
#113=EDGE_LOOP('',(#1164,#1165,#1166,#1167));
#114=EDGE_LOOP('',(#1168,#1169,#1170,#1171));
#115=EDGE_LOOP('',(#1172,#1173,#1174,#1175));
#116=EDGE_LOOP('',(#1176,#1177,#1178,#1179));
#117=EDGE_LOOP('',(#1180,#1181,#1182,#1183));
#118=EDGE_LOOP('',(#1184,#1185,#1186,#1187));
#119=EDGE_LOOP('',(#1188,#1189,#1190,#1191));
#120=EDGE_LOOP('',(#1192,#1193,#1194,#1195));
#121=EDGE_LOOP('',(#1196,#1197,#1198,#1199,#1200,#1201,#1202,#1203));
#122=EDGE_LOOP('',(#1204,#1205,#1206,#1207));
#123=EDGE_LOOP('',(#1208,#1209,#1210,#1211));
#124=EDGE_LOOP('',(#1212,#1213,#1214,#1215));
#125=EDGE_LOOP('',(#1216,#1217,#1218,#1219));
#126=EDGE_LOOP('',(#1220,#1221,#1222,#1223));
#127=EDGE_LOOP('',(#1224,#1225,#1226,#1227));
#128=EDGE_LOOP('',(#1228,#1229,#1230,#1231));
#129=EDGE_LOOP('',(#1232,#1233,#1234,#1235));
#130=EDGE_LOOP('',(#1236,#1237,#1238,#1239));
#131=EDGE_LOOP('',(#1240,#1241,#1242,#1243,#1244,#1245,#1246,#1247,#1248,
#1249,#1250,#1251));
#132=EDGE_LOOP('',(#1252,#1253,#1254,#1255));
#133=EDGE_LOOP('',(#1256,#1257,#1258,#1259,#1260,#1261,#1262,#1263,#1264,
#1265,#1266,#1267,#1268,#1269,#1270,#1271,#1272,#1273,#1274,#1275,#1276,
#1277,#1278,#1279,#1280,#1281,#1282,#1283,#1284,#1285,#1286,#1287,#1288,
#1289,#1290,#1291,#1292,#1293,#1294,#1295));
#134=EDGE_LOOP('',(#1296,#1297,#1298,#1299));
#135=EDGE_LOOP('',(#1300,#1301,#1302,#1303));
#136=EDGE_LOOP('',(#1304,#1305,#1306,#1307));
#137=EDGE_LOOP('',(#1308,#1309,#1310,#1311));
#138=EDGE_LOOP('',(#1312,#1313,#1314,#1315));
#139=EDGE_LOOP('',(#1316,#1317,#1318,#1319));
#140=EDGE_LOOP('',(#1320,#1321,#1322,#1323));
#141=EDGE_LOOP('',(#1324,#1325,#1326,#1327));
#142=EDGE_LOOP('',(#1328,#1329,#1330,#1331));
#143=EDGE_LOOP('',(#1332,#1333,#1334,#1335));
#144=EDGE_LOOP('',(#1336,#1337,#1338,#1339));
#145=EDGE_LOOP('',(#1340,#1341,#1342,#1343));
#146=EDGE_LOOP('',(#1344,#1345,#1346,#1347));
#147=EDGE_LOOP('',(#1348,#1349,#1350,#1351));
#148=EDGE_LOOP('',(#1352,#1353,#1354,#1355));
#149=EDGE_LOOP('',(#1356,#1357,#1358,#1359));
#150=EDGE_LOOP('',(#1360,#1361,#1362,#1363));
#151=EDGE_LOOP('',(#1364,#1365,#1366,#1367));
#152=EDGE_LOOP('',(#1368,#1369,#1370,#1371));
#153=EDGE_LOOP('',(#1372,#1373,#1374,#1375));
#154=EDGE_LOOP('',(#1376,#1377,#1378,#1379));
#155=EDGE_LOOP('',(#1380,#1381,#1382,#1383));
#156=EDGE_LOOP('',(#1384,#1385,#1386,#1387));
#157=EDGE_LOOP('',(#1388,#1389,#1390,#1391));
#158=EDGE_LOOP('',(#1392,#1393,#1394,#1395));
#159=EDGE_LOOP('',(#1396,#1397,#1398,#1399));
#160=EDGE_LOOP('',(#1400,#1401,#1402,#1403));
#161=EDGE_LOOP('',(#1404,#1405,#1406,#1407));
#162=EDGE_LOOP('',(#1408,#1409,#1410,#1411));
#163=EDGE_LOOP('',(#1412,#1413,#1414,#1415));
#164=EDGE_LOOP('',(#1416,#1417,#1418,#1419));
#165=EDGE_LOOP('',(#1420,#1421,#1422,#1423));
#166=EDGE_LOOP('',(#1424,#1425,#1426,#1427,#1428,#1429,#1430,#1431));
#167=EDGE_LOOP('',(#1432,#1433,#1434,#1435));
#168=EDGE_LOOP('',(#1436,#1437,#1438,#1439,#1440,#1441,#1442,#1443,#1444,
#1445,#1446,#1447));
#169=EDGE_LOOP('',(#1448,#1449,#1450,#1451));
#170=EDGE_LOOP('',(#1452,#1453,#1454,#1455,#1456,#1457,#1458,#1459,#1460,
#1461,#1462,#1463,#1464,#1465,#1466,#1467,#1468,#1469,#1470,#1471,#1472,
#1473,#1474,#1475));
#171=EDGE_LOOP('',(#1476,#1477,#1478,#1479,#1480,#1481,#1482,#1483,#1484,
#1485,#1486,#1487,#1488,#1489,#1490,#1491,#1492,#1493,#1494,#1495,#1496,
#1497,#1498,#1499));
#172=EDGE_LOOP('',(#1500,#1501,#1502,#1503,#1504,#1505,#1506,#1507));
#173=EDGE_LOOP('',(#1508,#1509,#1510,#1511));
#174=EDGE_LOOP('',(#1512,#1513,#1514,#1515));
#175=EDGE_LOOP('',(#1516,#1517,#1518,#1519,#1520,#1521,#1522,#1523));
#176=EDGE_LOOP('',(#1524,#1525,#1526,#1527));
#177=EDGE_LOOP('',(#1528,#1529,#1530,#1531));
#178=EDGE_LOOP('',(#1532,#1533,#1534,#1535));
#179=EDGE_LOOP('',(#1536,#1537,#1538,#1539));
#180=EDGE_LOOP('',(#1540,#1541,#1542,#1543));
#181=EDGE_LOOP('',(#1544,#1545,#1546,#1547));
#182=EDGE_LOOP('',(#1548,#1549,#1550,#1551));
#183=EDGE_LOOP('',(#1552,#1553,#1554,#1555));
#184=EDGE_LOOP('',(#1556,#1557,#1558,#1559));
#185=EDGE_LOOP('',(#1560,#1561,#1562,#1563));
#186=EDGE_LOOP('',(#1564,#1565,#1566,#1567));
#187=EDGE_LOOP('',(#1568,#1569,#1570,#1571));
#188=EDGE_LOOP('',(#1572,#1573,#1574,#1575,#1576,#1577,#1578,#1579));
#189=EDGE_LOOP('',(#1580,#1581,#1582,#1583,#1584,#1585,#1586,#1587,#1588,
#1589));
#190=EDGE_LOOP('',(#1590,#1591,#1592,#1593));
#191=EDGE_LOOP('',(#1594,#1595,#1596,#1597));
#192=EDGE_LOOP('',(#1598,#1599,#1600,#1601,#1602,#1603,#1604,#1605));
#193=EDGE_LOOP('',(#1606,#1607,#1608,#1609,#1610,#1611));
#194=EDGE_LOOP('',(#1612,#1613,#1614,#1615,#1616,#1617,#1618,#1619));
#195=EDGE_LOOP('',(#1620,#1621,#1622,#1623));
#196=LINE('',#2344,#448);
#197=LINE('',#2346,#449);
#198=LINE('',#2348,#450);
#199=LINE('',#2349,#451);
#200=LINE('',#2352,#452);
#201=LINE('',#2354,#453);
#202=LINE('',#2356,#454);
#203=LINE('',#2358,#455);
#204=LINE('',#2360,#456);
#205=LINE('',#2362,#457);
#206=LINE('',#2364,#458);
#207=LINE('',#2366,#459);
#208=LINE('',#2367,#460);
#209=LINE('',#2370,#461);
#210=LINE('',#2371,#462);
#211=LINE('',#2375,#463);
#212=LINE('',#2377,#464);
#213=LINE('',#2379,#465);
#214=LINE('',#2381,#466);
#215=LINE('',#2383,#467);
#216=LINE('',#2384,#468);
#217=LINE('',#2385,#469);
#218=LINE('',#2387,#470);
#219=LINE('',#2389,#471);
#220=LINE('',#2391,#472);
#221=LINE('',#2392,#473);
#222=LINE('',#2395,#474);
#223=LINE('',#2396,#475);
#224=LINE('',#2399,#476);
#225=LINE('',#2400,#477);
#226=LINE('',#2403,#478);
#227=LINE('',#2404,#479);
#228=LINE('',#2407,#480);
#229=LINE('',#2408,#481);
#230=LINE('',#2411,#482);
#231=LINE('',#2412,#483);
#232=LINE('',#2414,#484);
#233=LINE('',#2417,#485);
#234=LINE('',#2418,#486);
#235=LINE('',#2421,#487);
#236=LINE('',#2422,#488);
#237=LINE('',#2424,#489);
#238=LINE('',#2430,#490);
#239=LINE('',#2432,#491);
#240=LINE('',#2434,#492);
#241=LINE('',#2435,#493);
#242=LINE('',#2438,#494);
#243=LINE('',#2440,#495);
#244=LINE('',#2441,#496);
#245=LINE('',#2444,#497);
#246=LINE('',#2446,#498);
#247=LINE('',#2447,#499);
#248=LINE('',#2449,#500);
#249=LINE('',#2453,#501);
#250=LINE('',#2455,#502);
#251=LINE('',#2457,#503);
#252=LINE('',#2458,#504);
#253=LINE('',#2462,#505);
#254=LINE('',#2464,#506);
#255=LINE('',#2466,#507);
#256=LINE('',#2467,#508);
#257=LINE('',#2471,#509);
#258=LINE('',#2472,#510);
#259=LINE('',#2473,#511);
#260=LINE('',#2476,#512);
#261=LINE('',#2477,#513);
#262=LINE('',#2480,#514);
#263=LINE('',#2481,#515);
#264=LINE('',#2485,#516);
#265=LINE('',#2487,#517);
#266=LINE('',#2489,#518);
#267=LINE('',#2491,#519);
#268=LINE('',#2493,#520);
#269=LINE('',#2495,#521);
#270=LINE('',#2497,#522);
#271=LINE('',#2499,#523);
#272=LINE('',#2501,#524);
#273=LINE('',#2503,#525);
#274=LINE('',#2505,#526);
#275=LINE('',#2506,#527);
#276=LINE('',#2509,#528);
#277=LINE('',#2511,#529);
#278=LINE('',#2512,#530);
#279=LINE('',#2513,#531);
#280=LINE('',#2515,#532);
#281=LINE('',#2517,#533);
#282=LINE('',#2519,#534);
#283=LINE('',#2521,#535);
#284=LINE('',#2523,#536);
#285=LINE('',#2525,#537);
#286=LINE('',#2527,#538);
#287=LINE('',#2529,#539);
#288=LINE('',#2531,#540);
#289=LINE('',#2533,#541);
#290=LINE('',#2535,#542);
#291=LINE('',#2537,#543);
#292=LINE('',#2539,#544);
#293=LINE('',#2541,#545);
#294=LINE('',#2543,#546);
#295=LINE('',#2545,#547);
#296=LINE('',#2547,#548);
#297=LINE('',#2549,#549);
#298=LINE('',#2551,#550);
#299=LINE('',#2553,#551);
#300=LINE('',#2555,#552);
#301=LINE('',#2557,#553);
#302=LINE('',#2559,#554);
#303=LINE('',#2561,#555);
#304=LINE('',#2563,#556);
#305=LINE('',#2565,#557);
#306=LINE('',#2567,#558);
#307=LINE('',#2569,#559);
#308=LINE('',#2571,#560);
#309=LINE('',#2573,#561);
#310=LINE('',#2574,#562);
#311=LINE('',#2575,#563);
#312=LINE('',#2578,#564);
#313=LINE('',#2579,#565);
#314=LINE('',#2582,#566);
#315=LINE('',#2583,#567);
#316=LINE('',#2586,#568);
#317=LINE('',#2588,#569);
#318=LINE('',#2589,#570);
#319=LINE('',#2592,#571);
#320=LINE('',#2594,#572);
#321=LINE('',#2595,#573);
#322=LINE('',#2598,#574);
#323=LINE('',#2599,#575);
#324=LINE('',#2602,#576);
#325=LINE('',#2603,#577);
#326=LINE('',#2606,#578);
#327=LINE('',#2607,#579);
#328=LINE('',#2610,#580);
#329=LINE('',#2611,#581);
#330=LINE('',#2613,#582);
#331=LINE('',#2615,#583);
#332=LINE('',#2618,#584);
#333=LINE('',#2620,#585);
#334=LINE('',#2621,#586);
#335=LINE('',#2624,#587);
#336=LINE('',#2626,#588);
#337=LINE('',#2627,#589);
#338=LINE('',#2630,#590);
#339=LINE('',#2631,#591);
#340=LINE('',#2634,#592);
#341=LINE('',#2635,#593);
#342=LINE('',#2638,#594);
#343=LINE('',#2639,#595);
#344=LINE('',#2642,#596);
#345=LINE('',#2643,#597);
#346=LINE('',#2645,#598);
#347=LINE('',#2647,#599);
#348=LINE('',#2650,#600);
#349=LINE('',#2652,#601);
#350=LINE('',#2653,#602);
#351=LINE('',#2656,#603);
#352=LINE('',#2658,#604);
#353=LINE('',#2659,#605);
#354=LINE('',#2662,#606);
#355=LINE('',#2663,#607);
#356=LINE('',#2666,#608);
#357=LINE('',#2667,#609);
#358=LINE('',#2670,#610);
#359=LINE('',#2671,#611);
#360=LINE('',#2674,#612);
#361=LINE('',#2675,#613);
#362=LINE('',#2677,#614);
#363=LINE('',#2679,#615);
#364=LINE('',#2682,#616);
#365=LINE('',#2684,#617);
#366=LINE('',#2685,#618);
#367=LINE('',#2688,#619);
#368=LINE('',#2690,#620);
#369=LINE('',#2691,#621);
#370=LINE('',#2694,#622);
#371=LINE('',#2695,#623);
#372=LINE('',#2698,#624);
#373=LINE('',#2699,#625);
#374=LINE('',#2702,#626);
#375=LINE('',#2703,#627);
#376=LINE('',#2706,#628);
#377=LINE('',#2707,#629);
#378=LINE('',#2710,#630);
#379=LINE('',#2712,#631);
#380=LINE('',#2713,#632);
#381=LINE('',#2717,#633);
#382=LINE('',#2718,#634);
#383=LINE('',#2719,#635);
#384=LINE('',#2722,#636);
#385=LINE('',#2724,#637);
#386=LINE('',#2726,#638);
#387=LINE('',#2728,#639);
#388=LINE('',#2730,#640);
#389=LINE('',#2732,#641);
#390=LINE('',#2734,#642);
#391=LINE('',#2736,#643);
#392=LINE('',#2738,#644);
#393=LINE('',#2740,#645);
#394=LINE('',#2741,#646);
#395=LINE('',#2743,#647);
#396=LINE('',#2745,#648);
#397=LINE('',#2747,#649);
#398=LINE('',#2749,#650);
#399=LINE('',#2750,#651);
#400=LINE('',#2752,#652);
#401=LINE('',#2754,#653);
#402=LINE('',#2756,#654);
#403=LINE('',#2757,#655);
#404=LINE('',#2760,#656);
#405=LINE('',#2762,#657);
#406=LINE('',#2767,#658);
#407=LINE('',#2769,#659);
#408=LINE('',#2771,#660);
#409=LINE('',#2772,#661);
#410=LINE('',#2776,#662);
#411=LINE('',#2778,#663);
#412=LINE('',#2780,#664);
#413=LINE('',#2781,#665);
#414=LINE('',#2785,#666);
#415=LINE('',#2786,#667);
#416=LINE('',#2787,#668);
#417=LINE('',#2790,#669);
#418=LINE('',#2791,#670);
#419=LINE('',#2794,#671);
#420=LINE('',#2795,#672);
#421=LINE('',#2799,#673);
#422=LINE('',#2801,#674);
#423=LINE('',#2803,#675);
#424=LINE('',#2804,#676);
#425=LINE('',#2807,#677);
#426=LINE('',#2809,#678);
#427=LINE('',#2810,#679);
#428=LINE('',#2813,#680);
#429=LINE('',#2815,#681);
#430=LINE('',#2816,#682);
#431=LINE('',#2820,#683);
#432=LINE('',#2821,#684);
#433=LINE('',#2822,#685);
#434=LINE('',#2823,#686);
#435=LINE('',#2826,#687);
#436=LINE('',#2828,#688);
#437=LINE('',#2830,#689);
#438=LINE('',#2831,#690);
#439=LINE('',#2834,#691);
#440=LINE('',#2836,#692);
#441=LINE('',#2837,#693);
#442=LINE('',#2839,#694);
#443=LINE('',#2840,#695);
#444=LINE('',#2842,#696);
#445=LINE('',#2845,#697);
#446=LINE('',#2846,#698);
#447=LINE('',#2848,#699);
#448=VECTOR('',#1912,10.);
#449=VECTOR('',#1913,10.);
#450=VECTOR('',#1914,10.);
#451=VECTOR('',#1915,10.);
#452=VECTOR('',#1918,10.);
#453=VECTOR('',#1919,10.);
#454=VECTOR('',#1920,10.);
#455=VECTOR('',#1921,10.);
#456=VECTOR('',#1922,10.);
#457=VECTOR('',#1923,10.);
#458=VECTOR('',#1924,10.);
#459=VECTOR('',#1925,10.);
#460=VECTOR('',#1926,10.);
#461=VECTOR('',#1929,10.);
#462=VECTOR('',#1930,10.);
#463=VECTOR('',#1933,10.);
#464=VECTOR('',#1934,10.);
#465=VECTOR('',#1935,10.);
#466=VECTOR('',#1936,10.);
#467=VECTOR('',#1937,10.);
#468=VECTOR('',#1938,10.);
#469=VECTOR('',#1939,10.);
#470=VECTOR('',#1942,10.);
#471=VECTOR('',#1943,10.);
#472=VECTOR('',#1944,10.);
#473=VECTOR('',#1945,10.);
#474=VECTOR('',#1948,10.);
#475=VECTOR('',#1949,10.);
#476=VECTOR('',#1952,10.);
#477=VECTOR('',#1953,10.);
#478=VECTOR('',#1956,10.);
#479=VECTOR('',#1957,10.);
#480=VECTOR('',#1960,10.);
#481=VECTOR('',#1961,10.);
#482=VECTOR('',#1964,10.);
#483=VECTOR('',#1965,10.);
#484=VECTOR('',#1968,10.);
#485=VECTOR('',#1971,10.);
#486=VECTOR('',#1972,10.);
#487=VECTOR('',#1975,10.);
#488=VECTOR('',#1976,10.);
#489=VECTOR('',#1979,10.);
#490=VECTOR('',#1986,10.);
#491=VECTOR('',#1987,10.);
#492=VECTOR('',#1988,10.);
#493=VECTOR('',#1989,10.);
#494=VECTOR('',#1992,10.);
#495=VECTOR('',#1993,10.);
#496=VECTOR('',#1994,10.);
#497=VECTOR('',#1997,10.);
#498=VECTOR('',#1998,10.);
#499=VECTOR('',#1999,10.);
#500=VECTOR('',#2002,10.);
#501=VECTOR('',#2005,10.);
#502=VECTOR('',#2006,10.);
#503=VECTOR('',#2007,10.);
#504=VECTOR('',#2008,10.);
#505=VECTOR('',#2011,10.);
#506=VECTOR('',#2012,10.);
#507=VECTOR('',#2013,10.);
#508=VECTOR('',#2014,10.);
#509=VECTOR('',#2017,10.);
#510=VECTOR('',#2018,10.);
#511=VECTOR('',#2019,10.);
#512=VECTOR('',#2022,10.);
#513=VECTOR('',#2023,10.);
#514=VECTOR('',#2026,10.);
#515=VECTOR('',#2027,10.);
#516=VECTOR('',#2030,10.);
#517=VECTOR('',#2031,10.);
#518=VECTOR('',#2032,10.);
#519=VECTOR('',#2033,10.);
#520=VECTOR('',#2034,10.);
#521=VECTOR('',#2035,10.);
#522=VECTOR('',#2036,10.);
#523=VECTOR('',#2037,10.);
#524=VECTOR('',#2038,10.);
#525=VECTOR('',#2039,10.);
#526=VECTOR('',#2040,10.);
#527=VECTOR('',#2041,10.);
#528=VECTOR('',#2044,10.);
#529=VECTOR('',#2045,10.);
#530=VECTOR('',#2046,10.);
#531=VECTOR('',#2047,10.);
#532=VECTOR('',#2048,10.);
#533=VECTOR('',#2049,10.);
#534=VECTOR('',#2050,10.);
#535=VECTOR('',#2051,10.);
#536=VECTOR('',#2052,10.);
#537=VECTOR('',#2053,10.);
#538=VECTOR('',#2054,10.);
#539=VECTOR('',#2055,10.);
#540=VECTOR('',#2056,10.);
#541=VECTOR('',#2057,10.);
#542=VECTOR('',#2058,10.);
#543=VECTOR('',#2059,10.);
#544=VECTOR('',#2060,10.);
#545=VECTOR('',#2061,10.);
#546=VECTOR('',#2062,10.);
#547=VECTOR('',#2063,10.);
#548=VECTOR('',#2064,10.);
#549=VECTOR('',#2065,10.);
#550=VECTOR('',#2066,10.);
#551=VECTOR('',#2067,10.);
#552=VECTOR('',#2068,10.);
#553=VECTOR('',#2069,10.);
#554=VECTOR('',#2070,10.);
#555=VECTOR('',#2071,10.);
#556=VECTOR('',#2072,10.);
#557=VECTOR('',#2073,10.);
#558=VECTOR('',#2074,10.);
#559=VECTOR('',#2075,10.);
#560=VECTOR('',#2076,10.);
#561=VECTOR('',#2077,10.);
#562=VECTOR('',#2078,10.);
#563=VECTOR('',#2079,10.);
#564=VECTOR('',#2082,10.);
#565=VECTOR('',#2083,10.);
#566=VECTOR('',#2086,10.);
#567=VECTOR('',#2087,10.);
#568=VECTOR('',#2090,10.);
#569=VECTOR('',#2091,10.);
#570=VECTOR('',#2092,10.);
#571=VECTOR('',#2095,10.);
#572=VECTOR('',#2096,10.);
#573=VECTOR('',#2097,10.);
#574=VECTOR('',#2100,10.);
#575=VECTOR('',#2101,10.);
#576=VECTOR('',#2104,10.);
#577=VECTOR('',#2105,10.);
#578=VECTOR('',#2108,10.);
#579=VECTOR('',#2109,10.);
#580=VECTOR('',#2112,10.);
#581=VECTOR('',#2113,10.);
#582=VECTOR('',#2116,10.);
#583=VECTOR('',#2119,10.);
#584=VECTOR('',#2122,10.);
#585=VECTOR('',#2123,10.);
#586=VECTOR('',#2124,10.);
#587=VECTOR('',#2127,10.);
#588=VECTOR('',#2128,10.);
#589=VECTOR('',#2129,10.);
#590=VECTOR('',#2132,10.);
#591=VECTOR('',#2133,10.);
#592=VECTOR('',#2136,10.);
#593=VECTOR('',#2137,10.);
#594=VECTOR('',#2140,10.);
#595=VECTOR('',#2141,10.);
#596=VECTOR('',#2144,10.);
#597=VECTOR('',#2145,10.);
#598=VECTOR('',#2148,10.);
#599=VECTOR('',#2151,10.);
#600=VECTOR('',#2154,10.);
#601=VECTOR('',#2155,10.);
#602=VECTOR('',#2156,10.);
#603=VECTOR('',#2159,10.);
#604=VECTOR('',#2160,10.);
#605=VECTOR('',#2161,10.);
#606=VECTOR('',#2164,10.);
#607=VECTOR('',#2165,10.);
#608=VECTOR('',#2168,10.);
#609=VECTOR('',#2169,10.);
#610=VECTOR('',#2172,10.);
#611=VECTOR('',#2173,10.);
#612=VECTOR('',#2176,10.);
#613=VECTOR('',#2177,10.);
#614=VECTOR('',#2180,10.);
#615=VECTOR('',#2183,10.);
#616=VECTOR('',#2186,10.);
#617=VECTOR('',#2187,10.);
#618=VECTOR('',#2188,10.);
#619=VECTOR('',#2191,10.);
#620=VECTOR('',#2192,10.);
#621=VECTOR('',#2193,10.);
#622=VECTOR('',#2196,10.);
#623=VECTOR('',#2197,10.);
#624=VECTOR('',#2200,10.);
#625=VECTOR('',#2201,10.);
#626=VECTOR('',#2204,10.);
#627=VECTOR('',#2205,10.);
#628=VECTOR('',#2208,10.);
#629=VECTOR('',#2209,10.);
#630=VECTOR('',#2212,10.);
#631=VECTOR('',#2213,10.);
#632=VECTOR('',#2214,10.);
#633=VECTOR('',#2217,10.);
#634=VECTOR('',#2218,10.);
#635=VECTOR('',#2219,10.);
#636=VECTOR('',#2222,10.);
#637=VECTOR('',#2223,10.);
#638=VECTOR('',#2224,10.);
#639=VECTOR('',#2225,10.);
#640=VECTOR('',#2226,10.);
#641=VECTOR('',#2227,10.);
#642=VECTOR('',#2228,10.);
#643=VECTOR('',#2229,10.);
#644=VECTOR('',#2230,10.);
#645=VECTOR('',#2231,10.);
#646=VECTOR('',#2232,10.);
#647=VECTOR('',#2235,10.);
#648=VECTOR('',#2238,10.);
#649=VECTOR('',#2241,10.);
#650=VECTOR('',#2244,10.);
#651=VECTOR('',#2245,10.);
#652=VECTOR('',#2248,10.);
#653=VECTOR('',#2251,10.);
#654=VECTOR('',#2254,10.);
#655=VECTOR('',#2255,10.);
#656=VECTOR('',#2260,10.);
#657=VECTOR('',#2263,10.);
#658=VECTOR('',#2268,10.);
#659=VECTOR('',#2269,10.);
#660=VECTOR('',#2270,10.);
#661=VECTOR('',#2271,10.);
#662=VECTOR('',#2274,10.);
#663=VECTOR('',#2275,10.);
#664=VECTOR('',#2276,10.);
#665=VECTOR('',#2277,10.);
#666=VECTOR('',#2280,10.);
#667=VECTOR('',#2281,10.);
#668=VECTOR('',#2282,10.);
#669=VECTOR('',#2285,10.);
#670=VECTOR('',#2286,10.);
#671=VECTOR('',#2289,10.);
#672=VECTOR('',#2290,10.);
#673=VECTOR('',#2293,10.);
#674=VECTOR('',#2294,10.);
#675=VECTOR('',#2295,10.);
#676=VECTOR('',#2296,10.);
#677=VECTOR('',#2299,10.);
#678=VECTOR('',#2300,10.);
#679=VECTOR('',#2301,10.);
#680=VECTOR('',#2304,10.);
#681=VECTOR('',#2305,10.);
#682=VECTOR('',#2306,10.);
#683=VECTOR('',#2309,10.);
#684=VECTOR('',#2310,10.);
#685=VECTOR('',#2311,10.);
#686=VECTOR('',#2312,10.);
#687=VECTOR('',#2315,10.);
#688=VECTOR('',#2316,10.);
#689=VECTOR('',#2317,10.);
#690=VECTOR('',#2318,10.);
#691=VECTOR('',#2321,10.);
#692=VECTOR('',#2322,10.);
#693=VECTOR('',#2323,10.);
#694=VECTOR('',#2326,10.);
#695=VECTOR('',#2327,10.);
#696=VECTOR('',#2330,10.);
#697=VECTOR('',#2333,10.);
#698=VECTOR('',#2334,10.);
#699=VECTOR('',#2337,10.);
#700=VERTEX_POINT('',#2342);
#701=VERTEX_POINT('',#2343);
#702=VERTEX_POINT('',#2345);
#703=VERTEX_POINT('',#2347);
#704=VERTEX_POINT('',#2351);
#705=VERTEX_POINT('',#2353);
#706=VERTEX_POINT('',#2355);
#707=VERTEX_POINT('',#2357);
#708=VERTEX_POINT('',#2359);
#709=VERTEX_POINT('',#2361);
#710=VERTEX_POINT('',#2363);
#711=VERTEX_POINT('',#2365);
#712=VERTEX_POINT('',#2369);
#713=VERTEX_POINT('',#2373);
#714=VERTEX_POINT('',#2374);
#715=VERTEX_POINT('',#2376);
#716=VERTEX_POINT('',#2378);
#717=VERTEX_POINT('',#2380);
#718=VERTEX_POINT('',#2382);
#719=VERTEX_POINT('',#2388);
#720=VERTEX_POINT('',#2390);
#721=VERTEX_POINT('',#2394);
#722=VERTEX_POINT('',#2398);
#723=VERTEX_POINT('',#2402);
#724=VERTEX_POINT('',#2406);
#725=VERTEX_POINT('',#2410);
#726=VERTEX_POINT('',#2416);
#727=VERTEX_POINT('',#2420);
#728=VERTEX_POINT('',#2428);
#729=VERTEX_POINT('',#2429);
#730=VERTEX_POINT('',#2431);
#731=VERTEX_POINT('',#2433);
#732=VERTEX_POINT('',#2437);
#733=VERTEX_POINT('',#2439);
#734=VERTEX_POINT('',#2443);
#735=VERTEX_POINT('',#2445);
#736=VERTEX_POINT('',#2451);
#737=VERTEX_POINT('',#2452);
#738=VERTEX_POINT('',#2454);
#739=VERTEX_POINT('',#2456);
#740=VERTEX_POINT('',#2460);
#741=VERTEX_POINT('',#2461);
#742=VERTEX_POINT('',#2463);
#743=VERTEX_POINT('',#2465);
#744=VERTEX_POINT('',#2469);
#745=VERTEX_POINT('',#2470);
#746=VERTEX_POINT('',#2475);
#747=VERTEX_POINT('',#2479);
#748=VERTEX_POINT('',#2483);
#749=VERTEX_POINT('',#2484);
#750=VERTEX_POINT('',#2486);
#751=VERTEX_POINT('',#2488);
#752=VERTEX_POINT('',#2490);
#753=VERTEX_POINT('',#2492);
#754=VERTEX_POINT('',#2494);
#755=VERTEX_POINT('',#2496);
#756=VERTEX_POINT('',#2498);
#757=VERTEX_POINT('',#2500);
#758=VERTEX_POINT('',#2502);
#759=VERTEX_POINT('',#2504);
#760=VERTEX_POINT('',#2508);
#761=VERTEX_POINT('',#2510);
#762=VERTEX_POINT('',#2514);
#763=VERTEX_POINT('',#2516);
#764=VERTEX_POINT('',#2518);
#765=VERTEX_POINT('',#2520);
#766=VERTEX_POINT('',#2522);
#767=VERTEX_POINT('',#2524);
#768=VERTEX_POINT('',#2526);
#769=VERTEX_POINT('',#2528);
#770=VERTEX_POINT('',#2530);
#771=VERTEX_POINT('',#2532);
#772=VERTEX_POINT('',#2534);
#773=VERTEX_POINT('',#2536);
#774=VERTEX_POINT('',#2538);
#775=VERTEX_POINT('',#2540);
#776=VERTEX_POINT('',#2542);
#777=VERTEX_POINT('',#2544);
#778=VERTEX_POINT('',#2546);
#779=VERTEX_POINT('',#2548);
#780=VERTEX_POINT('',#2550);
#781=VERTEX_POINT('',#2552);
#782=VERTEX_POINT('',#2554);
#783=VERTEX_POINT('',#2556);
#784=VERTEX_POINT('',#2558);
#785=VERTEX_POINT('',#2560);
#786=VERTEX_POINT('',#2562);
#787=VERTEX_POINT('',#2564);
#788=VERTEX_POINT('',#2566);
#789=VERTEX_POINT('',#2568);
#790=VERTEX_POINT('',#2570);
#791=VERTEX_POINT('',#2572);
#792=VERTEX_POINT('',#2577);
#793=VERTEX_POINT('',#2581);
#794=VERTEX_POINT('',#2585);
#795=VERTEX_POINT('',#2587);
#796=VERTEX_POINT('',#2591);
#797=VERTEX_POINT('',#2593);
#798=VERTEX_POINT('',#2597);
#799=VERTEX_POINT('',#2601);
#800=VERTEX_POINT('',#2605);
#801=VERTEX_POINT('',#2609);
#802=VERTEX_POINT('',#2617);
#803=VERTEX_POINT('',#2619);
#804=VERTEX_POINT('',#2623);
#805=VERTEX_POINT('',#2625);
#806=VERTEX_POINT('',#2629);
#807=VERTEX_POINT('',#2633);
#808=VERTEX_POINT('',#2637);
#809=VERTEX_POINT('',#2641);
#810=VERTEX_POINT('',#2649);
#811=VERTEX_POINT('',#2651);
#812=VERTEX_POINT('',#2655);
#813=VERTEX_POINT('',#2657);
#814=VERTEX_POINT('',#2661);
#815=VERTEX_POINT('',#2665);
#816=VERTEX_POINT('',#2669);
#817=VERTEX_POINT('',#2673);
#818=VERTEX_POINT('',#2681);
#819=VERTEX_POINT('',#2683);
#820=VERTEX_POINT('',#2687);
#821=VERTEX_POINT('',#2689);
#822=VERTEX_POINT('',#2693);
#823=VERTEX_POINT('',#2697);
#824=VERTEX_POINT('',#2701);
#825=VERTEX_POINT('',#2705);
#826=VERTEX_POINT('',#2709);
#827=VERTEX_POINT('',#2711);
#828=VERTEX_POINT('',#2715);
#829=VERTEX_POINT('',#2716);
#830=VERTEX_POINT('',#2721);
#831=VERTEX_POINT('',#2723);
#832=VERTEX_POINT('',#2725);
#833=VERTEX_POINT('',#2727);
#834=VERTEX_POINT('',#2729);
#835=VERTEX_POINT('',#2731);
#836=VERTEX_POINT('',#2733);
#837=VERTEX_POINT('',#2735);
#838=VERTEX_POINT('',#2737);
#839=VERTEX_POINT('',#2739);
#840=VERTEX_POINT('',#2765);
#841=VERTEX_POINT('',#2766);
#842=VERTEX_POINT('',#2768);
#843=VERTEX_POINT('',#2770);
#844=VERTEX_POINT('',#2774);
#845=VERTEX_POINT('',#2775);
#846=VERTEX_POINT('',#2777);
#847=VERTEX_POINT('',#2779);
#848=VERTEX_POINT('',#2783);
#849=VERTEX_POINT('',#2784);
#850=VERTEX_POINT('',#2789);
#851=VERTEX_POINT('',#2793);
#852=VERTEX_POINT('',#2797);
#853=VERTEX_POINT('',#2798);
#854=VERTEX_POINT('',#2800);
#855=VERTEX_POINT('',#2802);
#856=VERTEX_POINT('',#2806);
#857=VERTEX_POINT('',#2808);
#858=VERTEX_POINT('',#2812);
#859=VERTEX_POINT('',#2814);
#860=VERTEX_POINT('',#2818);
#861=VERTEX_POINT('',#2819);
#862=VERTEX_POINT('',#2825);
#863=VERTEX_POINT('',#2827);
#864=VERTEX_POINT('',#2829);
#865=VERTEX_POINT('',#2833);
#866=VERTEX_POINT('',#2835);
#867=VERTEX_POINT('',#2844);
#868=EDGE_CURVE('',#700,#701,#196,.T.);
#869=EDGE_CURVE('',#701,#702,#197,.T.);
#870=EDGE_CURVE('',#702,#703,#198,.F.);
#871=EDGE_CURVE('',#703,#700,#199,.T.);
#872=EDGE_CURVE('',#702,#704,#200,.T.);
#873=EDGE_CURVE('',#705,#704,#201,.F.);
#874=EDGE_CURVE('',#706,#705,#202,.T.);
#875=EDGE_CURVE('',#707,#706,#203,.F.);
#876=EDGE_CURVE('',#708,#707,#204,.F.);
#877=EDGE_CURVE('',#709,#708,#205,.T.);
#878=EDGE_CURVE('',#710,#709,#206,.T.);
#879=EDGE_CURVE('',#711,#710,#207,.F.);
#880=EDGE_CURVE('',#703,#711,#208,.F.);
#881=EDGE_CURVE('',#711,#712,#209,.T.);
#882=EDGE_CURVE('',#712,#700,#210,.F.);
#883=EDGE_CURVE('',#713,#714,#211,.T.);
#884=EDGE_CURVE('',#714,#715,#212,.T.);
#885=EDGE_CURVE('',#715,#716,#213,.F.);
#886=EDGE_CURVE('',#716,#717,#214,.F.);
#887=EDGE_CURVE('',#717,#718,#215,.T.);
#888=EDGE_CURVE('',#718,#706,#216,.T.);
#889=EDGE_CURVE('',#705,#713,#217,.T.);
#890=EDGE_CURVE('',#712,#718,#218,.T.);
#891=EDGE_CURVE('',#719,#710,#219,.F.);
#892=EDGE_CURVE('',#720,#719,#220,.F.);
#893=EDGE_CURVE('',#707,#720,#221,.T.);
#894=EDGE_CURVE('',#704,#721,#222,.F.);
#895=EDGE_CURVE('',#721,#713,#223,.F.);
#896=EDGE_CURVE('',#722,#717,#224,.T.);
#897=EDGE_CURVE('',#722,#701,#225,.F.);
#898=EDGE_CURVE('',#723,#721,#226,.T.);
#899=EDGE_CURVE('',#714,#723,#227,.T.);
#900=EDGE_CURVE('',#724,#723,#228,.T.);
#901=EDGE_CURVE('',#715,#724,#229,.F.);
#902=EDGE_CURVE('',#724,#725,#230,.T.);
#903=EDGE_CURVE('',#725,#716,#231,.T.);
#904=EDGE_CURVE('',#725,#722,#232,.T.);
#905=EDGE_CURVE('',#726,#720,#233,.T.);
#906=EDGE_CURVE('',#708,#726,#234,.T.);
#907=EDGE_CURVE('',#727,#719,#235,.F.);
#908=EDGE_CURVE('',#726,#727,#236,.F.);
#909=EDGE_CURVE('',#709,#727,#237,.T.);
#910=EDGE_CURVE('',#728,#729,#238,.T.);
#911=EDGE_CURVE('',#730,#728,#239,.T.);
#912=EDGE_CURVE('',#730,#731,#240,.T.);
#913=EDGE_CURVE('',#731,#729,#241,.T.);
#914=EDGE_CURVE('',#729,#732,#242,.T.);
#915=EDGE_CURVE('',#731,#733,#243,.T.);
#916=EDGE_CURVE('',#733,#732,#244,.T.);
#917=EDGE_CURVE('',#732,#734,#245,.T.);
#918=EDGE_CURVE('',#735,#733,#246,.T.);
#919=EDGE_CURVE('',#734,#735,#247,.T.);
#920=EDGE_CURVE('',#735,#730,#248,.T.);
#921=EDGE_CURVE('',#736,#737,#249,.T.);
#922=EDGE_CURVE('',#738,#736,#250,.F.);
#923=EDGE_CURVE('',#739,#738,#251,.T.);
#924=EDGE_CURVE('',#737,#739,#252,.F.);
#925=EDGE_CURVE('',#740,#741,#253,.T.);
#926=EDGE_CURVE('',#740,#742,#254,.T.);
#927=EDGE_CURVE('',#742,#743,#255,.T.);
#928=EDGE_CURVE('',#741,#743,#256,.T.);
#929=EDGE_CURVE('',#744,#745,#257,.T.);
#930=EDGE_CURVE('',#743,#744,#258,.T.);
#931=EDGE_CURVE('',#745,#742,#259,.T.);
#932=EDGE_CURVE('',#745,#746,#260,.T.);
#933=EDGE_CURVE('',#746,#740,#261,.T.);
#934=EDGE_CURVE('',#746,#747,#262,.T.);
#935=EDGE_CURVE('',#747,#741,#263,.T.);
#936=EDGE_CURVE('',#748,#749,#264,.T.);
#937=EDGE_CURVE('',#749,#750,#265,.T.);
#938=EDGE_CURVE('',#750,#751,#266,.T.);
#939=EDGE_CURVE('',#751,#752,#267,.F.);
#940=EDGE_CURVE('',#753,#752,#268,.T.);
#941=EDGE_CURVE('',#754,#753,#269,.T.);
#942=EDGE_CURVE('',#754,#755,#270,.T.);
#943=EDGE_CURVE('',#755,#756,#271,.T.);
#944=EDGE_CURVE('',#757,#756,#272,.T.);
#945=EDGE_CURVE('',#758,#757,#273,.T.);
#946=EDGE_CURVE('',#758,#759,#274,.T.);
#947=EDGE_CURVE('',#759,#748,#275,.T.);
#948=EDGE_CURVE('',#760,#754,#276,.T.);
#949=EDGE_CURVE('',#760,#761,#277,.T.);
#950=EDGE_CURVE('',#761,#755,#278,.T.);
#951=EDGE_CURVE('',#737,#734,#279,.T.);
#952=EDGE_CURVE('',#728,#762,#280,.T.);
#953=EDGE_CURVE('',#762,#763,#281,.T.);
#954=EDGE_CURVE('',#763,#764,#282,.T.);
#955=EDGE_CURVE('',#764,#765,#283,.T.);
#956=EDGE_CURVE('',#765,#766,#284,.T.);
#957=EDGE_CURVE('',#766,#767,#285,.T.);
#958=EDGE_CURVE('',#767,#768,#286,.T.);
#959=EDGE_CURVE('',#768,#769,#287,.T.);
#960=EDGE_CURVE('',#769,#770,#288,.T.);
#961=EDGE_CURVE('',#770,#771,#289,.T.);
#962=EDGE_CURVE('',#771,#772,#290,.T.);
#963=EDGE_CURVE('',#772,#773,#291,.T.);
#964=EDGE_CURVE('',#773,#774,#292,.T.);
#965=EDGE_CURVE('',#774,#775,#293,.T.);
#966=EDGE_CURVE('',#775,#776,#294,.T.);
#967=EDGE_CURVE('',#776,#777,#295,.T.);
#968=EDGE_CURVE('',#777,#778,#296,.T.);
#969=EDGE_CURVE('',#778,#779,#297,.T.);
#970=EDGE_CURVE('',#780,#779,#298,.F.);
#971=EDGE_CURVE('',#780,#781,#299,.T.);
#972=EDGE_CURVE('',#781,#782,#300,.T.);
#973=EDGE_CURVE('',#782,#783,#301,.T.);
#974=EDGE_CURVE('',#784,#783,#302,.F.);
#975=EDGE_CURVE('',#784,#785,#303,.T.);
#976=EDGE_CURVE('',#785,#786,#304,.T.);
#977=EDGE_CURVE('',#786,#787,#305,.T.);
#978=EDGE_CURVE('',#788,#787,#306,.F.);
#979=EDGE_CURVE('',#788,#789,#307,.T.);
#980=EDGE_CURVE('',#789,#790,#308,.T.);
#981=EDGE_CURVE('',#790,#791,#309,.T.);
#982=EDGE_CURVE('',#747,#791,#310,.F.);
#983=EDGE_CURVE('',#736,#744,#311,.F.);
#984=EDGE_CURVE('',#792,#753,#312,.T.);
#985=EDGE_CURVE('',#760,#792,#313,.T.);
#986=EDGE_CURVE('',#761,#793,#314,.T.);
#987=EDGE_CURVE('',#756,#793,#315,.T.);
#988=EDGE_CURVE('',#794,#789,#316,.T.);
#989=EDGE_CURVE('',#794,#795,#317,.T.);
#990=EDGE_CURVE('',#795,#790,#318,.T.);
#991=EDGE_CURVE('',#764,#796,#319,.T.);
#992=EDGE_CURVE('',#763,#797,#320,.T.);
#993=EDGE_CURVE('',#796,#797,#321,.T.);
#994=EDGE_CURVE('',#798,#762,#322,.T.);
#995=EDGE_CURVE('',#797,#798,#323,.T.);
#996=EDGE_CURVE('',#791,#799,#324,.T.);
#997=EDGE_CURVE('',#799,#795,#325,.T.);
#998=EDGE_CURVE('',#800,#798,#326,.T.);
#999=EDGE_CURVE('',#796,#800,#327,.T.);
#1000=EDGE_CURVE('',#799,#801,#328,.T.);
#1001=EDGE_CURVE('',#801,#794,#329,.T.);
#1002=EDGE_CURVE('',#765,#800,#330,.T.);
#1003=EDGE_CURVE('',#801,#788,#331,.T.);
#1004=EDGE_CURVE('',#802,#785,#332,.T.);
#1005=EDGE_CURVE('',#802,#803,#333,.T.);
#1006=EDGE_CURVE('',#803,#786,#334,.T.);
#1007=EDGE_CURVE('',#768,#804,#335,.T.);
#1008=EDGE_CURVE('',#767,#805,#336,.T.);
#1009=EDGE_CURVE('',#804,#805,#337,.T.);
#1010=EDGE_CURVE('',#806,#766,#338,.T.);
#1011=EDGE_CURVE('',#805,#806,#339,.T.);
#1012=EDGE_CURVE('',#787,#807,#340,.T.);
#1013=EDGE_CURVE('',#807,#803,#341,.T.);
#1014=EDGE_CURVE('',#808,#806,#342,.T.);
#1015=EDGE_CURVE('',#804,#808,#343,.T.);
#1016=EDGE_CURVE('',#807,#809,#344,.T.);
#1017=EDGE_CURVE('',#809,#802,#345,.T.);
#1018=EDGE_CURVE('',#769,#808,#346,.T.);
#1019=EDGE_CURVE('',#809,#784,#347,.T.);
#1020=EDGE_CURVE('',#810,#781,#348,.T.);
#1021=EDGE_CURVE('',#810,#811,#349,.T.);
#1022=EDGE_CURVE('',#811,#782,#350,.T.);
#1023=EDGE_CURVE('',#772,#812,#351,.T.);
#1024=EDGE_CURVE('',#771,#813,#352,.T.);
#1025=EDGE_CURVE('',#812,#813,#353,.T.);
#1026=EDGE_CURVE('',#814,#770,#354,.T.);
#1027=EDGE_CURVE('',#813,#814,#355,.T.);
#1028=EDGE_CURVE('',#783,#815,#356,.T.);
#1029=EDGE_CURVE('',#815,#811,#357,.T.);
#1030=EDGE_CURVE('',#816,#814,#358,.T.);
#1031=EDGE_CURVE('',#812,#816,#359,.T.);
#1032=EDGE_CURVE('',#815,#817,#360,.T.);
#1033=EDGE_CURVE('',#817,#810,#361,.T.);
#1034=EDGE_CURVE('',#773,#816,#362,.T.);
#1035=EDGE_CURVE('',#817,#780,#363,.T.);
#1036=EDGE_CURVE('',#818,#777,#364,.T.);
#1037=EDGE_CURVE('',#818,#819,#365,.T.);
#1038=EDGE_CURVE('',#819,#778,#366,.T.);
#1039=EDGE_CURVE('',#776,#820,#367,.T.);
#1040=EDGE_CURVE('',#775,#821,#368,.T.);
#1041=EDGE_CURVE('',#820,#821,#369,.T.);
#1042=EDGE_CURVE('',#822,#774,#370,.T.);
#1043=EDGE_CURVE('',#821,#822,#371,.T.);
#1044=EDGE_CURVE('',#779,#823,#372,.T.);
#1045=EDGE_CURVE('',#823,#819,#373,.T.);
#1046=EDGE_CURVE('',#824,#822,#374,.T.);
#1047=EDGE_CURVE('',#820,#824,#375,.T.);
#1048=EDGE_CURVE('',#823,#825,#376,.T.);
#1049=EDGE_CURVE('',#825,#818,#377,.T.);
#1050=EDGE_CURVE('',#826,#824,#378,.T.);
#1051=EDGE_CURVE('',#827,#826,#379,.T.);
#1052=EDGE_CURVE('',#825,#827,#380,.T.);
#1053=EDGE_CURVE('',#828,#829,#381,.T.);
#1054=EDGE_CURVE('',#827,#829,#382,.T.);
#1055=EDGE_CURVE('',#828,#826,#383,.T.);
#1056=EDGE_CURVE('',#830,#828,#384,.T.);
#1057=EDGE_CURVE('',#831,#830,#385,.T.);
#1058=EDGE_CURVE('',#832,#831,#386,.T.);
#1059=EDGE_CURVE('',#833,#832,#387,.T.);
#1060=EDGE_CURVE('',#834,#833,#388,.T.);
#1061=EDGE_CURVE('',#834,#835,#389,.T.);
#1062=EDGE_CURVE('',#836,#835,#390,.T.);
#1063=EDGE_CURVE('',#837,#836,#391,.T.);
#1064=EDGE_CURVE('',#838,#837,#392,.T.);
#1065=EDGE_CURVE('',#839,#838,#393,.T.);
#1066=EDGE_CURVE('',#829,#839,#394,.T.);
#1067=EDGE_CURVE('',#793,#792,#395,.T.);
#1068=EDGE_CURVE('',#839,#738,#396,.T.);
#1069=EDGE_CURVE('',#739,#830,#397,.T.);
#1070=EDGE_CURVE('',#749,#838,#398,.T.);
#1071=EDGE_CURVE('',#748,#831,#399,.T.);
#1072=EDGE_CURVE('',#750,#837,#400,.T.);
#1073=EDGE_CURVE('',#751,#836,#401,.T.);
#1074=EDGE_CURVE('',#752,#835,#402,.F.);
#1075=EDGE_CURVE('',#834,#757,#403,.F.);
#1076=EDGE_CURVE('',#833,#758,#404,.T.);
#1077=EDGE_CURVE('',#759,#832,#405,.T.);
#1078=EDGE_CURVE('',#840,#841,#406,.F.);
#1079=EDGE_CURVE('',#841,#842,#407,.F.);
#1080=EDGE_CURVE('',#842,#843,#408,.T.);
#1081=EDGE_CURVE('',#843,#840,#409,.T.);
#1082=EDGE_CURVE('',#844,#845,#410,.F.);
#1083=EDGE_CURVE('',#845,#846,#411,.F.);
#1084=EDGE_CURVE('',#847,#846,#412,.F.);
#1085=EDGE_CURVE('',#844,#847,#413,.F.);
#1086=EDGE_CURVE('',#848,#849,#414,.T.);
#1087=EDGE_CURVE('',#849,#847,#415,.T.);
#1088=EDGE_CURVE('',#846,#848,#416,.F.);
#1089=EDGE_CURVE('',#849,#850,#417,.T.);
#1090=EDGE_CURVE('',#850,#844,#418,.F.);
#1091=EDGE_CURVE('',#850,#851,#419,.F.);
#1092=EDGE_CURVE('',#851,#845,#420,.T.);
#1093=EDGE_CURVE('',#852,#853,#421,.F.);
#1094=EDGE_CURVE('',#854,#852,#422,.F.);
#1095=EDGE_CURVE('',#854,#855,#423,.F.);
#1096=EDGE_CURVE('',#855,#853,#424,.F.);
#1097=EDGE_CURVE('',#856,#852,#425,.T.);
#1098=EDGE_CURVE('',#857,#856,#426,.F.);
#1099=EDGE_CURVE('',#857,#854,#427,.T.);
#1100=EDGE_CURVE('',#858,#856,#428,.T.);
#1101=EDGE_CURVE('',#859,#858,#429,.T.);
#1102=EDGE_CURVE('',#859,#857,#430,.T.);
#1103=EDGE_CURVE('',#860,#861,#431,.F.);
#1104=EDGE_CURVE('',#851,#860,#432,.F.);
#1105=EDGE_CURVE('',#843,#848,#433,.F.);
#1106=EDGE_CURVE('',#861,#842,#434,.T.);
#1107=EDGE_CURVE('',#862,#840,#435,.T.);
#1108=EDGE_CURVE('',#863,#860,#436,.T.);
#1109=EDGE_CURVE('',#863,#864,#437,.T.);
#1110=EDGE_CURVE('',#864,#862,#438,.T.);
#1111=EDGE_CURVE('',#865,#863,#439,.F.);
#1112=EDGE_CURVE('',#865,#866,#440,.F.);
#1113=EDGE_CURVE('',#864,#866,#441,.T.);
#1114=EDGE_CURVE('',#853,#865,#442,.F.);
#1115=EDGE_CURVE('',#866,#855,#443,.T.);
#1116=EDGE_CURVE('',#861,#858,#444,.T.);
#1117=EDGE_CURVE('',#841,#867,#445,.F.);
#1118=EDGE_CURVE('',#867,#859,#446,.F.);
#1119=EDGE_CURVE('',#867,#862,#447,.F.);
#1120=ORIENTED_EDGE('',*,*,#868,.T.);
#1121=ORIENTED_EDGE('',*,*,#869,.T.);
#1122=ORIENTED_EDGE('',*,*,#870,.T.);
#1123=ORIENTED_EDGE('',*,*,#871,.T.);
#1124=ORIENTED_EDGE('',*,*,#870,.F.);
#1125=ORIENTED_EDGE('',*,*,#872,.T.);
#1126=ORIENTED_EDGE('',*,*,#873,.F.);
#1127=ORIENTED_EDGE('',*,*,#874,.F.);
#1128=ORIENTED_EDGE('',*,*,#875,.F.);
#1129=ORIENTED_EDGE('',*,*,#876,.F.);
#1130=ORIENTED_EDGE('',*,*,#877,.F.);
#1131=ORIENTED_EDGE('',*,*,#878,.F.);
#1132=ORIENTED_EDGE('',*,*,#879,.F.);
#1133=ORIENTED_EDGE('',*,*,#880,.F.);
#1134=ORIENTED_EDGE('',*,*,#871,.F.);
#1135=ORIENTED_EDGE('',*,*,#880,.T.);
#1136=ORIENTED_EDGE('',*,*,#881,.T.);
#1137=ORIENTED_EDGE('',*,*,#882,.T.);
#1138=ORIENTED_EDGE('',*,*,#883,.T.);
#1139=ORIENTED_EDGE('',*,*,#884,.T.);
#1140=ORIENTED_EDGE('',*,*,#885,.T.);
#1141=ORIENTED_EDGE('',*,*,#886,.T.);
#1142=ORIENTED_EDGE('',*,*,#887,.T.);
#1143=ORIENTED_EDGE('',*,*,#888,.T.);
#1144=ORIENTED_EDGE('',*,*,#874,.T.);
#1145=ORIENTED_EDGE('',*,*,#889,.T.);
#1146=ORIENTED_EDGE('',*,*,#888,.F.);
#1147=ORIENTED_EDGE('',*,*,#890,.F.);
#1148=ORIENTED_EDGE('',*,*,#881,.F.);
#1149=ORIENTED_EDGE('',*,*,#879,.T.);
#1150=ORIENTED_EDGE('',*,*,#891,.F.);
#1151=ORIENTED_EDGE('',*,*,#892,.F.);
#1152=ORIENTED_EDGE('',*,*,#893,.F.);
#1153=ORIENTED_EDGE('',*,*,#875,.T.);
#1154=ORIENTED_EDGE('',*,*,#889,.F.);
#1155=ORIENTED_EDGE('',*,*,#873,.T.);
#1156=ORIENTED_EDGE('',*,*,#894,.T.);
#1157=ORIENTED_EDGE('',*,*,#895,.T.);
#1158=ORIENTED_EDGE('',*,*,#868,.F.);
#1159=ORIENTED_EDGE('',*,*,#882,.F.);
#1160=ORIENTED_EDGE('',*,*,#890,.T.);
#1161=ORIENTED_EDGE('',*,*,#887,.F.);
#1162=ORIENTED_EDGE('',*,*,#896,.F.);
#1163=ORIENTED_EDGE('',*,*,#897,.T.);
#1164=ORIENTED_EDGE('',*,*,#883,.F.);
#1165=ORIENTED_EDGE('',*,*,#895,.F.);
#1166=ORIENTED_EDGE('',*,*,#898,.F.);
#1167=ORIENTED_EDGE('',*,*,#899,.F.);
#1168=ORIENTED_EDGE('',*,*,#884,.F.);
#1169=ORIENTED_EDGE('',*,*,#899,.T.);
#1170=ORIENTED_EDGE('',*,*,#900,.F.);
#1171=ORIENTED_EDGE('',*,*,#901,.F.);
#1172=ORIENTED_EDGE('',*,*,#885,.F.);
#1173=ORIENTED_EDGE('',*,*,#901,.T.);
#1174=ORIENTED_EDGE('',*,*,#902,.T.);
#1175=ORIENTED_EDGE('',*,*,#903,.T.);
#1176=ORIENTED_EDGE('',*,*,#886,.F.);
#1177=ORIENTED_EDGE('',*,*,#903,.F.);
#1178=ORIENTED_EDGE('',*,*,#904,.T.);
#1179=ORIENTED_EDGE('',*,*,#896,.T.);
#1180=ORIENTED_EDGE('',*,*,#893,.T.);
#1181=ORIENTED_EDGE('',*,*,#905,.F.);
#1182=ORIENTED_EDGE('',*,*,#906,.F.);
#1183=ORIENTED_EDGE('',*,*,#876,.T.);
#1184=ORIENTED_EDGE('',*,*,#892,.T.);
#1185=ORIENTED_EDGE('',*,*,#907,.F.);
#1186=ORIENTED_EDGE('',*,*,#908,.F.);
#1187=ORIENTED_EDGE('',*,*,#905,.T.);
#1188=ORIENTED_EDGE('',*,*,#891,.T.);
#1189=ORIENTED_EDGE('',*,*,#878,.T.);
#1190=ORIENTED_EDGE('',*,*,#909,.T.);
#1191=ORIENTED_EDGE('',*,*,#907,.T.);
#1192=ORIENTED_EDGE('',*,*,#906,.T.);
#1193=ORIENTED_EDGE('',*,*,#908,.T.);
#1194=ORIENTED_EDGE('',*,*,#909,.F.);
#1195=ORIENTED_EDGE('',*,*,#877,.T.);
#1196=ORIENTED_EDGE('',*,*,#869,.F.);
#1197=ORIENTED_EDGE('',*,*,#897,.F.);
#1198=ORIENTED_EDGE('',*,*,#904,.F.);
#1199=ORIENTED_EDGE('',*,*,#902,.F.);
#1200=ORIENTED_EDGE('',*,*,#900,.T.);
#1201=ORIENTED_EDGE('',*,*,#898,.T.);
#1202=ORIENTED_EDGE('',*,*,#894,.F.);
#1203=ORIENTED_EDGE('',*,*,#872,.F.);
#1204=ORIENTED_EDGE('',*,*,#910,.F.);
#1205=ORIENTED_EDGE('',*,*,#911,.F.);
#1206=ORIENTED_EDGE('',*,*,#912,.T.);
#1207=ORIENTED_EDGE('',*,*,#913,.T.);
#1208=ORIENTED_EDGE('',*,*,#914,.F.);
#1209=ORIENTED_EDGE('',*,*,#913,.F.);
#1210=ORIENTED_EDGE('',*,*,#915,.T.);
#1211=ORIENTED_EDGE('',*,*,#916,.T.);
#1212=ORIENTED_EDGE('',*,*,#917,.F.);
#1213=ORIENTED_EDGE('',*,*,#916,.F.);
#1214=ORIENTED_EDGE('',*,*,#918,.F.);
#1215=ORIENTED_EDGE('',*,*,#919,.F.);
#1216=ORIENTED_EDGE('',*,*,#912,.F.);
#1217=ORIENTED_EDGE('',*,*,#920,.F.);
#1218=ORIENTED_EDGE('',*,*,#918,.T.);
#1219=ORIENTED_EDGE('',*,*,#915,.F.);
#1220=ORIENTED_EDGE('',*,*,#921,.F.);
#1221=ORIENTED_EDGE('',*,*,#922,.F.);
#1222=ORIENTED_EDGE('',*,*,#923,.F.);
#1223=ORIENTED_EDGE('',*,*,#924,.F.);
#1224=ORIENTED_EDGE('',*,*,#925,.F.);
#1225=ORIENTED_EDGE('',*,*,#926,.T.);
#1226=ORIENTED_EDGE('',*,*,#927,.T.);
#1227=ORIENTED_EDGE('',*,*,#928,.F.);
#1228=ORIENTED_EDGE('',*,*,#929,.F.);
#1229=ORIENTED_EDGE('',*,*,#930,.F.);
#1230=ORIENTED_EDGE('',*,*,#927,.F.);
#1231=ORIENTED_EDGE('',*,*,#931,.F.);
#1232=ORIENTED_EDGE('',*,*,#932,.F.);
#1233=ORIENTED_EDGE('',*,*,#931,.T.);
#1234=ORIENTED_EDGE('',*,*,#926,.F.);
#1235=ORIENTED_EDGE('',*,*,#933,.F.);
#1236=ORIENTED_EDGE('',*,*,#934,.F.);
#1237=ORIENTED_EDGE('',*,*,#933,.T.);
#1238=ORIENTED_EDGE('',*,*,#925,.T.);
#1239=ORIENTED_EDGE('',*,*,#935,.F.);
#1240=ORIENTED_EDGE('',*,*,#936,.T.);
#1241=ORIENTED_EDGE('',*,*,#937,.T.);
#1242=ORIENTED_EDGE('',*,*,#938,.T.);
#1243=ORIENTED_EDGE('',*,*,#939,.T.);
#1244=ORIENTED_EDGE('',*,*,#940,.F.);
#1245=ORIENTED_EDGE('',*,*,#941,.F.);
#1246=ORIENTED_EDGE('',*,*,#942,.T.);
#1247=ORIENTED_EDGE('',*,*,#943,.T.);
#1248=ORIENTED_EDGE('',*,*,#944,.F.);
#1249=ORIENTED_EDGE('',*,*,#945,.F.);
#1250=ORIENTED_EDGE('',*,*,#946,.T.);
#1251=ORIENTED_EDGE('',*,*,#947,.T.);
#1252=ORIENTED_EDGE('',*,*,#942,.F.);
#1253=ORIENTED_EDGE('',*,*,#948,.F.);
#1254=ORIENTED_EDGE('',*,*,#949,.T.);
#1255=ORIENTED_EDGE('',*,*,#950,.T.);
#1256=ORIENTED_EDGE('',*,*,#921,.T.);
#1257=ORIENTED_EDGE('',*,*,#951,.T.);
#1258=ORIENTED_EDGE('',*,*,#919,.T.);
#1259=ORIENTED_EDGE('',*,*,#920,.T.);
#1260=ORIENTED_EDGE('',*,*,#911,.T.);
#1261=ORIENTED_EDGE('',*,*,#952,.T.);
#1262=ORIENTED_EDGE('',*,*,#953,.T.);
#1263=ORIENTED_EDGE('',*,*,#954,.T.);
#1264=ORIENTED_EDGE('',*,*,#955,.T.);
#1265=ORIENTED_EDGE('',*,*,#956,.T.);
#1266=ORIENTED_EDGE('',*,*,#957,.T.);
#1267=ORIENTED_EDGE('',*,*,#958,.T.);
#1268=ORIENTED_EDGE('',*,*,#959,.T.);
#1269=ORIENTED_EDGE('',*,*,#960,.T.);
#1270=ORIENTED_EDGE('',*,*,#961,.T.);
#1271=ORIENTED_EDGE('',*,*,#962,.T.);
#1272=ORIENTED_EDGE('',*,*,#963,.T.);
#1273=ORIENTED_EDGE('',*,*,#964,.T.);
#1274=ORIENTED_EDGE('',*,*,#965,.T.);
#1275=ORIENTED_EDGE('',*,*,#966,.T.);
#1276=ORIENTED_EDGE('',*,*,#967,.T.);
#1277=ORIENTED_EDGE('',*,*,#968,.T.);
#1278=ORIENTED_EDGE('',*,*,#969,.T.);
#1279=ORIENTED_EDGE('',*,*,#970,.F.);
#1280=ORIENTED_EDGE('',*,*,#971,.T.);
#1281=ORIENTED_EDGE('',*,*,#972,.T.);
#1282=ORIENTED_EDGE('',*,*,#973,.T.);
#1283=ORIENTED_EDGE('',*,*,#974,.F.);
#1284=ORIENTED_EDGE('',*,*,#975,.T.);
#1285=ORIENTED_EDGE('',*,*,#976,.T.);
#1286=ORIENTED_EDGE('',*,*,#977,.T.);
#1287=ORIENTED_EDGE('',*,*,#978,.F.);
#1288=ORIENTED_EDGE('',*,*,#979,.T.);
#1289=ORIENTED_EDGE('',*,*,#980,.T.);
#1290=ORIENTED_EDGE('',*,*,#981,.T.);
#1291=ORIENTED_EDGE('',*,*,#982,.F.);
#1292=ORIENTED_EDGE('',*,*,#935,.T.);
#1293=ORIENTED_EDGE('',*,*,#928,.T.);
#1294=ORIENTED_EDGE('',*,*,#930,.T.);
#1295=ORIENTED_EDGE('',*,*,#983,.F.);
#1296=ORIENTED_EDGE('',*,*,#984,.F.);
#1297=ORIENTED_EDGE('',*,*,#985,.F.);
#1298=ORIENTED_EDGE('',*,*,#948,.T.);
#1299=ORIENTED_EDGE('',*,*,#941,.T.);
#1300=ORIENTED_EDGE('',*,*,#950,.F.);
#1301=ORIENTED_EDGE('',*,*,#986,.T.);
#1302=ORIENTED_EDGE('',*,*,#987,.F.);
#1303=ORIENTED_EDGE('',*,*,#943,.F.);
#1304=ORIENTED_EDGE('',*,*,#988,.F.);
#1305=ORIENTED_EDGE('',*,*,#989,.T.);
#1306=ORIENTED_EDGE('',*,*,#990,.T.);
#1307=ORIENTED_EDGE('',*,*,#980,.F.);
#1308=ORIENTED_EDGE('',*,*,#991,.F.);
#1309=ORIENTED_EDGE('',*,*,#954,.F.);
#1310=ORIENTED_EDGE('',*,*,#992,.T.);
#1311=ORIENTED_EDGE('',*,*,#993,.F.);
#1312=ORIENTED_EDGE('',*,*,#994,.F.);
#1313=ORIENTED_EDGE('',*,*,#995,.F.);
#1314=ORIENTED_EDGE('',*,*,#992,.F.);
#1315=ORIENTED_EDGE('',*,*,#953,.F.);
#1316=ORIENTED_EDGE('',*,*,#996,.F.);
#1317=ORIENTED_EDGE('',*,*,#981,.F.);
#1318=ORIENTED_EDGE('',*,*,#990,.F.);
#1319=ORIENTED_EDGE('',*,*,#997,.F.);
#1320=ORIENTED_EDGE('',*,*,#998,.F.);
#1321=ORIENTED_EDGE('',*,*,#999,.F.);
#1322=ORIENTED_EDGE('',*,*,#993,.T.);
#1323=ORIENTED_EDGE('',*,*,#995,.T.);
#1324=ORIENTED_EDGE('',*,*,#1000,.F.);
#1325=ORIENTED_EDGE('',*,*,#997,.T.);
#1326=ORIENTED_EDGE('',*,*,#989,.F.);
#1327=ORIENTED_EDGE('',*,*,#1001,.F.);
#1328=ORIENTED_EDGE('',*,*,#1002,.F.);
#1329=ORIENTED_EDGE('',*,*,#955,.F.);
#1330=ORIENTED_EDGE('',*,*,#991,.T.);
#1331=ORIENTED_EDGE('',*,*,#999,.T.);
#1332=ORIENTED_EDGE('',*,*,#1003,.F.);
#1333=ORIENTED_EDGE('',*,*,#1001,.T.);
#1334=ORIENTED_EDGE('',*,*,#988,.T.);
#1335=ORIENTED_EDGE('',*,*,#979,.F.);
#1336=ORIENTED_EDGE('',*,*,#1004,.F.);
#1337=ORIENTED_EDGE('',*,*,#1005,.T.);
#1338=ORIENTED_EDGE('',*,*,#1006,.T.);
#1339=ORIENTED_EDGE('',*,*,#976,.F.);
#1340=ORIENTED_EDGE('',*,*,#1007,.F.);
#1341=ORIENTED_EDGE('',*,*,#958,.F.);
#1342=ORIENTED_EDGE('',*,*,#1008,.T.);
#1343=ORIENTED_EDGE('',*,*,#1009,.F.);
#1344=ORIENTED_EDGE('',*,*,#1010,.F.);
#1345=ORIENTED_EDGE('',*,*,#1011,.F.);
#1346=ORIENTED_EDGE('',*,*,#1008,.F.);
#1347=ORIENTED_EDGE('',*,*,#957,.F.);
#1348=ORIENTED_EDGE('',*,*,#1012,.F.);
#1349=ORIENTED_EDGE('',*,*,#977,.F.);
#1350=ORIENTED_EDGE('',*,*,#1006,.F.);
#1351=ORIENTED_EDGE('',*,*,#1013,.F.);
#1352=ORIENTED_EDGE('',*,*,#1014,.F.);
#1353=ORIENTED_EDGE('',*,*,#1015,.F.);
#1354=ORIENTED_EDGE('',*,*,#1009,.T.);
#1355=ORIENTED_EDGE('',*,*,#1011,.T.);
#1356=ORIENTED_EDGE('',*,*,#1016,.F.);
#1357=ORIENTED_EDGE('',*,*,#1013,.T.);
#1358=ORIENTED_EDGE('',*,*,#1005,.F.);
#1359=ORIENTED_EDGE('',*,*,#1017,.F.);
#1360=ORIENTED_EDGE('',*,*,#1018,.F.);
#1361=ORIENTED_EDGE('',*,*,#959,.F.);
#1362=ORIENTED_EDGE('',*,*,#1007,.T.);
#1363=ORIENTED_EDGE('',*,*,#1015,.T.);
#1364=ORIENTED_EDGE('',*,*,#1019,.F.);
#1365=ORIENTED_EDGE('',*,*,#1017,.T.);
#1366=ORIENTED_EDGE('',*,*,#1004,.T.);
#1367=ORIENTED_EDGE('',*,*,#975,.F.);
#1368=ORIENTED_EDGE('',*,*,#1020,.F.);
#1369=ORIENTED_EDGE('',*,*,#1021,.T.);
#1370=ORIENTED_EDGE('',*,*,#1022,.T.);
#1371=ORIENTED_EDGE('',*,*,#972,.F.);
#1372=ORIENTED_EDGE('',*,*,#1023,.F.);
#1373=ORIENTED_EDGE('',*,*,#962,.F.);
#1374=ORIENTED_EDGE('',*,*,#1024,.T.);
#1375=ORIENTED_EDGE('',*,*,#1025,.F.);
#1376=ORIENTED_EDGE('',*,*,#1026,.F.);
#1377=ORIENTED_EDGE('',*,*,#1027,.F.);
#1378=ORIENTED_EDGE('',*,*,#1024,.F.);
#1379=ORIENTED_EDGE('',*,*,#961,.F.);
#1380=ORIENTED_EDGE('',*,*,#1028,.F.);
#1381=ORIENTED_EDGE('',*,*,#973,.F.);
#1382=ORIENTED_EDGE('',*,*,#1022,.F.);
#1383=ORIENTED_EDGE('',*,*,#1029,.F.);
#1384=ORIENTED_EDGE('',*,*,#1030,.F.);
#1385=ORIENTED_EDGE('',*,*,#1031,.F.);
#1386=ORIENTED_EDGE('',*,*,#1025,.T.);
#1387=ORIENTED_EDGE('',*,*,#1027,.T.);
#1388=ORIENTED_EDGE('',*,*,#1032,.F.);
#1389=ORIENTED_EDGE('',*,*,#1029,.T.);
#1390=ORIENTED_EDGE('',*,*,#1021,.F.);
#1391=ORIENTED_EDGE('',*,*,#1033,.F.);
#1392=ORIENTED_EDGE('',*,*,#1034,.F.);
#1393=ORIENTED_EDGE('',*,*,#963,.F.);
#1394=ORIENTED_EDGE('',*,*,#1023,.T.);
#1395=ORIENTED_EDGE('',*,*,#1031,.T.);
#1396=ORIENTED_EDGE('',*,*,#1035,.F.);
#1397=ORIENTED_EDGE('',*,*,#1033,.T.);
#1398=ORIENTED_EDGE('',*,*,#1020,.T.);
#1399=ORIENTED_EDGE('',*,*,#971,.F.);
#1400=ORIENTED_EDGE('',*,*,#1036,.F.);
#1401=ORIENTED_EDGE('',*,*,#1037,.T.);
#1402=ORIENTED_EDGE('',*,*,#1038,.T.);
#1403=ORIENTED_EDGE('',*,*,#968,.F.);
#1404=ORIENTED_EDGE('',*,*,#1039,.F.);
#1405=ORIENTED_EDGE('',*,*,#966,.F.);
#1406=ORIENTED_EDGE('',*,*,#1040,.T.);
#1407=ORIENTED_EDGE('',*,*,#1041,.F.);
#1408=ORIENTED_EDGE('',*,*,#1042,.F.);
#1409=ORIENTED_EDGE('',*,*,#1043,.F.);
#1410=ORIENTED_EDGE('',*,*,#1040,.F.);
#1411=ORIENTED_EDGE('',*,*,#965,.F.);
#1412=ORIENTED_EDGE('',*,*,#1044,.F.);
#1413=ORIENTED_EDGE('',*,*,#969,.F.);
#1414=ORIENTED_EDGE('',*,*,#1038,.F.);
#1415=ORIENTED_EDGE('',*,*,#1045,.F.);
#1416=ORIENTED_EDGE('',*,*,#1046,.F.);
#1417=ORIENTED_EDGE('',*,*,#1047,.F.);
#1418=ORIENTED_EDGE('',*,*,#1041,.T.);
#1419=ORIENTED_EDGE('',*,*,#1043,.T.);
#1420=ORIENTED_EDGE('',*,*,#1048,.F.);
#1421=ORIENTED_EDGE('',*,*,#1045,.T.);
#1422=ORIENTED_EDGE('',*,*,#1037,.F.);
#1423=ORIENTED_EDGE('',*,*,#1049,.F.);
#1424=ORIENTED_EDGE('',*,*,#967,.F.);
#1425=ORIENTED_EDGE('',*,*,#1039,.T.);
#1426=ORIENTED_EDGE('',*,*,#1047,.T.);
#1427=ORIENTED_EDGE('',*,*,#1050,.F.);
#1428=ORIENTED_EDGE('',*,*,#1051,.F.);
#1429=ORIENTED_EDGE('',*,*,#1052,.F.);
#1430=ORIENTED_EDGE('',*,*,#1049,.T.);
#1431=ORIENTED_EDGE('',*,*,#1036,.T.);
#1432=ORIENTED_EDGE('',*,*,#1053,.T.);
#1433=ORIENTED_EDGE('',*,*,#1054,.F.);
#1434=ORIENTED_EDGE('',*,*,#1051,.T.);
#1435=ORIENTED_EDGE('',*,*,#1055,.F.);
#1436=ORIENTED_EDGE('',*,*,#1056,.F.);
#1437=ORIENTED_EDGE('',*,*,#1057,.F.);
#1438=ORIENTED_EDGE('',*,*,#1058,.F.);
#1439=ORIENTED_EDGE('',*,*,#1059,.F.);
#1440=ORIENTED_EDGE('',*,*,#1060,.F.);
#1441=ORIENTED_EDGE('',*,*,#1061,.T.);
#1442=ORIENTED_EDGE('',*,*,#1062,.F.);
#1443=ORIENTED_EDGE('',*,*,#1063,.F.);
#1444=ORIENTED_EDGE('',*,*,#1064,.F.);
#1445=ORIENTED_EDGE('',*,*,#1065,.F.);
#1446=ORIENTED_EDGE('',*,*,#1066,.F.);
#1447=ORIENTED_EDGE('',*,*,#1053,.F.);
#1448=ORIENTED_EDGE('',*,*,#1067,.F.);
#1449=ORIENTED_EDGE('',*,*,#986,.F.);
#1450=ORIENTED_EDGE('',*,*,#949,.F.);
#1451=ORIENTED_EDGE('',*,*,#985,.T.);
#1452=ORIENTED_EDGE('',*,*,#982,.T.);
#1453=ORIENTED_EDGE('',*,*,#996,.T.);
#1454=ORIENTED_EDGE('',*,*,#1000,.T.);
#1455=ORIENTED_EDGE('',*,*,#1003,.T.);
#1456=ORIENTED_EDGE('',*,*,#978,.T.);
#1457=ORIENTED_EDGE('',*,*,#1012,.T.);
#1458=ORIENTED_EDGE('',*,*,#1016,.T.);
#1459=ORIENTED_EDGE('',*,*,#1019,.T.);
#1460=ORIENTED_EDGE('',*,*,#974,.T.);
#1461=ORIENTED_EDGE('',*,*,#1028,.T.);
#1462=ORIENTED_EDGE('',*,*,#1032,.T.);
#1463=ORIENTED_EDGE('',*,*,#1035,.T.);
#1464=ORIENTED_EDGE('',*,*,#970,.T.);
#1465=ORIENTED_EDGE('',*,*,#1044,.T.);
#1466=ORIENTED_EDGE('',*,*,#1048,.T.);
#1467=ORIENTED_EDGE('',*,*,#1052,.T.);
#1468=ORIENTED_EDGE('',*,*,#1054,.T.);
#1469=ORIENTED_EDGE('',*,*,#1066,.T.);
#1470=ORIENTED_EDGE('',*,*,#1068,.T.);
#1471=ORIENTED_EDGE('',*,*,#922,.T.);
#1472=ORIENTED_EDGE('',*,*,#983,.T.);
#1473=ORIENTED_EDGE('',*,*,#929,.T.);
#1474=ORIENTED_EDGE('',*,*,#932,.T.);
#1475=ORIENTED_EDGE('',*,*,#934,.T.);
#1476=ORIENTED_EDGE('',*,*,#1069,.T.);
#1477=ORIENTED_EDGE('',*,*,#1056,.T.);
#1478=ORIENTED_EDGE('',*,*,#1055,.T.);
#1479=ORIENTED_EDGE('',*,*,#1050,.T.);
#1480=ORIENTED_EDGE('',*,*,#1046,.T.);
#1481=ORIENTED_EDGE('',*,*,#1042,.T.);
#1482=ORIENTED_EDGE('',*,*,#964,.F.);
#1483=ORIENTED_EDGE('',*,*,#1034,.T.);
#1484=ORIENTED_EDGE('',*,*,#1030,.T.);
#1485=ORIENTED_EDGE('',*,*,#1026,.T.);
#1486=ORIENTED_EDGE('',*,*,#960,.F.);
#1487=ORIENTED_EDGE('',*,*,#1018,.T.);
#1488=ORIENTED_EDGE('',*,*,#1014,.T.);
#1489=ORIENTED_EDGE('',*,*,#1010,.T.);
#1490=ORIENTED_EDGE('',*,*,#956,.F.);
#1491=ORIENTED_EDGE('',*,*,#1002,.T.);
#1492=ORIENTED_EDGE('',*,*,#998,.T.);
#1493=ORIENTED_EDGE('',*,*,#994,.T.);
#1494=ORIENTED_EDGE('',*,*,#952,.F.);
#1495=ORIENTED_EDGE('',*,*,#910,.T.);
#1496=ORIENTED_EDGE('',*,*,#914,.T.);
#1497=ORIENTED_EDGE('',*,*,#917,.T.);
#1498=ORIENTED_EDGE('',*,*,#951,.F.);
#1499=ORIENTED_EDGE('',*,*,#924,.T.);
#1500=ORIENTED_EDGE('',*,*,#1068,.F.);
#1501=ORIENTED_EDGE('',*,*,#1065,.T.);
#1502=ORIENTED_EDGE('',*,*,#1070,.F.);
#1503=ORIENTED_EDGE('',*,*,#936,.F.);
#1504=ORIENTED_EDGE('',*,*,#1071,.T.);
#1505=ORIENTED_EDGE('',*,*,#1057,.T.);
#1506=ORIENTED_EDGE('',*,*,#1069,.F.);
#1507=ORIENTED_EDGE('',*,*,#923,.T.);
#1508=ORIENTED_EDGE('',*,*,#1070,.T.);
#1509=ORIENTED_EDGE('',*,*,#1064,.T.);
#1510=ORIENTED_EDGE('',*,*,#1072,.F.);
#1511=ORIENTED_EDGE('',*,*,#937,.F.);
#1512=ORIENTED_EDGE('',*,*,#1072,.T.);
#1513=ORIENTED_EDGE('',*,*,#1063,.T.);
#1514=ORIENTED_EDGE('',*,*,#1073,.F.);
#1515=ORIENTED_EDGE('',*,*,#938,.F.);
#1516=ORIENTED_EDGE('',*,*,#987,.T.);
#1517=ORIENTED_EDGE('',*,*,#1067,.T.);
#1518=ORIENTED_EDGE('',*,*,#984,.T.);
#1519=ORIENTED_EDGE('',*,*,#940,.T.);
#1520=ORIENTED_EDGE('',*,*,#1074,.T.);
#1521=ORIENTED_EDGE('',*,*,#1061,.F.);
#1522=ORIENTED_EDGE('',*,*,#1075,.T.);
#1523=ORIENTED_EDGE('',*,*,#944,.T.);
#1524=ORIENTED_EDGE('',*,*,#1073,.T.);
#1525=ORIENTED_EDGE('',*,*,#1062,.T.);
#1526=ORIENTED_EDGE('',*,*,#1074,.F.);
#1527=ORIENTED_EDGE('',*,*,#939,.F.);
#1528=ORIENTED_EDGE('',*,*,#1075,.F.);
#1529=ORIENTED_EDGE('',*,*,#1060,.T.);
#1530=ORIENTED_EDGE('',*,*,#1076,.T.);
#1531=ORIENTED_EDGE('',*,*,#945,.T.);
#1532=ORIENTED_EDGE('',*,*,#1076,.F.);
#1533=ORIENTED_EDGE('',*,*,#1059,.T.);
#1534=ORIENTED_EDGE('',*,*,#1077,.F.);
#1535=ORIENTED_EDGE('',*,*,#946,.F.);
#1536=ORIENTED_EDGE('',*,*,#1077,.T.);
#1537=ORIENTED_EDGE('',*,*,#1058,.T.);
#1538=ORIENTED_EDGE('',*,*,#1071,.F.);
#1539=ORIENTED_EDGE('',*,*,#947,.F.);
#1540=ORIENTED_EDGE('',*,*,#1078,.T.);
#1541=ORIENTED_EDGE('',*,*,#1079,.T.);
#1542=ORIENTED_EDGE('',*,*,#1080,.T.);
#1543=ORIENTED_EDGE('',*,*,#1081,.T.);
#1544=ORIENTED_EDGE('',*,*,#1082,.T.);
#1545=ORIENTED_EDGE('',*,*,#1083,.T.);
#1546=ORIENTED_EDGE('',*,*,#1084,.F.);
#1547=ORIENTED_EDGE('',*,*,#1085,.F.);
#1548=ORIENTED_EDGE('',*,*,#1086,.T.);
#1549=ORIENTED_EDGE('',*,*,#1087,.T.);
#1550=ORIENTED_EDGE('',*,*,#1084,.T.);
#1551=ORIENTED_EDGE('',*,*,#1088,.T.);
#1552=ORIENTED_EDGE('',*,*,#1089,.T.);
#1553=ORIENTED_EDGE('',*,*,#1090,.T.);
#1554=ORIENTED_EDGE('',*,*,#1085,.T.);
#1555=ORIENTED_EDGE('',*,*,#1087,.F.);
#1556=ORIENTED_EDGE('',*,*,#1091,.T.);
#1557=ORIENTED_EDGE('',*,*,#1092,.T.);
#1558=ORIENTED_EDGE('',*,*,#1082,.F.);
#1559=ORIENTED_EDGE('',*,*,#1090,.F.);
#1560=ORIENTED_EDGE('',*,*,#1093,.F.);
#1561=ORIENTED_EDGE('',*,*,#1094,.F.);
#1562=ORIENTED_EDGE('',*,*,#1095,.T.);
#1563=ORIENTED_EDGE('',*,*,#1096,.T.);
#1564=ORIENTED_EDGE('',*,*,#1097,.F.);
#1565=ORIENTED_EDGE('',*,*,#1098,.F.);
#1566=ORIENTED_EDGE('',*,*,#1099,.T.);
#1567=ORIENTED_EDGE('',*,*,#1094,.T.);
#1568=ORIENTED_EDGE('',*,*,#1100,.F.);
#1569=ORIENTED_EDGE('',*,*,#1101,.F.);
#1570=ORIENTED_EDGE('',*,*,#1102,.T.);
#1571=ORIENTED_EDGE('',*,*,#1098,.T.);
#1572=ORIENTED_EDGE('',*,*,#1103,.F.);
#1573=ORIENTED_EDGE('',*,*,#1104,.F.);
#1574=ORIENTED_EDGE('',*,*,#1091,.F.);
#1575=ORIENTED_EDGE('',*,*,#1089,.F.);
#1576=ORIENTED_EDGE('',*,*,#1086,.F.);
#1577=ORIENTED_EDGE('',*,*,#1105,.F.);
#1578=ORIENTED_EDGE('',*,*,#1080,.F.);
#1579=ORIENTED_EDGE('',*,*,#1106,.F.);
#1580=ORIENTED_EDGE('',*,*,#1107,.T.);
#1581=ORIENTED_EDGE('',*,*,#1081,.F.);
#1582=ORIENTED_EDGE('',*,*,#1105,.T.);
#1583=ORIENTED_EDGE('',*,*,#1088,.F.);
#1584=ORIENTED_EDGE('',*,*,#1083,.F.);
#1585=ORIENTED_EDGE('',*,*,#1092,.F.);
#1586=ORIENTED_EDGE('',*,*,#1104,.T.);
#1587=ORIENTED_EDGE('',*,*,#1108,.F.);
#1588=ORIENTED_EDGE('',*,*,#1109,.T.);
#1589=ORIENTED_EDGE('',*,*,#1110,.T.);
#1590=ORIENTED_EDGE('',*,*,#1111,.F.);
#1591=ORIENTED_EDGE('',*,*,#1112,.T.);
#1592=ORIENTED_EDGE('',*,*,#1113,.F.);
#1593=ORIENTED_EDGE('',*,*,#1109,.F.);
#1594=ORIENTED_EDGE('',*,*,#1114,.F.);
#1595=ORIENTED_EDGE('',*,*,#1096,.F.);
#1596=ORIENTED_EDGE('',*,*,#1115,.F.);
#1597=ORIENTED_EDGE('',*,*,#1112,.F.);
#1598=ORIENTED_EDGE('',*,*,#1116,.T.);
#1599=ORIENTED_EDGE('',*,*,#1100,.T.);
#1600=ORIENTED_EDGE('',*,*,#1097,.T.);
#1601=ORIENTED_EDGE('',*,*,#1093,.T.);
#1602=ORIENTED_EDGE('',*,*,#1114,.T.);
#1603=ORIENTED_EDGE('',*,*,#1111,.T.);
#1604=ORIENTED_EDGE('',*,*,#1108,.T.);
#1605=ORIENTED_EDGE('',*,*,#1103,.T.);
#1606=ORIENTED_EDGE('',*,*,#1117,.T.);
#1607=ORIENTED_EDGE('',*,*,#1118,.T.);
#1608=ORIENTED_EDGE('',*,*,#1101,.T.);
#1609=ORIENTED_EDGE('',*,*,#1116,.F.);
#1610=ORIENTED_EDGE('',*,*,#1106,.T.);
#1611=ORIENTED_EDGE('',*,*,#1079,.F.);
#1612=ORIENTED_EDGE('',*,*,#1119,.T.);
#1613=ORIENTED_EDGE('',*,*,#1110,.F.);
#1614=ORIENTED_EDGE('',*,*,#1113,.T.);
#1615=ORIENTED_EDGE('',*,*,#1115,.T.);
#1616=ORIENTED_EDGE('',*,*,#1095,.F.);
#1617=ORIENTED_EDGE('',*,*,#1099,.F.);
#1618=ORIENTED_EDGE('',*,*,#1102,.F.);
#1619=ORIENTED_EDGE('',*,*,#1118,.F.);
#1620=ORIENTED_EDGE('',*,*,#1117,.F.);
#1621=ORIENTED_EDGE('',*,*,#1078,.F.);
#1622=ORIENTED_EDGE('',*,*,#1107,.F.);
#1623=ORIENTED_EDGE('',*,*,#1119,.F.);
#1624=PLANE('',#1819);
#1625=PLANE('',#1820);
#1626=PLANE('',#1821);
#1627=PLANE('',#1822);
#1628=PLANE('',#1823);
#1629=PLANE('',#1824);
#1630=PLANE('',#1825);
#1631=PLANE('',#1826);
#1632=PLANE('',#1827);
#1633=PLANE('',#1828);
#1634=PLANE('',#1829);
#1635=PLANE('',#1830);
#1636=PLANE('',#1831);
#1637=PLANE('',#1832);
#1638=PLANE('',#1833);
#1639=PLANE('',#1834);
#1640=PLANE('',#1835);
#1641=PLANE('',#1836);
#1642=PLANE('',#1837);
#1643=PLANE('',#1838);
#1644=PLANE('',#1839);
#1645=PLANE('',#1840);
#1646=PLANE('',#1841);
#1647=PLANE('',#1842);
#1648=PLANE('',#1843);
#1649=PLANE('',#1844);
#1650=PLANE('',#1845);
#1651=PLANE('',#1846);
#1652=PLANE('',#1847);
#1653=PLANE('',#1848);
#1654=PLANE('',#1849);
#1655=PLANE('',#1850);
#1656=PLANE('',#1851);
#1657=PLANE('',#1852);
#1658=PLANE('',#1853);
#1659=PLANE('',#1854);
#1660=PLANE('',#1855);
#1661=PLANE('',#1856);
#1662=PLANE('',#1857);
#1663=PLANE('',#1858);
#1664=PLANE('',#1859);
#1665=PLANE('',#1860);
#1666=PLANE('',#1861);
#1667=PLANE('',#1862);
#1668=PLANE('',#1863);
#1669=PLANE('',#1864);
#1670=PLANE('',#1865);
#1671=PLANE('',#1866);
#1672=PLANE('',#1867);
#1673=PLANE('',#1868);
#1674=PLANE('',#1869);
#1675=PLANE('',#1870);
#1676=PLANE('',#1871);
#1677=PLANE('',#1872);
#1678=PLANE('',#1873);
#1679=PLANE('',#1874);
#1680=PLANE('',#1875);
#1681=PLANE('',#1876);
#1682=PLANE('',#1877);
#1683=PLANE('',#1878);
#1684=PLANE('',#1879);
#1685=PLANE('',#1880);
#1686=PLANE('',#1881);
#1687=PLANE('',#1882);
#1688=PLANE('',#1883);
#1689=PLANE('',#1884);
#1690=PLANE('',#1885);
#1691=PLANE('',#1886);
#1692=PLANE('',#1887);
#1693=PLANE('',#1888);
#1694=PLANE('',#1889);
#1695=PLANE('',#1890);
#1696=PLANE('',#1891);
#1697=PLANE('',#1892);
#1698=PLANE('',#1893);
#1699=PLANE('',#1894);
#1700=PLANE('',#1895);
#1701=PLANE('',#1896);
#1702=PLANE('',#1897);
#1703=PLANE('',#1898);
#1704=PLANE('',#1899);
#1705=PLANE('',#1900);
#1706=PLANE('',#1901);
#1707=PLANE('',#1902);
#1708=PLANE('',#1903);
#1709=PLANE('',#1904);
#1710=PLANE('',#1905);
#1711=PLANE('',#1906);
#1712=PLANE('',#1907);
#1713=ADVANCED_FACE('',(#17),#1624,.T.);
#1714=ADVANCED_FACE('',(#18),#1625,.T.);
#1715=ADVANCED_FACE('',(#19),#1626,.F.);
#1716=ADVANCED_FACE('',(#20),#1627,.T.);
#1717=ADVANCED_FACE('',(#21),#1628,.F.);
#1718=ADVANCED_FACE('',(#22),#1629,.F.);
#1719=ADVANCED_FACE('',(#23),#1630,.F.);
#1720=ADVANCED_FACE('',(#24),#1631,.F.);
#1721=ADVANCED_FACE('',(#25),#1632,.F.);
#1722=ADVANCED_FACE('',(#26),#1633,.T.);
#1723=ADVANCED_FACE('',(#27),#1634,.T.);
#1724=ADVANCED_FACE('',(#28),#1635,.F.);
#1725=ADVANCED_FACE('',(#29),#1636,.T.);
#1726=ADVANCED_FACE('',(#30),#1637,.T.);
#1727=ADVANCED_FACE('',(#31),#1638,.T.);
#1728=ADVANCED_FACE('',(#32),#1639,.F.);
#1729=ADVANCED_FACE('',(#33),#1640,.T.);
#1730=ADVANCED_FACE('',(#34),#1641,.F.);
#1731=ADVANCED_FACE('',(#35),#1642,.F.);
#1732=ADVANCED_FACE('',(#36),#1643,.F.);
#1733=ADVANCED_FACE('',(#37),#1644,.T.);
#1734=ADVANCED_FACE('',(#38),#1645,.F.);
#1735=ADVANCED_FACE('',(#39),#1646,.F.);
#1736=ADVANCED_FACE('',(#40),#1647,.F.);
#1737=ADVANCED_FACE('',(#41),#1648,.T.);
#1738=ADVANCED_FACE('',(#42),#1649,.T.);
#1739=ADVANCED_FACE('',(#43,#14),#1650,.F.);
#1740=ADVANCED_FACE('',(#44),#1651,.T.);
#1741=ADVANCED_FACE('',(#45),#1652,.T.);
#1742=ADVANCED_FACE('',(#46),#1653,.F.);
#1743=ADVANCED_FACE('',(#47),#1654,.F.);
#1744=ADVANCED_FACE('',(#48),#1655,.F.);
#1745=ADVANCED_FACE('',(#49),#1656,.F.);
#1746=ADVANCED_FACE('',(#50),#1657,.F.);
#1747=ADVANCED_FACE('',(#51),#1658,.F.);
#1748=ADVANCED_FACE('',(#52),#1659,.T.);
#1749=ADVANCED_FACE('',(#53),#1660,.T.);
#1750=ADVANCED_FACE('',(#54),#1661,.F.);
#1751=ADVANCED_FACE('',(#55),#1662,.F.);
#1752=ADVANCED_FACE('',(#56),#1663,.F.);
#1753=ADVANCED_FACE('',(#57),#1664,.F.);
#1754=ADVANCED_FACE('',(#58),#1665,.F.);
#1755=ADVANCED_FACE('',(#59),#1666,.F.);
#1756=ADVANCED_FACE('',(#60),#1667,.T.);
#1757=ADVANCED_FACE('',(#61),#1668,.T.);
#1758=ADVANCED_FACE('',(#62),#1669,.F.);
#1759=ADVANCED_FACE('',(#63),#1670,.F.);
#1760=ADVANCED_FACE('',(#64),#1671,.F.);
#1761=ADVANCED_FACE('',(#65),#1672,.F.);
#1762=ADVANCED_FACE('',(#66),#1673,.F.);
#1763=ADVANCED_FACE('',(#67),#1674,.F.);
#1764=ADVANCED_FACE('',(#68),#1675,.T.);
#1765=ADVANCED_FACE('',(#69),#1676,.T.);
#1766=ADVANCED_FACE('',(#70),#1677,.F.);
#1767=ADVANCED_FACE('',(#71),#1678,.F.);
#1768=ADVANCED_FACE('',(#72),#1679,.F.);
#1769=ADVANCED_FACE('',(#73),#1680,.F.);
#1770=ADVANCED_FACE('',(#74),#1681,.F.);
#1771=ADVANCED_FACE('',(#75),#1682,.F.);
#1772=ADVANCED_FACE('',(#76),#1683,.T.);
#1773=ADVANCED_FACE('',(#77),#1684,.T.);
#1774=ADVANCED_FACE('',(#78),#1685,.T.);
#1775=ADVANCED_FACE('',(#79),#1686,.T.);
#1776=ADVANCED_FACE('',(#80),#1687,.T.);
#1777=ADVANCED_FACE('',(#81),#1688,.T.);
#1778=ADVANCED_FACE('',(#82),#1689,.T.);
#1779=ADVANCED_FACE('',(#83),#1690,.F.);
#1780=ADVANCED_FACE('',(#84),#1691,.F.);
#1781=ADVANCED_FACE('',(#85),#1692,.T.);
#1782=ADVANCED_FACE('',(#86),#1693,.T.);
#1783=ADVANCED_FACE('',(#87),#1694,.T.);
#1784=ADVANCED_FACE('',(#88),#1695,.F.);
#1785=ADVANCED_FACE('',(#89),#1696,.F.);
#1786=ADVANCED_FACE('',(#90),#1697,.F.);
#1787=ADVANCED_FACE('',(#91),#1698,.T.);
#1788=ADVANCED_FACE('',(#92),#1699,.T.);
#1789=ADVANCED_FACE('',(#93),#1700,.T.);
#1790=ADVANCED_FACE('',(#94),#1701,.F.);
#1791=ADVANCED_FACE('',(#95),#1702,.F.);
#1792=ADVANCED_FACE('',(#96),#1703,.T.);
#1793=ADVANCED_FACE('',(#97),#1704,.T.);
#1794=ADVANCED_FACE('',(#98),#1705,.F.);
#1795=ADVANCED_FACE('',(#99),#1706,.T.);
#1796=ADVANCED_FACE('',(#100),#1707,.F.);
#1797=ADVANCED_FACE('',(#101),#1708,.F.);
#1798=ADVANCED_FACE('',(#102),#1709,.T.);
#1799=ADVANCED_FACE('',(#103),#1710,.F.);
#1800=ADVANCED_FACE('',(#104),#1711,.F.);
#1801=ADVANCED_FACE('',(#105),#1712,.F.);
#1802=CLOSED_SHELL('',(#1713,#1714,#1715,#1716,#1717,#1718,#1719,#1720,
#1721,#1722,#1723,#1724,#1725,#1726,#1727,#1728));
#1803=CLOSED_SHELL('',(#1729,#1730,#1731,#1732,#1733,#1734,#1735,#1736,
#1737,#1738,#1739,#1740,#1741,#1742,#1743,#1744,#1745,#1746,#1747,#1748,
#1749,#1750,#1751,#1752,#1753,#1754,#1755,#1756,#1757,#1758,#1759,#1760,
#1761,#1762,#1763,#1764,#1765,#1766,#1767,#1768,#1769,#1770,#1771,#1772,
#1773,#1774,#1775,#1776,#1777,#1778,#1779,#1780,#1781,#1782,#1783,#1784,
#1785));
#1804=CLOSED_SHELL('',(#1786,#1787,#1788,#1789,#1790,#1791,#1792,#1793,
#1794,#1795,#1796,#1797,#1798,#1799,#1800,#1801));
#1805=BREP_WITH_VOIDS('Body7',#1803,(#15,#16));
#1806=DERIVED_UNIT_ELEMENT(#1808,1.);
#1807=DERIVED_UNIT_ELEMENT(#2855,-3.);
#1808=(
MASS_UNIT()
NAMED_UNIT(*)
SI_UNIT(.KILO.,.GRAM.)
);
#1809=DERIVED_UNIT((#1806,#1807));
#1810=MEASURE_REPRESENTATION_ITEM('density measure',
POSITIVE_RATIO_MEASURE(7850.),#1809);
#1811=PROPERTY_DEFINITION_REPRESENTATION(#1816,#1813);
#1812=PROPERTY_DEFINITION_REPRESENTATION(#1817,#1814);
#1813=REPRESENTATION('material name',(#1815),#2852);
#1814=REPRESENTATION('density',(#1810),#2852);
#1815=DESCRIPTIVE_REPRESENTATION_ITEM('Steel','Steel');
#1816=PROPERTY_DEFINITION('material property','material name',#2862);
#1817=PROPERTY_DEFINITION('material property','density of part',#2862);
#1818=AXIS2_PLACEMENT_3D('',#2340,#1908,#1909);
#1819=AXIS2_PLACEMENT_3D('',#2341,#1910,#1911);
#1820=AXIS2_PLACEMENT_3D('',#2350,#1916,#1917);
#1821=AXIS2_PLACEMENT_3D('',#2368,#1927,#1928);
#1822=AXIS2_PLACEMENT_3D('',#2372,#1931,#1932);
#1823=AXIS2_PLACEMENT_3D('',#2386,#1940,#1941);
#1824=AXIS2_PLACEMENT_3D('',#2393,#1946,#1947);
#1825=AXIS2_PLACEMENT_3D('',#2397,#1950,#1951);
#1826=AXIS2_PLACEMENT_3D('',#2401,#1954,#1955);
#1827=AXIS2_PLACEMENT_3D('',#2405,#1958,#1959);
#1828=AXIS2_PLACEMENT_3D('',#2409,#1962,#1963);
#1829=AXIS2_PLACEMENT_3D('',#2413,#1966,#1967);
#1830=AXIS2_PLACEMENT_3D('',#2415,#1969,#1970);
#1831=AXIS2_PLACEMENT_3D('',#2419,#1973,#1974);
#1832=AXIS2_PLACEMENT_3D('',#2423,#1977,#1978);
#1833=AXIS2_PLACEMENT_3D('',#2425,#1980,#1981);
#1834=AXIS2_PLACEMENT_3D('',#2426,#1982,#1983);
#1835=AXIS2_PLACEMENT_3D('',#2427,#1984,#1985);
#1836=AXIS2_PLACEMENT_3D('',#2436,#1990,#1991);
#1837=AXIS2_PLACEMENT_3D('',#2442,#1995,#1996);
#1838=AXIS2_PLACEMENT_3D('',#2448,#2000,#2001);
#1839=AXIS2_PLACEMENT_3D('',#2450,#2003,#2004);
#1840=AXIS2_PLACEMENT_3D('',#2459,#2009,#2010);
#1841=AXIS2_PLACEMENT_3D('',#2468,#2015,#2016);
#1842=AXIS2_PLACEMENT_3D('',#2474,#2020,#2021);
#1843=AXIS2_PLACEMENT_3D('',#2478,#2024,#2025);
#1844=AXIS2_PLACEMENT_3D('',#2482,#2028,#2029);
#1845=AXIS2_PLACEMENT_3D('',#2507,#2042,#2043);
#1846=AXIS2_PLACEMENT_3D('',#2576,#2080,#2081);
#1847=AXIS2_PLACEMENT_3D('',#2580,#2084,#2085);
#1848=AXIS2_PLACEMENT_3D('',#2584,#2088,#2089);
#1849=AXIS2_PLACEMENT_3D('',#2590,#2093,#2094);
#1850=AXIS2_PLACEMENT_3D('',#2596,#2098,#2099);
#1851=AXIS2_PLACEMENT_3D('',#2600,#2102,#2103);
#1852=AXIS2_PLACEMENT_3D('',#2604,#2106,#2107);
#1853=AXIS2_PLACEMENT_3D('',#2608,#2110,#2111);
#1854=AXIS2_PLACEMENT_3D('',#2612,#2114,#2115);
#1855=AXIS2_PLACEMENT_3D('',#2614,#2117,#2118);
#1856=AXIS2_PLACEMENT_3D('',#2616,#2120,#2121);
#1857=AXIS2_PLACEMENT_3D('',#2622,#2125,#2126);
#1858=AXIS2_PLACEMENT_3D('',#2628,#2130,#2131);
#1859=AXIS2_PLACEMENT_3D('',#2632,#2134,#2135);
#1860=AXIS2_PLACEMENT_3D('',#2636,#2138,#2139);
#1861=AXIS2_PLACEMENT_3D('',#2640,#2142,#2143);
#1862=AXIS2_PLACEMENT_3D('',#2644,#2146,#2147);
#1863=AXIS2_PLACEMENT_3D('',#2646,#2149,#2150);
#1864=AXIS2_PLACEMENT_3D('',#2648,#2152,#2153);
#1865=AXIS2_PLACEMENT_3D('',#2654,#2157,#2158);
#1866=AXIS2_PLACEMENT_3D('',#2660,#2162,#2163);
#1867=AXIS2_PLACEMENT_3D('',#2664,#2166,#2167);
#1868=AXIS2_PLACEMENT_3D('',#2668,#2170,#2171);
#1869=AXIS2_PLACEMENT_3D('',#2672,#2174,#2175);
#1870=AXIS2_PLACEMENT_3D('',#2676,#2178,#2179);
#1871=AXIS2_PLACEMENT_3D('',#2678,#2181,#2182);
#1872=AXIS2_PLACEMENT_3D('',#2680,#2184,#2185);
#1873=AXIS2_PLACEMENT_3D('',#2686,#2189,#2190);
#1874=AXIS2_PLACEMENT_3D('',#2692,#2194,#2195);
#1875=AXIS2_PLACEMENT_3D('',#2696,#2198,#2199);
#1876=AXIS2_PLACEMENT_3D('',#2700,#2202,#2203);
#1877=AXIS2_PLACEMENT_3D('',#2704,#2206,#2207);
#1878=AXIS2_PLACEMENT_3D('',#2708,#2210,#2211);
#1879=AXIS2_PLACEMENT_3D('',#2714,#2215,#2216);
#1880=AXIS2_PLACEMENT_3D('',#2720,#2220,#2221);
#1881=AXIS2_PLACEMENT_3D('',#2742,#2233,#2234);
#1882=AXIS2_PLACEMENT_3D('',#2744,#2236,#2237);
#1883=AXIS2_PLACEMENT_3D('',#2746,#2239,#2240);
#1884=AXIS2_PLACEMENT_3D('',#2748,#2242,#2243);
#1885=AXIS2_PLACEMENT_3D('',#2751,#2246,#2247);
#1886=AXIS2_PLACEMENT_3D('',#2753,#2249,#2250);
#1887=AXIS2_PLACEMENT_3D('',#2755,#2252,#2253);
#1888=AXIS2_PLACEMENT_3D('',#2758,#2256,#2257);
#1889=AXIS2_PLACEMENT_3D('',#2759,#2258,#2259);
#1890=AXIS2_PLACEMENT_3D('',#2761,#2261,#2262);
#1891=AXIS2_PLACEMENT_3D('',#2763,#2264,#2265);
#1892=AXIS2_PLACEMENT_3D('',#2764,#2266,#2267);
#1893=AXIS2_PLACEMENT_3D('',#2773,#2272,#2273);
#1894=AXIS2_PLACEMENT_3D('',#2782,#2278,#2279);
#1895=AXIS2_PLACEMENT_3D('',#2788,#2283,#2284);
#1896=AXIS2_PLACEMENT_3D('',#2792,#2287,#2288);
#1897=AXIS2_PLACEMENT_3D('',#2796,#2291,#2292);
#1898=AXIS2_PLACEMENT_3D('',#2805,#2297,#2298);
#1899=AXIS2_PLACEMENT_3D('',#2811,#2302,#2303);
#1900=AXIS2_PLACEMENT_3D('',#2817,#2307,#2308);
#1901=AXIS2_PLACEMENT_3D('',#2824,#2313,#2314);
#1902=AXIS2_PLACEMENT_3D('',#2832,#2319,#2320);
#1903=AXIS2_PLACEMENT_3D('',#2838,#2324,#2325);
#1904=AXIS2_PLACEMENT_3D('',#2841,#2328,#2329);
#1905=AXIS2_PLACEMENT_3D('',#2843,#2331,#2332);
#1906=AXIS2_PLACEMENT_3D('',#2847,#2335,#2336);
#1907=AXIS2_PLACEMENT_3D('',#2849,#2338,#2339);
#1908=DIRECTION('axis',(0.,0.,1.));
#1909=DIRECTION('refdir',(1.,0.,0.));
#1910=DIRECTION('center_axis',(1.,0.,0.));
#1911=DIRECTION('ref_axis',(0.,0.,-1.));
#1912=DIRECTION('',(0.,0.,1.));
#1913=DIRECTION('',(0.,-1.,0.));
#1914=DIRECTION('',(0.,0.,1.));
#1915=DIRECTION('',(0.,1.,0.));
#1916=DIRECTION('center_axis',(0.,1.,0.));
#1917=DIRECTION('ref_axis',(1.,0.,0.));
#1918=DIRECTION('',(1.,0.,0.));
#1919=DIRECTION('',(0.,0.,-1.));
#1920=DIRECTION('',(1.,0.,0.));
#1921=DIRECTION('',(0.,0.,1.));
#1922=DIRECTION('',(1.,0.,0.));
#1923=DIRECTION('',(0.,0.,-1.));
#1924=DIRECTION('',(1.,0.,0.));
#1925=DIRECTION('',(0.,0.,1.));
#1926=DIRECTION('',(-1.,0.,0.));
#1927=DIRECTION('center_axis',(0.,0.,-1.));
#1928=DIRECTION('ref_axis',(-1.,0.,0.));
#1929=DIRECTION('',(0.,1.,0.));
#1930=DIRECTION('',(1.,0.,0.));
#1931=DIRECTION('center_axis',(0.,0.,1.));
#1932=DIRECTION('ref_axis',(1.,0.,0.));
#1933=DIRECTION('',(-1.,0.,0.));
#1934=DIRECTION('',(0.,-1.,0.));
#1935=DIRECTION('',(-1.,0.,0.));
#1936=DIRECTION('',(0.,1.,0.));
#1937=DIRECTION('',(-1.,0.,0.));
#1938=DIRECTION('',(0.,-1.,0.));
#1939=DIRECTION('',(0.,1.,0.));
#1940=DIRECTION('center_axis',(-1.,0.,0.));
#1941=DIRECTION('ref_axis',(0.,0.,1.));
#1942=DIRECTION('',(0.,0.,-1.));
#1943=DIRECTION('',(0.,1.,0.));
#1944=DIRECTION('',(0.,0.,-1.));
#1945=DIRECTION('',(0.,1.,0.));
#1946=DIRECTION('center_axis',(1.,0.,0.));
#1947=DIRECTION('ref_axis',(0.,0.,-1.));
#1948=DIRECTION('',(0.,-1.,0.));
#1949=DIRECTION('',(0.,0.,1.));
#1950=DIRECTION('center_axis',(0.,1.,0.));
#1951=DIRECTION('ref_axis',(0.,0.,1.));
#1952=DIRECTION('',(0.,0.,-1.));
#1953=DIRECTION('',(1.,0.,0.));
#1954=DIRECTION('center_axis',(0.,1.,0.));
#1955=DIRECTION('ref_axis',(0.,0.,1.));
#1956=DIRECTION('',(1.,0.,0.));
#1957=DIRECTION('',(0.,0.,1.));
#1958=DIRECTION('center_axis',(-1.,0.,0.));
#1959=DIRECTION('ref_axis',(0.,0.,1.));
#1960=DIRECTION('',(0.,1.,0.));
#1961=DIRECTION('',(0.,0.,-1.));
#1962=DIRECTION('center_axis',(0.,1.,0.));
#1963=DIRECTION('ref_axis',(1.,0.,0.));
#1964=DIRECTION('',(1.,0.,0.));
#1965=DIRECTION('',(0.,0.,-1.));
#1966=DIRECTION('center_axis',(1.,0.,0.));
#1967=DIRECTION('ref_axis',(0.,-1.,0.));
#1968=DIRECTION('',(0.,-1.,0.));
#1969=DIRECTION('center_axis',(0.,0.,1.));
#1970=DIRECTION('ref_axis',(1.,0.,0.));
#1971=DIRECTION('',(-1.,0.,0.));
#1972=DIRECTION('',(0.,1.,0.));
#1973=DIRECTION('center_axis',(0.,1.,0.));
#1974=DIRECTION('ref_axis',(-1.,0.,0.));
#1975=DIRECTION('',(1.,0.,0.));
#1976=DIRECTION('',(0.,0.,-1.));
#1977=DIRECTION('center_axis',(0.,0.,1.));
#1978=DIRECTION('ref_axis',(1.,0.,0.));
#1979=DIRECTION('',(0.,1.,0.));
#1980=DIRECTION('center_axis',(1.,0.,0.));
#1981=DIRECTION('ref_axis',(0.,1.,0.));
#1982=DIRECTION('center_axis',(0.,0.,1.));
#1983=DIRECTION('ref_axis',(1.,0.,0.));
#1984=DIRECTION('center_axis',(0.,0.,1.));
#1985=DIRECTION('ref_axis',(1.,0.,0.));
#1986=DIRECTION('',(0.,1.,0.));
#1987=DIRECTION('',(-1.,0.,0.));
#1988=DIRECTION('',(0.,1.,0.));
#1989=DIRECTION('',(-1.,0.,0.));
#1990=DIRECTION('center_axis',(0.,1.,0.));
#1991=DIRECTION('ref_axis',(-1.,0.,0.));
#1992=DIRECTION('',(0.,0.,1.));
#1993=DIRECTION('',(0.,0.,1.));
#1994=DIRECTION('',(-1.,0.,0.));
#1995=DIRECTION('center_axis',(0.,0.,1.));
#1996=DIRECTION('ref_axis',(1.,0.,0.));
#1997=DIRECTION('',(0.,-1.,0.));
#1998=DIRECTION('',(0.,1.,0.));
#1999=DIRECTION('',(1.,0.,0.));
#2000=DIRECTION('center_axis',(1.,0.,0.));
#2001=DIRECTION('ref_axis',(0.,1.,0.));
#2002=DIRECTION('',(0.,0.,-1.));
#2003=DIRECTION('center_axis',(0.,0.,-1.));
#2004=DIRECTION('ref_axis',(-1.,0.,0.));
#2005=DIRECTION('',(1.,0.,0.));
#2006=DIRECTION('',(0.,1.,0.));
#2007=DIRECTION('',(-1.,0.,0.));
#2008=DIRECTION('',(0.,-1.,0.));
#2009=DIRECTION('center_axis',(-1.,0.,0.));
#2010=DIRECTION('ref_axis',(0.,-1.,0.));
#2011=DIRECTION('',(0.,-1.,0.));
#2012=DIRECTION('',(0.,0.,1.));
#2013=DIRECTION('',(0.,-1.,0.));
#2014=DIRECTION('',(0.,0.,1.));
#2015=DIRECTION('center_axis',(0.,0.,1.));
#2016=DIRECTION('ref_axis',(1.,0.,0.));
#2017=DIRECTION('',(0.,1.,0.));
#2018=DIRECTION('',(1.,0.,0.));
#2019=DIRECTION('',(-1.,0.,0.));
#2020=DIRECTION('center_axis',(0.,1.,0.));
#2021=DIRECTION('ref_axis',(-1.,0.,0.));
#2022=DIRECTION('',(0.,0.,-1.));
#2023=DIRECTION('',(-1.,0.,0.));
#2024=DIRECTION('center_axis',(0.,0.,1.));
#2025=DIRECTION('ref_axis',(1.,0.,0.));
#2026=DIRECTION('',(0.,-1.,0.));
#2027=DIRECTION('',(-1.,0.,0.));
#2028=DIRECTION('center_axis',(0.,0.,1.));
#2029=DIRECTION('ref_axis',(1.,0.,0.));
#2030=DIRECTION('',(-1.,0.,0.));
#2031=DIRECTION('',(0.,1.,0.));
#2032=DIRECTION('',(1.,0.,0.));
#2033=DIRECTION('',(0.,-1.,0.));
#2034=DIRECTION('',(1.,0.,0.));
#2035=DIRECTION('',(0.,1.,0.));
#2036=DIRECTION('',(1.,0.,0.));
#2037=DIRECTION('',(0.,1.,0.));
#2038=DIRECTION('',(1.,0.,0.));
#2039=DIRECTION('',(0.,1.,0.));
#2040=DIRECTION('',(1.,0.,0.));
#2041=DIRECTION('',(0.,-1.,0.));
#2042=DIRECTION('center_axis',(0.,1.,0.));
#2043=DIRECTION('ref_axis',(1.,0.,0.));
#2044=DIRECTION('',(0.,0.,1.));
#2045=DIRECTION('',(1.,0.,0.));
#2046=DIRECTION('',(0.,0.,1.));
#2047=DIRECTION('',(0.,0.,-1.));
#2048=DIRECTION('',(0.,0.,-1.));
#2049=DIRECTION('',(1.,0.,0.));
#2050=DIRECTION('',(0.,0.,-1.));
#2051=DIRECTION('',(-1.,0.,0.));
#2052=DIRECTION('',(0.,0.,-1.));
#2053=DIRECTION('',(1.,0.,0.));
#2054=DIRECTION('',(0.,0.,-1.));
#2055=DIRECTION('',(-1.,0.,0.));
#2056=DIRECTION('',(0.,0.,-1.));
#2057=DIRECTION('',(1.,0.,0.));
#2058=DIRECTION('',(0.,0.,-1.));
#2059=DIRECTION('',(-1.,0.,0.));
#2060=DIRECTION('',(0.,0.,-1.));
#2061=DIRECTION('',(1.,0.,0.));
#2062=DIRECTION('',(0.,0.,-1.));
#2063=DIRECTION('',(-1.,0.,0.));
#2064=DIRECTION('',(0.,0.,1.));
#2065=DIRECTION('',(1.,0.,0.));
#2066=DIRECTION('',(0.,0.,1.));
#2067=DIRECTION('',(-1.,0.,0.));
#2068=DIRECTION('',(0.,0.,1.));
#2069=DIRECTION('',(1.,0.,0.));
#2070=DIRECTION('',(0.,0.,1.));
#2071=DIRECTION('',(-1.,0.,0.));
#2072=DIRECTION('',(0.,0.,1.));
#2073=DIRECTION('',(1.,0.,0.));
#2074=DIRECTION('',(0.,0.,1.));
#2075=DIRECTION('',(-1.,0.,0.));
#2076=DIRECTION('',(0.,0.,1.));
#2077=DIRECTION('',(1.,0.,0.));
#2078=DIRECTION('',(0.,0.,1.));
#2079=DIRECTION('',(0.,0.,1.));
#2080=DIRECTION('center_axis',(-1.,0.,0.));
#2081=DIRECTION('ref_axis',(0.,0.,1.));
#2082=DIRECTION('',(0.,0.,1.));
#2083=DIRECTION('',(0.,1.,0.));
#2084=DIRECTION('center_axis',(1.,0.,0.));
#2085=DIRECTION('ref_axis',(0.,0.,-1.));
#2086=DIRECTION('',(0.,1.,0.));
#2087=DIRECTION('',(0.,0.,-1.));
#2088=DIRECTION('center_axis',(-1.,0.,0.));
#2089=DIRECTION('ref_axis',(0.,-1.,0.));
#2090=DIRECTION('',(0.,-1.,0.));
#2091=DIRECTION('',(0.,0.,1.));
#2092=DIRECTION('',(0.,-1.,0.));
#2093=DIRECTION('center_axis',(1.,0.,0.));
#2094=DIRECTION('ref_axis',(0.,1.,0.));
#2095=DIRECTION('',(0.,1.,0.));
#2096=DIRECTION('',(0.,1.,0.));
#2097=DIRECTION('',(0.,0.,1.));
#2098=DIRECTION('center_axis',(0.,0.,1.));
#2099=DIRECTION('ref_axis',(1.,0.,0.));
#2100=DIRECTION('',(0.,-1.,0.));
#2101=DIRECTION('',(-1.,0.,0.));
#2102=DIRECTION('center_axis',(0.,0.,1.));
#2103=DIRECTION('ref_axis',(1.,0.,0.));
#2104=DIRECTION('',(0.,1.,0.));
#2105=DIRECTION('',(-1.,0.,0.));
#2106=DIRECTION('center_axis',(0.,1.,0.));
#2107=DIRECTION('ref_axis',(-1.,0.,0.));
#2108=DIRECTION('',(0.,0.,1.));
#2109=DIRECTION('',(-1.,0.,0.));
#2110=DIRECTION('center_axis',(0.,1.,0.));
#2111=DIRECTION('ref_axis',(-1.,0.,0.));
#2112=DIRECTION('',(0.,0.,-1.));
#2113=DIRECTION('',(-1.,0.,0.));
#2114=DIRECTION('center_axis',(0.,0.,1.));
#2115=DIRECTION('ref_axis',(1.,0.,0.));
#2116=DIRECTION('',(0.,1.,0.));
#2117=DIRECTION('center_axis',(0.,0.,1.));
#2118=DIRECTION('ref_axis',(1.,0.,0.));
#2119=DIRECTION('',(0.,-1.,0.));
#2120=DIRECTION('center_axis',(-1.,0.,0.));
#2121=DIRECTION('ref_axis',(0.,-1.,0.));
#2122=DIRECTION('',(0.,-1.,0.));
#2123=DIRECTION('',(0.,0.,1.));
#2124=DIRECTION('',(0.,-1.,0.));
#2125=DIRECTION('center_axis',(1.,0.,0.));
#2126=DIRECTION('ref_axis',(0.,1.,0.));
#2127=DIRECTION('',(0.,1.,0.));
#2128=DIRECTION('',(0.,1.,0.));
#2129=DIRECTION('',(0.,0.,1.));
#2130=DIRECTION('center_axis',(0.,0.,1.));
#2131=DIRECTION('ref_axis',(1.,0.,0.));
#2132=DIRECTION('',(0.,-1.,0.));
#2133=DIRECTION('',(-1.,0.,0.));
#2134=DIRECTION('center_axis',(0.,0.,1.));
#2135=DIRECTION('ref_axis',(1.,0.,0.));
#2136=DIRECTION('',(0.,1.,0.));
#2137=DIRECTION('',(-1.,0.,0.));
#2138=DIRECTION('center_axis',(0.,1.,0.));
#2139=DIRECTION('ref_axis',(-1.,0.,0.));
#2140=DIRECTION('',(0.,0.,1.));
#2141=DIRECTION('',(-1.,0.,0.));
#2142=DIRECTION('center_axis',(0.,1.,0.));
#2143=DIRECTION('ref_axis',(-1.,0.,0.));
#2144=DIRECTION('',(0.,0.,-1.));
#2145=DIRECTION('',(-1.,0.,0.));
#2146=DIRECTION('center_axis',(0.,0.,1.));
#2147=DIRECTION('ref_axis',(1.,0.,0.));
#2148=DIRECTION('',(0.,1.,0.));
#2149=DIRECTION('center_axis',(0.,0.,1.));
#2150=DIRECTION('ref_axis',(1.,0.,0.));
#2151=DIRECTION('',(0.,-1.,0.));
#2152=DIRECTION('center_axis',(-1.,0.,0.));
#2153=DIRECTION('ref_axis',(0.,-1.,0.));
#2154=DIRECTION('',(0.,-1.,0.));
#2155=DIRECTION('',(0.,0.,1.));
#2156=DIRECTION('',(0.,-1.,0.));
#2157=DIRECTION('center_axis',(1.,0.,0.));
#2158=DIRECTION('ref_axis',(0.,1.,0.));
#2159=DIRECTION('',(0.,1.,0.));
#2160=DIRECTION('',(0.,1.,0.));
#2161=DIRECTION('',(0.,0.,1.));
#2162=DIRECTION('center_axis',(0.,0.,1.));
#2163=DIRECTION('ref_axis',(1.,0.,0.));
#2164=DIRECTION('',(0.,-1.,0.));
#2165=DIRECTION('',(-1.,0.,0.));
#2166=DIRECTION('center_axis',(0.,0.,1.));
#2167=DIRECTION('ref_axis',(1.,0.,0.));
#2168=DIRECTION('',(0.,1.,0.));
#2169=DIRECTION('',(-1.,0.,0.));
#2170=DIRECTION('center_axis',(0.,1.,0.));
#2171=DIRECTION('ref_axis',(-1.,0.,0.));
#2172=DIRECTION('',(0.,0.,1.));
#2173=DIRECTION('',(-1.,0.,0.));
#2174=DIRECTION('center_axis',(0.,1.,0.));
#2175=DIRECTION('ref_axis',(-1.,0.,0.));
#2176=DIRECTION('',(0.,0.,-1.));
#2177=DIRECTION('',(-1.,0.,0.));
#2178=DIRECTION('center_axis',(0.,0.,1.));
#2179=DIRECTION('ref_axis',(1.,0.,0.));
#2180=DIRECTION('',(0.,1.,0.));
#2181=DIRECTION('center_axis',(0.,0.,1.));
#2182=DIRECTION('ref_axis',(1.,0.,0.));
#2183=DIRECTION('',(0.,-1.,0.));
#2184=DIRECTION('center_axis',(-1.,0.,0.));
#2185=DIRECTION('ref_axis',(0.,-1.,0.));
#2186=DIRECTION('',(0.,-1.,0.));
#2187=DIRECTION('',(0.,0.,1.));
#2188=DIRECTION('',(0.,-1.,0.));
#2189=DIRECTION('center_axis',(1.,0.,0.));
#2190=DIRECTION('ref_axis',(0.,1.,0.));
#2191=DIRECTION('',(0.,1.,0.));
#2192=DIRECTION('',(0.,1.,0.));
#2193=DIRECTION('',(0.,0.,1.));
#2194=DIRECTION('center_axis',(0.,0.,1.));
#2195=DIRECTION('ref_axis',(1.,0.,0.));
#2196=DIRECTION('',(0.,-1.,0.));
#2197=DIRECTION('',(-1.,0.,0.));
#2198=DIRECTION('center_axis',(0.,0.,1.));
#2199=DIRECTION('ref_axis',(1.,0.,0.));
#2200=DIRECTION('',(0.,1.,0.));
#2201=DIRECTION('',(-1.,0.,0.));
#2202=DIRECTION('center_axis',(0.,1.,0.));
#2203=DIRECTION('ref_axis',(-1.,0.,0.));
#2204=DIRECTION('',(0.,0.,1.));
#2205=DIRECTION('',(-1.,0.,0.));
#2206=DIRECTION('center_axis',(0.,1.,0.));
#2207=DIRECTION('ref_axis',(-1.,0.,0.));
#2208=DIRECTION('',(0.,0.,-1.));
#2209=DIRECTION('',(-1.,0.,0.));
#2210=DIRECTION('center_axis',(0.,0.,1.));
#2211=DIRECTION('ref_axis',(1.,0.,0.));
#2212=DIRECTION('',(0.,1.,0.));
#2213=DIRECTION('',(1.,0.,0.));
#2214=DIRECTION('',(0.,-1.,0.));
#2215=DIRECTION('center_axis',(0.,1.,0.));
#2216=DIRECTION('ref_axis',(0.,0.,1.));
#2217=DIRECTION('',(-1.,0.,0.));
#2218=DIRECTION('',(0.,0.,-1.));
#2219=DIRECTION('',(0.,0.,1.));
#2220=DIRECTION('center_axis',(0.,0.,1.));
#2221=DIRECTION('ref_axis',(1.,0.,0.));
#2222=DIRECTION('',(0.,-1.,0.));
#2223=DIRECTION('',(-1.,0.,0.));
#2224=DIRECTION('',(0.,-1.,0.));
#2225=DIRECTION('',(1.,0.,0.));
#2226=DIRECTION('',(0.,-1.,0.));
#2227=DIRECTION('',(-1.,0.,0.));
#2228=DIRECTION('',(0.,1.,0.));
#2229=DIRECTION('',(1.,0.,0.));
#2230=DIRECTION('',(0.,1.,0.));
#2231=DIRECTION('',(-1.,0.,0.));
#2232=DIRECTION('',(0.,1.,0.));
#2233=DIRECTION('center_axis',(0.,0.,-1.));
#2234=DIRECTION('ref_axis',(-1.,0.,0.));
#2235=DIRECTION('',(-1.,0.,0.));
#2236=DIRECTION('center_axis',(1.,0.,0.));
#2237=DIRECTION('ref_axis',(0.,0.,-1.));
#2238=DIRECTION('',(0.,0.,1.));
#2239=DIRECTION('center_axis',(-1.,0.,0.));
#2240=DIRECTION('ref_axis',(0.,0.,1.));
#2241=DIRECTION('',(0.,0.,-1.));
#2242=DIRECTION('center_axis',(0.,1.,0.));
#2243=DIRECTION('ref_axis',(0.,0.,1.));
#2244=DIRECTION('',(0.,0.,-1.));
#2245=DIRECTION('',(0.,0.,-1.));
#2246=DIRECTION('center_axis',(-1.,0.,0.));
#2247=DIRECTION('ref_axis',(0.,1.,0.));
#2248=DIRECTION('',(0.,0.,-1.));
#2249=DIRECTION('center_axis',(0.,1.,0.));
#2250=DIRECTION('ref_axis',(1.,0.,0.));
#2251=DIRECTION('',(0.,0.,-1.));
#2252=DIRECTION('center_axis',(0.,1.,0.));
#2253=DIRECTION('ref_axis',(0.,0.,1.));
#2254=DIRECTION('',(0.,0.,1.));
#2255=DIRECTION('',(0.,0.,-1.));
#2256=DIRECTION('center_axis',(1.,0.,0.));
#2257=DIRECTION('ref_axis',(0.,0.,-1.));
#2258=DIRECTION('center_axis',(-1.,0.,0.));
#2259=DIRECTION('ref_axis',(0.,0.,1.));
#2260=DIRECTION('',(0.,0.,1.));
#2261=DIRECTION('center_axis',(0.,1.,0.));
#2262=DIRECTION('ref_axis',(1.,0.,0.));
#2263=DIRECTION('',(0.,0.,-1.));
#2264=DIRECTION('center_axis',(1.,0.,0.));
#2265=DIRECTION('ref_axis',(0.,-1.,0.));
#2266=DIRECTION('center_axis',(0.,0.,-1.));
#2267=DIRECTION('ref_axis',(-1.,0.,0.));
#2268=DIRECTION('',(0.,-1.,0.));
#2269=DIRECTION('',(1.,0.,0.));
#2270=DIRECTION('',(0.,-1.,0.));
#2271=DIRECTION('',(1.,0.,0.));
#2272=DIRECTION('center_axis',(-1.,0.,0.));
#2273=DIRECTION('ref_axis',(0.,-1.,0.));
#2274=DIRECTION('',(0.,1.,0.));
#2275=DIRECTION('',(0.,0.,-1.));
#2276=DIRECTION('',(0.,1.,0.));
#2277=DIRECTION('',(0.,0.,-1.));
#2278=DIRECTION('center_axis',(0.,0.,1.));
#2279=DIRECTION('ref_axis',(1.,0.,0.));
#2280=DIRECTION('',(0.,1.,0.));
#2281=DIRECTION('',(-1.,0.,0.));
#2282=DIRECTION('',(-1.,0.,0.));
#2283=DIRECTION('center_axis',(0.,1.,0.));
#2284=DIRECTION('ref_axis',(-1.,0.,0.));
#2285=DIRECTION('',(0.,0.,-1.));
#2286=DIRECTION('',(1.,0.,0.));
#2287=DIRECTION('center_axis',(0.,0.,1.));
#2288=DIRECTION('ref_axis',(1.,0.,0.));
#2289=DIRECTION('',(0.,1.,0.));
#2290=DIRECTION('',(-1.,0.,0.));
#2291=DIRECTION('center_axis',(1.,0.,0.));
#2292=DIRECTION('ref_axis',(0.,0.,-1.));
#2293=DIRECTION('',(0.,-1.,0.));
#2294=DIRECTION('',(0.,0.,1.));
#2295=DIRECTION('',(0.,-1.,0.));
#2296=DIRECTION('',(0.,0.,1.));
#2297=DIRECTION('center_axis',(0.,1.,0.));
#2298=DIRECTION('ref_axis',(1.,0.,0.));
#2299=DIRECTION('',(1.,0.,0.));
#2300=DIRECTION('',(0.,0.,1.));
#2301=DIRECTION('',(1.,0.,0.));
#2302=DIRECTION('center_axis',(-1.,0.,0.));
#2303=DIRECTION('ref_axis',(0.,1.,0.));
#2304=DIRECTION('',(0.,1.,0.));
#2305=DIRECTION('',(0.,0.,-1.));
#2306=DIRECTION('',(0.,1.,0.));
#2307=DIRECTION('center_axis',(1.,0.,0.));
#2308=DIRECTION('ref_axis',(0.,0.,-1.));
#2309=DIRECTION('',(0.,-1.,0.));
#2310=DIRECTION('',(0.,0.,1.));
#2311=DIRECTION('',(0.,0.,1.));
#2312=DIRECTION('',(0.,0.,1.));
#2313=DIRECTION('center_axis',(0.,1.,0.));
#2314=DIRECTION('ref_axis',(1.,0.,0.));
#2315=DIRECTION('',(0.,0.,-1.));
#2316=DIRECTION('',(1.,0.,0.));
#2317=DIRECTION('',(0.,0.,1.));
#2318=DIRECTION('',(1.,0.,0.));
#2319=DIRECTION('center_axis',(-1.,0.,0.));
#2320=DIRECTION('ref_axis',(0.,0.,1.));
#2321=DIRECTION('',(0.,1.,0.));
#2322=DIRECTION('',(0.,0.,-1.));
#2323=DIRECTION('',(0.,1.,0.));
#2324=DIRECTION('center_axis',(0.,1.,0.));
#2325=DIRECTION('ref_axis',(0.,0.,1.));
#2326=DIRECTION('',(1.,0.,0.));
#2327=DIRECTION('',(1.,0.,0.));
#2328=DIRECTION('center_axis',(0.,0.,1.));
#2329=DIRECTION('ref_axis',(1.,0.,0.));
#2330=DIRECTION('',(-1.,0.,0.));
#2331=DIRECTION('center_axis',(0.,1.,0.));
#2332=DIRECTION('ref_axis',(0.,0.,1.));
#2333=DIRECTION('',(0.,0.,-1.));
#2334=DIRECTION('',(1.,0.,0.));
#2335=DIRECTION('center_axis',(0.,0.,1.));
#2336=DIRECTION('ref_axis',(1.,0.,0.));
#2337=DIRECTION('',(0.,1.,0.));
#2338=DIRECTION('center_axis',(1.,0.,0.));
#2339=DIRECTION('ref_axis',(0.,0.,-1.));
#2340=CARTESIAN_POINT('',(0.,0.,0.));
#2341=CARTESIAN_POINT('Origin',(92.5,90.,512.5));
#2342=CARTESIAN_POINT('',(92.5,157.5,567.5));
#2343=CARTESIAN_POINT('',(92.5,157.5,582.5));
#2344=CARTESIAN_POINT('',(92.5,157.5,543.75));
#2345=CARTESIAN_POINT('',(92.5,2.5,582.5));
#2346=CARTESIAN_POINT('',(92.5,45.,582.5));
#2347=CARTESIAN_POINT('',(92.5,2.5,567.5));
#2348=CARTESIAN_POINT('',(92.5,2.5,402.5));
#2349=CARTESIAN_POINT('',(92.5,45.,567.5));
#2350=CARTESIAN_POINT('Origin',(-10.,2.5,292.5));
#2351=CARTESIAN_POINT('',(197.5,2.5,582.5));
#2352=CARTESIAN_POINT('',(-15.,2.5,582.5));
#2353=CARTESIAN_POINT('',(197.5,2.5,442.5));
#2354=CARTESIAN_POINT('',(197.5,2.5,438.75));
#2355=CARTESIAN_POINT('',(172.5,2.5,442.5));
#2356=CARTESIAN_POINT('',(40.,2.5,442.5));
#2357=CARTESIAN_POINT('',(172.5,2.5,487.5));
#2358=CARTESIAN_POINT('',(172.5,2.5,146.25));
#2359=CARTESIAN_POINT('',(182.5,2.5,487.5));
#2360=CARTESIAN_POINT('',(40.,2.5,487.5));
#2361=CARTESIAN_POINT('',(182.5,2.5,507.5));
#2362=CARTESIAN_POINT('',(182.5,2.5,391.25));
#2363=CARTESIAN_POINT('',(172.5,2.5,507.5));
#2364=CARTESIAN_POINT('',(40.,2.5,507.5));
#2365=CARTESIAN_POINT('',(172.5,2.5,567.5));
#2366=CARTESIAN_POINT('',(172.5,2.5,146.25));
#2367=CARTESIAN_POINT('',(85.,2.5,567.5));
#2368=CARTESIAN_POINT('Origin',(180.,0.,567.5));
#2369=CARTESIAN_POINT('',(172.5,157.5,567.5));
#2370=CARTESIAN_POINT('',(172.5,0.,567.5));
#2371=CARTESIAN_POINT('',(135.,157.5,567.5));
#2372=CARTESIAN_POINT('Origin',(90.,90.,442.5));
#2373=CARTESIAN_POINT('',(197.5,177.5,442.5));
#2374=CARTESIAN_POINT('',(172.5,177.5,442.5));
#2375=CARTESIAN_POINT('',(140.,177.5,442.5));
#2376=CARTESIAN_POINT('',(172.5,172.5,442.5));
#2377=CARTESIAN_POINT('',(172.5,45.,442.5));
#2378=CARTESIAN_POINT('',(187.5,172.5,442.5));
#2379=CARTESIAN_POINT('',(130.,172.5,442.5));
#2380=CARTESIAN_POINT('',(187.5,157.5,442.5));
#2381=CARTESIAN_POINT('',(187.5,130.,442.5));
#2382=CARTESIAN_POINT('',(172.5,157.5,442.5));
#2383=CARTESIAN_POINT('',(90.,157.5,442.5));
#2384=CARTESIAN_POINT('',(172.5,45.,442.5));
#2385=CARTESIAN_POINT('',(197.5,45.,442.5));
#2386=CARTESIAN_POINT('Origin',(172.5,0.,0.));
#2387=CARTESIAN_POINT('',(172.5,157.5,287.5));
#2388=CARTESIAN_POINT('',(172.5,152.5,507.5));
#2389=CARTESIAN_POINT('',(172.5,37.5,507.5));
#2390=CARTESIAN_POINT('',(172.5,152.5,487.5));
#2391=CARTESIAN_POINT('',(172.5,152.5,245.));
#2392=CARTESIAN_POINT('',(172.5,37.5,487.5));
#2393=CARTESIAN_POINT('Origin',(197.5,0.,585.));
#2394=CARTESIAN_POINT('',(197.5,177.5,582.5));
#2395=CARTESIAN_POINT('',(197.5,0.,582.5));
#2396=CARTESIAN_POINT('',(197.5,177.5,438.75));
#2397=CARTESIAN_POINT('Origin',(90.,157.5,575.));
#2398=CARTESIAN_POINT('',(187.5,157.5,582.5));
#2399=CARTESIAN_POINT('',(187.5,157.5,580.));
#2400=CARTESIAN_POINT('',(35.,157.5,582.5));
#2401=CARTESIAN_POINT('Origin',(190.,177.5,292.5));
#2402=CARTESIAN_POINT('',(172.5,177.5,582.5));
#2403=CARTESIAN_POINT('',(85.,177.5,582.5));
#2404=CARTESIAN_POINT('',(172.5,177.5,146.25));
#2405=CARTESIAN_POINT('Origin',(172.5,0.,0.));
#2406=CARTESIAN_POINT('',(172.5,172.5,582.5));
#2407=CARTESIAN_POINT('',(172.5,0.,582.5));
#2408=CARTESIAN_POINT('',(172.5,172.5,292.5));
#2409=CARTESIAN_POINT('Origin',(170.,172.5,585.));
#2410=CARTESIAN_POINT('',(187.5,172.5,582.5));
#2411=CARTESIAN_POINT('',(75.,172.5,582.5));
#2412=CARTESIAN_POINT('',(187.5,172.5,585.));
#2413=CARTESIAN_POINT('Origin',(187.5,170.,585.));
#2414=CARTESIAN_POINT('',(187.5,85.,582.5));
#2415=CARTESIAN_POINT('Origin',(90.,75.,487.5));
#2416=CARTESIAN_POINT('',(182.5,152.5,487.5));
#2417=CARTESIAN_POINT('',(135.,152.5,487.5));
#2418=CARTESIAN_POINT('',(182.5,37.5,487.5));
#2419=CARTESIAN_POINT('Origin',(180.,152.5,490.));
#2420=CARTESIAN_POINT('',(182.5,152.5,507.5));
#2421=CARTESIAN_POINT('',(135.,152.5,507.5));
#2422=CARTESIAN_POINT('',(182.5,152.5,490.));
#2423=CARTESIAN_POINT('Origin',(90.,75.,507.5));
#2424=CARTESIAN_POINT('',(182.5,37.5,507.5));
#2425=CARTESIAN_POINT('Origin',(182.5,0.,490.));
#2426=CARTESIAN_POINT('Origin',(-20.,0.,582.5));
#2427=CARTESIAN_POINT('Origin',(90.,75.,490.));
#2428=CARTESIAN_POINT('',(170.,0.,490.));
#2429=CARTESIAN_POINT('',(170.,150.,490.));
#2430=CARTESIAN_POINT('',(170.,37.5,490.));
#2431=CARTESIAN_POINT('',(180.,0.,490.));
#2432=CARTESIAN_POINT('',(40.,0.,490.));
#2433=CARTESIAN_POINT('',(180.,150.,490.));
#2434=CARTESIAN_POINT('',(180.,0.,490.));
#2435=CARTESIAN_POINT('',(180.,150.,490.));
#2436=CARTESIAN_POINT('Origin',(180.,150.,490.));
#2437=CARTESIAN_POINT('',(170.,150.,505.));
#2438=CARTESIAN_POINT('',(170.,150.,245.));
#2439=CARTESIAN_POINT('',(180.,150.,505.));
#2440=CARTESIAN_POINT('',(180.,150.,490.));
#2441=CARTESIAN_POINT('',(180.,150.,505.));
#2442=CARTESIAN_POINT('Origin',(90.,75.,505.));
#2443=CARTESIAN_POINT('',(170.,0.,505.));
#2444=CARTESIAN_POINT('',(170.,37.5,505.));
#2445=CARTESIAN_POINT('',(180.,0.,505.));
#2446=CARTESIAN_POINT('',(180.,0.,505.));
#2447=CARTESIAN_POINT('',(40.,0.,505.));
#2448=CARTESIAN_POINT('Origin',(180.,0.,490.));
#2449=CARTESIAN_POINT('',(180.,0.,391.25));
#2450=CARTESIAN_POINT('Origin',(180.,0.,565.));
#2451=CARTESIAN_POINT('',(10.,0.,565.));
#2452=CARTESIAN_POINT('',(170.,0.,565.));
#2453=CARTESIAN_POINT('',(0.,0.,565.));
#2454=CARTESIAN_POINT('',(10.,160.,565.));
#2455=CARTESIAN_POINT('',(10.,0.,565.));
#2456=CARTESIAN_POINT('',(170.,160.,565.));
#2457=CARTESIAN_POINT('',(0.,160.,565.));
#2458=CARTESIAN_POINT('',(170.,0.,565.));
#2459=CARTESIAN_POINT('Origin',(0.,150.,490.));
#2460=CARTESIAN_POINT('',(0.,150.,490.));
#2461=CARTESIAN_POINT('',(0.,0.,490.));
#2462=CARTESIAN_POINT('',(0.,150.,490.));
#2463=CARTESIAN_POINT('',(0.,150.,505.));
#2464=CARTESIAN_POINT('',(0.,150.,490.));
#2465=CARTESIAN_POINT('',(0.,0.,505.));
#2466=CARTESIAN_POINT('',(0.,150.,505.));
#2467=CARTESIAN_POINT('',(0.,0.,391.25));
#2468=CARTESIAN_POINT('Origin',(90.,75.,505.));
#2469=CARTESIAN_POINT('',(10.,0.,505.));
#2470=CARTESIAN_POINT('',(10.,150.,505.));
#2471=CARTESIAN_POINT('',(10.,37.5,505.));
#2472=CARTESIAN_POINT('',(40.,0.,505.));
#2473=CARTESIAN_POINT('',(180.,150.,505.));
#2474=CARTESIAN_POINT('Origin',(180.,150.,490.));
#2475=CARTESIAN_POINT('',(10.,150.,490.));
#2476=CARTESIAN_POINT('',(10.,150.,537.5));
#2477=CARTESIAN_POINT('',(180.,150.,490.));
#2478=CARTESIAN_POINT('Origin',(90.,75.,490.));
#2479=CARTESIAN_POINT('',(10.,0.,490.));
#2480=CARTESIAN_POINT('',(10.,37.5,490.));
#2481=CARTESIAN_POINT('',(40.,0.,490.));
#2482=CARTESIAN_POINT('Origin',(-20.,0.,585.));
#2483=CARTESIAN_POINT('',(185.,160.,585.));
#2484=CARTESIAN_POINT('',(-5.,160.,585.));
#2485=CARTESIAN_POINT('',(82.5,160.,585.));
#2486=CARTESIAN_POINT('',(-5.,170.,585.));
#2487=CARTESIAN_POINT('',(-5.,80.,585.));
#2488=CARTESIAN_POINT('',(10.,170.,585.));
#2489=CARTESIAN_POINT('',(-12.5,170.,585.));
#2490=CARTESIAN_POINT('',(10.,180.,585.));
#2491=CARTESIAN_POINT('',(10.,0.,585.));
#2492=CARTESIAN_POINT('',(-20.,180.,585.));
#2493=CARTESIAN_POINT('',(-20.,180.,585.));
#2494=CARTESIAN_POINT('',(-20.,0.,585.));
#2495=CARTESIAN_POINT('',(-20.,0.,585.));
#2496=CARTESIAN_POINT('',(200.,0.,585.));
#2497=CARTESIAN_POINT('',(-20.,0.,585.));
#2498=CARTESIAN_POINT('',(200.,180.,585.));
#2499=CARTESIAN_POINT('',(200.,0.,585.));
#2500=CARTESIAN_POINT('',(170.,180.,585.));
#2501=CARTESIAN_POINT('',(200.,180.,585.));
#2502=CARTESIAN_POINT('',(170.,170.,585.));
#2503=CARTESIAN_POINT('',(170.,0.,585.));
#2504=CARTESIAN_POINT('',(185.,170.,585.));
#2505=CARTESIAN_POINT('',(75.,170.,585.));
#2506=CARTESIAN_POINT('',(185.,85.,585.));
#2507=CARTESIAN_POINT('Origin',(-10.,0.,292.5));
#2508=CARTESIAN_POINT('',(-20.,0.,0.));
#2509=CARTESIAN_POINT('',(-20.,0.,0.));
#2510=CARTESIAN_POINT('',(200.,0.,0.));
#2511=CARTESIAN_POINT('',(-20.,0.,0.));
#2512=CARTESIAN_POINT('',(200.,0.,0.));
#2513=CARTESIAN_POINT('',(170.,0.,146.25));
#2514=CARTESIAN_POINT('',(170.,0.,420.));
#2515=CARTESIAN_POINT('',(170.,0.,146.25));
#2516=CARTESIAN_POINT('',(180.,0.,420.));
#2517=CARTESIAN_POINT('',(40.,0.,420.));
#2518=CARTESIAN_POINT('',(180.,0.,405.));
#2519=CARTESIAN_POINT('',(180.,0.,348.75));
#2520=CARTESIAN_POINT('',(170.,0.,405.));
#2521=CARTESIAN_POINT('',(40.,0.,405.));
#2522=CARTESIAN_POINT('',(170.,0.,335.));
#2523=CARTESIAN_POINT('',(170.,0.,146.25));
#2524=CARTESIAN_POINT('',(180.,0.,335.));
#2525=CARTESIAN_POINT('',(40.,0.,335.));
#2526=CARTESIAN_POINT('',(180.,0.,320.));
#2527=CARTESIAN_POINT('',(180.,0.,306.25));
#2528=CARTESIAN_POINT('',(170.,0.,320.));
#2529=CARTESIAN_POINT('',(40.,0.,320.));
#2530=CARTESIAN_POINT('',(170.,0.,250.));
#2531=CARTESIAN_POINT('',(170.,0.,146.25));
#2532=CARTESIAN_POINT('',(180.,0.,250.));
#2533=CARTESIAN_POINT('',(40.,0.,250.));
#2534=CARTESIAN_POINT('',(180.,0.,235.));
#2535=CARTESIAN_POINT('',(180.,0.,263.75));
#2536=CARTESIAN_POINT('',(170.,0.,235.));
#2537=CARTESIAN_POINT('',(40.,0.,235.));
#2538=CARTESIAN_POINT('',(170.,0.,165.));
#2539=CARTESIAN_POINT('',(170.,0.,146.25));
#2540=CARTESIAN_POINT('',(180.,0.,165.));
#2541=CARTESIAN_POINT('',(40.,0.,165.));
#2542=CARTESIAN_POINT('',(180.,0.,150.));
#2543=CARTESIAN_POINT('',(180.,0.,221.25));
#2544=CARTESIAN_POINT('',(0.,0.,150.));
#2545=CARTESIAN_POINT('',(40.,0.,150.));
#2546=CARTESIAN_POINT('',(0.,0.,165.));
#2547=CARTESIAN_POINT('',(0.,0.,221.25));
#2548=CARTESIAN_POINT('',(10.,0.,165.));
#2549=CARTESIAN_POINT('',(40.,0.,165.));
#2550=CARTESIAN_POINT('',(10.,0.,235.));
#2551=CARTESIAN_POINT('',(10.,0.,438.75));
#2552=CARTESIAN_POINT('',(0.,0.,235.));
#2553=CARTESIAN_POINT('',(40.,0.,235.));
#2554=CARTESIAN_POINT('',(0.,0.,250.));
#2555=CARTESIAN_POINT('',(0.,0.,263.75));
#2556=CARTESIAN_POINT('',(10.,0.,250.));
#2557=CARTESIAN_POINT('',(40.,0.,250.));
#2558=CARTESIAN_POINT('',(10.,0.,320.));
#2559=CARTESIAN_POINT('',(10.,0.,438.75));
#2560=CARTESIAN_POINT('',(0.,0.,320.));
#2561=CARTESIAN_POINT('',(40.,0.,320.));
#2562=CARTESIAN_POINT('',(0.,0.,335.));
#2563=CARTESIAN_POINT('',(0.,0.,306.25));
#2564=CARTESIAN_POINT('',(10.,0.,335.));
#2565=CARTESIAN_POINT('',(40.,0.,335.));
#2566=CARTESIAN_POINT('',(10.,0.,405.));
#2567=CARTESIAN_POINT('',(10.,0.,438.75));
#2568=CARTESIAN_POINT('',(0.,0.,405.));
#2569=CARTESIAN_POINT('',(40.,0.,405.));
#2570=CARTESIAN_POINT('',(0.,0.,420.));
#2571=CARTESIAN_POINT('',(0.,0.,348.75));
#2572=CARTESIAN_POINT('',(10.,0.,420.));
#2573=CARTESIAN_POINT('',(40.,0.,420.));
#2574=CARTESIAN_POINT('',(10.,0.,438.75));
#2575=CARTESIAN_POINT('',(10.,0.,438.75));
#2576=CARTESIAN_POINT('Origin',(-20.,0.,0.));
#2577=CARTESIAN_POINT('',(-20.,180.,0.));
#2578=CARTESIAN_POINT('',(-20.,180.,0.));
#2579=CARTESIAN_POINT('',(-20.,0.,0.));
#2580=CARTESIAN_POINT('Origin',(200.,0.,585.));
#2581=CARTESIAN_POINT('',(200.,180.,0.));
#2582=CARTESIAN_POINT('',(200.,0.,0.));
#2583=CARTESIAN_POINT('',(200.,180.,0.));
#2584=CARTESIAN_POINT('Origin',(0.,150.,405.));
#2585=CARTESIAN_POINT('',(0.,150.,405.));
#2586=CARTESIAN_POINT('',(0.,150.,405.));
#2587=CARTESIAN_POINT('',(0.,150.,420.));
#2588=CARTESIAN_POINT('',(0.,150.,405.));
#2589=CARTESIAN_POINT('',(0.,150.,420.));
#2590=CARTESIAN_POINT('Origin',(180.,0.,405.));
#2591=CARTESIAN_POINT('',(180.,150.,405.));
#2592=CARTESIAN_POINT('',(180.,0.,405.));
#2593=CARTESIAN_POINT('',(180.,150.,420.));
#2594=CARTESIAN_POINT('',(180.,0.,420.));
#2595=CARTESIAN_POINT('',(180.,150.,405.));
#2596=CARTESIAN_POINT('Origin',(90.,75.,420.));
#2597=CARTESIAN_POINT('',(170.,150.,420.));
#2598=CARTESIAN_POINT('',(170.,37.5,420.));
#2599=CARTESIAN_POINT('',(180.,150.,420.));
#2600=CARTESIAN_POINT('Origin',(90.,75.,420.));
#2601=CARTESIAN_POINT('',(10.,150.,420.));
#2602=CARTESIAN_POINT('',(10.,37.5,420.));
#2603=CARTESIAN_POINT('',(180.,150.,420.));
#2604=CARTESIAN_POINT('Origin',(180.,150.,405.));
#2605=CARTESIAN_POINT('',(170.,150.,405.));
#2606=CARTESIAN_POINT('',(170.,150.,202.5));
#2607=CARTESIAN_POINT('',(180.,150.,405.));
#2608=CARTESIAN_POINT('Origin',(180.,150.,405.));
#2609=CARTESIAN_POINT('',(10.,150.,405.));
#2610=CARTESIAN_POINT('',(10.,150.,495.));
#2611=CARTESIAN_POINT('',(180.,150.,405.));
#2612=CARTESIAN_POINT('Origin',(90.,75.,405.));
#2613=CARTESIAN_POINT('',(170.,37.5,405.));
#2614=CARTESIAN_POINT('Origin',(90.,75.,405.));
#2615=CARTESIAN_POINT('',(10.,37.5,405.));
#2616=CARTESIAN_POINT('Origin',(0.,150.,320.));
#2617=CARTESIAN_POINT('',(0.,150.,320.));
#2618=CARTESIAN_POINT('',(0.,150.,320.));
#2619=CARTESIAN_POINT('',(0.,150.,335.));
#2620=CARTESIAN_POINT('',(0.,150.,320.));
#2621=CARTESIAN_POINT('',(0.,150.,335.));
#2622=CARTESIAN_POINT('Origin',(180.,0.,320.));
#2623=CARTESIAN_POINT('',(180.,150.,320.));
#2624=CARTESIAN_POINT('',(180.,0.,320.));
#2625=CARTESIAN_POINT('',(180.,150.,335.));
#2626=CARTESIAN_POINT('',(180.,0.,335.));
#2627=CARTESIAN_POINT('',(180.,150.,320.));
#2628=CARTESIAN_POINT('Origin',(90.,75.,335.));
#2629=CARTESIAN_POINT('',(170.,150.,335.));
#2630=CARTESIAN_POINT('',(170.,37.5,335.));
#2631=CARTESIAN_POINT('',(180.,150.,335.));
#2632=CARTESIAN_POINT('Origin',(90.,75.,335.));
#2633=CARTESIAN_POINT('',(10.,150.,335.));
#2634=CARTESIAN_POINT('',(10.,37.5,335.));
#2635=CARTESIAN_POINT('',(180.,150.,335.));
#2636=CARTESIAN_POINT('Origin',(180.,150.,320.));
#2637=CARTESIAN_POINT('',(170.,150.,320.));
#2638=CARTESIAN_POINT('',(170.,150.,160.));
#2639=CARTESIAN_POINT('',(180.,150.,320.));
#2640=CARTESIAN_POINT('Origin',(180.,150.,320.));
#2641=CARTESIAN_POINT('',(10.,150.,320.));
#2642=CARTESIAN_POINT('',(10.,150.,452.5));
#2643=CARTESIAN_POINT('',(180.,150.,320.));
#2644=CARTESIAN_POINT('Origin',(90.,75.,320.));
#2645=CARTESIAN_POINT('',(170.,37.5,320.));
#2646=CARTESIAN_POINT('Origin',(90.,75.,320.));
#2647=CARTESIAN_POINT('',(10.,37.5,320.));
#2648=CARTESIAN_POINT('Origin',(0.,150.,235.));
#2649=CARTESIAN_POINT('',(0.,150.,235.));
#2650=CARTESIAN_POINT('',(0.,150.,235.));
#2651=CARTESIAN_POINT('',(0.,150.,250.));
#2652=CARTESIAN_POINT('',(0.,150.,235.));
#2653=CARTESIAN_POINT('',(0.,150.,250.));
#2654=CARTESIAN_POINT('Origin',(180.,0.,235.));
#2655=CARTESIAN_POINT('',(180.,150.,235.));
#2656=CARTESIAN_POINT('',(180.,0.,235.));
#2657=CARTESIAN_POINT('',(180.,150.,250.));
#2658=CARTESIAN_POINT('',(180.,0.,250.));
#2659=CARTESIAN_POINT('',(180.,150.,235.));
#2660=CARTESIAN_POINT('Origin',(90.,75.,250.));
#2661=CARTESIAN_POINT('',(170.,150.,250.));
#2662=CARTESIAN_POINT('',(170.,37.5,250.));
#2663=CARTESIAN_POINT('',(180.,150.,250.));
#2664=CARTESIAN_POINT('Origin',(90.,75.,250.));
#2665=CARTESIAN_POINT('',(10.,150.,250.));
#2666=CARTESIAN_POINT('',(10.,37.5,250.));
#2667=CARTESIAN_POINT('',(180.,150.,250.));
#2668=CARTESIAN_POINT('Origin',(180.,150.,235.));
#2669=CARTESIAN_POINT('',(170.,150.,235.));
#2670=CARTESIAN_POINT('',(170.,150.,117.5));
#2671=CARTESIAN_POINT('',(180.,150.,235.));
#2672=CARTESIAN_POINT('Origin',(180.,150.,235.));
#2673=CARTESIAN_POINT('',(10.,150.,235.));
#2674=CARTESIAN_POINT('',(10.,150.,410.));
#2675=CARTESIAN_POINT('',(180.,150.,235.));
#2676=CARTESIAN_POINT('Origin',(90.,75.,235.));
#2677=CARTESIAN_POINT('',(170.,37.5,235.));
#2678=CARTESIAN_POINT('Origin',(90.,75.,235.));
#2679=CARTESIAN_POINT('',(10.,37.5,235.));
#2680=CARTESIAN_POINT('Origin',(0.,150.,150.));
#2681=CARTESIAN_POINT('',(0.,150.,150.));
#2682=CARTESIAN_POINT('',(0.,150.,150.));
#2683=CARTESIAN_POINT('',(0.,150.,165.));
#2684=CARTESIAN_POINT('',(0.,150.,150.));
#2685=CARTESIAN_POINT('',(0.,150.,165.));
#2686=CARTESIAN_POINT('Origin',(180.,0.,150.));
#2687=CARTESIAN_POINT('',(180.,150.,150.));
#2688=CARTESIAN_POINT('',(180.,0.,150.));
#2689=CARTESIAN_POINT('',(180.,150.,165.));
#2690=CARTESIAN_POINT('',(180.,0.,165.));
#2691=CARTESIAN_POINT('',(180.,150.,150.));
#2692=CARTESIAN_POINT('Origin',(90.,75.,165.));
#2693=CARTESIAN_POINT('',(170.,150.,165.));
#2694=CARTESIAN_POINT('',(170.,37.5,165.));
#2695=CARTESIAN_POINT('',(180.,150.,165.));
#2696=CARTESIAN_POINT('Origin',(90.,75.,165.));
#2697=CARTESIAN_POINT('',(10.,150.,165.));
#2698=CARTESIAN_POINT('',(10.,37.5,165.));
#2699=CARTESIAN_POINT('',(180.,150.,165.));
#2700=CARTESIAN_POINT('Origin',(180.,150.,150.));
#2701=CARTESIAN_POINT('',(170.,150.,150.));
#2702=CARTESIAN_POINT('',(170.,150.,75.));
#2703=CARTESIAN_POINT('',(180.,150.,150.));
#2704=CARTESIAN_POINT('Origin',(180.,150.,150.));
#2705=CARTESIAN_POINT('',(10.,150.,150.));
#2706=CARTESIAN_POINT('',(10.,150.,367.5));
#2707=CARTESIAN_POINT('',(180.,150.,150.));
#2708=CARTESIAN_POINT('Origin',(90.,75.,150.));
#2709=CARTESIAN_POINT('',(170.,20.,150.));
#2710=CARTESIAN_POINT('',(170.,37.5,150.));
#2711=CARTESIAN_POINT('',(10.,20.,150.));
#2712=CARTESIAN_POINT('',(10.,20.,150.));
#2713=CARTESIAN_POINT('',(10.,37.5,150.));
#2714=CARTESIAN_POINT('Origin',(90.,20.,75.));
#2715=CARTESIAN_POINT('',(170.,20.,20.));
#2716=CARTESIAN_POINT('',(10.,20.,20.));
#2717=CARTESIAN_POINT('',(90.,20.,20.));
#2718=CARTESIAN_POINT('',(10.,20.,330.));
#2719=CARTESIAN_POINT('',(170.,20.,37.5));
#2720=CARTESIAN_POINT('Origin',(90.,75.,20.));
#2721=CARTESIAN_POINT('',(170.,160.,20.));
#2722=CARTESIAN_POINT('',(170.,75.,20.));
#2723=CARTESIAN_POINT('',(185.,160.,20.));
#2724=CARTESIAN_POINT('',(145.,160.,20.));
#2725=CARTESIAN_POINT('',(185.,170.,20.));
#2726=CARTESIAN_POINT('',(185.,175.,20.));
#2727=CARTESIAN_POINT('',(170.,170.,20.));
#2728=CARTESIAN_POINT('',(185.,170.,20.));
#2729=CARTESIAN_POINT('',(170.,180.,20.));
#2730=CARTESIAN_POINT('',(170.,90.,20.));
#2731=CARTESIAN_POINT('',(10.,180.,20.));
#2732=CARTESIAN_POINT('',(200.,180.,20.));
#2733=CARTESIAN_POINT('',(10.,170.,20.));
#2734=CARTESIAN_POINT('',(10.,90.,20.));
#2735=CARTESIAN_POINT('',(-5.,170.,20.));
#2736=CARTESIAN_POINT('',(97.5,170.,20.));
#2737=CARTESIAN_POINT('',(-5.,160.,20.));
#2738=CARTESIAN_POINT('',(-5.,170.,20.));
#2739=CARTESIAN_POINT('',(10.,160.,20.));
#2740=CARTESIAN_POINT('',(145.,160.,20.));
#2741=CARTESIAN_POINT('',(10.,75.,20.));
#2742=CARTESIAN_POINT('Origin',(200.,0.,0.));
#2743=CARTESIAN_POINT('',(-20.,180.,0.));
#2744=CARTESIAN_POINT('Origin',(10.,0.,585.));
#2745=CARTESIAN_POINT('',(10.,160.,585.));
#2746=CARTESIAN_POINT('Origin',(170.,0.,0.));
#2747=CARTESIAN_POINT('',(170.,160.,292.5));
#2748=CARTESIAN_POINT('Origin',(90.,160.,575.));
#2749=CARTESIAN_POINT('',(-5.,160.,585.));
#2750=CARTESIAN_POINT('',(185.,160.,585.));
#2751=CARTESIAN_POINT('Origin',(-5.,160.,585.));
#2752=CARTESIAN_POINT('',(-5.,170.,585.));
#2753=CARTESIAN_POINT('Origin',(-5.,170.,585.));
#2754=CARTESIAN_POINT('',(10.,170.,585.));
#2755=CARTESIAN_POINT('Origin',(190.,180.,292.5));
#2756=CARTESIAN_POINT('',(10.,180.,438.75));
#2757=CARTESIAN_POINT('',(170.,180.,146.25));
#2758=CARTESIAN_POINT('Origin',(10.,0.,585.));
#2759=CARTESIAN_POINT('Origin',(170.,0.,0.));
#2760=CARTESIAN_POINT('',(170.,170.,292.5));
#2761=CARTESIAN_POINT('Origin',(170.,170.,585.));
#2762=CARTESIAN_POINT('',(185.,170.,585.));
#2763=CARTESIAN_POINT('Origin',(185.,170.,585.));
#2764=CARTESIAN_POINT('Origin',(180.,0.,567.5));
#2765=CARTESIAN_POINT('',(87.5,2.5,567.5));
#2766=CARTESIAN_POINT('',(87.5,157.5,567.5));
#2767=CARTESIAN_POINT('',(87.5,45.,567.5));
#2768=CARTESIAN_POINT('',(7.5,157.5,567.5));
#2769=CARTESIAN_POINT('',(135.,157.5,567.5));
#2770=CARTESIAN_POINT('',(7.5,2.5,567.5));
#2771=CARTESIAN_POINT('',(7.5,0.,567.5));
#2772=CARTESIAN_POINT('',(85.,2.5,567.5));
#2773=CARTESIAN_POINT('Origin',(-2.5,150.,490.));
#2774=CARTESIAN_POINT('',(-2.5,152.5,487.5));
#2775=CARTESIAN_POINT('',(-2.5,2.5,487.5));
#2776=CARTESIAN_POINT('',(-2.5,112.5,487.5));
#2777=CARTESIAN_POINT('',(-2.5,2.5,507.5));
#2778=CARTESIAN_POINT('',(-2.5,2.5,391.25));
#2779=CARTESIAN_POINT('',(-2.5,152.5,507.5));
#2780=CARTESIAN_POINT('',(-2.5,112.5,507.5));
#2781=CARTESIAN_POINT('',(-2.5,152.5,490.));
#2782=CARTESIAN_POINT('Origin',(90.,75.,507.5));
#2783=CARTESIAN_POINT('',(7.5,2.5,507.5));
#2784=CARTESIAN_POINT('',(7.5,152.5,507.5));
#2785=CARTESIAN_POINT('',(7.5,37.5,507.5));
#2786=CARTESIAN_POINT('',(135.,152.5,507.5));
#2787=CARTESIAN_POINT('',(40.,2.5,507.5));
#2788=CARTESIAN_POINT('Origin',(180.,152.5,490.));
#2789=CARTESIAN_POINT('',(7.5,152.5,487.5));
#2790=CARTESIAN_POINT('',(7.5,152.5,537.5));
#2791=CARTESIAN_POINT('',(135.,152.5,487.5));
#2792=CARTESIAN_POINT('Origin',(90.,75.,487.5));
#2793=CARTESIAN_POINT('',(7.5,2.5,487.5));
#2794=CARTESIAN_POINT('',(7.5,37.5,487.5));
#2795=CARTESIAN_POINT('',(40.,2.5,487.5));
#2796=CARTESIAN_POINT('Origin',(7.5,0.,585.));
#2797=CARTESIAN_POINT('',(7.5,172.5,442.5));
#2798=CARTESIAN_POINT('',(7.5,177.5,442.5));
#2799=CARTESIAN_POINT('',(7.5,45.,442.5));
#2800=CARTESIAN_POINT('',(7.5,172.5,582.5));
#2801=CARTESIAN_POINT('',(7.5,172.5,585.));
#2802=CARTESIAN_POINT('',(7.5,177.5,582.5));
#2803=CARTESIAN_POINT('',(7.5,0.,582.5));
#2804=CARTESIAN_POINT('',(7.5,177.5,438.75));
#2805=CARTESIAN_POINT('Origin',(-5.,172.5,585.));
#2806=CARTESIAN_POINT('',(-7.5,172.5,442.5));
#2807=CARTESIAN_POINT('',(42.5,172.5,442.5));
#2808=CARTESIAN_POINT('',(-7.5,172.5,582.5));
#2809=CARTESIAN_POINT('',(-7.5,172.5,585.));
#2810=CARTESIAN_POINT('',(-12.5,172.5,582.5));
#2811=CARTESIAN_POINT('Origin',(-7.5,160.,585.));
#2812=CARTESIAN_POINT('',(-7.5,157.5,442.5));
#2813=CARTESIAN_POINT('',(-7.5,125.,442.5));
#2814=CARTESIAN_POINT('',(-7.5,157.5,582.5));
#2815=CARTESIAN_POINT('',(-7.5,157.5,580.));
#2816=CARTESIAN_POINT('',(-7.5,80.,582.5));
#2817=CARTESIAN_POINT('Origin',(7.5,0.,585.));
#2818=CARTESIAN_POINT('',(7.5,2.5,442.5));
#2819=CARTESIAN_POINT('',(7.5,157.5,442.5));
#2820=CARTESIAN_POINT('',(7.5,45.,442.5));
#2821=CARTESIAN_POINT('',(7.5,2.5,438.75));
#2822=CARTESIAN_POINT('',(7.5,2.5,438.75));
#2823=CARTESIAN_POINT('',(7.5,157.5,580.));
#2824=CARTESIAN_POINT('Origin',(-10.,2.5,292.5));
#2825=CARTESIAN_POINT('',(87.5,2.5,582.5));
#2826=CARTESIAN_POINT('',(87.5,2.5,402.5));
#2827=CARTESIAN_POINT('',(-17.5,2.5,442.5));
#2828=CARTESIAN_POINT('',(40.,2.5,442.5));
#2829=CARTESIAN_POINT('',(-17.5,2.5,582.5));
#2830=CARTESIAN_POINT('',(-17.5,2.5,146.25));
#2831=CARTESIAN_POINT('',(-15.,2.5,582.5));
#2832=CARTESIAN_POINT('Origin',(-17.5,0.,0.));
#2833=CARTESIAN_POINT('',(-17.5,177.5,442.5));
#2834=CARTESIAN_POINT('',(-17.5,45.,442.5));
#2835=CARTESIAN_POINT('',(-17.5,177.5,582.5));
#2836=CARTESIAN_POINT('',(-17.5,177.5,146.25));
#2837=CARTESIAN_POINT('',(-17.5,0.,582.5));
#2838=CARTESIAN_POINT('Origin',(190.,177.5,292.5));
#2839=CARTESIAN_POINT('',(140.,177.5,442.5));
#2840=CARTESIAN_POINT('',(85.,177.5,582.5));
#2841=CARTESIAN_POINT('Origin',(90.,90.,442.5));
#2842=CARTESIAN_POINT('',(90.,157.5,442.5));
#2843=CARTESIAN_POINT('Origin',(90.,157.5,575.));
#2844=CARTESIAN_POINT('',(87.5,157.5,582.5));
#2845=CARTESIAN_POINT('',(87.5,157.5,543.75));
#2846=CARTESIAN_POINT('',(35.,157.5,582.5));
#2847=CARTESIAN_POINT('Origin',(-20.,0.,582.5));
#2848=CARTESIAN_POINT('',(87.5,45.,582.5));
#2849=CARTESIAN_POINT('Origin',(87.5,90.,512.5));
#2850=UNCERTAINTY_MEASURE_WITH_UNIT(LENGTH_MEASURE(0.01),#2854,
'DISTANCE_ACCURACY_VALUE',
'Maximum model space distance between geometric entities at asserted c
onnectivities');
#2851=UNCERTAINTY_MEASURE_WITH_UNIT(LENGTH_MEASURE(0.01),#2854,
'DISTANCE_ACCURACY_VALUE',
'Maximum model space distance between geometric entities at asserted c
onnectivities');
#2852=(
GEOMETRIC_REPRESENTATION_CONTEXT(3)
GLOBAL_UNCERTAINTY_ASSIGNED_CONTEXT((#2850))
GLOBAL_UNIT_ASSIGNED_CONTEXT((#2854,#2856,#2857))
REPRESENTATION_CONTEXT('','3D')
);
#2853=(
GEOMETRIC_REPRESENTATION_CONTEXT(3)
GLOBAL_UNCERTAINTY_ASSIGNED_CONTEXT((#2851))
GLOBAL_UNIT_ASSIGNED_CONTEXT((#2854,#2856,#2857))
REPRESENTATION_CONTEXT('','3D')
);
#2854=(
LENGTH_UNIT()
NAMED_UNIT(*)
SI_UNIT(.MILLI.,.METRE.)
);
#2855=(
LENGTH_UNIT()
NAMED_UNIT(*)
SI_UNIT($,.METRE.)
);
#2856=(
NAMED_UNIT(*)
PLANE_ANGLE_UNIT()
SI_UNIT($,.RADIAN.)
);
#2857=(
NAMED_UNIT(*)
SI_UNIT($,.STERADIAN.)
SOLID_ANGLE_UNIT()
);
#2858=SHAPE_DEFINITION_REPRESENTATION(#2859,#2860);
#2859=PRODUCT_DEFINITION_SHAPE('',$,#2862);
#2860=SHAPE_REPRESENTATION('',(#1818),#2852);
#2861=PRODUCT_DEFINITION_CONTEXT('part definition',#2866,'design');
#2862=PRODUCT_DEFINITION('2026-07-02-20-39-45-328',
'backrest_outer_frame',#2863,#2861);
#2863=PRODUCT_DEFINITION_FORMATION('',$,#2868);
#2864=PRODUCT_RELATED_PRODUCT_CATEGORY('backrest_outer_frame',
'backrest_outer_frame',(#2868));
#2865=APPLICATION_PROTOCOL_DEFINITION('international standard',
'automotive_design',2009,#2866);
#2866=APPLICATION_CONTEXT(
'Core Data for Automotive Mechanical Design Process');
#2867=PRODUCT_CONTEXT('part definition',#2866,'mechanical');
#2868=PRODUCT('2026-07-02-20-39-45-328','backrest_outer_frame',$,(#2867));
#2869=PRESENTATION_STYLE_ASSIGNMENT((#2870));
#2870=SURFACE_STYLE_USAGE(.BOTH.,#2871);
#2871=SURFACE_SIDE_STYLE('',(#2872));
#2872=SURFACE_STYLE_FILL_AREA(#2873);
#2873=FILL_AREA_STYLE('Steel - Satin',(#2874));
#2874=FILL_AREA_STYLE_COLOUR('Steel - Satin',#2875);
#2875=COLOUR_RGB('Steel - Satin',0.627450980392157,0.627450980392157,0.627450980392157);
ENDSEC;
END-ISO-10303-21;
