ISO-10303-21;
HEADER;
/* Generated by software containing ST-Developer
 * from STEP Tools, Inc. (www.steptools.com) 
 */

FILE_DESCRIPTION(
/* description */ (''),
/* implementation_level */ '2;1');

FILE_NAME(
/* name */ 'belt_motor_bracket.step',
/* time_stamp */ '2026-08-14T19:14:37+09:00',
/* author */ (''),
/* organization */ (''),
/* preprocessor_version */ 'ST-DEVELOPER v20.1',
/* originating_system */ 'Autodesk Translation Framework v15.8.0.0',
/* authorisation */ '');

FILE_SCHEMA (('AUTOMOTIVE_DESIGN { 1 0 10303 214 3 1 1 }'));
ENDSEC;

DATA;
#10=MECHANICAL_DESIGN_GEOMETRIC_PRESENTATION_REPRESENTATION('',(#45,#46,
#47,#48,#49,#50,#51,#52,#53,#54,#55,#56,#57,#58,#59,#60,#61),#5375);
#11=SHAPE_REPRESENTATION_RELATIONSHIP('SRR','None',#5382,#12);
#12=ADVANCED_BREP_SHAPE_REPRESENTATION('',(#62),#5374);
#13=OPEN_SHELL('',(#3091));
#14=OPEN_SHELL('',(#3092));
#15=OPEN_SHELL('',(#3093));
#16=OPEN_SHELL('',(#3094));
#17=OPEN_SHELL('',(#3095));
#18=OPEN_SHELL('',(#3096));
#19=OPEN_SHELL('',(#3097));
#20=OPEN_SHELL('',(#3098));
#21=OPEN_SHELL('',(#3099));
#22=OPEN_SHELL('',(#3100));
#23=OPEN_SHELL('',(#3101));
#24=OPEN_SHELL('',(#3102));
#25=OPEN_SHELL('',(#3103));
#26=OPEN_SHELL('',(#3104));
#27=OPEN_SHELL('',(#3105));
#28=OPEN_SHELL('',(#3106));
#29=SHELL_BASED_SURFACE_MODEL('Body2',(#13));
#30=SHELL_BASED_SURFACE_MODEL('Body3',(#14));
#31=SHELL_BASED_SURFACE_MODEL('Body4',(#15));
#32=SHELL_BASED_SURFACE_MODEL('Body5',(#16));
#33=SHELL_BASED_SURFACE_MODEL('Body6',(#17));
#34=SHELL_BASED_SURFACE_MODEL('Body7',(#18));
#35=SHELL_BASED_SURFACE_MODEL('Body8',(#19));
#36=SHELL_BASED_SURFACE_MODEL('Body9',(#20));
#37=SHELL_BASED_SURFACE_MODEL('Body10',(#21));
#38=SHELL_BASED_SURFACE_MODEL('Body11',(#22));
#39=SHELL_BASED_SURFACE_MODEL('Body12',(#23));
#40=SHELL_BASED_SURFACE_MODEL('Body13',(#24));
#41=SHELL_BASED_SURFACE_MODEL('Body14',(#25));
#42=SHELL_BASED_SURFACE_MODEL('Body15',(#26));
#43=SHELL_BASED_SURFACE_MODEL('Body16',(#27));
#44=SHELL_BASED_SURFACE_MODEL('Body17',(#28));
#45=STYLED_ITEM('',(#5391),#62);
#46=STYLED_ITEM('',(#5391),#29);
#47=STYLED_ITEM('',(#5391),#30);
#48=STYLED_ITEM('',(#5391),#31);
#49=STYLED_ITEM('',(#5391),#32);
#50=STYLED_ITEM('',(#5391),#33);
#51=STYLED_ITEM('',(#5391),#34);
#52=STYLED_ITEM('',(#5391),#35);
#53=STYLED_ITEM('',(#5391),#36);
#54=STYLED_ITEM('',(#5391),#37);
#55=STYLED_ITEM('',(#5391),#38);
#56=STYLED_ITEM('',(#5391),#39);
#57=STYLED_ITEM('',(#5391),#40);
#58=STYLED_ITEM('',(#5391),#41);
#59=STYLED_ITEM('',(#5391),#42);
#60=STYLED_ITEM('',(#5391),#43);
#61=STYLED_ITEM('',(#5391),#44);
#62=MANIFOLD_SOLID_BREP('Body1',#3107);
#63=CONICAL_SURFACE('',#3133,1.999999988851,0.785398163397448);
#64=CONICAL_SURFACE('',#3143,1.999999988851,0.785398163397448);
#65=CONICAL_SURFACE('',#3326,1.999999988851,0.785398163397448);
#66=CONICAL_SURFACE('',#3335,1.999999988851,0.785398163397448);
#67=CONICAL_SURFACE('',#3359,1.1625,0.785398163397448);
#68=CONICAL_SURFACE('',#3362,1.1625,0.785398163397448);
#69=CONICAL_SURFACE('',#3365,1.1625,0.785398163397448);
#70=CONICAL_SURFACE('',#3368,1.1625,0.785398163397448);
#71=CONICAL_SURFACE('',#3387,1.1625,0.785398163397448);
#72=CONICAL_SURFACE('',#3390,1.1625,0.785398163397448);
#73=CONICAL_SURFACE('',#3393,1.1625,0.785398163397448);
#74=CONICAL_SURFACE('',#3396,1.1625,0.785398163397448);
#75=CONICAL_SURFACE('',#3407,1.1875,0.785398163397448);
#76=CONICAL_SURFACE('',#3410,1.1875,0.785398163397448);
#77=CONICAL_SURFACE('',#3413,1.1875,0.785398163397448);
#78=CONICAL_SURFACE('',#3416,1.1875,0.785398163397448);
#79=CONICAL_SURFACE('',#3419,1.1875,0.785398163397448);
#80=CONICAL_SURFACE('',#3422,1.1875,0.785398163397448);
#81=CONICAL_SURFACE('',#3425,1.1875,0.785398163397448);
#82=CONICAL_SURFACE('',#3428,1.1875,0.785398163397448);
#83=CYLINDRICAL_SURFACE('',#3130,1.3);
#84=CYLINDRICAL_SURFACE('',#3146,1.3);
#85=CYLINDRICAL_SURFACE('',#3148,10.5);
#86=CYLINDRICAL_SURFACE('',#3149,1.5);
#87=CYLINDRICAL_SURFACE('',#3152,1.5);
#88=CYLINDRICAL_SURFACE('',#3157,0.5);
#89=CYLINDRICAL_SURFACE('',#3162,1.5);
#90=CYLINDRICAL_SURFACE('',#3163,2.);
#91=CYLINDRICAL_SURFACE('',#3303,0.5);
#92=CYLINDRICAL_SURFACE('',#3308,2.);
#93=CYLINDRICAL_SURFACE('',#3312,1.5);
#94=CYLINDRICAL_SURFACE('',#3323,1.3);
#95=CYLINDRICAL_SURFACE('',#3338,1.3);
#96=CYLINDRICAL_SURFACE('',#3340,10.5);
#97=CYLINDRICAL_SURFACE('',#3341,1.5);
#98=CYLINDRICAL_SURFACE('',#3344,1.5);
#99=CYLINDRICAL_SURFACE('',#3345,10.5);
#100=CYLINDRICAL_SURFACE('',#3346,1.5);
#101=CYLINDRICAL_SURFACE('',#3349,1.);
#102=CYLINDRICAL_SURFACE('',#3350,1.);
#103=CYLINDRICAL_SURFACE('',#3351,1.);
#104=CYLINDRICAL_SURFACE('',#3352,1.);
#105=CYLINDRICAL_SURFACE('',#3353,1.);
#106=CYLINDRICAL_SURFACE('',#3354,1.);
#107=CYLINDRICAL_SURFACE('',#3355,1.);
#108=CYLINDRICAL_SURFACE('',#3356,1.);
#109=CYLINDRICAL_SURFACE('',#3357,1.025);
#110=CYLINDRICAL_SURFACE('',#3360,1.025);
#111=CYLINDRICAL_SURFACE('',#3363,1.025);
#112=CYLINDRICAL_SURFACE('',#3366,1.025);
#113=CYLINDRICAL_SURFACE('',#3369,1.25);
#114=CYLINDRICAL_SURFACE('',#3370,1.25);
#115=CYLINDRICAL_SURFACE('',#3371,1.25);
#116=CYLINDRICAL_SURFACE('',#3372,1.25);
#117=CYLINDRICAL_SURFACE('',#3373,1.);
#118=CYLINDRICAL_SURFACE('',#3374,1.);
#119=CYLINDRICAL_SURFACE('',#3375,1.);
#120=CYLINDRICAL_SURFACE('',#3376,1.);
#121=CYLINDRICAL_SURFACE('',#3377,1.);
#122=CYLINDRICAL_SURFACE('',#3378,1.);
#123=CYLINDRICAL_SURFACE('',#3379,1.);
#124=CYLINDRICAL_SURFACE('',#3380,1.);
#125=CYLINDRICAL_SURFACE('',#3381,1.);
#126=CYLINDRICAL_SURFACE('',#3382,1.);
#127=CYLINDRICAL_SURFACE('',#3383,1.);
#128=CYLINDRICAL_SURFACE('',#3384,1.);
#129=CYLINDRICAL_SURFACE('',#3385,1.025);
#130=CYLINDRICAL_SURFACE('',#3388,1.025);
#131=CYLINDRICAL_SURFACE('',#3391,1.025);
#132=CYLINDRICAL_SURFACE('',#3394,1.025);
#133=CYLINDRICAL_SURFACE('',#3397,1.25);
#134=CYLINDRICAL_SURFACE('',#3398,1.25);
#135=CYLINDRICAL_SURFACE('',#3399,1.25);
#136=CYLINDRICAL_SURFACE('',#3400,1.25);
#137=CYLINDRICAL_SURFACE('',#3401,1.);
#138=CYLINDRICAL_SURFACE('',#3402,1.);
#139=CYLINDRICAL_SURFACE('',#3403,1.);
#140=CYLINDRICAL_SURFACE('',#3404,1.);
#141=CYLINDRICAL_SURFACE('',#3405,1.025);
#142=CYLINDRICAL_SURFACE('',#3408,1.025);
#143=CYLINDRICAL_SURFACE('',#3411,1.025);
#144=CYLINDRICAL_SURFACE('',#3414,1.025);
#145=CYLINDRICAL_SURFACE('',#3417,1.025);
#146=CYLINDRICAL_SURFACE('',#3420,1.025);
#147=CYLINDRICAL_SURFACE('',#3423,1.025);
#148=CYLINDRICAL_SURFACE('',#3426,1.025);
#149=CYLINDRICAL_SURFACE('',#3429,0.5);
#150=CYLINDRICAL_SURFACE('',#3431,0.5);
#151=CYLINDRICAL_SURFACE('',#3433,0.5);
#152=CYLINDRICAL_SURFACE('',#3435,0.5);
#153=CYLINDRICAL_SURFACE('',#3436,4.);
#154=CYLINDRICAL_SURFACE('',#3437,0.5);
#155=CYLINDRICAL_SURFACE('',#3439,0.5);
#156=CYLINDRICAL_SURFACE('',#3441,0.5);
#157=CYLINDRICAL_SURFACE('',#3443,0.5);
#158=CYLINDRICAL_SURFACE('',#3444,4.);
#159=CYLINDRICAL_SURFACE('',#3445,0.5);
#160=CYLINDRICAL_SURFACE('',#3446,4.);
#161=CYLINDRICAL_SURFACE('',#3447,0.5);
#162=CYLINDRICAL_SURFACE('',#3449,0.5);
#163=CYLINDRICAL_SURFACE('',#3451,0.5);
#164=CYLINDRICAL_SURFACE('',#3453,0.5);
#165=CYLINDRICAL_SURFACE('',#3454,4.);
#166=CYLINDRICAL_SURFACE('',#3455,0.5);
#167=CYLINDRICAL_SURFACE('',#3457,0.5);
#168=CYLINDRICAL_SURFACE('',#3459,0.5);
#169=CYLINDRICAL_SURFACE('',#3461,1.5);
#170=CYLINDRICAL_SURFACE('',#3462,10.5);
#171=CYLINDRICAL_SURFACE('',#3463,1.25);
#172=CYLINDRICAL_SURFACE('',#3466,1.25);
#173=CYLINDRICAL_SURFACE('',#3469,1.25);
#174=CYLINDRICAL_SURFACE('',#3472,1.25);
#175=CYLINDRICAL_SURFACE('',#3475,1.25);
#176=CYLINDRICAL_SURFACE('',#3478,1.25);
#177=CYLINDRICAL_SURFACE('',#3481,1.25);
#178=CYLINDRICAL_SURFACE('',#3484,1.25);
#179=CYLINDRICAL_SURFACE('',#3487,1.25);
#180=CYLINDRICAL_SURFACE('',#3490,1.25);
#181=CYLINDRICAL_SURFACE('',#3493,1.25);
#182=CYLINDRICAL_SURFACE('',#3496,1.25);
#183=CYLINDRICAL_SURFACE('',#3499,1.25);
#184=CYLINDRICAL_SURFACE('',#3502,1.25);
#185=CYLINDRICAL_SURFACE('',#3505,1.25);
#186=CYLINDRICAL_SURFACE('',#3508,1.25);
#187=FACE_BOUND('',#454,.T.);
#188=FACE_BOUND('',#455,.T.);
#189=FACE_BOUND('',#459,.T.);
#190=FACE_BOUND('',#460,.T.);
#191=FACE_BOUND('',#477,.T.);
#192=FACE_BOUND('',#478,.T.);
#193=FACE_BOUND('',#479,.T.);
#194=FACE_BOUND('',#480,.T.);
#195=FACE_BOUND('',#481,.T.);
#196=FACE_BOUND('',#482,.T.);
#197=FACE_BOUND('',#483,.T.);
#198=FACE_BOUND('',#484,.T.);
#199=FACE_BOUND('',#485,.T.);
#200=FACE_BOUND('',#486,.T.);
#201=FACE_BOUND('',#487,.T.);
#202=FACE_BOUND('',#488,.T.);
#203=FACE_BOUND('',#489,.T.);
#204=FACE_BOUND('',#490,.T.);
#205=FACE_BOUND('',#491,.T.);
#206=FACE_BOUND('',#492,.T.);
#207=FACE_BOUND('',#493,.T.);
#208=FACE_BOUND('',#494,.T.);
#209=FACE_BOUND('',#495,.T.);
#210=FACE_BOUND('',#496,.T.);
#211=FACE_BOUND('',#497,.T.);
#212=FACE_BOUND('',#498,.T.);
#213=FACE_BOUND('',#499,.T.);
#214=FACE_BOUND('',#500,.T.);
#215=FACE_BOUND('',#501,.T.);
#216=FACE_BOUND('',#502,.T.);
#217=FACE_BOUND('',#503,.T.);
#218=FACE_BOUND('',#504,.T.);
#219=FACE_BOUND('',#505,.T.);
#220=FACE_BOUND('',#506,.T.);
#221=FACE_BOUND('',#507,.T.);
#222=FACE_BOUND('',#508,.T.);
#223=FACE_BOUND('',#509,.T.);
#224=FACE_BOUND('',#510,.T.);
#225=FACE_BOUND('',#511,.T.);
#226=FACE_BOUND('',#512,.T.);
#227=FACE_BOUND('',#513,.T.);
#228=FACE_BOUND('',#514,.T.);
#229=FACE_BOUND('',#515,.T.);
#230=FACE_BOUND('',#516,.T.);
#231=FACE_BOUND('',#517,.T.);
#232=FACE_BOUND('',#518,.T.);
#233=FACE_BOUND('',#519,.T.);
#234=FACE_BOUND('',#520,.T.);
#235=FACE_BOUND('',#521,.T.);
#236=FACE_BOUND('',#522,.T.);
#237=FACE_BOUND('',#523,.T.);
#238=FACE_BOUND('',#524,.T.);
#239=FACE_BOUND('',#525,.T.);
#240=FACE_BOUND('',#526,.T.);
#241=FACE_BOUND('',#529,.T.);
#242=FACE_BOUND('',#530,.T.);
#243=FACE_BOUND('',#531,.T.);
#244=FACE_BOUND('',#532,.T.);
#245=FACE_BOUND('',#533,.T.);
#246=FACE_BOUND('',#534,.T.);
#247=FACE_BOUND('',#535,.T.);
#248=FACE_BOUND('',#536,.T.);
#249=FACE_BOUND('',#537,.T.);
#250=FACE_BOUND('',#538,.T.);
#251=FACE_BOUND('',#539,.T.);
#252=FACE_BOUND('',#540,.T.);
#253=FACE_BOUND('',#541,.T.);
#254=FACE_BOUND('',#542,.T.);
#255=FACE_BOUND('',#543,.T.);
#256=FACE_BOUND('',#544,.T.);
#257=FACE_BOUND('',#545,.T.);
#258=FACE_BOUND('',#546,.T.);
#259=FACE_BOUND('',#547,.T.);
#260=FACE_BOUND('',#548,.T.);
#261=FACE_BOUND('',#549,.T.);
#262=FACE_BOUND('',#550,.T.);
#263=FACE_BOUND('',#551,.T.);
#264=FACE_BOUND('',#552,.T.);
#265=FACE_BOUND('',#553,.T.);
#266=FACE_BOUND('',#554,.T.);
#267=FACE_BOUND('',#555,.T.);
#268=FACE_BOUND('',#556,.T.);
#269=FACE_BOUND('',#557,.T.);
#270=FACE_BOUND('',#558,.T.);
#271=FACE_BOUND('',#559,.T.);
#272=FACE_BOUND('',#560,.T.);
#273=FACE_BOUND('',#561,.T.);
#274=FACE_BOUND('',#562,.T.);
#275=FACE_BOUND('',#563,.T.);
#276=FACE_BOUND('',#564,.T.);
#277=FACE_BOUND('',#565,.T.);
#278=FACE_BOUND('',#566,.T.);
#279=FACE_BOUND('',#567,.T.);
#280=FACE_BOUND('',#568,.T.);
#281=FACE_BOUND('',#569,.T.);
#282=FACE_BOUND('',#570,.T.);
#283=FACE_BOUND('',#571,.T.);
#284=FACE_BOUND('',#572,.T.);
#285=FACE_BOUND('',#573,.T.);
#286=FACE_BOUND('',#574,.T.);
#287=FACE_BOUND('',#575,.T.);
#288=FACE_BOUND('',#576,.T.);
#289=FACE_BOUND('',#577,.T.);
#290=FACE_BOUND('',#578,.T.);
#291=FACE_BOUND('',#586,.T.);
#292=FACE_BOUND('',#587,.T.);
#293=FACE_BOUND('',#591,.T.);
#294=FACE_BOUND('',#592,.T.);
#295=FACE_OUTER_BOUND('',#453,.T.);
#296=FACE_OUTER_BOUND('',#456,.T.);
#297=FACE_OUTER_BOUND('',#457,.T.);
#298=FACE_OUTER_BOUND('',#458,.T.);
#299=FACE_OUTER_BOUND('',#461,.T.);
#300=FACE_OUTER_BOUND('',#462,.T.);
#301=FACE_OUTER_BOUND('',#463,.T.);
#302=FACE_OUTER_BOUND('',#464,.T.);
#303=FACE_OUTER_BOUND('',#465,.T.);
#304=FACE_OUTER_BOUND('',#466,.T.);
#305=FACE_OUTER_BOUND('',#467,.T.);
#306=FACE_OUTER_BOUND('',#468,.T.);
#307=FACE_OUTER_BOUND('',#469,.T.);
#308=FACE_OUTER_BOUND('',#470,.T.);
#309=FACE_OUTER_BOUND('',#471,.T.);
#310=FACE_OUTER_BOUND('',#472,.T.);
#311=FACE_OUTER_BOUND('',#473,.T.);
#312=FACE_OUTER_BOUND('',#474,.T.);
#313=FACE_OUTER_BOUND('',#475,.T.);
#314=FACE_OUTER_BOUND('',#476,.T.);
#315=FACE_OUTER_BOUND('',#527,.T.);
#316=FACE_OUTER_BOUND('',#528,.T.);
#317=FACE_OUTER_BOUND('',#579,.T.);
#318=FACE_OUTER_BOUND('',#580,.T.);
#319=FACE_OUTER_BOUND('',#581,.T.);
#320=FACE_OUTER_BOUND('',#582,.T.);
#321=FACE_OUTER_BOUND('',#583,.T.);
#322=FACE_OUTER_BOUND('',#584,.T.);
#323=FACE_OUTER_BOUND('',#585,.T.);
#324=FACE_OUTER_BOUND('',#588,.T.);
#325=FACE_OUTER_BOUND('',#589,.T.);
#326=FACE_OUTER_BOUND('',#590,.T.);
#327=FACE_OUTER_BOUND('',#593,.T.);
#328=FACE_OUTER_BOUND('',#594,.T.);
#329=FACE_OUTER_BOUND('',#595,.T.);
#330=FACE_OUTER_BOUND('',#596,.T.);
#331=FACE_OUTER_BOUND('',#597,.T.);
#332=FACE_OUTER_BOUND('',#598,.T.);
#333=FACE_OUTER_BOUND('',#599,.T.);
#334=FACE_OUTER_BOUND('',#600,.T.);
#335=FACE_OUTER_BOUND('',#601,.T.);
#336=FACE_OUTER_BOUND('',#602,.T.);
#337=FACE_OUTER_BOUND('',#603,.T.);
#338=FACE_OUTER_BOUND('',#604,.T.);
#339=FACE_OUTER_BOUND('',#605,.T.);
#340=FACE_OUTER_BOUND('',#606,.T.);
#341=FACE_OUTER_BOUND('',#607,.T.);
#342=FACE_OUTER_BOUND('',#608,.T.);
#343=FACE_OUTER_BOUND('',#609,.T.);
#344=FACE_OUTER_BOUND('',#610,.T.);
#345=FACE_OUTER_BOUND('',#611,.T.);
#346=FACE_OUTER_BOUND('',#612,.T.);
#347=FACE_OUTER_BOUND('',#613,.T.);
#348=FACE_OUTER_BOUND('',#614,.T.);
#349=FACE_OUTER_BOUND('',#615,.T.);
#350=FACE_OUTER_BOUND('',#616,.T.);
#351=FACE_OUTER_BOUND('',#617,.T.);
#352=FACE_OUTER_BOUND('',#618,.T.);
#353=FACE_OUTER_BOUND('',#619,.T.);
#354=FACE_OUTER_BOUND('',#620,.T.);
#355=FACE_OUTER_BOUND('',#621,.T.);
#356=FACE_OUTER_BOUND('',#622,.T.);
#357=FACE_OUTER_BOUND('',#623,.T.);
#358=FACE_OUTER_BOUND('',#624,.T.);
#359=FACE_OUTER_BOUND('',#625,.T.);
#360=FACE_OUTER_BOUND('',#626,.T.);
#361=FACE_OUTER_BOUND('',#627,.T.);
#362=FACE_OUTER_BOUND('',#628,.T.);
#363=FACE_OUTER_BOUND('',#629,.T.);
#364=FACE_OUTER_BOUND('',#630,.T.);
#365=FACE_OUTER_BOUND('',#631,.T.);
#366=FACE_OUTER_BOUND('',#632,.T.);
#367=FACE_OUTER_BOUND('',#633,.T.);
#368=FACE_OUTER_BOUND('',#634,.T.);
#369=FACE_OUTER_BOUND('',#635,.T.);
#370=FACE_OUTER_BOUND('',#636,.T.);
#371=FACE_OUTER_BOUND('',#637,.T.);
#372=FACE_OUTER_BOUND('',#638,.T.);
#373=FACE_OUTER_BOUND('',#639,.T.);
#374=FACE_OUTER_BOUND('',#640,.T.);
#375=FACE_OUTER_BOUND('',#641,.T.);
#376=FACE_OUTER_BOUND('',#642,.T.);
#377=FACE_OUTER_BOUND('',#643,.T.);
#378=FACE_OUTER_BOUND('',#644,.T.);
#379=FACE_OUTER_BOUND('',#645,.T.);
#380=FACE_OUTER_BOUND('',#646,.T.);
#381=FACE_OUTER_BOUND('',#647,.T.);
#382=FACE_OUTER_BOUND('',#648,.T.);
#383=FACE_OUTER_BOUND('',#649,.T.);
#384=FACE_OUTER_BOUND('',#650,.T.);
#385=FACE_OUTER_BOUND('',#651,.T.);
#386=FACE_OUTER_BOUND('',#652,.T.);
#387=FACE_OUTER_BOUND('',#653,.T.);
#388=FACE_OUTER_BOUND('',#654,.T.);
#389=FACE_OUTER_BOUND('',#655,.T.);
#390=FACE_OUTER_BOUND('',#656,.T.);
#391=FACE_OUTER_BOUND('',#657,.T.);
#392=FACE_OUTER_BOUND('',#658,.T.);
#393=FACE_OUTER_BOUND('',#659,.T.);
#394=FACE_OUTER_BOUND('',#660,.T.);
#395=FACE_OUTER_BOUND('',#661,.T.);
#396=FACE_OUTER_BOUND('',#662,.T.);
#397=FACE_OUTER_BOUND('',#663,.T.);
#398=FACE_OUTER_BOUND('',#664,.T.);
#399=FACE_OUTER_BOUND('',#665,.T.);
#400=FACE_OUTER_BOUND('',#666,.T.);
#401=FACE_OUTER_BOUND('',#667,.T.);
#402=FACE_OUTER_BOUND('',#668,.T.);
#403=FACE_OUTER_BOUND('',#669,.T.);
#404=FACE_OUTER_BOUND('',#670,.T.);
#405=FACE_OUTER_BOUND('',#671,.T.);
#406=FACE_OUTER_BOUND('',#672,.T.);
#407=FACE_OUTER_BOUND('',#673,.T.);
#408=FACE_OUTER_BOUND('',#674,.T.);
#409=FACE_OUTER_BOUND('',#675,.T.);
#410=FACE_OUTER_BOUND('',#676,.T.);
#411=FACE_OUTER_BOUND('',#677,.T.);
#412=FACE_OUTER_BOUND('',#678,.T.);
#413=FACE_OUTER_BOUND('',#679,.T.);
#414=FACE_OUTER_BOUND('',#680,.T.);
#415=FACE_OUTER_BOUND('',#681,.T.);
#416=FACE_OUTER_BOUND('',#682,.T.);
#417=FACE_OUTER_BOUND('',#683,.T.);
#418=FACE_OUTER_BOUND('',#684,.T.);
#419=FACE_OUTER_BOUND('',#685,.T.);
#420=FACE_OUTER_BOUND('',#686,.T.);
#421=FACE_OUTER_BOUND('',#687,.T.);
#422=FACE_OUTER_BOUND('',#688,.T.);
#423=FACE_OUTER_BOUND('',#689,.T.);
#424=FACE_OUTER_BOUND('',#690,.T.);
#425=FACE_OUTER_BOUND('',#691,.T.);
#426=FACE_OUTER_BOUND('',#692,.T.);
#427=FACE_OUTER_BOUND('',#693,.T.);
#428=FACE_OUTER_BOUND('',#694,.T.);
#429=FACE_OUTER_BOUND('',#695,.T.);
#430=FACE_OUTER_BOUND('',#696,.T.);
#431=FACE_OUTER_BOUND('',#697,.T.);
#432=FACE_OUTER_BOUND('',#698,.T.);
#433=FACE_OUTER_BOUND('',#699,.T.);
#434=FACE_OUTER_BOUND('',#700,.T.);
#435=FACE_OUTER_BOUND('',#701,.T.);
#436=FACE_OUTER_BOUND('',#702,.T.);
#437=FACE_OUTER_BOUND('',#703,.T.);
#438=FACE_OUTER_BOUND('',#704,.T.);
#439=FACE_OUTER_BOUND('',#705,.T.);
#440=FACE_OUTER_BOUND('',#706,.T.);
#441=FACE_OUTER_BOUND('',#707,.T.);
#442=FACE_OUTER_BOUND('',#708,.T.);
#443=FACE_OUTER_BOUND('',#709,.T.);
#444=FACE_OUTER_BOUND('',#710,.T.);
#445=FACE_OUTER_BOUND('',#711,.T.);
#446=FACE_OUTER_BOUND('',#712,.T.);
#447=FACE_OUTER_BOUND('',#713,.T.);
#448=FACE_OUTER_BOUND('',#714,.T.);
#449=FACE_OUTER_BOUND('',#715,.T.);
#450=FACE_OUTER_BOUND('',#716,.T.);
#451=FACE_OUTER_BOUND('',#717,.T.);
#452=FACE_OUTER_BOUND('',#718,.T.);
#453=EDGE_LOOP('',(#2075,#2076,#2077,#2078,#2079,#2080,#2081,#2082,#2083,
#2084,#2085,#2086));
#454=EDGE_LOOP('',(#2087));
#455=EDGE_LOOP('',(#2088));
#456=EDGE_LOOP('',(#2089,#2090,#2091,#2092,#2093));
#457=EDGE_LOOP('',(#2094,#2095,#2096,#2097,#2098));
#458=EDGE_LOOP('',(#2099,#2100,#2101,#2102,#2103,#2104,#2105,#2106,#2107,
#2108,#2109,#2110));
#459=EDGE_LOOP('',(#2111));
#460=EDGE_LOOP('',(#2112));
#461=EDGE_LOOP('',(#2113,#2114,#2115,#2116,#2117));
#462=EDGE_LOOP('',(#2118,#2119,#2120,#2121,#2122));
#463=EDGE_LOOP('',(#2123,#2124,#2125,#2126));
#464=EDGE_LOOP('',(#2127,#2128,#2129,#2130));
#465=EDGE_LOOP('',(#2131,#2132,#2133,#2134));
#466=EDGE_LOOP('',(#2135,#2136,#2137,#2138));
#467=EDGE_LOOP('',(#2139,#2140,#2141,#2142));
#468=EDGE_LOOP('',(#2143,#2144,#2145,#2146));
#469=EDGE_LOOP('',(#2147,#2148,#2149,#2150));
#470=EDGE_LOOP('',(#2151,#2152,#2153,#2154));
#471=EDGE_LOOP('',(#2155,#2156,#2157,#2158));
#472=EDGE_LOOP('',(#2159,#2160,#2161,#2162));
#473=EDGE_LOOP('',(#2163,#2164,#2165,#2166));
#474=EDGE_LOOP('',(#2167,#2168,#2169,#2170));
#475=EDGE_LOOP('',(#2171,#2172,#2173,#2174));
#476=EDGE_LOOP('',(#2175,#2176,#2177,#2178));
#477=EDGE_LOOP('',(#2179));
#478=EDGE_LOOP('',(#2180));
#479=EDGE_LOOP('',(#2181));
#480=EDGE_LOOP('',(#2182));
#481=EDGE_LOOP('',(#2183));
#482=EDGE_LOOP('',(#2184));
#483=EDGE_LOOP('',(#2185));
#484=EDGE_LOOP('',(#2186));
#485=EDGE_LOOP('',(#2187));
#486=EDGE_LOOP('',(#2188));
#487=EDGE_LOOP('',(#2189));
#488=EDGE_LOOP('',(#2190));
#489=EDGE_LOOP('',(#2191));
#490=EDGE_LOOP('',(#2192));
#491=EDGE_LOOP('',(#2193));
#492=EDGE_LOOP('',(#2194));
#493=EDGE_LOOP('',(#2195));
#494=EDGE_LOOP('',(#2196));
#495=EDGE_LOOP('',(#2197));
#496=EDGE_LOOP('',(#2198));
#497=EDGE_LOOP('',(#2199));
#498=EDGE_LOOP('',(#2200));
#499=EDGE_LOOP('',(#2201));
#500=EDGE_LOOP('',(#2202));
#501=EDGE_LOOP('',(#2203));
#502=EDGE_LOOP('',(#2204));
#503=EDGE_LOOP('',(#2205));
#504=EDGE_LOOP('',(#2206));
#505=EDGE_LOOP('',(#2207));
#506=EDGE_LOOP('',(#2208));
#507=EDGE_LOOP('',(#2209));
#508=EDGE_LOOP('',(#2210));
#509=EDGE_LOOP('',(#2211));
#510=EDGE_LOOP('',(#2212));
#511=EDGE_LOOP('',(#2213));
#512=EDGE_LOOP('',(#2214));
#513=EDGE_LOOP('',(#2215));
#514=EDGE_LOOP('',(#2216));
#515=EDGE_LOOP('',(#2217));
#516=EDGE_LOOP('',(#2218));
#517=EDGE_LOOP('',(#2219));
#518=EDGE_LOOP('',(#2220));
#519=EDGE_LOOP('',(#2221));
#520=EDGE_LOOP('',(#2222));
#521=EDGE_LOOP('',(#2223));
#522=EDGE_LOOP('',(#2224));
#523=EDGE_LOOP('',(#2225));
#524=EDGE_LOOP('',(#2226));
#525=EDGE_LOOP('',(#2227,#2228,#2229,#2230,#2231,#2232,#2233,#2234,#2235,
#2236,#2237,#2238,#2239,#2240,#2241,#2242));
#526=EDGE_LOOP('',(#2243,#2244,#2245,#2246,#2247,#2248,#2249,#2250,#2251,
#2252,#2253,#2254,#2255,#2256,#2257,#2258));
#527=EDGE_LOOP('',(#2259,#2260,#2261,#2262));
#528=EDGE_LOOP('',(#2263,#2264,#2265,#2266));
#529=EDGE_LOOP('',(#2267));
#530=EDGE_LOOP('',(#2268));
#531=EDGE_LOOP('',(#2269));
#532=EDGE_LOOP('',(#2270));
#533=EDGE_LOOP('',(#2271));
#534=EDGE_LOOP('',(#2272));
#535=EDGE_LOOP('',(#2273));
#536=EDGE_LOOP('',(#2274));
#537=EDGE_LOOP('',(#2275));
#538=EDGE_LOOP('',(#2276));
#539=EDGE_LOOP('',(#2277));
#540=EDGE_LOOP('',(#2278));
#541=EDGE_LOOP('',(#2279));
#542=EDGE_LOOP('',(#2280));
#543=EDGE_LOOP('',(#2281));
#544=EDGE_LOOP('',(#2282));
#545=EDGE_LOOP('',(#2283));
#546=EDGE_LOOP('',(#2284));
#547=EDGE_LOOP('',(#2285));
#548=EDGE_LOOP('',(#2286));
#549=EDGE_LOOP('',(#2287));
#550=EDGE_LOOP('',(#2288));
#551=EDGE_LOOP('',(#2289));
#552=EDGE_LOOP('',(#2290));
#553=EDGE_LOOP('',(#2291));
#554=EDGE_LOOP('',(#2292));
#555=EDGE_LOOP('',(#2293));
#556=EDGE_LOOP('',(#2294));
#557=EDGE_LOOP('',(#2295));
#558=EDGE_LOOP('',(#2296));
#559=EDGE_LOOP('',(#2297));
#560=EDGE_LOOP('',(#2298));
#561=EDGE_LOOP('',(#2299));
#562=EDGE_LOOP('',(#2300));
#563=EDGE_LOOP('',(#2301));
#564=EDGE_LOOP('',(#2302));
#565=EDGE_LOOP('',(#2303));
#566=EDGE_LOOP('',(#2304));
#567=EDGE_LOOP('',(#2305));
#568=EDGE_LOOP('',(#2306));
#569=EDGE_LOOP('',(#2307));
#570=EDGE_LOOP('',(#2308));
#571=EDGE_LOOP('',(#2309));
#572=EDGE_LOOP('',(#2310));
#573=EDGE_LOOP('',(#2311));
#574=EDGE_LOOP('',(#2312));
#575=EDGE_LOOP('',(#2313));
#576=EDGE_LOOP('',(#2314));
#577=EDGE_LOOP('',(#2315,#2316,#2317,#2318,#2319,#2320,#2321,#2322,#2323,
#2324,#2325,#2326,#2327,#2328,#2329,#2330));
#578=EDGE_LOOP('',(#2331,#2332,#2333,#2334,#2335,#2336,#2337,#2338,#2339,
#2340,#2341,#2342,#2343,#2344,#2345,#2346));
#579=EDGE_LOOP('',(#2347,#2348,#2349,#2350));
#580=EDGE_LOOP('',(#2351,#2352,#2353,#2354));
#581=EDGE_LOOP('',(#2355,#2356,#2357,#2358));
#582=EDGE_LOOP('',(#2359,#2360,#2361,#2362));
#583=EDGE_LOOP('',(#2363,#2364,#2365,#2366));
#584=EDGE_LOOP('',(#2367,#2368,#2369,#2370));
#585=EDGE_LOOP('',(#2371,#2372,#2373,#2374,#2375,#2376,#2377,#2378,#2379,
#2380,#2381,#2382));
#586=EDGE_LOOP('',(#2383));
#587=EDGE_LOOP('',(#2384));
#588=EDGE_LOOP('',(#2385,#2386,#2387,#2388,#2389));
#589=EDGE_LOOP('',(#2390,#2391,#2392,#2393,#2394));
#590=EDGE_LOOP('',(#2395,#2396,#2397,#2398,#2399,#2400,#2401,#2402,#2403,
#2404,#2405,#2406));
#591=EDGE_LOOP('',(#2407));
#592=EDGE_LOOP('',(#2408));
#593=EDGE_LOOP('',(#2409,#2410,#2411,#2412,#2413));
#594=EDGE_LOOP('',(#2414,#2415,#2416,#2417,#2418));
#595=EDGE_LOOP('',(#2419,#2420,#2421,#2422));
#596=EDGE_LOOP('',(#2423,#2424,#2425,#2426));
#597=EDGE_LOOP('',(#2427,#2428,#2429,#2430));
#598=EDGE_LOOP('',(#2431,#2432,#2433,#2434));
#599=EDGE_LOOP('',(#2435,#2436,#2437,#2438));
#600=EDGE_LOOP('',(#2439,#2440,#2441,#2442));
#601=EDGE_LOOP('',(#2443,#2444,#2445,#2446));
#602=EDGE_LOOP('',(#2447,#2448,#2449,#2450));
#603=EDGE_LOOP('',(#2451,#2452,#2453,#2454));
#604=EDGE_LOOP('',(#2455,#2456,#2457,#2458));
#605=EDGE_LOOP('',(#2459,#2460,#2461,#2462));
#606=EDGE_LOOP('',(#2463,#2464,#2465,#2466));
#607=EDGE_LOOP('',(#2467,#2468,#2469,#2470));
#608=EDGE_LOOP('',(#2471,#2472,#2473,#2474));
#609=EDGE_LOOP('',(#2475,#2476,#2477,#2478));
#610=EDGE_LOOP('',(#2479,#2480,#2481,#2482));
#611=EDGE_LOOP('',(#2483,#2484,#2485,#2486));
#612=EDGE_LOOP('',(#2487,#2488,#2489,#2490));
#613=EDGE_LOOP('',(#2491,#2492,#2493,#2494));
#614=EDGE_LOOP('',(#2495,#2496,#2497,#2498));
#615=EDGE_LOOP('',(#2499,#2500,#2501,#2502));
#616=EDGE_LOOP('',(#2503,#2504,#2505,#2506));
#617=EDGE_LOOP('',(#2507,#2508,#2509,#2510));
#618=EDGE_LOOP('',(#2511,#2512,#2513,#2514));
#619=EDGE_LOOP('',(#2515,#2516,#2517,#2518));
#620=EDGE_LOOP('',(#2519,#2520,#2521,#2522));
#621=EDGE_LOOP('',(#2523,#2524,#2525,#2526));
#622=EDGE_LOOP('',(#2527,#2528,#2529,#2530));
#623=EDGE_LOOP('',(#2531,#2532,#2533,#2534));
#624=EDGE_LOOP('',(#2535,#2536,#2537,#2538));
#625=EDGE_LOOP('',(#2539,#2540,#2541,#2542));
#626=EDGE_LOOP('',(#2543,#2544,#2545,#2546));
#627=EDGE_LOOP('',(#2547,#2548,#2549,#2550));
#628=EDGE_LOOP('',(#2551,#2552,#2553,#2554));
#629=EDGE_LOOP('',(#2555,#2556,#2557,#2558));
#630=EDGE_LOOP('',(#2559,#2560,#2561,#2562));
#631=EDGE_LOOP('',(#2563,#2564,#2565,#2566));
#632=EDGE_LOOP('',(#2567,#2568,#2569,#2570));
#633=EDGE_LOOP('',(#2571,#2572,#2573,#2574));
#634=EDGE_LOOP('',(#2575,#2576,#2577,#2578));
#635=EDGE_LOOP('',(#2579,#2580,#2581,#2582));
#636=EDGE_LOOP('',(#2583,#2584,#2585,#2586));
#637=EDGE_LOOP('',(#2587,#2588,#2589,#2590));
#638=EDGE_LOOP('',(#2591,#2592,#2593,#2594));
#639=EDGE_LOOP('',(#2595,#2596,#2597,#2598));
#640=EDGE_LOOP('',(#2599,#2600,#2601,#2602));
#641=EDGE_LOOP('',(#2603,#2604,#2605,#2606));
#642=EDGE_LOOP('',(#2607,#2608,#2609,#2610));
#643=EDGE_LOOP('',(#2611,#2612,#2613,#2614));
#644=EDGE_LOOP('',(#2615,#2616,#2617,#2618));
#645=EDGE_LOOP('',(#2619,#2620,#2621,#2622));
#646=EDGE_LOOP('',(#2623,#2624,#2625,#2626));
#647=EDGE_LOOP('',(#2627,#2628,#2629,#2630));
#648=EDGE_LOOP('',(#2631,#2632,#2633,#2634));
#649=EDGE_LOOP('',(#2635,#2636,#2637,#2638));
#650=EDGE_LOOP('',(#2639,#2640,#2641,#2642));
#651=EDGE_LOOP('',(#2643,#2644,#2645,#2646));
#652=EDGE_LOOP('',(#2647,#2648,#2649,#2650));
#653=EDGE_LOOP('',(#2651,#2652,#2653,#2654));
#654=EDGE_LOOP('',(#2655,#2656,#2657,#2658));
#655=EDGE_LOOP('',(#2659,#2660,#2661,#2662));
#656=EDGE_LOOP('',(#2663,#2664,#2665,#2666));
#657=EDGE_LOOP('',(#2667,#2668,#2669,#2670));
#658=EDGE_LOOP('',(#2671,#2672,#2673,#2674));
#659=EDGE_LOOP('',(#2675,#2676,#2677,#2678));
#660=EDGE_LOOP('',(#2679,#2680,#2681,#2682));
#661=EDGE_LOOP('',(#2683,#2684,#2685,#2686));
#662=EDGE_LOOP('',(#2687,#2688,#2689,#2690));
#663=EDGE_LOOP('',(#2691,#2692,#2693,#2694));
#664=EDGE_LOOP('',(#2695,#2696,#2697,#2698));
#665=EDGE_LOOP('',(#2699,#2700,#2701,#2702));
#666=EDGE_LOOP('',(#2703,#2704,#2705,#2706));
#667=EDGE_LOOP('',(#2707,#2708,#2709,#2710));
#668=EDGE_LOOP('',(#2711,#2712,#2713,#2714));
#669=EDGE_LOOP('',(#2715,#2716,#2717,#2718));
#670=EDGE_LOOP('',(#2719,#2720,#2721,#2722));
#671=EDGE_LOOP('',(#2723,#2724,#2725,#2726));
#672=EDGE_LOOP('',(#2727,#2728,#2729,#2730));
#673=EDGE_LOOP('',(#2731,#2732,#2733,#2734));
#674=EDGE_LOOP('',(#2735,#2736,#2737,#2738));
#675=EDGE_LOOP('',(#2739,#2740,#2741,#2742));
#676=EDGE_LOOP('',(#2743,#2744,#2745,#2746));
#677=EDGE_LOOP('',(#2747,#2748,#2749,#2750));
#678=EDGE_LOOP('',(#2751,#2752,#2753,#2754));
#679=EDGE_LOOP('',(#2755,#2756,#2757,#2758));
#680=EDGE_LOOP('',(#2759,#2760,#2761,#2762));
#681=EDGE_LOOP('',(#2763,#2764,#2765,#2766));
#682=EDGE_LOOP('',(#2767,#2768,#2769,#2770));
#683=EDGE_LOOP('',(#2771,#2772,#2773,#2774));
#684=EDGE_LOOP('',(#2775,#2776,#2777,#2778));
#685=EDGE_LOOP('',(#2779,#2780,#2781,#2782));
#686=EDGE_LOOP('',(#2783,#2784,#2785,#2786));
#687=EDGE_LOOP('',(#2787,#2788,#2789,#2790));
#688=EDGE_LOOP('',(#2791,#2792,#2793,#2794));
#689=EDGE_LOOP('',(#2795,#2796,#2797,#2798));
#690=EDGE_LOOP('',(#2799,#2800,#2801,#2802));
#691=EDGE_LOOP('',(#2803,#2804,#2805,#2806));
#692=EDGE_LOOP('',(#2807,#2808,#2809,#2810));
#693=EDGE_LOOP('',(#2811,#2812,#2813,#2814));
#694=EDGE_LOOP('',(#2815,#2816,#2817,#2818));
#695=EDGE_LOOP('',(#2819,#2820,#2821,#2822));
#696=EDGE_LOOP('',(#2823,#2824,#2825,#2826));
#697=EDGE_LOOP('',(#2827,#2828,#2829,#2830));
#698=EDGE_LOOP('',(#2831,#2832,#2833,#2834));
#699=EDGE_LOOP('',(#2835,#2836,#2837,#2838));
#700=EDGE_LOOP('',(#2839,#2840,#2841,#2842));
#701=EDGE_LOOP('',(#2843,#2844,#2845,#2846));
#702=EDGE_LOOP('',(#2847,#2848,#2849,#2850));
#703=EDGE_LOOP('',(#2851,#2852,#2853,#2854));
#704=EDGE_LOOP('',(#2855,#2856,#2857,#2858));
#705=EDGE_LOOP('',(#2859,#2860,#2861,#2862));
#706=EDGE_LOOP('',(#2863,#2864,#2865,#2866));
#707=EDGE_LOOP('',(#2867,#2868,#2869,#2870));
#708=EDGE_LOOP('',(#2871,#2872,#2873,#2874));
#709=EDGE_LOOP('',(#2875,#2876,#2877,#2878));
#710=EDGE_LOOP('',(#2879,#2880,#2881,#2882));
#711=EDGE_LOOP('',(#2883,#2884,#2885,#2886));
#712=EDGE_LOOP('',(#2887,#2888,#2889,#2890));
#713=EDGE_LOOP('',(#2891,#2892,#2893,#2894));
#714=EDGE_LOOP('',(#2895,#2896,#2897,#2898));
#715=EDGE_LOOP('',(#2899,#2900,#2901,#2902));
#716=EDGE_LOOP('',(#2903,#2904,#2905,#2906));
#717=EDGE_LOOP('',(#2907,#2908,#2909,#2910));
#718=EDGE_LOOP('',(#2911,#2912,#2913,#2914));
#719=CIRCLE('',#3122,10.5);
#720=CIRCLE('',#3123,1.5);
#721=CIRCLE('',#3124,1.5);
#722=CIRCLE('',#3125,1.5);
#723=CIRCLE('',#3126,1.5);
#724=CIRCLE('',#3127,10.5);
#725=CIRCLE('',#3128,1.3);
#726=CIRCLE('',#3129,1.3);
#727=CIRCLE('',#3131,1.3);
#728=CIRCLE('',#3132,1.3);
#729=CIRCLE('',#3134,2.7);
#730=CIRCLE('',#3136,10.5);
#731=CIRCLE('',#3137,1.5);
#732=CIRCLE('',#3138,1.5);
#733=CIRCLE('',#3139,1.5);
#734=CIRCLE('',#3140,1.5);
#735=CIRCLE('',#3141,10.5);
#736=CIRCLE('',#3142,2.7);
#737=CIRCLE('',#3144,1.3);
#738=CIRCLE('',#3145,1.3);
#739=CIRCLE('',#3155,0.5);
#740=CIRCLE('',#3156,2.);
#741=CIRCLE('',#3158,0.5);
#742=CIRCLE('',#3160,2.);
#743=CIRCLE('',#3165,1.);
#744=CIRCLE('',#3166,1.);
#745=CIRCLE('',#3167,1.);
#746=CIRCLE('',#3168,1.);
#747=CIRCLE('',#3169,1.);
#748=CIRCLE('',#3170,1.);
#749=CIRCLE('',#3171,1.);
#750=CIRCLE('',#3172,1.);
#751=CIRCLE('',#3173,1.3);
#752=CIRCLE('',#3174,1.3);
#753=CIRCLE('',#3175,1.3);
#754=CIRCLE('',#3176,1.3);
#755=CIRCLE('',#3177,1.25);
#756=CIRCLE('',#3178,1.25);
#757=CIRCLE('',#3179,1.25);
#758=CIRCLE('',#3180,1.25);
#759=CIRCLE('',#3181,1.);
#760=CIRCLE('',#3182,1.);
#761=CIRCLE('',#3183,1.);
#762=CIRCLE('',#3184,1.);
#763=CIRCLE('',#3185,1.);
#764=CIRCLE('',#3186,1.);
#765=CIRCLE('',#3187,1.);
#766=CIRCLE('',#3188,1.);
#767=CIRCLE('',#3189,1.);
#768=CIRCLE('',#3190,1.);
#769=CIRCLE('',#3191,1.);
#770=CIRCLE('',#3192,1.);
#771=CIRCLE('',#3193,1.3);
#772=CIRCLE('',#3194,1.3);
#773=CIRCLE('',#3195,1.3);
#774=CIRCLE('',#3196,1.3);
#775=CIRCLE('',#3197,1.25);
#776=CIRCLE('',#3198,1.25);
#777=CIRCLE('',#3199,1.25);
#778=CIRCLE('',#3200,1.25);
#779=CIRCLE('',#3201,1.);
#780=CIRCLE('',#3202,1.);
#781=CIRCLE('',#3203,1.);
#782=CIRCLE('',#3204,1.);
#783=CIRCLE('',#3205,1.35);
#784=CIRCLE('',#3206,1.35);
#785=CIRCLE('',#3207,1.35);
#786=CIRCLE('',#3208,1.35);
#787=CIRCLE('',#3209,1.35);
#788=CIRCLE('',#3210,1.35);
#789=CIRCLE('',#3211,1.35);
#790=CIRCLE('',#3212,1.35);
#791=CIRCLE('',#3213,0.5);
#792=CIRCLE('',#3214,4.);
#793=CIRCLE('',#3215,0.5);
#794=CIRCLE('',#3216,0.5);
#795=CIRCLE('',#3217,0.5);
#796=CIRCLE('',#3218,0.5);
#797=CIRCLE('',#3219,4.);
#798=CIRCLE('',#3220,0.5);
#799=CIRCLE('',#3221,0.5);
#800=CIRCLE('',#3222,0.5);
#801=CIRCLE('',#3223,0.5);
#802=CIRCLE('',#3224,0.5);
#803=CIRCLE('',#3225,0.5);
#804=CIRCLE('',#3226,0.5);
#805=CIRCLE('',#3227,4.);
#806=CIRCLE('',#3228,0.5);
#807=CIRCLE('',#3229,0.5);
#808=CIRCLE('',#3230,0.5);
#809=CIRCLE('',#3231,0.5);
#810=CIRCLE('',#3232,4.);
#811=CIRCLE('',#3235,1.);
#812=CIRCLE('',#3236,1.);
#813=CIRCLE('',#3237,1.);
#814=CIRCLE('',#3238,1.);
#815=CIRCLE('',#3239,1.);
#816=CIRCLE('',#3240,1.);
#817=CIRCLE('',#3241,1.);
#818=CIRCLE('',#3242,1.);
#819=CIRCLE('',#3243,1.025);
#820=CIRCLE('',#3244,1.025);
#821=CIRCLE('',#3245,1.025);
#822=CIRCLE('',#3246,1.025);
#823=CIRCLE('',#3247,1.25);
#824=CIRCLE('',#3248,1.25);
#825=CIRCLE('',#3249,1.25);
#826=CIRCLE('',#3250,1.25);
#827=CIRCLE('',#3251,1.);
#828=CIRCLE('',#3252,1.);
#829=CIRCLE('',#3253,1.);
#830=CIRCLE('',#3254,1.);
#831=CIRCLE('',#3255,1.);
#832=CIRCLE('',#3256,1.);
#833=CIRCLE('',#3257,1.);
#834=CIRCLE('',#3258,1.);
#835=CIRCLE('',#3259,1.);
#836=CIRCLE('',#3260,1.);
#837=CIRCLE('',#3261,1.);
#838=CIRCLE('',#3262,1.);
#839=CIRCLE('',#3263,1.025);
#840=CIRCLE('',#3264,1.025);
#841=CIRCLE('',#3265,1.025);
#842=CIRCLE('',#3266,1.025);
#843=CIRCLE('',#3267,1.25);
#844=CIRCLE('',#3268,1.25);
#845=CIRCLE('',#3269,1.25);
#846=CIRCLE('',#3270,1.25);
#847=CIRCLE('',#3271,1.);
#848=CIRCLE('',#3272,1.);
#849=CIRCLE('',#3273,1.);
#850=CIRCLE('',#3274,1.);
#851=CIRCLE('',#3275,1.025);
#852=CIRCLE('',#3276,1.025);
#853=CIRCLE('',#3277,1.025);
#854=CIRCLE('',#3278,1.025);
#855=CIRCLE('',#3279,1.025);
#856=CIRCLE('',#3280,1.025);
#857=CIRCLE('',#3281,1.025);
#858=CIRCLE('',#3282,1.025);
#859=CIRCLE('',#3283,0.5);
#860=CIRCLE('',#3284,0.5);
#861=CIRCLE('',#3285,0.5);
#862=CIRCLE('',#3286,0.5);
#863=CIRCLE('',#3287,4.);
#864=CIRCLE('',#3288,0.5);
#865=CIRCLE('',#3289,0.5);
#866=CIRCLE('',#3290,0.5);
#867=CIRCLE('',#3291,0.5);
#868=CIRCLE('',#3292,4.);
#869=CIRCLE('',#3293,0.5);
#870=CIRCLE('',#3294,4.);
#871=CIRCLE('',#3295,0.5);
#872=CIRCLE('',#3296,0.5);
#873=CIRCLE('',#3297,0.5);
#874=CIRCLE('',#3298,0.5);
#875=CIRCLE('',#3299,4.);
#876=CIRCLE('',#3300,0.5);
#877=CIRCLE('',#3301,0.5);
#878=CIRCLE('',#3302,0.5);
#879=CIRCLE('',#3304,0.5);
#880=CIRCLE('',#3305,0.5);
#881=CIRCLE('',#3307,2.);
#882=CIRCLE('',#3309,2.);
#883=CIRCLE('',#3313,1.5);
#884=CIRCLE('',#3314,1.5);
#885=CIRCLE('',#3316,10.5);
#886=CIRCLE('',#3317,1.5);
#887=CIRCLE('',#3318,1.5);
#888=CIRCLE('',#3319,1.5);
#889=CIRCLE('',#3320,10.5);
#890=CIRCLE('',#3321,1.3);
#891=CIRCLE('',#3322,1.3);
#892=CIRCLE('',#3324,1.3);
#893=CIRCLE('',#3325,1.3);
#894=CIRCLE('',#3327,2.7);
#895=CIRCLE('',#3329,10.5);
#896=CIRCLE('',#3330,1.5);
#897=CIRCLE('',#3331,1.5);
#898=CIRCLE('',#3332,1.5);
#899=CIRCLE('',#3333,10.5);
#900=CIRCLE('',#3334,2.7);
#901=CIRCLE('',#3336,1.3);
#902=CIRCLE('',#3337,1.3);
#903=CIRCLE('',#3358,1.025);
#904=CIRCLE('',#3361,1.025);
#905=CIRCLE('',#3364,1.025);
#906=CIRCLE('',#3367,1.025);
#907=CIRCLE('',#3386,1.025);
#908=CIRCLE('',#3389,1.025);
#909=CIRCLE('',#3392,1.025);
#910=CIRCLE('',#3395,1.025);
#911=CIRCLE('',#3406,1.025);
#912=CIRCLE('',#3409,1.025);
#913=CIRCLE('',#3412,1.025);
#914=CIRCLE('',#3415,1.025);
#915=CIRCLE('',#3418,1.025);
#916=CIRCLE('',#3421,1.025);
#917=CIRCLE('',#3424,1.025);
#918=CIRCLE('',#3427,1.025);
#919=CIRCLE('',#3464,1.25);
#920=CIRCLE('',#3465,1.25);
#921=CIRCLE('',#3467,1.25);
#922=CIRCLE('',#3468,1.25);
#923=CIRCLE('',#3470,1.25);
#924=CIRCLE('',#3471,1.25);
#925=CIRCLE('',#3473,1.25);
#926=CIRCLE('',#3474,1.25);
#927=CIRCLE('',#3476,1.25);
#928=CIRCLE('',#3477,1.25);
#929=CIRCLE('',#3479,1.25);
#930=CIRCLE('',#3480,1.25);
#931=CIRCLE('',#3482,1.25);
#932=CIRCLE('',#3483,1.25);
#933=CIRCLE('',#3485,1.25);
#934=CIRCLE('',#3486,1.25);
#935=CIRCLE('',#3488,1.25);
#936=CIRCLE('',#3489,1.25);
#937=CIRCLE('',#3491,1.25);
#938=CIRCLE('',#3492,1.25);
#939=CIRCLE('',#3494,1.25);
#940=CIRCLE('',#3495,1.25);
#941=CIRCLE('',#3497,1.25);
#942=CIRCLE('',#3498,1.25);
#943=CIRCLE('',#3500,1.25);
#944=CIRCLE('',#3501,1.25);
#945=CIRCLE('',#3503,1.25);
#946=CIRCLE('',#3504,1.25);
#947=CIRCLE('',#3506,1.25);
#948=CIRCLE('',#3507,1.25);
#949=CIRCLE('',#3509,1.25);
#950=CIRCLE('',#3510,1.25);
#951=LINE('',#4501,#1155);
#952=LINE('',#4507,#1156);
#953=LINE('',#4511,#1157);
#954=LINE('',#4513,#1158);
#955=LINE('',#4515,#1159);
#956=LINE('',#4519,#1160);
#957=LINE('',#4531,#1161);
#958=LINE('',#4535,#1162);
#959=LINE('',#4540,#1163);
#960=LINE('',#4546,#1164);
#961=LINE('',#4550,#1165);
#962=LINE('',#4552,#1166);
#963=LINE('',#4554,#1167);
#964=LINE('',#4558,#1168);
#965=LINE('',#4568,#1169);
#966=LINE('',#4571,#1170);
#967=LINE('',#4573,#1171);
#968=LINE('',#4574,#1172);
#969=LINE('',#4576,#1173);
#970=LINE('',#4578,#1174);
#971=LINE('',#4580,#1175);
#972=LINE('',#4582,#1176);
#973=LINE('',#4583,#1177);
#974=LINE('',#4585,#1178);
#975=LINE('',#4587,#1179);
#976=LINE('',#4593,#1180);
#977=LINE('',#4597,#1181);
#978=LINE('',#4600,#1182);
#979=LINE('',#4602,#1183);
#980=LINE('',#4604,#1184);
#981=LINE('',#4607,#1185);
#982=LINE('',#4610,#1186);
#983=LINE('',#4612,#1187);
#984=LINE('',#4613,#1188);
#985=LINE('',#4718,#1189);
#986=LINE('',#4722,#1190);
#987=LINE('',#4726,#1191);
#988=LINE('',#4734,#1192);
#989=LINE('',#4738,#1193);
#990=LINE('',#4741,#1194);
#991=LINE('',#4746,#1195);
#992=LINE('',#4750,#1196);
#993=LINE('',#4754,#1197);
#994=LINE('',#4762,#1198);
#995=LINE('',#4766,#1199);
#996=LINE('',#4770,#1200);
#997=LINE('',#4776,#1201);
#998=LINE('',#4777,#1202);
#999=LINE('',#4780,#1203);
#1000=LINE('',#4781,#1204);
#1001=LINE('',#4882,#1205);
#1002=LINE('',#4886,#1206);
#1003=LINE('',#4890,#1207);
#1004=LINE('',#4898,#1208);
#1005=LINE('',#4902,#1209);
#1006=LINE('',#4906,#1210);
#1007=LINE('',#4918,#1211);
#1008=LINE('',#4922,#1212);
#1009=LINE('',#4926,#1213);
#1010=LINE('',#4934,#1214);
#1011=LINE('',#4938,#1215);
#1012=LINE('',#4941,#1216);
#1013=LINE('',#4947,#1217);
#1014=LINE('',#4950,#1218);
#1015=LINE('',#4954,#1219);
#1016=LINE('',#4957,#1220);
#1017=LINE('',#4958,#1221);
#1018=LINE('',#4962,#1222);
#1019=LINE('',#4963,#1223);
#1020=LINE('',#4964,#1224);
#1021=LINE('',#4970,#1225);
#1022=LINE('',#4974,#1226);
#1023=LINE('',#4980,#1227);
#1024=LINE('',#4983,#1228);
#1025=LINE('',#4985,#1229);
#1026=LINE('',#4995,#1230);
#1027=LINE('',#5001,#1231);
#1028=LINE('',#5006,#1232);
#1029=LINE('',#5011,#1233);
#1030=LINE('',#5013,#1234);
#1031=LINE('',#5017,#1235);
#1032=LINE('',#5027,#1236);
#1033=LINE('',#5030,#1237);
#1034=LINE('',#5032,#1238);
#1035=LINE('',#5033,#1239);
#1036=LINE('',#5035,#1240);
#1037=LINE('',#5037,#1241);
#1038=LINE('',#5039,#1242);
#1039=LINE('',#5041,#1243);
#1040=LINE('',#5043,#1244);
#1041=LINE('',#5046,#1245);
#1042=LINE('',#5050,#1246);
#1043=LINE('',#5052,#1247);
#1044=LINE('',#5054,#1248);
#1045=LINE('',#5056,#1249);
#1046=LINE('',#5058,#1250);
#1047=LINE('',#5060,#1251);
#1048=LINE('',#5062,#1252);
#1049=LINE('',#5064,#1253);
#1050=LINE('',#5067,#1254);
#1051=LINE('',#5070,#1255);
#1052=LINE('',#5073,#1256);
#1053=LINE('',#5076,#1257);
#1054=LINE('',#5079,#1258);
#1055=LINE('',#5082,#1259);
#1056=LINE('',#5085,#1260);
#1057=LINE('',#5088,#1261);
#1058=LINE('',#5090,#1262);
#1059=LINE('',#5092,#1263);
#1060=LINE('',#5094,#1264);
#1061=LINE('',#5096,#1265);
#1062=LINE('',#5098,#1266);
#1063=LINE('',#5100,#1267);
#1064=LINE('',#5102,#1268);
#1065=LINE('',#5104,#1269);
#1066=LINE('',#5106,#1270);
#1067=LINE('',#5108,#1271);
#1068=LINE('',#5110,#1272);
#1069=LINE('',#5112,#1273);
#1070=LINE('',#5114,#1274);
#1071=LINE('',#5116,#1275);
#1072=LINE('',#5118,#1276);
#1073=LINE('',#5120,#1277);
#1074=LINE('',#5123,#1278);
#1075=LINE('',#5126,#1279);
#1076=LINE('',#5129,#1280);
#1077=LINE('',#5132,#1281);
#1078=LINE('',#5135,#1282);
#1079=LINE('',#5138,#1283);
#1080=LINE('',#5141,#1284);
#1081=LINE('',#5144,#1285);
#1082=LINE('',#5146,#1286);
#1083=LINE('',#5148,#1287);
#1084=LINE('',#5150,#1288);
#1085=LINE('',#5152,#1289);
#1086=LINE('',#5154,#1290);
#1087=LINE('',#5156,#1291);
#1088=LINE('',#5158,#1292);
#1089=LINE('',#5160,#1293);
#1090=LINE('',#5163,#1294);
#1091=LINE('',#5166,#1295);
#1092=LINE('',#5169,#1296);
#1093=LINE('',#5172,#1297);
#1094=LINE('',#5175,#1298);
#1095=LINE('',#5178,#1299);
#1096=LINE('',#5181,#1300);
#1097=LINE('',#5184,#1301);
#1098=LINE('',#5187,#1302);
#1099=LINE('',#5190,#1303);
#1100=LINE('',#5193,#1304);
#1101=LINE('',#5196,#1305);
#1102=LINE('',#5199,#1306);
#1103=LINE('',#5202,#1307);
#1104=LINE('',#5205,#1308);
#1105=LINE('',#5208,#1309);
#1106=LINE('',#5210,#1310);
#1107=LINE('',#5211,#1311);
#1108=LINE('',#5213,#1312);
#1109=LINE('',#5215,#1313);
#1110=LINE('',#5217,#1314);
#1111=LINE('',#5219,#1315);
#1112=LINE('',#5221,#1316);
#1113=LINE('',#5223,#1317);
#1114=LINE('',#5225,#1318);
#1115=LINE('',#5227,#1319);
#1116=LINE('',#5229,#1320);
#1117=LINE('',#5231,#1321);
#1118=LINE('',#5233,#1322);
#1119=LINE('',#5235,#1323);
#1120=LINE('',#5237,#1324);
#1121=LINE('',#5239,#1325);
#1122=LINE('',#5242,#1326);
#1123=LINE('',#5243,#1327);
#1124=LINE('',#5245,#1328);
#1125=LINE('',#5247,#1329);
#1126=LINE('',#5249,#1330);
#1127=LINE('',#5251,#1331);
#1128=LINE('',#5253,#1332);
#1129=LINE('',#5255,#1333);
#1130=LINE('',#5257,#1334);
#1131=LINE('',#5259,#1335);
#1132=LINE('',#5261,#1336);
#1133=LINE('',#5263,#1337);
#1134=LINE('',#5265,#1338);
#1135=LINE('',#5267,#1339);
#1136=LINE('',#5269,#1340);
#1137=LINE('',#5271,#1341);
#1138=LINE('',#5274,#1342);
#1139=LINE('',#5280,#1343);
#1140=LINE('',#5286,#1344);
#1141=LINE('',#5292,#1345);
#1142=LINE('',#5298,#1346);
#1143=LINE('',#5304,#1347);
#1144=LINE('',#5310,#1348);
#1145=LINE('',#5316,#1349);
#1146=LINE('',#5322,#1350);
#1147=LINE('',#5328,#1351);
#1148=LINE('',#5334,#1352);
#1149=LINE('',#5340,#1353);
#1150=LINE('',#5346,#1354);
#1151=LINE('',#5352,#1355);
#1152=LINE('',#5358,#1356);
#1153=LINE('',#5364,#1357);
#1154=LINE('',#5370,#1358);
#1155=VECTOR('',#3515,24.);
#1156=VECTOR('',#3520,2.168560850692);
#1157=VECTOR('',#3523,8.);
#1158=VECTOR('',#3524,46.);
#1159=VECTOR('',#3525,8.);
#1160=VECTOR('',#3528,2.168560850692);
#1161=VECTOR('',#3541,1.3);
#1162=VECTOR('',#3546,1.999999988851);
#1163=VECTOR('',#3551,24.);
#1164=VECTOR('',#3556,2.168560850692);
#1165=VECTOR('',#3559,8.);
#1166=VECTOR('',#3560,46.);
#1167=VECTOR('',#3561,8.);
#1168=VECTOR('',#3564,2.168560850692);
#1169=VECTOR('',#3575,1.999999988851);
#1170=VECTOR('',#3580,1.3);
#1171=VECTOR('',#3583,1.5);
#1172=VECTOR('',#3584,1.5);
#1173=VECTOR('',#3587,1.5);
#1174=VECTOR('',#3590,1.5);
#1175=VECTOR('',#3593,1.5);
#1176=VECTOR('',#3596,1.5);
#1177=VECTOR('',#3597,1.5);
#1178=VECTOR('',#3600,1.5);
#1179=VECTOR('',#3603,1.5);
#1180=VECTOR('',#3610,1.5);
#1181=VECTOR('',#3615,46.);
#1182=VECTOR('',#3618,1.5);
#1183=VECTOR('',#3621,1.5);
#1184=VECTOR('',#3624,1.5);
#1185=VECTOR('',#3629,46.);
#1186=VECTOR('',#3632,33.);
#1187=VECTOR('',#3633,46.);
#1188=VECTOR('',#3634,33.);
#1189=VECTOR('',#3737,1.827126465559);
#1190=VECTOR('',#3740,3.2);
#1191=VECTOR('',#3743,1.827126465559);
#1192=VECTOR('',#3750,1.827126465559);
#1193=VECTOR('',#3753,3.2);
#1194=VECTOR('',#3756,1.827126465559);
#1195=VECTOR('',#3759,1.827126465559);
#1196=VECTOR('',#3762,3.2);
#1197=VECTOR('',#3765,1.827126465559);
#1198=VECTOR('',#3772,1.827126465559);
#1199=VECTOR('',#3775,3.2);
#1200=VECTOR('',#3778,1.827126465559);
#1201=VECTOR('',#3785,33.);
#1202=VECTOR('',#3786,1.5);
#1203=VECTOR('',#3789,33.);
#1204=VECTOR('',#3790,46.);
#1205=VECTOR('',#3889,1.827126465559);
#1206=VECTOR('',#3892,3.2);
#1207=VECTOR('',#3895,1.827126465559);
#1208=VECTOR('',#3902,1.827126465559);
#1209=VECTOR('',#3905,3.2);
#1210=VECTOR('',#3908,1.827126465559);
#1211=VECTOR('',#3919,1.827126465559);
#1212=VECTOR('',#3922,3.2);
#1213=VECTOR('',#3925,1.827126465559);
#1214=VECTOR('',#3932,1.827126465559);
#1215=VECTOR('',#3935,3.2);
#1216=VECTOR('',#3938,1.827126465559);
#1217=VECTOR('',#3945,46.);
#1218=VECTOR('',#3948,1.5);
#1219=VECTOR('',#3953,46.);
#1220=VECTOR('',#3958,1.5);
#1221=VECTOR('',#3959,1.5);
#1222=VECTOR('',#3962,1.5);
#1223=VECTOR('',#3963,8.);
#1224=VECTOR('',#3964,8.);
#1225=VECTOR('',#3971,1.5);
#1226=VECTOR('',#3974,24.);
#1227=VECTOR('',#3979,2.168560850692);
#1228=VECTOR('',#3982,8.);
#1229=VECTOR('',#3983,2.168560850692);
#1230=VECTOR('',#3994,1.3);
#1231=VECTOR('',#4001,1.999999988851);
#1232=VECTOR('',#4006,24.);
#1233=VECTOR('',#4011,2.168560850692);
#1234=VECTOR('',#4012,8.);
#1235=VECTOR('',#4015,2.168560850692);
#1236=VECTOR('',#4026,1.999999988851);
#1237=VECTOR('',#4031,1.3);
#1238=VECTOR('',#4034,1.5);
#1239=VECTOR('',#4035,1.5);
#1240=VECTOR('',#4038,1.5);
#1241=VECTOR('',#4041,1.5);
#1242=VECTOR('',#4044,1.5);
#1243=VECTOR('',#4047,1.5);
#1244=VECTOR('',#4050,1.5);
#1245=VECTOR('',#4055,1.5);
#1246=VECTOR('',#4062,1.);
#1247=VECTOR('',#4065,1.);
#1248=VECTOR('',#4068,1.);
#1249=VECTOR('',#4071,1.);
#1250=VECTOR('',#4074,1.);
#1251=VECTOR('',#4077,1.);
#1252=VECTOR('',#4080,1.);
#1253=VECTOR('',#4083,1.);
#1254=VECTOR('',#4086,1.025);
#1255=VECTOR('',#4091,1.1625);
#1256=VECTOR('',#4094,1.025);
#1257=VECTOR('',#4099,1.1625);
#1258=VECTOR('',#4102,1.025);
#1259=VECTOR('',#4107,1.1625);
#1260=VECTOR('',#4110,1.025);
#1261=VECTOR('',#4115,1.1625);
#1262=VECTOR('',#4118,1.25);
#1263=VECTOR('',#4121,1.25);
#1264=VECTOR('',#4124,1.25);
#1265=VECTOR('',#4127,1.25);
#1266=VECTOR('',#4130,1.);
#1267=VECTOR('',#4133,1.);
#1268=VECTOR('',#4136,1.);
#1269=VECTOR('',#4139,1.);
#1270=VECTOR('',#4142,1.);
#1271=VECTOR('',#4145,1.);
#1272=VECTOR('',#4148,1.);
#1273=VECTOR('',#4151,1.);
#1274=VECTOR('',#4154,1.);
#1275=VECTOR('',#4157,1.);
#1276=VECTOR('',#4160,1.);
#1277=VECTOR('',#4163,1.);
#1278=VECTOR('',#4166,1.025);
#1279=VECTOR('',#4171,1.1625);
#1280=VECTOR('',#4174,1.025);
#1281=VECTOR('',#4179,1.1625);
#1282=VECTOR('',#4182,1.025);
#1283=VECTOR('',#4187,1.1625);
#1284=VECTOR('',#4190,1.025);
#1285=VECTOR('',#4195,1.1625);
#1286=VECTOR('',#4198,1.25);
#1287=VECTOR('',#4201,1.25);
#1288=VECTOR('',#4204,1.25);
#1289=VECTOR('',#4207,1.25);
#1290=VECTOR('',#4210,1.);
#1291=VECTOR('',#4213,1.);
#1292=VECTOR('',#4216,1.);
#1293=VECTOR('',#4219,1.);
#1294=VECTOR('',#4222,1.025);
#1295=VECTOR('',#4227,1.1875);
#1296=VECTOR('',#4230,1.025);
#1297=VECTOR('',#4235,1.1875);
#1298=VECTOR('',#4238,1.025);
#1299=VECTOR('',#4243,1.1875);
#1300=VECTOR('',#4246,1.025);
#1301=VECTOR('',#4251,1.1875);
#1302=VECTOR('',#4254,1.025);
#1303=VECTOR('',#4259,1.1875);
#1304=VECTOR('',#4262,1.025);
#1305=VECTOR('',#4267,1.1875);
#1306=VECTOR('',#4270,1.025);
#1307=VECTOR('',#4275,1.1875);
#1308=VECTOR('',#4278,1.025);
#1309=VECTOR('',#4283,1.1875);
#1310=VECTOR('',#4286,1.5);
#1311=VECTOR('',#4287,1.5);
#1312=VECTOR('',#4290,1.5);
#1313=VECTOR('',#4293,1.5);
#1314=VECTOR('',#4296,1.5);
#1315=VECTOR('',#4299,1.5);
#1316=VECTOR('',#4302,1.5);
#1317=VECTOR('',#4305,1.5);
#1318=VECTOR('',#4308,1.5);
#1319=VECTOR('',#4311,1.5);
#1320=VECTOR('',#4314,1.5);
#1321=VECTOR('',#4317,1.5);
#1322=VECTOR('',#4320,1.5);
#1323=VECTOR('',#4323,1.5);
#1324=VECTOR('',#4326,1.5);
#1325=VECTOR('',#4329,1.5);
#1326=VECTOR('',#4334,1.5);
#1327=VECTOR('',#4335,1.5);
#1328=VECTOR('',#4338,1.5);
#1329=VECTOR('',#4341,1.5);
#1330=VECTOR('',#4344,1.5);
#1331=VECTOR('',#4347,1.5);
#1332=VECTOR('',#4350,1.5);
#1333=VECTOR('',#4353,1.5);
#1334=VECTOR('',#4356,1.5);
#1335=VECTOR('',#4359,1.5);
#1336=VECTOR('',#4362,1.5);
#1337=VECTOR('',#4365,1.5);
#1338=VECTOR('',#4368,1.5);
#1339=VECTOR('',#4371,1.5);
#1340=VECTOR('',#4374,1.5);
#1341=VECTOR('',#4377,1.5);
#1342=VECTOR('',#4382,1.5);
#1343=VECTOR('',#4389,1.25);
#1344=VECTOR('',#4396,1.25);
#1345=VECTOR('',#4403,1.25);
#1346=VECTOR('',#4410,1.25);
#1347=VECTOR('',#4417,1.25);
#1348=VECTOR('',#4424,1.25);
#1349=VECTOR('',#4431,1.25);
#1350=VECTOR('',#4438,1.25);
#1351=VECTOR('',#4445,1.25);
#1352=VECTOR('',#4452,1.25);
#1353=VECTOR('',#4459,1.25);
#1354=VECTOR('',#4466,1.25);
#1355=VECTOR('',#4473,1.25);
#1356=VECTOR('',#4480,1.25);
#1357=VECTOR('',#4487,1.25);
#1358=VECTOR('',#4494,1.25);
#1359=VERTEX_POINT('',#4499);
#1360=VERTEX_POINT('',#4500);
#1361=VERTEX_POINT('',#4502);
#1362=VERTEX_POINT('',#4504);
#1363=VERTEX_POINT('',#4506);
#1364=VERTEX_POINT('',#4508);
#1365=VERTEX_POINT('',#4510);
#1366=VERTEX_POINT('',#4512);
#1367=VERTEX_POINT('',#4514);
#1368=VERTEX_POINT('',#4516);
#1369=VERTEX_POINT('',#4518);
#1370=VERTEX_POINT('',#4520);
#1371=VERTEX_POINT('',#4523);
#1372=VERTEX_POINT('',#4525);
#1373=VERTEX_POINT('',#4528);
#1374=VERTEX_POINT('',#4529);
#1375=VERTEX_POINT('',#4534);
#1376=VERTEX_POINT('',#4538);
#1377=VERTEX_POINT('',#4539);
#1378=VERTEX_POINT('',#4541);
#1379=VERTEX_POINT('',#4543);
#1380=VERTEX_POINT('',#4545);
#1381=VERTEX_POINT('',#4547);
#1382=VERTEX_POINT('',#4549);
#1383=VERTEX_POINT('',#4551);
#1384=VERTEX_POINT('',#4553);
#1385=VERTEX_POINT('',#4555);
#1386=VERTEX_POINT('',#4557);
#1387=VERTEX_POINT('',#4559);
#1388=VERTEX_POINT('',#4562);
#1389=VERTEX_POINT('',#4565);
#1390=VERTEX_POINT('',#4566);
#1391=VERTEX_POINT('',#4589);
#1392=VERTEX_POINT('',#4591);
#1393=VERTEX_POINT('',#4595);
#1394=VERTEX_POINT('',#4599);
#1395=VERTEX_POINT('',#4609);
#1396=VERTEX_POINT('',#4611);
#1397=VERTEX_POINT('',#4614);
#1398=VERTEX_POINT('',#4616);
#1399=VERTEX_POINT('',#4618);
#1400=VERTEX_POINT('',#4620);
#1401=VERTEX_POINT('',#4622);
#1402=VERTEX_POINT('',#4624);
#1403=VERTEX_POINT('',#4626);
#1404=VERTEX_POINT('',#4628);
#1405=VERTEX_POINT('',#4630);
#1406=VERTEX_POINT('',#4632);
#1407=VERTEX_POINT('',#4634);
#1408=VERTEX_POINT('',#4636);
#1409=VERTEX_POINT('',#4638);
#1410=VERTEX_POINT('',#4640);
#1411=VERTEX_POINT('',#4642);
#1412=VERTEX_POINT('',#4644);
#1413=VERTEX_POINT('',#4646);
#1414=VERTEX_POINT('',#4648);
#1415=VERTEX_POINT('',#4650);
#1416=VERTEX_POINT('',#4652);
#1417=VERTEX_POINT('',#4654);
#1418=VERTEX_POINT('',#4656);
#1419=VERTEX_POINT('',#4658);
#1420=VERTEX_POINT('',#4660);
#1421=VERTEX_POINT('',#4662);
#1422=VERTEX_POINT('',#4664);
#1423=VERTEX_POINT('',#4666);
#1424=VERTEX_POINT('',#4668);
#1425=VERTEX_POINT('',#4670);
#1426=VERTEX_POINT('',#4672);
#1427=VERTEX_POINT('',#4674);
#1428=VERTEX_POINT('',#4676);
#1429=VERTEX_POINT('',#4678);
#1430=VERTEX_POINT('',#4680);
#1431=VERTEX_POINT('',#4682);
#1432=VERTEX_POINT('',#4684);
#1433=VERTEX_POINT('',#4686);
#1434=VERTEX_POINT('',#4688);
#1435=VERTEX_POINT('',#4690);
#1436=VERTEX_POINT('',#4692);
#1437=VERTEX_POINT('',#4694);
#1438=VERTEX_POINT('',#4696);
#1439=VERTEX_POINT('',#4698);
#1440=VERTEX_POINT('',#4700);
#1441=VERTEX_POINT('',#4702);
#1442=VERTEX_POINT('',#4704);
#1443=VERTEX_POINT('',#4706);
#1444=VERTEX_POINT('',#4708);
#1445=VERTEX_POINT('',#4710);
#1446=VERTEX_POINT('',#4711);
#1447=VERTEX_POINT('',#4713);
#1448=VERTEX_POINT('',#4715);
#1449=VERTEX_POINT('',#4717);
#1450=VERTEX_POINT('',#4719);
#1451=VERTEX_POINT('',#4721);
#1452=VERTEX_POINT('',#4723);
#1453=VERTEX_POINT('',#4725);
#1454=VERTEX_POINT('',#4727);
#1455=VERTEX_POINT('',#4729);
#1456=VERTEX_POINT('',#4731);
#1457=VERTEX_POINT('',#4733);
#1458=VERTEX_POINT('',#4735);
#1459=VERTEX_POINT('',#4737);
#1460=VERTEX_POINT('',#4739);
#1461=VERTEX_POINT('',#4742);
#1462=VERTEX_POINT('',#4743);
#1463=VERTEX_POINT('',#4745);
#1464=VERTEX_POINT('',#4747);
#1465=VERTEX_POINT('',#4749);
#1466=VERTEX_POINT('',#4751);
#1467=VERTEX_POINT('',#4753);
#1468=VERTEX_POINT('',#4755);
#1469=VERTEX_POINT('',#4757);
#1470=VERTEX_POINT('',#4759);
#1471=VERTEX_POINT('',#4761);
#1472=VERTEX_POINT('',#4763);
#1473=VERTEX_POINT('',#4765);
#1474=VERTEX_POINT('',#4767);
#1475=VERTEX_POINT('',#4769);
#1476=VERTEX_POINT('',#4771);
#1477=VERTEX_POINT('',#4775);
#1478=VERTEX_POINT('',#4779);
#1479=VERTEX_POINT('',#4782);
#1480=VERTEX_POINT('',#4784);
#1481=VERTEX_POINT('',#4786);
#1482=VERTEX_POINT('',#4788);
#1483=VERTEX_POINT('',#4790);
#1484=VERTEX_POINT('',#4792);
#1485=VERTEX_POINT('',#4794);
#1486=VERTEX_POINT('',#4796);
#1487=VERTEX_POINT('',#4798);
#1488=VERTEX_POINT('',#4800);
#1489=VERTEX_POINT('',#4802);
#1490=VERTEX_POINT('',#4804);
#1491=VERTEX_POINT('',#4806);
#1492=VERTEX_POINT('',#4808);
#1493=VERTEX_POINT('',#4810);
#1494=VERTEX_POINT('',#4812);
#1495=VERTEX_POINT('',#4814);
#1496=VERTEX_POINT('',#4816);
#1497=VERTEX_POINT('',#4818);
#1498=VERTEX_POINT('',#4820);
#1499=VERTEX_POINT('',#4822);
#1500=VERTEX_POINT('',#4824);
#1501=VERTEX_POINT('',#4826);
#1502=VERTEX_POINT('',#4828);
#1503=VERTEX_POINT('',#4830);
#1504=VERTEX_POINT('',#4832);
#1505=VERTEX_POINT('',#4834);
#1506=VERTEX_POINT('',#4836);
#1507=VERTEX_POINT('',#4838);
#1508=VERTEX_POINT('',#4840);
#1509=VERTEX_POINT('',#4842);
#1510=VERTEX_POINT('',#4844);
#1511=VERTEX_POINT('',#4846);
#1512=VERTEX_POINT('',#4848);
#1513=VERTEX_POINT('',#4850);
#1514=VERTEX_POINT('',#4852);
#1515=VERTEX_POINT('',#4854);
#1516=VERTEX_POINT('',#4856);
#1517=VERTEX_POINT('',#4858);
#1518=VERTEX_POINT('',#4860);
#1519=VERTEX_POINT('',#4862);
#1520=VERTEX_POINT('',#4864);
#1521=VERTEX_POINT('',#4866);
#1522=VERTEX_POINT('',#4868);
#1523=VERTEX_POINT('',#4870);
#1524=VERTEX_POINT('',#4872);
#1525=VERTEX_POINT('',#4874);
#1526=VERTEX_POINT('',#4876);
#1527=VERTEX_POINT('',#4878);
#1528=VERTEX_POINT('',#4879);
#1529=VERTEX_POINT('',#4881);
#1530=VERTEX_POINT('',#4883);
#1531=VERTEX_POINT('',#4885);
#1532=VERTEX_POINT('',#4887);
#1533=VERTEX_POINT('',#4889);
#1534=VERTEX_POINT('',#4891);
#1535=VERTEX_POINT('',#4893);
#1536=VERTEX_POINT('',#4895);
#1537=VERTEX_POINT('',#4897);
#1538=VERTEX_POINT('',#4899);
#1539=VERTEX_POINT('',#4901);
#1540=VERTEX_POINT('',#4903);
#1541=VERTEX_POINT('',#4905);
#1542=VERTEX_POINT('',#4907);
#1543=VERTEX_POINT('',#4910);
#1544=VERTEX_POINT('',#4911);
#1545=VERTEX_POINT('',#4913);
#1546=VERTEX_POINT('',#4915);
#1547=VERTEX_POINT('',#4917);
#1548=VERTEX_POINT('',#4919);
#1549=VERTEX_POINT('',#4921);
#1550=VERTEX_POINT('',#4923);
#1551=VERTEX_POINT('',#4925);
#1552=VERTEX_POINT('',#4927);
#1553=VERTEX_POINT('',#4929);
#1554=VERTEX_POINT('',#4931);
#1555=VERTEX_POINT('',#4933);
#1556=VERTEX_POINT('',#4935);
#1557=VERTEX_POINT('',#4937);
#1558=VERTEX_POINT('',#4939);
#1559=VERTEX_POINT('',#4943);
#1560=VERTEX_POINT('',#4945);
#1561=VERTEX_POINT('',#4949);
#1562=VERTEX_POINT('',#4953);
#1563=VERTEX_POINT('',#4960);
#1564=VERTEX_POINT('',#4961);
#1565=VERTEX_POINT('',#4966);
#1566=VERTEX_POINT('',#4968);
#1567=VERTEX_POINT('',#4972);
#1568=VERTEX_POINT('',#4973);
#1569=VERTEX_POINT('',#4975);
#1570=VERTEX_POINT('',#4977);
#1571=VERTEX_POINT('',#4979);
#1572=VERTEX_POINT('',#4981);
#1573=VERTEX_POINT('',#4984);
#1574=VERTEX_POINT('',#4986);
#1575=VERTEX_POINT('',#4989);
#1576=VERTEX_POINT('',#4991);
#1577=VERTEX_POINT('',#4994);
#1578=VERTEX_POINT('',#4996);
#1579=VERTEX_POINT('',#5000);
#1580=VERTEX_POINT('',#5004);
#1581=VERTEX_POINT('',#5005);
#1582=VERTEX_POINT('',#5007);
#1583=VERTEX_POINT('',#5009);
#1584=VERTEX_POINT('',#5012);
#1585=VERTEX_POINT('',#5014);
#1586=VERTEX_POINT('',#5016);
#1587=VERTEX_POINT('',#5018);
#1588=VERTEX_POINT('',#5021);
#1589=VERTEX_POINT('',#5024);
#1590=VERTEX_POINT('',#5025);
#1591=VERTEX_POINT('',#5066);
#1592=VERTEX_POINT('',#5072);
#1593=VERTEX_POINT('',#5078);
#1594=VERTEX_POINT('',#5084);
#1595=VERTEX_POINT('',#5122);
#1596=VERTEX_POINT('',#5128);
#1597=VERTEX_POINT('',#5134);
#1598=VERTEX_POINT('',#5140);
#1599=VERTEX_POINT('',#5162);
#1600=VERTEX_POINT('',#5168);
#1601=VERTEX_POINT('',#5174);
#1602=VERTEX_POINT('',#5180);
#1603=VERTEX_POINT('',#5186);
#1604=VERTEX_POINT('',#5192);
#1605=VERTEX_POINT('',#5198);
#1606=VERTEX_POINT('',#5204);
#1607=VERTEX_POINT('',#5277);
#1608=VERTEX_POINT('',#5279);
#1609=VERTEX_POINT('',#5283);
#1610=VERTEX_POINT('',#5285);
#1611=VERTEX_POINT('',#5289);
#1612=VERTEX_POINT('',#5291);
#1613=VERTEX_POINT('',#5295);
#1614=VERTEX_POINT('',#5297);
#1615=VERTEX_POINT('',#5301);
#1616=VERTEX_POINT('',#5303);
#1617=VERTEX_POINT('',#5307);
#1618=VERTEX_POINT('',#5309);
#1619=VERTEX_POINT('',#5313);
#1620=VERTEX_POINT('',#5315);
#1621=VERTEX_POINT('',#5319);
#1622=VERTEX_POINT('',#5321);
#1623=VERTEX_POINT('',#5325);
#1624=VERTEX_POINT('',#5327);
#1625=VERTEX_POINT('',#5331);
#1626=VERTEX_POINT('',#5333);
#1627=VERTEX_POINT('',#5337);
#1628=VERTEX_POINT('',#5339);
#1629=VERTEX_POINT('',#5343);
#1630=VERTEX_POINT('',#5345);
#1631=VERTEX_POINT('',#5349);
#1632=VERTEX_POINT('',#5351);
#1633=VERTEX_POINT('',#5355);
#1634=VERTEX_POINT('',#5357);
#1635=VERTEX_POINT('',#5361);
#1636=VERTEX_POINT('',#5363);
#1637=VERTEX_POINT('',#5367);
#1638=VERTEX_POINT('',#5369);
#1639=EDGE_CURVE('',#1359,#1360,#951,.T.);
#1640=EDGE_CURVE('',#1361,#1360,#719,.T.);
#1641=EDGE_CURVE('',#1361,#1362,#720,.T.);
#1642=EDGE_CURVE('',#1362,#1363,#952,.T.);
#1643=EDGE_CURVE('',#1363,#1364,#721,.T.);
#1644=EDGE_CURVE('',#1365,#1364,#953,.T.);
#1645=EDGE_CURVE('',#1366,#1365,#954,.T.);
#1646=EDGE_CURVE('',#1366,#1367,#955,.T.);
#1647=EDGE_CURVE('',#1367,#1368,#722,.T.);
#1648=EDGE_CURVE('',#1368,#1369,#956,.T.);
#1649=EDGE_CURVE('',#1369,#1370,#723,.T.);
#1650=EDGE_CURVE('',#1359,#1370,#724,.T.);
#1651=EDGE_CURVE('',#1371,#1371,#725,.T.);
#1652=EDGE_CURVE('',#1372,#1372,#726,.T.);
#1653=EDGE_CURVE('',#1373,#1374,#727,.T.);
#1654=EDGE_CURVE('',#1373,#1372,#957,.T.);
#1655=EDGE_CURVE('',#1374,#1373,#728,.T.);
#1656=EDGE_CURVE('',#1374,#1375,#958,.T.);
#1657=EDGE_CURVE('',#1375,#1375,#729,.T.);
#1658=EDGE_CURVE('',#1376,#1377,#959,.T.);
#1659=EDGE_CURVE('',#1376,#1378,#730,.T.);
#1660=EDGE_CURVE('',#1378,#1379,#731,.T.);
#1661=EDGE_CURVE('',#1380,#1379,#960,.T.);
#1662=EDGE_CURVE('',#1380,#1381,#732,.T.);
#1663=EDGE_CURVE('',#1382,#1381,#961,.T.);
#1664=EDGE_CURVE('',#1382,#1383,#962,.T.);
#1665=EDGE_CURVE('',#1383,#1384,#963,.T.);
#1666=EDGE_CURVE('',#1384,#1385,#733,.T.);
#1667=EDGE_CURVE('',#1386,#1385,#964,.T.);
#1668=EDGE_CURVE('',#1386,#1387,#734,.T.);
#1669=EDGE_CURVE('',#1387,#1377,#735,.T.);
#1670=EDGE_CURVE('',#1388,#1388,#736,.T.);
#1671=EDGE_CURVE('',#1389,#1390,#737,.T.);
#1672=EDGE_CURVE('',#1390,#1388,#965,.T.);
#1673=EDGE_CURVE('',#1390,#1389,#738,.T.);
#1674=EDGE_CURVE('',#1389,#1371,#966,.T.);
#1675=EDGE_CURVE('',#1359,#1376,#967,.T.);
#1676=EDGE_CURVE('',#1360,#1377,#968,.T.);
#1677=EDGE_CURVE('',#1387,#1361,#969,.T.);
#1678=EDGE_CURVE('',#1386,#1362,#970,.T.);
#1679=EDGE_CURVE('',#1385,#1363,#971,.T.);
#1680=EDGE_CURVE('',#1379,#1369,#972,.T.);
#1681=EDGE_CURVE('',#1380,#1368,#973,.T.);
#1682=EDGE_CURVE('',#1384,#1364,#974,.T.);
#1683=EDGE_CURVE('',#1365,#1383,#975,.T.);
#1684=EDGE_CURVE('',#1391,#1365,#739,.T.);
#1685=EDGE_CURVE('',#1392,#1383,#740,.T.);
#1686=EDGE_CURVE('',#1391,#1392,#976,.T.);
#1687=EDGE_CURVE('',#1393,#1366,#741,.T.);
#1688=EDGE_CURVE('',#1393,#1391,#977,.T.);
#1689=EDGE_CURVE('',#1393,#1394,#978,.T.);
#1690=EDGE_CURVE('',#1394,#1382,#742,.T.);
#1691=EDGE_CURVE('',#1366,#1382,#979,.T.);
#1692=EDGE_CURVE('',#1381,#1367,#980,.T.);
#1693=EDGE_CURVE('',#1394,#1392,#981,.T.);
#1694=EDGE_CURVE('',#1395,#1394,#982,.T.);
#1695=EDGE_CURVE('',#1395,#1396,#983,.T.);
#1696=EDGE_CURVE('',#1396,#1392,#984,.T.);
#1697=EDGE_CURVE('',#1397,#1397,#743,.T.);
#1698=EDGE_CURVE('',#1398,#1398,#744,.T.);
#1699=EDGE_CURVE('',#1399,#1399,#745,.T.);
#1700=EDGE_CURVE('',#1400,#1400,#746,.T.);
#1701=EDGE_CURVE('',#1401,#1401,#747,.T.);
#1702=EDGE_CURVE('',#1402,#1402,#748,.T.);
#1703=EDGE_CURVE('',#1403,#1403,#749,.T.);
#1704=EDGE_CURVE('',#1404,#1404,#750,.T.);
#1705=EDGE_CURVE('',#1405,#1405,#751,.T.);
#1706=EDGE_CURVE('',#1406,#1406,#752,.T.);
#1707=EDGE_CURVE('',#1407,#1407,#753,.T.);
#1708=EDGE_CURVE('',#1408,#1408,#754,.T.);
#1709=EDGE_CURVE('',#1409,#1409,#755,.T.);
#1710=EDGE_CURVE('',#1410,#1410,#756,.T.);
#1711=EDGE_CURVE('',#1411,#1411,#757,.T.);
#1712=EDGE_CURVE('',#1412,#1412,#758,.T.);
#1713=EDGE_CURVE('',#1413,#1413,#759,.T.);
#1714=EDGE_CURVE('',#1414,#1414,#760,.T.);
#1715=EDGE_CURVE('',#1415,#1415,#761,.T.);
#1716=EDGE_CURVE('',#1416,#1416,#762,.T.);
#1717=EDGE_CURVE('',#1417,#1417,#763,.T.);
#1718=EDGE_CURVE('',#1418,#1418,#764,.T.);
#1719=EDGE_CURVE('',#1419,#1419,#765,.T.);
#1720=EDGE_CURVE('',#1420,#1420,#766,.T.);
#1721=EDGE_CURVE('',#1421,#1421,#767,.T.);
#1722=EDGE_CURVE('',#1422,#1422,#768,.T.);
#1723=EDGE_CURVE('',#1423,#1423,#769,.T.);
#1724=EDGE_CURVE('',#1424,#1424,#770,.T.);
#1725=EDGE_CURVE('',#1425,#1425,#771,.T.);
#1726=EDGE_CURVE('',#1426,#1426,#772,.T.);
#1727=EDGE_CURVE('',#1427,#1427,#773,.T.);
#1728=EDGE_CURVE('',#1428,#1428,#774,.T.);
#1729=EDGE_CURVE('',#1429,#1429,#775,.T.);
#1730=EDGE_CURVE('',#1430,#1430,#776,.T.);
#1731=EDGE_CURVE('',#1431,#1431,#777,.T.);
#1732=EDGE_CURVE('',#1432,#1432,#778,.T.);
#1733=EDGE_CURVE('',#1433,#1433,#779,.T.);
#1734=EDGE_CURVE('',#1434,#1434,#780,.T.);
#1735=EDGE_CURVE('',#1435,#1435,#781,.T.);
#1736=EDGE_CURVE('',#1436,#1436,#782,.T.);
#1737=EDGE_CURVE('',#1437,#1437,#783,.T.);
#1738=EDGE_CURVE('',#1438,#1438,#784,.T.);
#1739=EDGE_CURVE('',#1439,#1439,#785,.T.);
#1740=EDGE_CURVE('',#1440,#1440,#786,.T.);
#1741=EDGE_CURVE('',#1441,#1441,#787,.T.);
#1742=EDGE_CURVE('',#1442,#1442,#788,.T.);
#1743=EDGE_CURVE('',#1443,#1443,#789,.T.);
#1744=EDGE_CURVE('',#1444,#1444,#790,.T.);
#1745=EDGE_CURVE('',#1445,#1446,#791,.T.);
#1746=EDGE_CURVE('',#1447,#1446,#792,.T.);
#1747=EDGE_CURVE('',#1447,#1448,#793,.T.);
#1748=EDGE_CURVE('',#1448,#1449,#985,.T.);
#1749=EDGE_CURVE('',#1449,#1450,#794,.T.);
#1750=EDGE_CURVE('',#1450,#1451,#986,.T.);
#1751=EDGE_CURVE('',#1451,#1452,#795,.T.);
#1752=EDGE_CURVE('',#1452,#1453,#987,.T.);
#1753=EDGE_CURVE('',#1453,#1454,#796,.T.);
#1754=EDGE_CURVE('',#1455,#1454,#797,.T.);
#1755=EDGE_CURVE('',#1455,#1456,#798,.T.);
#1756=EDGE_CURVE('',#1456,#1457,#988,.T.);
#1757=EDGE_CURVE('',#1457,#1458,#799,.T.);
#1758=EDGE_CURVE('',#1458,#1459,#989,.T.);
#1759=EDGE_CURVE('',#1459,#1460,#800,.T.);
#1760=EDGE_CURVE('',#1460,#1445,#990,.T.);
#1761=EDGE_CURVE('',#1461,#1462,#801,.T.);
#1762=EDGE_CURVE('',#1462,#1463,#991,.T.);
#1763=EDGE_CURVE('',#1463,#1464,#802,.T.);
#1764=EDGE_CURVE('',#1464,#1465,#992,.T.);
#1765=EDGE_CURVE('',#1465,#1466,#803,.T.);
#1766=EDGE_CURVE('',#1466,#1467,#993,.T.);
#1767=EDGE_CURVE('',#1467,#1468,#804,.T.);
#1768=EDGE_CURVE('',#1469,#1468,#805,.T.);
#1769=EDGE_CURVE('',#1469,#1470,#806,.T.);
#1770=EDGE_CURVE('',#1470,#1471,#994,.T.);
#1771=EDGE_CURVE('',#1471,#1472,#807,.T.);
#1772=EDGE_CURVE('',#1472,#1473,#995,.T.);
#1773=EDGE_CURVE('',#1473,#1474,#808,.T.);
#1774=EDGE_CURVE('',#1474,#1475,#996,.T.);
#1775=EDGE_CURVE('',#1475,#1476,#809,.T.);
#1776=EDGE_CURVE('',#1461,#1476,#810,.T.);
#1777=EDGE_CURVE('',#1477,#1393,#997,.T.);
#1778=EDGE_CURVE('',#1477,#1395,#998,.T.);
#1779=EDGE_CURVE('',#1478,#1391,#999,.T.);
#1780=EDGE_CURVE('',#1477,#1478,#1000,.T.);
#1781=EDGE_CURVE('',#1479,#1479,#811,.T.);
#1782=EDGE_CURVE('',#1480,#1480,#812,.T.);
#1783=EDGE_CURVE('',#1481,#1481,#813,.T.);
#1784=EDGE_CURVE('',#1482,#1482,#814,.T.);
#1785=EDGE_CURVE('',#1483,#1483,#815,.T.);
#1786=EDGE_CURVE('',#1484,#1484,#816,.T.);
#1787=EDGE_CURVE('',#1485,#1485,#817,.T.);
#1788=EDGE_CURVE('',#1486,#1486,#818,.T.);
#1789=EDGE_CURVE('',#1487,#1487,#819,.T.);
#1790=EDGE_CURVE('',#1488,#1488,#820,.T.);
#1791=EDGE_CURVE('',#1489,#1489,#821,.T.);
#1792=EDGE_CURVE('',#1490,#1490,#822,.T.);
#1793=EDGE_CURVE('',#1491,#1491,#823,.T.);
#1794=EDGE_CURVE('',#1492,#1492,#824,.T.);
#1795=EDGE_CURVE('',#1493,#1493,#825,.T.);
#1796=EDGE_CURVE('',#1494,#1494,#826,.T.);
#1797=EDGE_CURVE('',#1495,#1495,#827,.T.);
#1798=EDGE_CURVE('',#1496,#1496,#828,.T.);
#1799=EDGE_CURVE('',#1497,#1497,#829,.T.);
#1800=EDGE_CURVE('',#1498,#1498,#830,.T.);
#1801=EDGE_CURVE('',#1499,#1499,#831,.T.);
#1802=EDGE_CURVE('',#1500,#1500,#832,.T.);
#1803=EDGE_CURVE('',#1501,#1501,#833,.T.);
#1804=EDGE_CURVE('',#1502,#1502,#834,.T.);
#1805=EDGE_CURVE('',#1503,#1503,#835,.T.);
#1806=EDGE_CURVE('',#1504,#1504,#836,.T.);
#1807=EDGE_CURVE('',#1505,#1505,#837,.T.);
#1808=EDGE_CURVE('',#1506,#1506,#838,.T.);
#1809=EDGE_CURVE('',#1507,#1507,#839,.T.);
#1810=EDGE_CURVE('',#1508,#1508,#840,.T.);
#1811=EDGE_CURVE('',#1509,#1509,#841,.T.);
#1812=EDGE_CURVE('',#1510,#1510,#842,.T.);
#1813=EDGE_CURVE('',#1511,#1511,#843,.T.);
#1814=EDGE_CURVE('',#1512,#1512,#844,.T.);
#1815=EDGE_CURVE('',#1513,#1513,#845,.T.);
#1816=EDGE_CURVE('',#1514,#1514,#846,.T.);
#1817=EDGE_CURVE('',#1515,#1515,#847,.T.);
#1818=EDGE_CURVE('',#1516,#1516,#848,.T.);
#1819=EDGE_CURVE('',#1517,#1517,#849,.T.);
#1820=EDGE_CURVE('',#1518,#1518,#850,.T.);
#1821=EDGE_CURVE('',#1519,#1519,#851,.T.);
#1822=EDGE_CURVE('',#1520,#1520,#852,.T.);
#1823=EDGE_CURVE('',#1521,#1521,#853,.T.);
#1824=EDGE_CURVE('',#1522,#1522,#854,.T.);
#1825=EDGE_CURVE('',#1523,#1523,#855,.T.);
#1826=EDGE_CURVE('',#1524,#1524,#856,.T.);
#1827=EDGE_CURVE('',#1525,#1525,#857,.T.);
#1828=EDGE_CURVE('',#1526,#1526,#858,.T.);
#1829=EDGE_CURVE('',#1527,#1528,#859,.T.);
#1830=EDGE_CURVE('',#1529,#1528,#1001,.T.);
#1831=EDGE_CURVE('',#1529,#1530,#860,.T.);
#1832=EDGE_CURVE('',#1531,#1530,#1002,.T.);
#1833=EDGE_CURVE('',#1531,#1532,#861,.T.);
#1834=EDGE_CURVE('',#1533,#1532,#1003,.T.);
#1835=EDGE_CURVE('',#1533,#1534,#862,.T.);
#1836=EDGE_CURVE('',#1534,#1535,#863,.T.);
#1837=EDGE_CURVE('',#1535,#1536,#864,.T.);
#1838=EDGE_CURVE('',#1537,#1536,#1004,.T.);
#1839=EDGE_CURVE('',#1537,#1538,#865,.T.);
#1840=EDGE_CURVE('',#1539,#1538,#1005,.T.);
#1841=EDGE_CURVE('',#1539,#1540,#866,.T.);
#1842=EDGE_CURVE('',#1541,#1540,#1006,.T.);
#1843=EDGE_CURVE('',#1541,#1542,#867,.T.);
#1844=EDGE_CURVE('',#1542,#1527,#868,.T.);
#1845=EDGE_CURVE('',#1543,#1544,#869,.T.);
#1846=EDGE_CURVE('',#1544,#1545,#870,.T.);
#1847=EDGE_CURVE('',#1545,#1546,#871,.T.);
#1848=EDGE_CURVE('',#1547,#1546,#1007,.T.);
#1849=EDGE_CURVE('',#1547,#1548,#872,.T.);
#1850=EDGE_CURVE('',#1549,#1548,#1008,.T.);
#1851=EDGE_CURVE('',#1549,#1550,#873,.T.);
#1852=EDGE_CURVE('',#1551,#1550,#1009,.T.);
#1853=EDGE_CURVE('',#1551,#1552,#874,.T.);
#1854=EDGE_CURVE('',#1552,#1553,#875,.T.);
#1855=EDGE_CURVE('',#1553,#1554,#876,.T.);
#1856=EDGE_CURVE('',#1555,#1554,#1010,.T.);
#1857=EDGE_CURVE('',#1555,#1556,#877,.T.);
#1858=EDGE_CURVE('',#1557,#1556,#1011,.T.);
#1859=EDGE_CURVE('',#1557,#1558,#878,.T.);
#1860=EDGE_CURVE('',#1543,#1558,#1012,.T.);
#1861=EDGE_CURVE('',#1559,#1477,#879,.T.);
#1862=EDGE_CURVE('',#1560,#1478,#880,.T.);
#1863=EDGE_CURVE('',#1559,#1560,#1013,.T.);
#1864=EDGE_CURVE('',#1559,#1561,#1014,.T.);
#1865=EDGE_CURVE('',#1561,#1395,#881,.T.);
#1866=EDGE_CURVE('',#1561,#1562,#1015,.T.);
#1867=EDGE_CURVE('',#1562,#1396,#882,.T.);
#1868=EDGE_CURVE('',#1478,#1396,#1016,.T.);
#1869=EDGE_CURVE('',#1560,#1562,#1017,.T.);
#1870=EDGE_CURVE('',#1563,#1564,#1018,.T.);
#1871=EDGE_CURVE('',#1564,#1560,#1019,.T.);
#1872=EDGE_CURVE('',#1563,#1562,#1020,.T.);
#1873=EDGE_CURVE('',#1564,#1565,#883,.T.);
#1874=EDGE_CURVE('',#1566,#1563,#884,.T.);
#1875=EDGE_CURVE('',#1566,#1565,#1021,.T.);
#1876=EDGE_CURVE('',#1567,#1568,#1022,.T.);
#1877=EDGE_CURVE('',#1567,#1569,#885,.T.);
#1878=EDGE_CURVE('',#1569,#1570,#886,.T.);
#1879=EDGE_CURVE('',#1571,#1570,#1023,.T.);
#1880=EDGE_CURVE('',#1571,#1572,#887,.T.);
#1881=EDGE_CURVE('',#1572,#1559,#1024,.T.);
#1882=EDGE_CURVE('',#1573,#1565,#1025,.T.);
#1883=EDGE_CURVE('',#1573,#1574,#888,.T.);
#1884=EDGE_CURVE('',#1574,#1568,#889,.T.);
#1885=EDGE_CURVE('',#1575,#1575,#890,.T.);
#1886=EDGE_CURVE('',#1576,#1576,#891,.T.);
#1887=EDGE_CURVE('',#1576,#1577,#1026,.T.);
#1888=EDGE_CURVE('',#1578,#1577,#892,.T.);
#1889=EDGE_CURVE('',#1577,#1578,#893,.T.);
#1890=EDGE_CURVE('',#1578,#1579,#1027,.T.);
#1891=EDGE_CURVE('',#1579,#1579,#894,.T.);
#1892=EDGE_CURVE('',#1580,#1581,#1028,.T.);
#1893=EDGE_CURVE('',#1582,#1581,#895,.T.);
#1894=EDGE_CURVE('',#1582,#1583,#896,.T.);
#1895=EDGE_CURVE('',#1583,#1566,#1029,.T.);
#1896=EDGE_CURVE('',#1584,#1561,#1030,.T.);
#1897=EDGE_CURVE('',#1584,#1585,#897,.T.);
#1898=EDGE_CURVE('',#1585,#1586,#1031,.T.);
#1899=EDGE_CURVE('',#1586,#1587,#898,.T.);
#1900=EDGE_CURVE('',#1580,#1587,#899,.T.);
#1901=EDGE_CURVE('',#1588,#1588,#900,.T.);
#1902=EDGE_CURVE('',#1589,#1590,#901,.T.);
#1903=EDGE_CURVE('',#1590,#1588,#1032,.T.);
#1904=EDGE_CURVE('',#1590,#1589,#902,.T.);
#1905=EDGE_CURVE('',#1575,#1589,#1033,.T.);
#1906=EDGE_CURVE('',#1568,#1581,#1034,.T.);
#1907=EDGE_CURVE('',#1567,#1580,#1035,.T.);
#1908=EDGE_CURVE('',#1587,#1569,#1036,.T.);
#1909=EDGE_CURVE('',#1586,#1570,#1037,.T.);
#1910=EDGE_CURVE('',#1583,#1573,#1038,.T.);
#1911=EDGE_CURVE('',#1585,#1571,#1039,.T.);
#1912=EDGE_CURVE('',#1582,#1574,#1040,.T.);
#1913=EDGE_CURVE('',#1584,#1572,#1041,.T.);
#1914=EDGE_CURVE('',#1397,#1479,#1042,.T.);
#1915=EDGE_CURVE('',#1398,#1480,#1043,.T.);
#1916=EDGE_CURVE('',#1399,#1481,#1044,.T.);
#1917=EDGE_CURVE('',#1400,#1482,#1045,.T.);
#1918=EDGE_CURVE('',#1401,#1483,#1046,.T.);
#1919=EDGE_CURVE('',#1402,#1484,#1047,.T.);
#1920=EDGE_CURVE('',#1403,#1485,#1048,.T.);
#1921=EDGE_CURVE('',#1404,#1486,#1049,.T.);
#1922=EDGE_CURVE('',#1487,#1591,#1050,.T.);
#1923=EDGE_CURVE('',#1591,#1591,#903,.T.);
#1924=EDGE_CURVE('',#1591,#1405,#1051,.T.);
#1925=EDGE_CURVE('',#1488,#1592,#1052,.T.);
#1926=EDGE_CURVE('',#1592,#1592,#904,.T.);
#1927=EDGE_CURVE('',#1592,#1406,#1053,.T.);
#1928=EDGE_CURVE('',#1489,#1593,#1054,.T.);
#1929=EDGE_CURVE('',#1593,#1593,#905,.T.);
#1930=EDGE_CURVE('',#1593,#1407,#1055,.T.);
#1931=EDGE_CURVE('',#1490,#1594,#1056,.T.);
#1932=EDGE_CURVE('',#1594,#1594,#906,.T.);
#1933=EDGE_CURVE('',#1594,#1408,#1057,.T.);
#1934=EDGE_CURVE('',#1409,#1491,#1058,.T.);
#1935=EDGE_CURVE('',#1410,#1492,#1059,.T.);
#1936=EDGE_CURVE('',#1411,#1493,#1060,.T.);
#1937=EDGE_CURVE('',#1412,#1494,#1061,.T.);
#1938=EDGE_CURVE('',#1413,#1495,#1062,.T.);
#1939=EDGE_CURVE('',#1414,#1496,#1063,.T.);
#1940=EDGE_CURVE('',#1415,#1497,#1064,.T.);
#1941=EDGE_CURVE('',#1416,#1498,#1065,.T.);
#1942=EDGE_CURVE('',#1417,#1499,#1066,.T.);
#1943=EDGE_CURVE('',#1418,#1500,#1067,.T.);
#1944=EDGE_CURVE('',#1419,#1501,#1068,.T.);
#1945=EDGE_CURVE('',#1420,#1502,#1069,.T.);
#1946=EDGE_CURVE('',#1421,#1503,#1070,.T.);
#1947=EDGE_CURVE('',#1422,#1504,#1071,.T.);
#1948=EDGE_CURVE('',#1423,#1505,#1072,.T.);
#1949=EDGE_CURVE('',#1424,#1506,#1073,.T.);
#1950=EDGE_CURVE('',#1507,#1595,#1074,.T.);
#1951=EDGE_CURVE('',#1595,#1595,#907,.T.);
#1952=EDGE_CURVE('',#1595,#1425,#1075,.T.);
#1953=EDGE_CURVE('',#1508,#1596,#1076,.T.);
#1954=EDGE_CURVE('',#1596,#1596,#908,.T.);
#1955=EDGE_CURVE('',#1596,#1426,#1077,.T.);
#1956=EDGE_CURVE('',#1509,#1597,#1078,.T.);
#1957=EDGE_CURVE('',#1597,#1597,#909,.T.);
#1958=EDGE_CURVE('',#1597,#1427,#1079,.T.);
#1959=EDGE_CURVE('',#1510,#1598,#1080,.T.);
#1960=EDGE_CURVE('',#1598,#1598,#910,.T.);
#1961=EDGE_CURVE('',#1598,#1428,#1081,.T.);
#1962=EDGE_CURVE('',#1429,#1511,#1082,.T.);
#1963=EDGE_CURVE('',#1430,#1512,#1083,.T.);
#1964=EDGE_CURVE('',#1431,#1513,#1084,.T.);
#1965=EDGE_CURVE('',#1432,#1514,#1085,.T.);
#1966=EDGE_CURVE('',#1433,#1515,#1086,.T.);
#1967=EDGE_CURVE('',#1434,#1516,#1087,.T.);
#1968=EDGE_CURVE('',#1435,#1517,#1088,.T.);
#1969=EDGE_CURVE('',#1436,#1518,#1089,.T.);
#1970=EDGE_CURVE('',#1519,#1599,#1090,.T.);
#1971=EDGE_CURVE('',#1599,#1599,#911,.T.);
#1972=EDGE_CURVE('',#1599,#1437,#1091,.T.);
#1973=EDGE_CURVE('',#1520,#1600,#1092,.T.);
#1974=EDGE_CURVE('',#1600,#1600,#912,.T.);
#1975=EDGE_CURVE('',#1600,#1438,#1093,.T.);
#1976=EDGE_CURVE('',#1521,#1601,#1094,.T.);
#1977=EDGE_CURVE('',#1601,#1601,#913,.T.);
#1978=EDGE_CURVE('',#1601,#1439,#1095,.T.);
#1979=EDGE_CURVE('',#1522,#1602,#1096,.T.);
#1980=EDGE_CURVE('',#1602,#1602,#914,.T.);
#1981=EDGE_CURVE('',#1602,#1440,#1097,.T.);
#1982=EDGE_CURVE('',#1523,#1603,#1098,.T.);
#1983=EDGE_CURVE('',#1603,#1603,#915,.T.);
#1984=EDGE_CURVE('',#1603,#1441,#1099,.T.);
#1985=EDGE_CURVE('',#1524,#1604,#1100,.T.);
#1986=EDGE_CURVE('',#1604,#1604,#916,.T.);
#1987=EDGE_CURVE('',#1604,#1442,#1101,.T.);
#1988=EDGE_CURVE('',#1525,#1605,#1102,.T.);
#1989=EDGE_CURVE('',#1605,#1605,#917,.T.);
#1990=EDGE_CURVE('',#1605,#1443,#1103,.T.);
#1991=EDGE_CURVE('',#1526,#1606,#1104,.T.);
#1992=EDGE_CURVE('',#1606,#1606,#918,.T.);
#1993=EDGE_CURVE('',#1606,#1444,#1105,.T.);
#1994=EDGE_CURVE('',#1446,#1527,#1106,.T.);
#1995=EDGE_CURVE('',#1445,#1528,#1107,.T.);
#1996=EDGE_CURVE('',#1529,#1460,#1108,.T.);
#1997=EDGE_CURVE('',#1530,#1459,#1109,.T.);
#1998=EDGE_CURVE('',#1531,#1458,#1110,.T.);
#1999=EDGE_CURVE('',#1532,#1457,#1111,.T.);
#2000=EDGE_CURVE('',#1456,#1533,#1112,.T.);
#2001=EDGE_CURVE('',#1455,#1534,#1113,.T.);
#2002=EDGE_CURVE('',#1454,#1535,#1114,.T.);
#2003=EDGE_CURVE('',#1453,#1536,#1115,.T.);
#2004=EDGE_CURVE('',#1537,#1452,#1116,.T.);
#2005=EDGE_CURVE('',#1538,#1451,#1117,.T.);
#2006=EDGE_CURVE('',#1539,#1450,#1118,.T.);
#2007=EDGE_CURVE('',#1540,#1449,#1119,.T.);
#2008=EDGE_CURVE('',#1448,#1541,#1120,.T.);
#2009=EDGE_CURVE('',#1447,#1542,#1121,.T.);
#2010=EDGE_CURVE('',#1462,#1543,#1122,.T.);
#2011=EDGE_CURVE('',#1461,#1544,#1123,.T.);
#2012=EDGE_CURVE('',#1476,#1545,#1124,.T.);
#2013=EDGE_CURVE('',#1475,#1546,#1125,.T.);
#2014=EDGE_CURVE('',#1547,#1474,#1126,.T.);
#2015=EDGE_CURVE('',#1548,#1473,#1127,.T.);
#2016=EDGE_CURVE('',#1549,#1472,#1128,.T.);
#2017=EDGE_CURVE('',#1550,#1471,#1129,.T.);
#2018=EDGE_CURVE('',#1470,#1551,#1130,.T.);
#2019=EDGE_CURVE('',#1469,#1552,#1131,.T.);
#2020=EDGE_CURVE('',#1468,#1553,#1132,.T.);
#2021=EDGE_CURVE('',#1467,#1554,#1133,.T.);
#2022=EDGE_CURVE('',#1555,#1466,#1134,.T.);
#2023=EDGE_CURVE('',#1556,#1465,#1135,.T.);
#2024=EDGE_CURVE('',#1557,#1464,#1136,.T.);
#2025=EDGE_CURVE('',#1558,#1463,#1137,.T.);
#2026=EDGE_CURVE('',#1378,#1370,#1138,.T.);
#2027=EDGE_CURVE('',#1607,#1607,#919,.T.);
#2028=EDGE_CURVE('',#1607,#1608,#1139,.T.);
#2029=EDGE_CURVE('',#1608,#1608,#920,.T.);
#2030=EDGE_CURVE('',#1609,#1609,#921,.T.);
#2031=EDGE_CURVE('',#1609,#1610,#1140,.T.);
#2032=EDGE_CURVE('',#1610,#1610,#922,.T.);
#2033=EDGE_CURVE('',#1611,#1611,#923,.T.);
#2034=EDGE_CURVE('',#1611,#1612,#1141,.T.);
#2035=EDGE_CURVE('',#1612,#1612,#924,.T.);
#2036=EDGE_CURVE('',#1613,#1613,#925,.T.);
#2037=EDGE_CURVE('',#1613,#1614,#1142,.T.);
#2038=EDGE_CURVE('',#1614,#1614,#926,.T.);
#2039=EDGE_CURVE('',#1615,#1615,#927,.T.);
#2040=EDGE_CURVE('',#1615,#1616,#1143,.T.);
#2041=EDGE_CURVE('',#1616,#1616,#928,.T.);
#2042=EDGE_CURVE('',#1617,#1617,#929,.T.);
#2043=EDGE_CURVE('',#1617,#1618,#1144,.T.);
#2044=EDGE_CURVE('',#1618,#1618,#930,.T.);
#2045=EDGE_CURVE('',#1619,#1619,#931,.T.);
#2046=EDGE_CURVE('',#1619,#1620,#1145,.T.);
#2047=EDGE_CURVE('',#1620,#1620,#932,.T.);
#2048=EDGE_CURVE('',#1621,#1621,#933,.T.);
#2049=EDGE_CURVE('',#1621,#1622,#1146,.T.);
#2050=EDGE_CURVE('',#1622,#1622,#934,.T.);
#2051=EDGE_CURVE('',#1623,#1623,#935,.T.);
#2052=EDGE_CURVE('',#1623,#1624,#1147,.T.);
#2053=EDGE_CURVE('',#1624,#1624,#936,.T.);
#2054=EDGE_CURVE('',#1625,#1625,#937,.T.);
#2055=EDGE_CURVE('',#1625,#1626,#1148,.T.);
#2056=EDGE_CURVE('',#1626,#1626,#938,.T.);
#2057=EDGE_CURVE('',#1627,#1627,#939,.T.);
#2058=EDGE_CURVE('',#1627,#1628,#1149,.T.);
#2059=EDGE_CURVE('',#1628,#1628,#940,.T.);
#2060=EDGE_CURVE('',#1629,#1629,#941,.T.);
#2061=EDGE_CURVE('',#1629,#1630,#1150,.T.);
#2062=EDGE_CURVE('',#1630,#1630,#942,.T.);
#2063=EDGE_CURVE('',#1631,#1631,#943,.T.);
#2064=EDGE_CURVE('',#1631,#1632,#1151,.T.);
#2065=EDGE_CURVE('',#1632,#1632,#944,.T.);
#2066=EDGE_CURVE('',#1633,#1633,#945,.T.);
#2067=EDGE_CURVE('',#1633,#1634,#1152,.T.);
#2068=EDGE_CURVE('',#1634,#1634,#946,.T.);
#2069=EDGE_CURVE('',#1635,#1635,#947,.T.);
#2070=EDGE_CURVE('',#1635,#1636,#1153,.T.);
#2071=EDGE_CURVE('',#1636,#1636,#948,.T.);
#2072=EDGE_CURVE('',#1637,#1637,#949,.T.);
#2073=EDGE_CURVE('',#1637,#1638,#1154,.T.);
#2074=EDGE_CURVE('',#1638,#1638,#950,.T.);
#2075=ORIENTED_EDGE('',*,*,#1639,.T.);
#2076=ORIENTED_EDGE('',*,*,#1640,.F.);
#2077=ORIENTED_EDGE('',*,*,#1641,.T.);
#2078=ORIENTED_EDGE('',*,*,#1642,.T.);
#2079=ORIENTED_EDGE('',*,*,#1643,.T.);
#2080=ORIENTED_EDGE('',*,*,#1644,.F.);
#2081=ORIENTED_EDGE('',*,*,#1645,.F.);
#2082=ORIENTED_EDGE('',*,*,#1646,.T.);
#2083=ORIENTED_EDGE('',*,*,#1647,.T.);
#2084=ORIENTED_EDGE('',*,*,#1648,.T.);
#2085=ORIENTED_EDGE('',*,*,#1649,.T.);
#2086=ORIENTED_EDGE('',*,*,#1650,.F.);
#2087=ORIENTED_EDGE('',*,*,#1651,.F.);
#2088=ORIENTED_EDGE('',*,*,#1652,.F.);
#2089=ORIENTED_EDGE('',*,*,#1653,.F.);
#2090=ORIENTED_EDGE('',*,*,#1654,.T.);
#2091=ORIENTED_EDGE('',*,*,#1652,.T.);
#2092=ORIENTED_EDGE('',*,*,#1654,.F.);
#2093=ORIENTED_EDGE('',*,*,#1655,.F.);
#2094=ORIENTED_EDGE('',*,*,#1653,.T.);
#2095=ORIENTED_EDGE('',*,*,#1656,.T.);
#2096=ORIENTED_EDGE('',*,*,#1657,.F.);
#2097=ORIENTED_EDGE('',*,*,#1656,.F.);
#2098=ORIENTED_EDGE('',*,*,#1655,.T.);
#2099=ORIENTED_EDGE('',*,*,#1658,.F.);
#2100=ORIENTED_EDGE('',*,*,#1659,.T.);
#2101=ORIENTED_EDGE('',*,*,#1660,.T.);
#2102=ORIENTED_EDGE('',*,*,#1661,.F.);
#2103=ORIENTED_EDGE('',*,*,#1662,.T.);
#2104=ORIENTED_EDGE('',*,*,#1663,.F.);
#2105=ORIENTED_EDGE('',*,*,#1664,.T.);
#2106=ORIENTED_EDGE('',*,*,#1665,.T.);
#2107=ORIENTED_EDGE('',*,*,#1666,.T.);
#2108=ORIENTED_EDGE('',*,*,#1667,.F.);
#2109=ORIENTED_EDGE('',*,*,#1668,.T.);
#2110=ORIENTED_EDGE('',*,*,#1669,.T.);
#2111=ORIENTED_EDGE('',*,*,#1670,.T.);
#2112=ORIENTED_EDGE('',*,*,#1657,.T.);
#2113=ORIENTED_EDGE('',*,*,#1671,.T.);
#2114=ORIENTED_EDGE('',*,*,#1672,.T.);
#2115=ORIENTED_EDGE('',*,*,#1670,.F.);
#2116=ORIENTED_EDGE('',*,*,#1672,.F.);
#2117=ORIENTED_EDGE('',*,*,#1673,.T.);
#2118=ORIENTED_EDGE('',*,*,#1671,.F.);
#2119=ORIENTED_EDGE('',*,*,#1674,.T.);
#2120=ORIENTED_EDGE('',*,*,#1651,.T.);
#2121=ORIENTED_EDGE('',*,*,#1674,.F.);
#2122=ORIENTED_EDGE('',*,*,#1673,.F.);
#2123=ORIENTED_EDGE('',*,*,#1639,.F.);
#2124=ORIENTED_EDGE('',*,*,#1675,.T.);
#2125=ORIENTED_EDGE('',*,*,#1658,.T.);
#2126=ORIENTED_EDGE('',*,*,#1676,.F.);
#2127=ORIENTED_EDGE('',*,*,#1676,.T.);
#2128=ORIENTED_EDGE('',*,*,#1669,.F.);
#2129=ORIENTED_EDGE('',*,*,#1677,.T.);
#2130=ORIENTED_EDGE('',*,*,#1640,.T.);
#2131=ORIENTED_EDGE('',*,*,#1641,.F.);
#2132=ORIENTED_EDGE('',*,*,#1677,.F.);
#2133=ORIENTED_EDGE('',*,*,#1668,.F.);
#2134=ORIENTED_EDGE('',*,*,#1678,.T.);
#2135=ORIENTED_EDGE('',*,*,#1679,.T.);
#2136=ORIENTED_EDGE('',*,*,#1642,.F.);
#2137=ORIENTED_EDGE('',*,*,#1678,.F.);
#2138=ORIENTED_EDGE('',*,*,#1667,.T.);
#2139=ORIENTED_EDGE('',*,*,#1680,.T.);
#2140=ORIENTED_EDGE('',*,*,#1648,.F.);
#2141=ORIENTED_EDGE('',*,*,#1681,.F.);
#2142=ORIENTED_EDGE('',*,*,#1661,.T.);
#2143=ORIENTED_EDGE('',*,*,#1643,.F.);
#2144=ORIENTED_EDGE('',*,*,#1679,.F.);
#2145=ORIENTED_EDGE('',*,*,#1666,.F.);
#2146=ORIENTED_EDGE('',*,*,#1682,.T.);
#2147=ORIENTED_EDGE('',*,*,#1682,.F.);
#2148=ORIENTED_EDGE('',*,*,#1665,.F.);
#2149=ORIENTED_EDGE('',*,*,#1683,.F.);
#2150=ORIENTED_EDGE('',*,*,#1644,.T.);
#2151=ORIENTED_EDGE('',*,*,#1684,.T.);
#2152=ORIENTED_EDGE('',*,*,#1683,.T.);
#2153=ORIENTED_EDGE('',*,*,#1685,.F.);
#2154=ORIENTED_EDGE('',*,*,#1686,.F.);
#2155=ORIENTED_EDGE('',*,*,#1687,.T.);
#2156=ORIENTED_EDGE('',*,*,#1645,.T.);
#2157=ORIENTED_EDGE('',*,*,#1684,.F.);
#2158=ORIENTED_EDGE('',*,*,#1688,.F.);
#2159=ORIENTED_EDGE('',*,*,#1687,.F.);
#2160=ORIENTED_EDGE('',*,*,#1689,.T.);
#2161=ORIENTED_EDGE('',*,*,#1690,.T.);
#2162=ORIENTED_EDGE('',*,*,#1691,.F.);
#2163=ORIENTED_EDGE('',*,*,#1692,.T.);
#2164=ORIENTED_EDGE('',*,*,#1646,.F.);
#2165=ORIENTED_EDGE('',*,*,#1691,.T.);
#2166=ORIENTED_EDGE('',*,*,#1663,.T.);
#2167=ORIENTED_EDGE('',*,*,#1647,.F.);
#2168=ORIENTED_EDGE('',*,*,#1692,.F.);
#2169=ORIENTED_EDGE('',*,*,#1662,.F.);
#2170=ORIENTED_EDGE('',*,*,#1681,.T.);
#2171=ORIENTED_EDGE('',*,*,#1690,.F.);
#2172=ORIENTED_EDGE('',*,*,#1693,.T.);
#2173=ORIENTED_EDGE('',*,*,#1685,.T.);
#2174=ORIENTED_EDGE('',*,*,#1664,.F.);
#2175=ORIENTED_EDGE('',*,*,#1694,.F.);
#2176=ORIENTED_EDGE('',*,*,#1695,.T.);
#2177=ORIENTED_EDGE('',*,*,#1696,.T.);
#2178=ORIENTED_EDGE('',*,*,#1693,.F.);
#2179=ORIENTED_EDGE('',*,*,#1697,.T.);
#2180=ORIENTED_EDGE('',*,*,#1698,.T.);
#2181=ORIENTED_EDGE('',*,*,#1699,.T.);
#2182=ORIENTED_EDGE('',*,*,#1700,.T.);
#2183=ORIENTED_EDGE('',*,*,#1701,.T.);
#2184=ORIENTED_EDGE('',*,*,#1702,.T.);
#2185=ORIENTED_EDGE('',*,*,#1703,.T.);
#2186=ORIENTED_EDGE('',*,*,#1704,.T.);
#2187=ORIENTED_EDGE('',*,*,#1705,.F.);
#2188=ORIENTED_EDGE('',*,*,#1706,.F.);
#2189=ORIENTED_EDGE('',*,*,#1707,.F.);
#2190=ORIENTED_EDGE('',*,*,#1708,.F.);
#2191=ORIENTED_EDGE('',*,*,#1709,.T.);
#2192=ORIENTED_EDGE('',*,*,#1710,.T.);
#2193=ORIENTED_EDGE('',*,*,#1711,.T.);
#2194=ORIENTED_EDGE('',*,*,#1712,.T.);
#2195=ORIENTED_EDGE('',*,*,#1713,.T.);
#2196=ORIENTED_EDGE('',*,*,#1714,.T.);
#2197=ORIENTED_EDGE('',*,*,#1715,.T.);
#2198=ORIENTED_EDGE('',*,*,#1716,.T.);
#2199=ORIENTED_EDGE('',*,*,#1717,.T.);
#2200=ORIENTED_EDGE('',*,*,#1718,.T.);
#2201=ORIENTED_EDGE('',*,*,#1719,.T.);
#2202=ORIENTED_EDGE('',*,*,#1720,.T.);
#2203=ORIENTED_EDGE('',*,*,#1721,.T.);
#2204=ORIENTED_EDGE('',*,*,#1722,.T.);
#2205=ORIENTED_EDGE('',*,*,#1723,.T.);
#2206=ORIENTED_EDGE('',*,*,#1724,.T.);
#2207=ORIENTED_EDGE('',*,*,#1725,.F.);
#2208=ORIENTED_EDGE('',*,*,#1726,.F.);
#2209=ORIENTED_EDGE('',*,*,#1727,.F.);
#2210=ORIENTED_EDGE('',*,*,#1728,.F.);
#2211=ORIENTED_EDGE('',*,*,#1729,.T.);
#2212=ORIENTED_EDGE('',*,*,#1730,.T.);
#2213=ORIENTED_EDGE('',*,*,#1731,.T.);
#2214=ORIENTED_EDGE('',*,*,#1732,.T.);
#2215=ORIENTED_EDGE('',*,*,#1733,.T.);
#2216=ORIENTED_EDGE('',*,*,#1734,.T.);
#2217=ORIENTED_EDGE('',*,*,#1735,.T.);
#2218=ORIENTED_EDGE('',*,*,#1736,.T.);
#2219=ORIENTED_EDGE('',*,*,#1737,.F.);
#2220=ORIENTED_EDGE('',*,*,#1738,.F.);
#2221=ORIENTED_EDGE('',*,*,#1739,.F.);
#2222=ORIENTED_EDGE('',*,*,#1740,.F.);
#2223=ORIENTED_EDGE('',*,*,#1741,.F.);
#2224=ORIENTED_EDGE('',*,*,#1742,.F.);
#2225=ORIENTED_EDGE('',*,*,#1743,.F.);
#2226=ORIENTED_EDGE('',*,*,#1744,.F.);
#2227=ORIENTED_EDGE('',*,*,#1745,.T.);
#2228=ORIENTED_EDGE('',*,*,#1746,.F.);
#2229=ORIENTED_EDGE('',*,*,#1747,.T.);
#2230=ORIENTED_EDGE('',*,*,#1748,.T.);
#2231=ORIENTED_EDGE('',*,*,#1749,.T.);
#2232=ORIENTED_EDGE('',*,*,#1750,.T.);
#2233=ORIENTED_EDGE('',*,*,#1751,.T.);
#2234=ORIENTED_EDGE('',*,*,#1752,.T.);
#2235=ORIENTED_EDGE('',*,*,#1753,.T.);
#2236=ORIENTED_EDGE('',*,*,#1754,.F.);
#2237=ORIENTED_EDGE('',*,*,#1755,.T.);
#2238=ORIENTED_EDGE('',*,*,#1756,.T.);
#2239=ORIENTED_EDGE('',*,*,#1757,.T.);
#2240=ORIENTED_EDGE('',*,*,#1758,.T.);
#2241=ORIENTED_EDGE('',*,*,#1759,.T.);
#2242=ORIENTED_EDGE('',*,*,#1760,.T.);
#2243=ORIENTED_EDGE('',*,*,#1761,.T.);
#2244=ORIENTED_EDGE('',*,*,#1762,.T.);
#2245=ORIENTED_EDGE('',*,*,#1763,.T.);
#2246=ORIENTED_EDGE('',*,*,#1764,.T.);
#2247=ORIENTED_EDGE('',*,*,#1765,.T.);
#2248=ORIENTED_EDGE('',*,*,#1766,.T.);
#2249=ORIENTED_EDGE('',*,*,#1767,.T.);
#2250=ORIENTED_EDGE('',*,*,#1768,.F.);
#2251=ORIENTED_EDGE('',*,*,#1769,.T.);
#2252=ORIENTED_EDGE('',*,*,#1770,.T.);
#2253=ORIENTED_EDGE('',*,*,#1771,.T.);
#2254=ORIENTED_EDGE('',*,*,#1772,.T.);
#2255=ORIENTED_EDGE('',*,*,#1773,.T.);
#2256=ORIENTED_EDGE('',*,*,#1774,.T.);
#2257=ORIENTED_EDGE('',*,*,#1775,.T.);
#2258=ORIENTED_EDGE('',*,*,#1776,.F.);
#2259=ORIENTED_EDGE('',*,*,#1777,.F.);
#2260=ORIENTED_EDGE('',*,*,#1778,.T.);
#2261=ORIENTED_EDGE('',*,*,#1694,.T.);
#2262=ORIENTED_EDGE('',*,*,#1689,.F.);
#2263=ORIENTED_EDGE('',*,*,#1777,.T.);
#2264=ORIENTED_EDGE('',*,*,#1688,.T.);
#2265=ORIENTED_EDGE('',*,*,#1779,.F.);
#2266=ORIENTED_EDGE('',*,*,#1780,.F.);
#2267=ORIENTED_EDGE('',*,*,#1781,.F.);
#2268=ORIENTED_EDGE('',*,*,#1782,.F.);
#2269=ORIENTED_EDGE('',*,*,#1783,.F.);
#2270=ORIENTED_EDGE('',*,*,#1784,.F.);
#2271=ORIENTED_EDGE('',*,*,#1785,.F.);
#2272=ORIENTED_EDGE('',*,*,#1786,.F.);
#2273=ORIENTED_EDGE('',*,*,#1787,.F.);
#2274=ORIENTED_EDGE('',*,*,#1788,.F.);
#2275=ORIENTED_EDGE('',*,*,#1789,.T.);
#2276=ORIENTED_EDGE('',*,*,#1790,.T.);
#2277=ORIENTED_EDGE('',*,*,#1791,.T.);
#2278=ORIENTED_EDGE('',*,*,#1792,.T.);
#2279=ORIENTED_EDGE('',*,*,#1793,.F.);
#2280=ORIENTED_EDGE('',*,*,#1794,.F.);
#2281=ORIENTED_EDGE('',*,*,#1795,.F.);
#2282=ORIENTED_EDGE('',*,*,#1796,.F.);
#2283=ORIENTED_EDGE('',*,*,#1797,.F.);
#2284=ORIENTED_EDGE('',*,*,#1798,.F.);
#2285=ORIENTED_EDGE('',*,*,#1799,.F.);
#2286=ORIENTED_EDGE('',*,*,#1800,.F.);
#2287=ORIENTED_EDGE('',*,*,#1801,.F.);
#2288=ORIENTED_EDGE('',*,*,#1802,.F.);
#2289=ORIENTED_EDGE('',*,*,#1803,.F.);
#2290=ORIENTED_EDGE('',*,*,#1804,.F.);
#2291=ORIENTED_EDGE('',*,*,#1805,.F.);
#2292=ORIENTED_EDGE('',*,*,#1806,.F.);
#2293=ORIENTED_EDGE('',*,*,#1807,.F.);
#2294=ORIENTED_EDGE('',*,*,#1808,.F.);
#2295=ORIENTED_EDGE('',*,*,#1809,.T.);
#2296=ORIENTED_EDGE('',*,*,#1810,.T.);
#2297=ORIENTED_EDGE('',*,*,#1811,.T.);
#2298=ORIENTED_EDGE('',*,*,#1812,.T.);
#2299=ORIENTED_EDGE('',*,*,#1813,.F.);
#2300=ORIENTED_EDGE('',*,*,#1814,.F.);
#2301=ORIENTED_EDGE('',*,*,#1815,.F.);
#2302=ORIENTED_EDGE('',*,*,#1816,.F.);
#2303=ORIENTED_EDGE('',*,*,#1817,.F.);
#2304=ORIENTED_EDGE('',*,*,#1818,.F.);
#2305=ORIENTED_EDGE('',*,*,#1819,.F.);
#2306=ORIENTED_EDGE('',*,*,#1820,.F.);
#2307=ORIENTED_EDGE('',*,*,#1821,.T.);
#2308=ORIENTED_EDGE('',*,*,#1822,.T.);
#2309=ORIENTED_EDGE('',*,*,#1823,.T.);
#2310=ORIENTED_EDGE('',*,*,#1824,.T.);
#2311=ORIENTED_EDGE('',*,*,#1825,.T.);
#2312=ORIENTED_EDGE('',*,*,#1826,.T.);
#2313=ORIENTED_EDGE('',*,*,#1827,.T.);
#2314=ORIENTED_EDGE('',*,*,#1828,.T.);
#2315=ORIENTED_EDGE('',*,*,#1829,.T.);
#2316=ORIENTED_EDGE('',*,*,#1830,.F.);
#2317=ORIENTED_EDGE('',*,*,#1831,.T.);
#2318=ORIENTED_EDGE('',*,*,#1832,.F.);
#2319=ORIENTED_EDGE('',*,*,#1833,.T.);
#2320=ORIENTED_EDGE('',*,*,#1834,.F.);
#2321=ORIENTED_EDGE('',*,*,#1835,.T.);
#2322=ORIENTED_EDGE('',*,*,#1836,.T.);
#2323=ORIENTED_EDGE('',*,*,#1837,.T.);
#2324=ORIENTED_EDGE('',*,*,#1838,.F.);
#2325=ORIENTED_EDGE('',*,*,#1839,.T.);
#2326=ORIENTED_EDGE('',*,*,#1840,.F.);
#2327=ORIENTED_EDGE('',*,*,#1841,.T.);
#2328=ORIENTED_EDGE('',*,*,#1842,.F.);
#2329=ORIENTED_EDGE('',*,*,#1843,.T.);
#2330=ORIENTED_EDGE('',*,*,#1844,.T.);
#2331=ORIENTED_EDGE('',*,*,#1845,.T.);
#2332=ORIENTED_EDGE('',*,*,#1846,.T.);
#2333=ORIENTED_EDGE('',*,*,#1847,.T.);
#2334=ORIENTED_EDGE('',*,*,#1848,.F.);
#2335=ORIENTED_EDGE('',*,*,#1849,.T.);
#2336=ORIENTED_EDGE('',*,*,#1850,.F.);
#2337=ORIENTED_EDGE('',*,*,#1851,.T.);
#2338=ORIENTED_EDGE('',*,*,#1852,.F.);
#2339=ORIENTED_EDGE('',*,*,#1853,.T.);
#2340=ORIENTED_EDGE('',*,*,#1854,.T.);
#2341=ORIENTED_EDGE('',*,*,#1855,.T.);
#2342=ORIENTED_EDGE('',*,*,#1856,.F.);
#2343=ORIENTED_EDGE('',*,*,#1857,.T.);
#2344=ORIENTED_EDGE('',*,*,#1858,.F.);
#2345=ORIENTED_EDGE('',*,*,#1859,.T.);
#2346=ORIENTED_EDGE('',*,*,#1860,.F.);
#2347=ORIENTED_EDGE('',*,*,#1861,.T.);
#2348=ORIENTED_EDGE('',*,*,#1780,.T.);
#2349=ORIENTED_EDGE('',*,*,#1862,.F.);
#2350=ORIENTED_EDGE('',*,*,#1863,.F.);
#2351=ORIENTED_EDGE('',*,*,#1861,.F.);
#2352=ORIENTED_EDGE('',*,*,#1864,.T.);
#2353=ORIENTED_EDGE('',*,*,#1865,.T.);
#2354=ORIENTED_EDGE('',*,*,#1778,.F.);
#2355=ORIENTED_EDGE('',*,*,#1865,.F.);
#2356=ORIENTED_EDGE('',*,*,#1866,.T.);
#2357=ORIENTED_EDGE('',*,*,#1867,.T.);
#2358=ORIENTED_EDGE('',*,*,#1695,.F.);
#2359=ORIENTED_EDGE('',*,*,#1862,.T.);
#2360=ORIENTED_EDGE('',*,*,#1868,.T.);
#2361=ORIENTED_EDGE('',*,*,#1867,.F.);
#2362=ORIENTED_EDGE('',*,*,#1869,.F.);
#2363=ORIENTED_EDGE('',*,*,#1870,.T.);
#2364=ORIENTED_EDGE('',*,*,#1871,.T.);
#2365=ORIENTED_EDGE('',*,*,#1869,.T.);
#2366=ORIENTED_EDGE('',*,*,#1872,.F.);
#2367=ORIENTED_EDGE('',*,*,#1873,.F.);
#2368=ORIENTED_EDGE('',*,*,#1870,.F.);
#2369=ORIENTED_EDGE('',*,*,#1874,.F.);
#2370=ORIENTED_EDGE('',*,*,#1875,.T.);
#2371=ORIENTED_EDGE('',*,*,#1876,.F.);
#2372=ORIENTED_EDGE('',*,*,#1877,.T.);
#2373=ORIENTED_EDGE('',*,*,#1878,.T.);
#2374=ORIENTED_EDGE('',*,*,#1879,.F.);
#2375=ORIENTED_EDGE('',*,*,#1880,.T.);
#2376=ORIENTED_EDGE('',*,*,#1881,.T.);
#2377=ORIENTED_EDGE('',*,*,#1863,.T.);
#2378=ORIENTED_EDGE('',*,*,#1871,.F.);
#2379=ORIENTED_EDGE('',*,*,#1873,.T.);
#2380=ORIENTED_EDGE('',*,*,#1882,.F.);
#2381=ORIENTED_EDGE('',*,*,#1883,.T.);
#2382=ORIENTED_EDGE('',*,*,#1884,.T.);
#2383=ORIENTED_EDGE('',*,*,#1885,.T.);
#2384=ORIENTED_EDGE('',*,*,#1886,.T.);
#2385=ORIENTED_EDGE('',*,*,#1886,.F.);
#2386=ORIENTED_EDGE('',*,*,#1887,.T.);
#2387=ORIENTED_EDGE('',*,*,#1888,.F.);
#2388=ORIENTED_EDGE('',*,*,#1889,.F.);
#2389=ORIENTED_EDGE('',*,*,#1887,.F.);
#2390=ORIENTED_EDGE('',*,*,#1888,.T.);
#2391=ORIENTED_EDGE('',*,*,#1889,.T.);
#2392=ORIENTED_EDGE('',*,*,#1890,.T.);
#2393=ORIENTED_EDGE('',*,*,#1891,.F.);
#2394=ORIENTED_EDGE('',*,*,#1890,.F.);
#2395=ORIENTED_EDGE('',*,*,#1892,.T.);
#2396=ORIENTED_EDGE('',*,*,#1893,.F.);
#2397=ORIENTED_EDGE('',*,*,#1894,.T.);
#2398=ORIENTED_EDGE('',*,*,#1895,.T.);
#2399=ORIENTED_EDGE('',*,*,#1874,.T.);
#2400=ORIENTED_EDGE('',*,*,#1872,.T.);
#2401=ORIENTED_EDGE('',*,*,#1866,.F.);
#2402=ORIENTED_EDGE('',*,*,#1896,.F.);
#2403=ORIENTED_EDGE('',*,*,#1897,.T.);
#2404=ORIENTED_EDGE('',*,*,#1898,.T.);
#2405=ORIENTED_EDGE('',*,*,#1899,.T.);
#2406=ORIENTED_EDGE('',*,*,#1900,.F.);
#2407=ORIENTED_EDGE('',*,*,#1901,.T.);
#2408=ORIENTED_EDGE('',*,*,#1891,.T.);
#2409=ORIENTED_EDGE('',*,*,#1902,.T.);
#2410=ORIENTED_EDGE('',*,*,#1903,.T.);
#2411=ORIENTED_EDGE('',*,*,#1901,.F.);
#2412=ORIENTED_EDGE('',*,*,#1903,.F.);
#2413=ORIENTED_EDGE('',*,*,#1904,.T.);
#2414=ORIENTED_EDGE('',*,*,#1885,.F.);
#2415=ORIENTED_EDGE('',*,*,#1905,.T.);
#2416=ORIENTED_EDGE('',*,*,#1904,.F.);
#2417=ORIENTED_EDGE('',*,*,#1902,.F.);
#2418=ORIENTED_EDGE('',*,*,#1905,.F.);
#2419=ORIENTED_EDGE('',*,*,#1876,.T.);
#2420=ORIENTED_EDGE('',*,*,#1906,.T.);
#2421=ORIENTED_EDGE('',*,*,#1892,.F.);
#2422=ORIENTED_EDGE('',*,*,#1907,.F.);
#2423=ORIENTED_EDGE('',*,*,#1907,.T.);
#2424=ORIENTED_EDGE('',*,*,#1900,.T.);
#2425=ORIENTED_EDGE('',*,*,#1908,.T.);
#2426=ORIENTED_EDGE('',*,*,#1877,.F.);
#2427=ORIENTED_EDGE('',*,*,#1878,.F.);
#2428=ORIENTED_EDGE('',*,*,#1908,.F.);
#2429=ORIENTED_EDGE('',*,*,#1899,.F.);
#2430=ORIENTED_EDGE('',*,*,#1909,.T.);
#2431=ORIENTED_EDGE('',*,*,#1875,.F.);
#2432=ORIENTED_EDGE('',*,*,#1895,.F.);
#2433=ORIENTED_EDGE('',*,*,#1910,.T.);
#2434=ORIENTED_EDGE('',*,*,#1882,.T.);
#2435=ORIENTED_EDGE('',*,*,#1909,.F.);
#2436=ORIENTED_EDGE('',*,*,#1898,.F.);
#2437=ORIENTED_EDGE('',*,*,#1911,.T.);
#2438=ORIENTED_EDGE('',*,*,#1879,.T.);
#2439=ORIENTED_EDGE('',*,*,#1883,.F.);
#2440=ORIENTED_EDGE('',*,*,#1910,.F.);
#2441=ORIENTED_EDGE('',*,*,#1894,.F.);
#2442=ORIENTED_EDGE('',*,*,#1912,.T.);
#2443=ORIENTED_EDGE('',*,*,#1906,.F.);
#2444=ORIENTED_EDGE('',*,*,#1884,.F.);
#2445=ORIENTED_EDGE('',*,*,#1912,.F.);
#2446=ORIENTED_EDGE('',*,*,#1893,.T.);
#2447=ORIENTED_EDGE('',*,*,#1880,.F.);
#2448=ORIENTED_EDGE('',*,*,#1911,.F.);
#2449=ORIENTED_EDGE('',*,*,#1897,.F.);
#2450=ORIENTED_EDGE('',*,*,#1913,.T.);
#2451=ORIENTED_EDGE('',*,*,#1913,.F.);
#2452=ORIENTED_EDGE('',*,*,#1896,.T.);
#2453=ORIENTED_EDGE('',*,*,#1864,.F.);
#2454=ORIENTED_EDGE('',*,*,#1881,.F.);
#2455=ORIENTED_EDGE('',*,*,#1779,.T.);
#2456=ORIENTED_EDGE('',*,*,#1686,.T.);
#2457=ORIENTED_EDGE('',*,*,#1696,.F.);
#2458=ORIENTED_EDGE('',*,*,#1868,.F.);
#2459=ORIENTED_EDGE('',*,*,#1697,.F.);
#2460=ORIENTED_EDGE('',*,*,#1914,.T.);
#2461=ORIENTED_EDGE('',*,*,#1781,.T.);
#2462=ORIENTED_EDGE('',*,*,#1914,.F.);
#2463=ORIENTED_EDGE('',*,*,#1698,.F.);
#2464=ORIENTED_EDGE('',*,*,#1915,.T.);
#2465=ORIENTED_EDGE('',*,*,#1782,.T.);
#2466=ORIENTED_EDGE('',*,*,#1915,.F.);
#2467=ORIENTED_EDGE('',*,*,#1699,.F.);
#2468=ORIENTED_EDGE('',*,*,#1916,.T.);
#2469=ORIENTED_EDGE('',*,*,#1783,.T.);
#2470=ORIENTED_EDGE('',*,*,#1916,.F.);
#2471=ORIENTED_EDGE('',*,*,#1700,.F.);
#2472=ORIENTED_EDGE('',*,*,#1917,.T.);
#2473=ORIENTED_EDGE('',*,*,#1784,.T.);
#2474=ORIENTED_EDGE('',*,*,#1917,.F.);
#2475=ORIENTED_EDGE('',*,*,#1701,.F.);
#2476=ORIENTED_EDGE('',*,*,#1918,.T.);
#2477=ORIENTED_EDGE('',*,*,#1785,.T.);
#2478=ORIENTED_EDGE('',*,*,#1918,.F.);
#2479=ORIENTED_EDGE('',*,*,#1702,.F.);
#2480=ORIENTED_EDGE('',*,*,#1919,.T.);
#2481=ORIENTED_EDGE('',*,*,#1786,.T.);
#2482=ORIENTED_EDGE('',*,*,#1919,.F.);
#2483=ORIENTED_EDGE('',*,*,#1703,.F.);
#2484=ORIENTED_EDGE('',*,*,#1920,.T.);
#2485=ORIENTED_EDGE('',*,*,#1787,.T.);
#2486=ORIENTED_EDGE('',*,*,#1920,.F.);
#2487=ORIENTED_EDGE('',*,*,#1704,.F.);
#2488=ORIENTED_EDGE('',*,*,#1921,.T.);
#2489=ORIENTED_EDGE('',*,*,#1788,.T.);
#2490=ORIENTED_EDGE('',*,*,#1921,.F.);
#2491=ORIENTED_EDGE('',*,*,#1789,.F.);
#2492=ORIENTED_EDGE('',*,*,#1922,.T.);
#2493=ORIENTED_EDGE('',*,*,#1923,.T.);
#2494=ORIENTED_EDGE('',*,*,#1922,.F.);
#2495=ORIENTED_EDGE('',*,*,#1923,.F.);
#2496=ORIENTED_EDGE('',*,*,#1924,.T.);
#2497=ORIENTED_EDGE('',*,*,#1705,.T.);
#2498=ORIENTED_EDGE('',*,*,#1924,.F.);
#2499=ORIENTED_EDGE('',*,*,#1790,.F.);
#2500=ORIENTED_EDGE('',*,*,#1925,.T.);
#2501=ORIENTED_EDGE('',*,*,#1926,.T.);
#2502=ORIENTED_EDGE('',*,*,#1925,.F.);
#2503=ORIENTED_EDGE('',*,*,#1926,.F.);
#2504=ORIENTED_EDGE('',*,*,#1927,.T.);
#2505=ORIENTED_EDGE('',*,*,#1706,.T.);
#2506=ORIENTED_EDGE('',*,*,#1927,.F.);
#2507=ORIENTED_EDGE('',*,*,#1791,.F.);
#2508=ORIENTED_EDGE('',*,*,#1928,.T.);
#2509=ORIENTED_EDGE('',*,*,#1929,.T.);
#2510=ORIENTED_EDGE('',*,*,#1928,.F.);
#2511=ORIENTED_EDGE('',*,*,#1929,.F.);
#2512=ORIENTED_EDGE('',*,*,#1930,.T.);
#2513=ORIENTED_EDGE('',*,*,#1707,.T.);
#2514=ORIENTED_EDGE('',*,*,#1930,.F.);
#2515=ORIENTED_EDGE('',*,*,#1792,.F.);
#2516=ORIENTED_EDGE('',*,*,#1931,.T.);
#2517=ORIENTED_EDGE('',*,*,#1932,.T.);
#2518=ORIENTED_EDGE('',*,*,#1931,.F.);
#2519=ORIENTED_EDGE('',*,*,#1932,.F.);
#2520=ORIENTED_EDGE('',*,*,#1933,.T.);
#2521=ORIENTED_EDGE('',*,*,#1708,.T.);
#2522=ORIENTED_EDGE('',*,*,#1933,.F.);
#2523=ORIENTED_EDGE('',*,*,#1709,.F.);
#2524=ORIENTED_EDGE('',*,*,#1934,.T.);
#2525=ORIENTED_EDGE('',*,*,#1793,.T.);
#2526=ORIENTED_EDGE('',*,*,#1934,.F.);
#2527=ORIENTED_EDGE('',*,*,#1710,.F.);
#2528=ORIENTED_EDGE('',*,*,#1935,.T.);
#2529=ORIENTED_EDGE('',*,*,#1794,.T.);
#2530=ORIENTED_EDGE('',*,*,#1935,.F.);
#2531=ORIENTED_EDGE('',*,*,#1711,.F.);
#2532=ORIENTED_EDGE('',*,*,#1936,.T.);
#2533=ORIENTED_EDGE('',*,*,#1795,.T.);
#2534=ORIENTED_EDGE('',*,*,#1936,.F.);
#2535=ORIENTED_EDGE('',*,*,#1712,.F.);
#2536=ORIENTED_EDGE('',*,*,#1937,.T.);
#2537=ORIENTED_EDGE('',*,*,#1796,.T.);
#2538=ORIENTED_EDGE('',*,*,#1937,.F.);
#2539=ORIENTED_EDGE('',*,*,#1713,.F.);
#2540=ORIENTED_EDGE('',*,*,#1938,.T.);
#2541=ORIENTED_EDGE('',*,*,#1797,.T.);
#2542=ORIENTED_EDGE('',*,*,#1938,.F.);
#2543=ORIENTED_EDGE('',*,*,#1714,.F.);
#2544=ORIENTED_EDGE('',*,*,#1939,.T.);
#2545=ORIENTED_EDGE('',*,*,#1798,.T.);
#2546=ORIENTED_EDGE('',*,*,#1939,.F.);
#2547=ORIENTED_EDGE('',*,*,#1715,.F.);
#2548=ORIENTED_EDGE('',*,*,#1940,.T.);
#2549=ORIENTED_EDGE('',*,*,#1799,.T.);
#2550=ORIENTED_EDGE('',*,*,#1940,.F.);
#2551=ORIENTED_EDGE('',*,*,#1716,.F.);
#2552=ORIENTED_EDGE('',*,*,#1941,.T.);
#2553=ORIENTED_EDGE('',*,*,#1800,.T.);
#2554=ORIENTED_EDGE('',*,*,#1941,.F.);
#2555=ORIENTED_EDGE('',*,*,#1717,.F.);
#2556=ORIENTED_EDGE('',*,*,#1942,.T.);
#2557=ORIENTED_EDGE('',*,*,#1801,.T.);
#2558=ORIENTED_EDGE('',*,*,#1942,.F.);
#2559=ORIENTED_EDGE('',*,*,#1718,.F.);
#2560=ORIENTED_EDGE('',*,*,#1943,.T.);
#2561=ORIENTED_EDGE('',*,*,#1802,.T.);
#2562=ORIENTED_EDGE('',*,*,#1943,.F.);
#2563=ORIENTED_EDGE('',*,*,#1719,.F.);
#2564=ORIENTED_EDGE('',*,*,#1944,.T.);
#2565=ORIENTED_EDGE('',*,*,#1803,.T.);
#2566=ORIENTED_EDGE('',*,*,#1944,.F.);
#2567=ORIENTED_EDGE('',*,*,#1720,.F.);
#2568=ORIENTED_EDGE('',*,*,#1945,.T.);
#2569=ORIENTED_EDGE('',*,*,#1804,.T.);
#2570=ORIENTED_EDGE('',*,*,#1945,.F.);
#2571=ORIENTED_EDGE('',*,*,#1721,.F.);
#2572=ORIENTED_EDGE('',*,*,#1946,.T.);
#2573=ORIENTED_EDGE('',*,*,#1805,.T.);
#2574=ORIENTED_EDGE('',*,*,#1946,.F.);
#2575=ORIENTED_EDGE('',*,*,#1722,.F.);
#2576=ORIENTED_EDGE('',*,*,#1947,.T.);
#2577=ORIENTED_EDGE('',*,*,#1806,.T.);
#2578=ORIENTED_EDGE('',*,*,#1947,.F.);
#2579=ORIENTED_EDGE('',*,*,#1723,.F.);
#2580=ORIENTED_EDGE('',*,*,#1948,.T.);
#2581=ORIENTED_EDGE('',*,*,#1807,.T.);
#2582=ORIENTED_EDGE('',*,*,#1948,.F.);
#2583=ORIENTED_EDGE('',*,*,#1724,.F.);
#2584=ORIENTED_EDGE('',*,*,#1949,.T.);
#2585=ORIENTED_EDGE('',*,*,#1808,.T.);
#2586=ORIENTED_EDGE('',*,*,#1949,.F.);
#2587=ORIENTED_EDGE('',*,*,#1809,.F.);
#2588=ORIENTED_EDGE('',*,*,#1950,.T.);
#2589=ORIENTED_EDGE('',*,*,#1951,.T.);
#2590=ORIENTED_EDGE('',*,*,#1950,.F.);
#2591=ORIENTED_EDGE('',*,*,#1951,.F.);
#2592=ORIENTED_EDGE('',*,*,#1952,.T.);
#2593=ORIENTED_EDGE('',*,*,#1725,.T.);
#2594=ORIENTED_EDGE('',*,*,#1952,.F.);
#2595=ORIENTED_EDGE('',*,*,#1810,.F.);
#2596=ORIENTED_EDGE('',*,*,#1953,.T.);
#2597=ORIENTED_EDGE('',*,*,#1954,.T.);
#2598=ORIENTED_EDGE('',*,*,#1953,.F.);
#2599=ORIENTED_EDGE('',*,*,#1954,.F.);
#2600=ORIENTED_EDGE('',*,*,#1955,.T.);
#2601=ORIENTED_EDGE('',*,*,#1726,.T.);
#2602=ORIENTED_EDGE('',*,*,#1955,.F.);
#2603=ORIENTED_EDGE('',*,*,#1811,.F.);
#2604=ORIENTED_EDGE('',*,*,#1956,.T.);
#2605=ORIENTED_EDGE('',*,*,#1957,.T.);
#2606=ORIENTED_EDGE('',*,*,#1956,.F.);
#2607=ORIENTED_EDGE('',*,*,#1957,.F.);
#2608=ORIENTED_EDGE('',*,*,#1958,.T.);
#2609=ORIENTED_EDGE('',*,*,#1727,.T.);
#2610=ORIENTED_EDGE('',*,*,#1958,.F.);
#2611=ORIENTED_EDGE('',*,*,#1812,.F.);
#2612=ORIENTED_EDGE('',*,*,#1959,.T.);
#2613=ORIENTED_EDGE('',*,*,#1960,.T.);
#2614=ORIENTED_EDGE('',*,*,#1959,.F.);
#2615=ORIENTED_EDGE('',*,*,#1960,.F.);
#2616=ORIENTED_EDGE('',*,*,#1961,.T.);
#2617=ORIENTED_EDGE('',*,*,#1728,.T.);
#2618=ORIENTED_EDGE('',*,*,#1961,.F.);
#2619=ORIENTED_EDGE('',*,*,#1729,.F.);
#2620=ORIENTED_EDGE('',*,*,#1962,.T.);
#2621=ORIENTED_EDGE('',*,*,#1813,.T.);
#2622=ORIENTED_EDGE('',*,*,#1962,.F.);
#2623=ORIENTED_EDGE('',*,*,#1730,.F.);
#2624=ORIENTED_EDGE('',*,*,#1963,.T.);
#2625=ORIENTED_EDGE('',*,*,#1814,.T.);
#2626=ORIENTED_EDGE('',*,*,#1963,.F.);
#2627=ORIENTED_EDGE('',*,*,#1731,.F.);
#2628=ORIENTED_EDGE('',*,*,#1964,.T.);
#2629=ORIENTED_EDGE('',*,*,#1815,.T.);
#2630=ORIENTED_EDGE('',*,*,#1964,.F.);
#2631=ORIENTED_EDGE('',*,*,#1732,.F.);
#2632=ORIENTED_EDGE('',*,*,#1965,.T.);
#2633=ORIENTED_EDGE('',*,*,#1816,.T.);
#2634=ORIENTED_EDGE('',*,*,#1965,.F.);
#2635=ORIENTED_EDGE('',*,*,#1733,.F.);
#2636=ORIENTED_EDGE('',*,*,#1966,.T.);
#2637=ORIENTED_EDGE('',*,*,#1817,.T.);
#2638=ORIENTED_EDGE('',*,*,#1966,.F.);
#2639=ORIENTED_EDGE('',*,*,#1734,.F.);
#2640=ORIENTED_EDGE('',*,*,#1967,.T.);
#2641=ORIENTED_EDGE('',*,*,#1818,.T.);
#2642=ORIENTED_EDGE('',*,*,#1967,.F.);
#2643=ORIENTED_EDGE('',*,*,#1735,.F.);
#2644=ORIENTED_EDGE('',*,*,#1968,.T.);
#2645=ORIENTED_EDGE('',*,*,#1819,.T.);
#2646=ORIENTED_EDGE('',*,*,#1968,.F.);
#2647=ORIENTED_EDGE('',*,*,#1736,.F.);
#2648=ORIENTED_EDGE('',*,*,#1969,.T.);
#2649=ORIENTED_EDGE('',*,*,#1820,.T.);
#2650=ORIENTED_EDGE('',*,*,#1969,.F.);
#2651=ORIENTED_EDGE('',*,*,#1821,.F.);
#2652=ORIENTED_EDGE('',*,*,#1970,.T.);
#2653=ORIENTED_EDGE('',*,*,#1971,.T.);
#2654=ORIENTED_EDGE('',*,*,#1970,.F.);
#2655=ORIENTED_EDGE('',*,*,#1971,.F.);
#2656=ORIENTED_EDGE('',*,*,#1972,.T.);
#2657=ORIENTED_EDGE('',*,*,#1737,.T.);
#2658=ORIENTED_EDGE('',*,*,#1972,.F.);
#2659=ORIENTED_EDGE('',*,*,#1822,.F.);
#2660=ORIENTED_EDGE('',*,*,#1973,.T.);
#2661=ORIENTED_EDGE('',*,*,#1974,.T.);
#2662=ORIENTED_EDGE('',*,*,#1973,.F.);
#2663=ORIENTED_EDGE('',*,*,#1974,.F.);
#2664=ORIENTED_EDGE('',*,*,#1975,.T.);
#2665=ORIENTED_EDGE('',*,*,#1738,.T.);
#2666=ORIENTED_EDGE('',*,*,#1975,.F.);
#2667=ORIENTED_EDGE('',*,*,#1823,.F.);
#2668=ORIENTED_EDGE('',*,*,#1976,.T.);
#2669=ORIENTED_EDGE('',*,*,#1977,.T.);
#2670=ORIENTED_EDGE('',*,*,#1976,.F.);
#2671=ORIENTED_EDGE('',*,*,#1977,.F.);
#2672=ORIENTED_EDGE('',*,*,#1978,.T.);
#2673=ORIENTED_EDGE('',*,*,#1739,.T.);
#2674=ORIENTED_EDGE('',*,*,#1978,.F.);
#2675=ORIENTED_EDGE('',*,*,#1824,.F.);
#2676=ORIENTED_EDGE('',*,*,#1979,.T.);
#2677=ORIENTED_EDGE('',*,*,#1980,.T.);
#2678=ORIENTED_EDGE('',*,*,#1979,.F.);
#2679=ORIENTED_EDGE('',*,*,#1980,.F.);
#2680=ORIENTED_EDGE('',*,*,#1981,.T.);
#2681=ORIENTED_EDGE('',*,*,#1740,.T.);
#2682=ORIENTED_EDGE('',*,*,#1981,.F.);
#2683=ORIENTED_EDGE('',*,*,#1825,.F.);
#2684=ORIENTED_EDGE('',*,*,#1982,.T.);
#2685=ORIENTED_EDGE('',*,*,#1983,.T.);
#2686=ORIENTED_EDGE('',*,*,#1982,.F.);
#2687=ORIENTED_EDGE('',*,*,#1983,.F.);
#2688=ORIENTED_EDGE('',*,*,#1984,.T.);
#2689=ORIENTED_EDGE('',*,*,#1741,.T.);
#2690=ORIENTED_EDGE('',*,*,#1984,.F.);
#2691=ORIENTED_EDGE('',*,*,#1826,.F.);
#2692=ORIENTED_EDGE('',*,*,#1985,.T.);
#2693=ORIENTED_EDGE('',*,*,#1986,.T.);
#2694=ORIENTED_EDGE('',*,*,#1985,.F.);
#2695=ORIENTED_EDGE('',*,*,#1986,.F.);
#2696=ORIENTED_EDGE('',*,*,#1987,.T.);
#2697=ORIENTED_EDGE('',*,*,#1742,.T.);
#2698=ORIENTED_EDGE('',*,*,#1987,.F.);
#2699=ORIENTED_EDGE('',*,*,#1827,.F.);
#2700=ORIENTED_EDGE('',*,*,#1988,.T.);
#2701=ORIENTED_EDGE('',*,*,#1989,.T.);
#2702=ORIENTED_EDGE('',*,*,#1988,.F.);
#2703=ORIENTED_EDGE('',*,*,#1989,.F.);
#2704=ORIENTED_EDGE('',*,*,#1990,.T.);
#2705=ORIENTED_EDGE('',*,*,#1743,.T.);
#2706=ORIENTED_EDGE('',*,*,#1990,.F.);
#2707=ORIENTED_EDGE('',*,*,#1828,.F.);
#2708=ORIENTED_EDGE('',*,*,#1991,.T.);
#2709=ORIENTED_EDGE('',*,*,#1992,.T.);
#2710=ORIENTED_EDGE('',*,*,#1991,.F.);
#2711=ORIENTED_EDGE('',*,*,#1992,.F.);
#2712=ORIENTED_EDGE('',*,*,#1993,.T.);
#2713=ORIENTED_EDGE('',*,*,#1744,.T.);
#2714=ORIENTED_EDGE('',*,*,#1993,.F.);
#2715=ORIENTED_EDGE('',*,*,#1829,.F.);
#2716=ORIENTED_EDGE('',*,*,#1994,.F.);
#2717=ORIENTED_EDGE('',*,*,#1745,.F.);
#2718=ORIENTED_EDGE('',*,*,#1995,.T.);
#2719=ORIENTED_EDGE('',*,*,#1995,.F.);
#2720=ORIENTED_EDGE('',*,*,#1760,.F.);
#2721=ORIENTED_EDGE('',*,*,#1996,.F.);
#2722=ORIENTED_EDGE('',*,*,#1830,.T.);
#2723=ORIENTED_EDGE('',*,*,#1996,.T.);
#2724=ORIENTED_EDGE('',*,*,#1759,.F.);
#2725=ORIENTED_EDGE('',*,*,#1997,.F.);
#2726=ORIENTED_EDGE('',*,*,#1831,.F.);
#2727=ORIENTED_EDGE('',*,*,#1997,.T.);
#2728=ORIENTED_EDGE('',*,*,#1758,.F.);
#2729=ORIENTED_EDGE('',*,*,#1998,.F.);
#2730=ORIENTED_EDGE('',*,*,#1832,.T.);
#2731=ORIENTED_EDGE('',*,*,#1998,.T.);
#2732=ORIENTED_EDGE('',*,*,#1757,.F.);
#2733=ORIENTED_EDGE('',*,*,#1999,.F.);
#2734=ORIENTED_EDGE('',*,*,#1833,.F.);
#2735=ORIENTED_EDGE('',*,*,#2000,.T.);
#2736=ORIENTED_EDGE('',*,*,#1834,.T.);
#2737=ORIENTED_EDGE('',*,*,#1999,.T.);
#2738=ORIENTED_EDGE('',*,*,#1756,.F.);
#2739=ORIENTED_EDGE('',*,*,#1835,.F.);
#2740=ORIENTED_EDGE('',*,*,#2000,.F.);
#2741=ORIENTED_EDGE('',*,*,#1755,.F.);
#2742=ORIENTED_EDGE('',*,*,#2001,.T.);
#2743=ORIENTED_EDGE('',*,*,#2001,.F.);
#2744=ORIENTED_EDGE('',*,*,#1754,.T.);
#2745=ORIENTED_EDGE('',*,*,#2002,.T.);
#2746=ORIENTED_EDGE('',*,*,#1836,.F.);
#2747=ORIENTED_EDGE('',*,*,#1837,.F.);
#2748=ORIENTED_EDGE('',*,*,#2002,.F.);
#2749=ORIENTED_EDGE('',*,*,#1753,.F.);
#2750=ORIENTED_EDGE('',*,*,#2003,.T.);
#2751=ORIENTED_EDGE('',*,*,#2003,.F.);
#2752=ORIENTED_EDGE('',*,*,#1752,.F.);
#2753=ORIENTED_EDGE('',*,*,#2004,.F.);
#2754=ORIENTED_EDGE('',*,*,#1838,.T.);
#2755=ORIENTED_EDGE('',*,*,#2004,.T.);
#2756=ORIENTED_EDGE('',*,*,#1751,.F.);
#2757=ORIENTED_EDGE('',*,*,#2005,.F.);
#2758=ORIENTED_EDGE('',*,*,#1839,.F.);
#2759=ORIENTED_EDGE('',*,*,#2006,.F.);
#2760=ORIENTED_EDGE('',*,*,#1840,.T.);
#2761=ORIENTED_EDGE('',*,*,#2005,.T.);
#2762=ORIENTED_EDGE('',*,*,#1750,.F.);
#2763=ORIENTED_EDGE('',*,*,#2006,.T.);
#2764=ORIENTED_EDGE('',*,*,#1749,.F.);
#2765=ORIENTED_EDGE('',*,*,#2007,.F.);
#2766=ORIENTED_EDGE('',*,*,#1841,.F.);
#2767=ORIENTED_EDGE('',*,*,#2008,.T.);
#2768=ORIENTED_EDGE('',*,*,#1842,.T.);
#2769=ORIENTED_EDGE('',*,*,#2007,.T.);
#2770=ORIENTED_EDGE('',*,*,#1748,.F.);
#2771=ORIENTED_EDGE('',*,*,#1843,.F.);
#2772=ORIENTED_EDGE('',*,*,#2008,.F.);
#2773=ORIENTED_EDGE('',*,*,#1747,.F.);
#2774=ORIENTED_EDGE('',*,*,#2009,.T.);
#2775=ORIENTED_EDGE('',*,*,#1994,.T.);
#2776=ORIENTED_EDGE('',*,*,#1844,.F.);
#2777=ORIENTED_EDGE('',*,*,#2009,.F.);
#2778=ORIENTED_EDGE('',*,*,#1746,.T.);
#2779=ORIENTED_EDGE('',*,*,#1845,.F.);
#2780=ORIENTED_EDGE('',*,*,#2010,.F.);
#2781=ORIENTED_EDGE('',*,*,#1761,.F.);
#2782=ORIENTED_EDGE('',*,*,#2011,.T.);
#2783=ORIENTED_EDGE('',*,*,#2011,.F.);
#2784=ORIENTED_EDGE('',*,*,#1776,.T.);
#2785=ORIENTED_EDGE('',*,*,#2012,.T.);
#2786=ORIENTED_EDGE('',*,*,#1846,.F.);
#2787=ORIENTED_EDGE('',*,*,#1847,.F.);
#2788=ORIENTED_EDGE('',*,*,#2012,.F.);
#2789=ORIENTED_EDGE('',*,*,#1775,.F.);
#2790=ORIENTED_EDGE('',*,*,#2013,.T.);
#2791=ORIENTED_EDGE('',*,*,#2013,.F.);
#2792=ORIENTED_EDGE('',*,*,#1774,.F.);
#2793=ORIENTED_EDGE('',*,*,#2014,.F.);
#2794=ORIENTED_EDGE('',*,*,#1848,.T.);
#2795=ORIENTED_EDGE('',*,*,#2014,.T.);
#2796=ORIENTED_EDGE('',*,*,#1773,.F.);
#2797=ORIENTED_EDGE('',*,*,#2015,.F.);
#2798=ORIENTED_EDGE('',*,*,#1849,.F.);
#2799=ORIENTED_EDGE('',*,*,#2016,.F.);
#2800=ORIENTED_EDGE('',*,*,#1850,.T.);
#2801=ORIENTED_EDGE('',*,*,#2015,.T.);
#2802=ORIENTED_EDGE('',*,*,#1772,.F.);
#2803=ORIENTED_EDGE('',*,*,#2016,.T.);
#2804=ORIENTED_EDGE('',*,*,#1771,.F.);
#2805=ORIENTED_EDGE('',*,*,#2017,.F.);
#2806=ORIENTED_EDGE('',*,*,#1851,.F.);
#2807=ORIENTED_EDGE('',*,*,#2018,.T.);
#2808=ORIENTED_EDGE('',*,*,#1852,.T.);
#2809=ORIENTED_EDGE('',*,*,#2017,.T.);
#2810=ORIENTED_EDGE('',*,*,#1770,.F.);
#2811=ORIENTED_EDGE('',*,*,#1853,.F.);
#2812=ORIENTED_EDGE('',*,*,#2018,.F.);
#2813=ORIENTED_EDGE('',*,*,#1769,.F.);
#2814=ORIENTED_EDGE('',*,*,#2019,.T.);
#2815=ORIENTED_EDGE('',*,*,#2020,.T.);
#2816=ORIENTED_EDGE('',*,*,#1854,.F.);
#2817=ORIENTED_EDGE('',*,*,#2019,.F.);
#2818=ORIENTED_EDGE('',*,*,#1768,.T.);
#2819=ORIENTED_EDGE('',*,*,#1855,.F.);
#2820=ORIENTED_EDGE('',*,*,#2020,.F.);
#2821=ORIENTED_EDGE('',*,*,#1767,.F.);
#2822=ORIENTED_EDGE('',*,*,#2021,.T.);
#2823=ORIENTED_EDGE('',*,*,#2021,.F.);
#2824=ORIENTED_EDGE('',*,*,#1766,.F.);
#2825=ORIENTED_EDGE('',*,*,#2022,.F.);
#2826=ORIENTED_EDGE('',*,*,#1856,.T.);
#2827=ORIENTED_EDGE('',*,*,#2022,.T.);
#2828=ORIENTED_EDGE('',*,*,#1765,.F.);
#2829=ORIENTED_EDGE('',*,*,#2023,.F.);
#2830=ORIENTED_EDGE('',*,*,#1857,.F.);
#2831=ORIENTED_EDGE('',*,*,#2023,.T.);
#2832=ORIENTED_EDGE('',*,*,#1764,.F.);
#2833=ORIENTED_EDGE('',*,*,#2024,.F.);
#2834=ORIENTED_EDGE('',*,*,#1858,.T.);
#2835=ORIENTED_EDGE('',*,*,#2024,.T.);
#2836=ORIENTED_EDGE('',*,*,#1763,.F.);
#2837=ORIENTED_EDGE('',*,*,#2025,.F.);
#2838=ORIENTED_EDGE('',*,*,#1859,.F.);
#2839=ORIENTED_EDGE('',*,*,#2010,.T.);
#2840=ORIENTED_EDGE('',*,*,#1860,.T.);
#2841=ORIENTED_EDGE('',*,*,#2025,.T.);
#2842=ORIENTED_EDGE('',*,*,#1762,.F.);
#2843=ORIENTED_EDGE('',*,*,#1649,.F.);
#2844=ORIENTED_EDGE('',*,*,#1680,.F.);
#2845=ORIENTED_EDGE('',*,*,#1660,.F.);
#2846=ORIENTED_EDGE('',*,*,#2026,.T.);
#2847=ORIENTED_EDGE('',*,*,#1675,.F.);
#2848=ORIENTED_EDGE('',*,*,#1650,.T.);
#2849=ORIENTED_EDGE('',*,*,#2026,.F.);
#2850=ORIENTED_EDGE('',*,*,#1659,.F.);
#2851=ORIENTED_EDGE('',*,*,#2027,.F.);
#2852=ORIENTED_EDGE('',*,*,#2028,.T.);
#2853=ORIENTED_EDGE('',*,*,#2029,.F.);
#2854=ORIENTED_EDGE('',*,*,#2028,.F.);
#2855=ORIENTED_EDGE('',*,*,#2030,.F.);
#2856=ORIENTED_EDGE('',*,*,#2031,.T.);
#2857=ORIENTED_EDGE('',*,*,#2032,.F.);
#2858=ORIENTED_EDGE('',*,*,#2031,.F.);
#2859=ORIENTED_EDGE('',*,*,#2033,.F.);
#2860=ORIENTED_EDGE('',*,*,#2034,.T.);
#2861=ORIENTED_EDGE('',*,*,#2035,.F.);
#2862=ORIENTED_EDGE('',*,*,#2034,.F.);
#2863=ORIENTED_EDGE('',*,*,#2036,.F.);
#2864=ORIENTED_EDGE('',*,*,#2037,.T.);
#2865=ORIENTED_EDGE('',*,*,#2038,.F.);
#2866=ORIENTED_EDGE('',*,*,#2037,.F.);
#2867=ORIENTED_EDGE('',*,*,#2039,.F.);
#2868=ORIENTED_EDGE('',*,*,#2040,.T.);
#2869=ORIENTED_EDGE('',*,*,#2041,.F.);
#2870=ORIENTED_EDGE('',*,*,#2040,.F.);
#2871=ORIENTED_EDGE('',*,*,#2042,.F.);
#2872=ORIENTED_EDGE('',*,*,#2043,.T.);
#2873=ORIENTED_EDGE('',*,*,#2044,.F.);
#2874=ORIENTED_EDGE('',*,*,#2043,.F.);
#2875=ORIENTED_EDGE('',*,*,#2045,.F.);
#2876=ORIENTED_EDGE('',*,*,#2046,.T.);
#2877=ORIENTED_EDGE('',*,*,#2047,.F.);
#2878=ORIENTED_EDGE('',*,*,#2046,.F.);
#2879=ORIENTED_EDGE('',*,*,#2048,.F.);
#2880=ORIENTED_EDGE('',*,*,#2049,.T.);
#2881=ORIENTED_EDGE('',*,*,#2050,.F.);
#2882=ORIENTED_EDGE('',*,*,#2049,.F.);
#2883=ORIENTED_EDGE('',*,*,#2051,.F.);
#2884=ORIENTED_EDGE('',*,*,#2052,.T.);
#2885=ORIENTED_EDGE('',*,*,#2053,.F.);
#2886=ORIENTED_EDGE('',*,*,#2052,.F.);
#2887=ORIENTED_EDGE('',*,*,#2054,.F.);
#2888=ORIENTED_EDGE('',*,*,#2055,.T.);
#2889=ORIENTED_EDGE('',*,*,#2056,.F.);
#2890=ORIENTED_EDGE('',*,*,#2055,.F.);
#2891=ORIENTED_EDGE('',*,*,#2057,.F.);
#2892=ORIENTED_EDGE('',*,*,#2058,.T.);
#2893=ORIENTED_EDGE('',*,*,#2059,.F.);
#2894=ORIENTED_EDGE('',*,*,#2058,.F.);
#2895=ORIENTED_EDGE('',*,*,#2060,.F.);
#2896=ORIENTED_EDGE('',*,*,#2061,.T.);
#2897=ORIENTED_EDGE('',*,*,#2062,.F.);
#2898=ORIENTED_EDGE('',*,*,#2061,.F.);
#2899=ORIENTED_EDGE('',*,*,#2063,.F.);
#2900=ORIENTED_EDGE('',*,*,#2064,.T.);
#2901=ORIENTED_EDGE('',*,*,#2065,.F.);
#2902=ORIENTED_EDGE('',*,*,#2064,.F.);
#2903=ORIENTED_EDGE('',*,*,#2066,.F.);
#2904=ORIENTED_EDGE('',*,*,#2067,.T.);
#2905=ORIENTED_EDGE('',*,*,#2068,.F.);
#2906=ORIENTED_EDGE('',*,*,#2067,.F.);
#2907=ORIENTED_EDGE('',*,*,#2069,.F.);
#2908=ORIENTED_EDGE('',*,*,#2070,.T.);
#2909=ORIENTED_EDGE('',*,*,#2071,.F.);
#2910=ORIENTED_EDGE('',*,*,#2070,.F.);
#2911=ORIENTED_EDGE('',*,*,#2072,.F.);
#2912=ORIENTED_EDGE('',*,*,#2073,.T.);
#2913=ORIENTED_EDGE('',*,*,#2074,.F.);
#2914=ORIENTED_EDGE('',*,*,#2073,.F.);
#2915=PLANE('',#3121);
#2916=PLANE('',#3135);
#2917=PLANE('',#3147);
#2918=PLANE('',#3150);
#2919=PLANE('',#3151);
#2920=PLANE('',#3153);
#2921=PLANE('',#3154);
#2922=PLANE('',#3159);
#2923=PLANE('',#3161);
#2924=PLANE('',#3164);
#2925=PLANE('',#3233);
#2926=PLANE('',#3234);
#2927=PLANE('',#3306);
#2928=PLANE('',#3310);
#2929=PLANE('',#3311);
#2930=PLANE('',#3315);
#2931=PLANE('',#3328);
#2932=PLANE('',#3339);
#2933=PLANE('',#3342);
#2934=PLANE('',#3343);
#2935=PLANE('',#3347);
#2936=PLANE('',#3348);
#2937=PLANE('',#3430);
#2938=PLANE('',#3432);
#2939=PLANE('',#3434);
#2940=PLANE('',#3438);
#2941=PLANE('',#3440);
#2942=PLANE('',#3442);
#2943=PLANE('',#3448);
#2944=PLANE('',#3450);
#2945=PLANE('',#3452);
#2946=PLANE('',#3456);
#2947=PLANE('',#3458);
#2948=PLANE('',#3460);
#2949=ADVANCED_FACE('',(#295,#187,#188),#2915,.T.);
#2950=ADVANCED_FACE('',(#296),#83,.F.);
#2951=ADVANCED_FACE('',(#297),#63,.F.);
#2952=ADVANCED_FACE('',(#298,#189,#190),#2916,.F.);
#2953=ADVANCED_FACE('',(#299),#64,.F.);
#2954=ADVANCED_FACE('',(#300),#84,.F.);
#2955=ADVANCED_FACE('',(#301),#2917,.T.);
#2956=ADVANCED_FACE('',(#302),#85,.F.);
#2957=ADVANCED_FACE('',(#303),#86,.T.);
#2958=ADVANCED_FACE('',(#304),#2918,.T.);
#2959=ADVANCED_FACE('',(#305),#2919,.T.);
#2960=ADVANCED_FACE('',(#306),#87,.T.);
#2961=ADVANCED_FACE('',(#307),#2920,.F.);
#2962=ADVANCED_FACE('',(#308),#2921,.F.);
#2963=ADVANCED_FACE('',(#309),#88,.F.);
#2964=ADVANCED_FACE('',(#310),#2922,.T.);
#2965=ADVANCED_FACE('',(#311),#2923,.T.);
#2966=ADVANCED_FACE('',(#312),#89,.T.);
#2967=ADVANCED_FACE('',(#313),#90,.T.);
#2968=ADVANCED_FACE('',(#314,#191,#192,#193,#194,#195,#196,#197,#198,#199,
#200,#201,#202,#203,#204,#205,#206,#207,#208,#209,#210,#211,#212,#213,#214,
#215,#216,#217,#218,#219,#220,#221,#222,#223,#224,#225,#226,#227,#228,#229,
#230,#231,#232,#233,#234,#235,#236,#237,#238,#239,#240),#2924,.F.);
#2969=ADVANCED_FACE('',(#315),#2925,.T.);
#2970=ADVANCED_FACE('',(#316,#241,#242,#243,#244,#245,#246,#247,#248,#249,
#250,#251,#252,#253,#254,#255,#256,#257,#258,#259,#260,#261,#262,#263,#264,
#265,#266,#267,#268,#269,#270,#271,#272,#273,#274,#275,#276,#277,#278,#279,
#280,#281,#282,#283,#284,#285,#286,#287,#288,#289,#290),#2926,.T.);
#2971=ADVANCED_FACE('',(#317),#91,.F.);
#2972=ADVANCED_FACE('',(#318),#2927,.T.);
#2973=ADVANCED_FACE('',(#319),#92,.T.);
#2974=ADVANCED_FACE('',(#320),#2928,.F.);
#2975=ADVANCED_FACE('',(#321),#2929,.F.);
#2976=ADVANCED_FACE('',(#322),#93,.T.);
#2977=ADVANCED_FACE('',(#323,#291,#292),#2930,.T.);
#2978=ADVANCED_FACE('',(#324),#94,.F.);
#2979=ADVANCED_FACE('',(#325),#65,.F.);
#2980=ADVANCED_FACE('',(#326,#293,#294),#2931,.F.);
#2981=ADVANCED_FACE('',(#327),#66,.F.);
#2982=ADVANCED_FACE('',(#328),#95,.F.);
#2983=ADVANCED_FACE('',(#329),#2932,.F.);
#2984=ADVANCED_FACE('',(#330),#96,.F.);
#2985=ADVANCED_FACE('',(#331),#97,.T.);
#2986=ADVANCED_FACE('',(#332),#2933,.F.);
#2987=ADVANCED_FACE('',(#333),#2934,.F.);
#2988=ADVANCED_FACE('',(#334),#98,.T.);
#2989=ADVANCED_FACE('',(#335),#99,.F.);
#2990=ADVANCED_FACE('',(#336),#100,.T.);
#2991=ADVANCED_FACE('',(#337),#2935,.T.);
#2992=ADVANCED_FACE('',(#338),#2936,.F.);
#2993=ADVANCED_FACE('',(#339),#101,.F.);
#2994=ADVANCED_FACE('',(#340),#102,.F.);
#2995=ADVANCED_FACE('',(#341),#103,.F.);
#2996=ADVANCED_FACE('',(#342),#104,.F.);
#2997=ADVANCED_FACE('',(#343),#105,.F.);
#2998=ADVANCED_FACE('',(#344),#106,.F.);
#2999=ADVANCED_FACE('',(#345),#107,.F.);
#3000=ADVANCED_FACE('',(#346),#108,.F.);
#3001=ADVANCED_FACE('',(#347),#109,.F.);
#3002=ADVANCED_FACE('',(#348),#67,.F.);
#3003=ADVANCED_FACE('',(#349),#110,.F.);
#3004=ADVANCED_FACE('',(#350),#68,.F.);
#3005=ADVANCED_FACE('',(#351),#111,.F.);
#3006=ADVANCED_FACE('',(#352),#69,.F.);
#3007=ADVANCED_FACE('',(#353),#112,.F.);
#3008=ADVANCED_FACE('',(#354),#70,.F.);
#3009=ADVANCED_FACE('',(#355),#113,.F.);
#3010=ADVANCED_FACE('',(#356),#114,.F.);
#3011=ADVANCED_FACE('',(#357),#115,.F.);
#3012=ADVANCED_FACE('',(#358),#116,.F.);
#3013=ADVANCED_FACE('',(#359),#117,.F.);
#3014=ADVANCED_FACE('',(#360),#118,.F.);
#3015=ADVANCED_FACE('',(#361),#119,.F.);
#3016=ADVANCED_FACE('',(#362),#120,.F.);
#3017=ADVANCED_FACE('',(#363),#121,.F.);
#3018=ADVANCED_FACE('',(#364),#122,.F.);
#3019=ADVANCED_FACE('',(#365),#123,.F.);
#3020=ADVANCED_FACE('',(#366),#124,.F.);
#3021=ADVANCED_FACE('',(#367),#125,.F.);
#3022=ADVANCED_FACE('',(#368),#126,.F.);
#3023=ADVANCED_FACE('',(#369),#127,.F.);
#3024=ADVANCED_FACE('',(#370),#128,.F.);
#3025=ADVANCED_FACE('',(#371),#129,.F.);
#3026=ADVANCED_FACE('',(#372),#71,.F.);
#3027=ADVANCED_FACE('',(#373),#130,.F.);
#3028=ADVANCED_FACE('',(#374),#72,.F.);
#3029=ADVANCED_FACE('',(#375),#131,.F.);
#3030=ADVANCED_FACE('',(#376),#73,.F.);
#3031=ADVANCED_FACE('',(#377),#132,.F.);
#3032=ADVANCED_FACE('',(#378),#74,.F.);
#3033=ADVANCED_FACE('',(#379),#133,.F.);
#3034=ADVANCED_FACE('',(#380),#134,.F.);
#3035=ADVANCED_FACE('',(#381),#135,.F.);
#3036=ADVANCED_FACE('',(#382),#136,.F.);
#3037=ADVANCED_FACE('',(#383),#137,.F.);
#3038=ADVANCED_FACE('',(#384),#138,.F.);
#3039=ADVANCED_FACE('',(#385),#139,.F.);
#3040=ADVANCED_FACE('',(#386),#140,.F.);
#3041=ADVANCED_FACE('',(#387),#141,.F.);
#3042=ADVANCED_FACE('',(#388),#75,.F.);
#3043=ADVANCED_FACE('',(#389),#142,.F.);
#3044=ADVANCED_FACE('',(#390),#76,.F.);
#3045=ADVANCED_FACE('',(#391),#143,.F.);
#3046=ADVANCED_FACE('',(#392),#77,.F.);
#3047=ADVANCED_FACE('',(#393),#144,.F.);
#3048=ADVANCED_FACE('',(#394),#78,.F.);
#3049=ADVANCED_FACE('',(#395),#145,.F.);
#3050=ADVANCED_FACE('',(#396),#79,.F.);
#3051=ADVANCED_FACE('',(#397),#146,.F.);
#3052=ADVANCED_FACE('',(#398),#80,.F.);
#3053=ADVANCED_FACE('',(#399),#147,.F.);
#3054=ADVANCED_FACE('',(#400),#81,.F.);
#3055=ADVANCED_FACE('',(#401),#148,.F.);
#3056=ADVANCED_FACE('',(#402),#82,.F.);
#3057=ADVANCED_FACE('',(#403),#149,.T.);
#3058=ADVANCED_FACE('',(#404),#2937,.F.);
#3059=ADVANCED_FACE('',(#405),#150,.F.);
#3060=ADVANCED_FACE('',(#406),#2938,.F.);
#3061=ADVANCED_FACE('',(#407),#151,.F.);
#3062=ADVANCED_FACE('',(#408),#2939,.F.);
#3063=ADVANCED_FACE('',(#409),#152,.T.);
#3064=ADVANCED_FACE('',(#410),#153,.F.);
#3065=ADVANCED_FACE('',(#411),#154,.T.);
#3066=ADVANCED_FACE('',(#412),#2940,.F.);
#3067=ADVANCED_FACE('',(#413),#155,.F.);
#3068=ADVANCED_FACE('',(#414),#2941,.F.);
#3069=ADVANCED_FACE('',(#415),#156,.F.);
#3070=ADVANCED_FACE('',(#416),#2942,.F.);
#3071=ADVANCED_FACE('',(#417),#157,.T.);
#3072=ADVANCED_FACE('',(#418),#158,.F.);
#3073=ADVANCED_FACE('',(#419),#159,.T.);
#3074=ADVANCED_FACE('',(#420),#160,.F.);
#3075=ADVANCED_FACE('',(#421),#161,.T.);
#3076=ADVANCED_FACE('',(#422),#2943,.F.);
#3077=ADVANCED_FACE('',(#423),#162,.F.);
#3078=ADVANCED_FACE('',(#424),#2944,.F.);
#3079=ADVANCED_FACE('',(#425),#163,.F.);
#3080=ADVANCED_FACE('',(#426),#2945,.F.);
#3081=ADVANCED_FACE('',(#427),#164,.T.);
#3082=ADVANCED_FACE('',(#428),#165,.F.);
#3083=ADVANCED_FACE('',(#429),#166,.T.);
#3084=ADVANCED_FACE('',(#430),#2946,.F.);
#3085=ADVANCED_FACE('',(#431),#167,.F.);
#3086=ADVANCED_FACE('',(#432),#2947,.F.);
#3087=ADVANCED_FACE('',(#433),#168,.F.);
#3088=ADVANCED_FACE('',(#434),#2948,.F.);
#3089=ADVANCED_FACE('',(#435),#169,.T.);
#3090=ADVANCED_FACE('',(#436),#170,.F.);
#3091=ADVANCED_FACE('',(#437),#171,.F.);
#3092=ADVANCED_FACE('',(#438),#172,.F.);
#3093=ADVANCED_FACE('',(#439),#173,.F.);
#3094=ADVANCED_FACE('',(#440),#174,.F.);
#3095=ADVANCED_FACE('',(#441),#175,.F.);
#3096=ADVANCED_FACE('',(#442),#176,.F.);
#3097=ADVANCED_FACE('',(#443),#177,.F.);
#3098=ADVANCED_FACE('',(#444),#178,.F.);
#3099=ADVANCED_FACE('',(#445),#179,.F.);
#3100=ADVANCED_FACE('',(#446),#180,.F.);
#3101=ADVANCED_FACE('',(#447),#181,.F.);
#3102=ADVANCED_FACE('',(#448),#182,.F.);
#3103=ADVANCED_FACE('',(#449),#183,.F.);
#3104=ADVANCED_FACE('',(#450),#184,.F.);
#3105=ADVANCED_FACE('',(#451),#185,.F.);
#3106=ADVANCED_FACE('',(#452),#186,.F.);
#3107=CLOSED_SHELL('',(#2949,#2950,#2951,#2952,#2953,#2954,#2955,#2956,
#2957,#2958,#2959,#2960,#2961,#2962,#2963,#2964,#2965,#2966,#2967,#2968,
#2969,#2970,#2971,#2972,#2973,#2974,#2975,#2976,#2977,#2978,#2979,#2980,
#2981,#2982,#2983,#2984,#2985,#2986,#2987,#2988,#2989,#2990,#2991,#2992,
#2993,#2994,#2995,#2996,#2997,#2998,#2999,#3000,#3001,#3002,#3003,#3004,
#3005,#3006,#3007,#3008,#3009,#3010,#3011,#3012,#3013,#3014,#3015,#3016,
#3017,#3018,#3019,#3020,#3021,#3022,#3023,#3024,#3025,#3026,#3027,#3028,
#3029,#3030,#3031,#3032,#3033,#3034,#3035,#3036,#3037,#3038,#3039,#3040,
#3041,#3042,#3043,#3044,#3045,#3046,#3047,#3048,#3049,#3050,#3051,#3052,
#3053,#3054,#3055,#3056,#3057,#3058,#3059,#3060,#3061,#3062,#3063,#3064,
#3065,#3066,#3067,#3068,#3069,#3070,#3071,#3072,#3073,#3074,#3075,#3076,
#3077,#3078,#3079,#3080,#3081,#3082,#3083,#3084,#3085,#3086,#3087,#3088,
#3089,#3090));
#3108=DERIVED_UNIT_ELEMENT(#3110,1.);
#3109=DERIVED_UNIT_ELEMENT(#5377,-3.);
#3110=(
MASS_UNIT()
NAMED_UNIT(*)
SI_UNIT(.KILO.,.GRAM.)
);
#3111=DERIVED_UNIT((#3108,#3109));
#3112=MEASURE_REPRESENTATION_ITEM('density measure',
POSITIVE_RATIO_MEASURE(7850.),#3111);
#3113=PROPERTY_DEFINITION_REPRESENTATION(#3118,#3115);
#3114=PROPERTY_DEFINITION_REPRESENTATION(#3119,#3116);
#3115=REPRESENTATION('material name',(#3117),#5374);
#3116=REPRESENTATION('density',(#3112),#5374);
#3117=DESCRIPTIVE_REPRESENTATION_ITEM('Steel','Steel');
#3118=PROPERTY_DEFINITION('material property','material name',#5384);
#3119=PROPERTY_DEFINITION('material property','density of part',#5384);
#3120=AXIS2_PLACEMENT_3D('',#4497,#3511,#3512);
#3121=AXIS2_PLACEMENT_3D('',#4498,#3513,#3514);
#3122=AXIS2_PLACEMENT_3D('',#4503,#3516,#3517);
#3123=AXIS2_PLACEMENT_3D('',#4505,#3518,#3519);
#3124=AXIS2_PLACEMENT_3D('',#4509,#3521,#3522);
#3125=AXIS2_PLACEMENT_3D('',#4517,#3526,#3527);
#3126=AXIS2_PLACEMENT_3D('',#4521,#3529,#3530);
#3127=AXIS2_PLACEMENT_3D('',#4522,#3531,#3532);
#3128=AXIS2_PLACEMENT_3D('',#4524,#3533,#3534);
#3129=AXIS2_PLACEMENT_3D('',#4526,#3535,#3536);
#3130=AXIS2_PLACEMENT_3D('',#4527,#3537,#3538);
#3131=AXIS2_PLACEMENT_3D('',#4530,#3539,#3540);
#3132=AXIS2_PLACEMENT_3D('',#4532,#3542,#3543);
#3133=AXIS2_PLACEMENT_3D('',#4533,#3544,#3545);
#3134=AXIS2_PLACEMENT_3D('',#4536,#3547,#3548);
#3135=AXIS2_PLACEMENT_3D('',#4537,#3549,#3550);
#3136=AXIS2_PLACEMENT_3D('',#4542,#3552,#3553);
#3137=AXIS2_PLACEMENT_3D('',#4544,#3554,#3555);
#3138=AXIS2_PLACEMENT_3D('',#4548,#3557,#3558);
#3139=AXIS2_PLACEMENT_3D('',#4556,#3562,#3563);
#3140=AXIS2_PLACEMENT_3D('',#4560,#3565,#3566);
#3141=AXIS2_PLACEMENT_3D('',#4561,#3567,#3568);
#3142=AXIS2_PLACEMENT_3D('',#4563,#3569,#3570);
#3143=AXIS2_PLACEMENT_3D('',#4564,#3571,#3572);
#3144=AXIS2_PLACEMENT_3D('',#4567,#3573,#3574);
#3145=AXIS2_PLACEMENT_3D('',#4569,#3576,#3577);
#3146=AXIS2_PLACEMENT_3D('',#4570,#3578,#3579);
#3147=AXIS2_PLACEMENT_3D('',#4572,#3581,#3582);
#3148=AXIS2_PLACEMENT_3D('',#4575,#3585,#3586);
#3149=AXIS2_PLACEMENT_3D('',#4577,#3588,#3589);
#3150=AXIS2_PLACEMENT_3D('',#4579,#3591,#3592);
#3151=AXIS2_PLACEMENT_3D('',#4581,#3594,#3595);
#3152=AXIS2_PLACEMENT_3D('',#4584,#3598,#3599);
#3153=AXIS2_PLACEMENT_3D('',#4586,#3601,#3602);
#3154=AXIS2_PLACEMENT_3D('',#4588,#3604,#3605);
#3155=AXIS2_PLACEMENT_3D('',#4590,#3606,#3607);
#3156=AXIS2_PLACEMENT_3D('',#4592,#3608,#3609);
#3157=AXIS2_PLACEMENT_3D('',#4594,#3611,#3612);
#3158=AXIS2_PLACEMENT_3D('',#4596,#3613,#3614);
#3159=AXIS2_PLACEMENT_3D('',#4598,#3616,#3617);
#3160=AXIS2_PLACEMENT_3D('',#4601,#3619,#3620);
#3161=AXIS2_PLACEMENT_3D('',#4603,#3622,#3623);
#3162=AXIS2_PLACEMENT_3D('',#4605,#3625,#3626);
#3163=AXIS2_PLACEMENT_3D('',#4606,#3627,#3628);
#3164=AXIS2_PLACEMENT_3D('',#4608,#3630,#3631);
#3165=AXIS2_PLACEMENT_3D('',#4615,#3635,#3636);
#3166=AXIS2_PLACEMENT_3D('',#4617,#3637,#3638);
#3167=AXIS2_PLACEMENT_3D('',#4619,#3639,#3640);
#3168=AXIS2_PLACEMENT_3D('',#4621,#3641,#3642);
#3169=AXIS2_PLACEMENT_3D('',#4623,#3643,#3644);
#3170=AXIS2_PLACEMENT_3D('',#4625,#3645,#3646);
#3171=AXIS2_PLACEMENT_3D('',#4627,#3647,#3648);
#3172=AXIS2_PLACEMENT_3D('',#4629,#3649,#3650);
#3173=AXIS2_PLACEMENT_3D('',#4631,#3651,#3652);
#3174=AXIS2_PLACEMENT_3D('',#4633,#3653,#3654);
#3175=AXIS2_PLACEMENT_3D('',#4635,#3655,#3656);
#3176=AXIS2_PLACEMENT_3D('',#4637,#3657,#3658);
#3177=AXIS2_PLACEMENT_3D('',#4639,#3659,#3660);
#3178=AXIS2_PLACEMENT_3D('',#4641,#3661,#3662);
#3179=AXIS2_PLACEMENT_3D('',#4643,#3663,#3664);
#3180=AXIS2_PLACEMENT_3D('',#4645,#3665,#3666);
#3181=AXIS2_PLACEMENT_3D('',#4647,#3667,#3668);
#3182=AXIS2_PLACEMENT_3D('',#4649,#3669,#3670);
#3183=AXIS2_PLACEMENT_3D('',#4651,#3671,#3672);
#3184=AXIS2_PLACEMENT_3D('',#4653,#3673,#3674);
#3185=AXIS2_PLACEMENT_3D('',#4655,#3675,#3676);
#3186=AXIS2_PLACEMENT_3D('',#4657,#3677,#3678);
#3187=AXIS2_PLACEMENT_3D('',#4659,#3679,#3680);
#3188=AXIS2_PLACEMENT_3D('',#4661,#3681,#3682);
#3189=AXIS2_PLACEMENT_3D('',#4663,#3683,#3684);
#3190=AXIS2_PLACEMENT_3D('',#4665,#3685,#3686);
#3191=AXIS2_PLACEMENT_3D('',#4667,#3687,#3688);
#3192=AXIS2_PLACEMENT_3D('',#4669,#3689,#3690);
#3193=AXIS2_PLACEMENT_3D('',#4671,#3691,#3692);
#3194=AXIS2_PLACEMENT_3D('',#4673,#3693,#3694);
#3195=AXIS2_PLACEMENT_3D('',#4675,#3695,#3696);
#3196=AXIS2_PLACEMENT_3D('',#4677,#3697,#3698);
#3197=AXIS2_PLACEMENT_3D('',#4679,#3699,#3700);
#3198=AXIS2_PLACEMENT_3D('',#4681,#3701,#3702);
#3199=AXIS2_PLACEMENT_3D('',#4683,#3703,#3704);
#3200=AXIS2_PLACEMENT_3D('',#4685,#3705,#3706);
#3201=AXIS2_PLACEMENT_3D('',#4687,#3707,#3708);
#3202=AXIS2_PLACEMENT_3D('',#4689,#3709,#3710);
#3203=AXIS2_PLACEMENT_3D('',#4691,#3711,#3712);
#3204=AXIS2_PLACEMENT_3D('',#4693,#3713,#3714);
#3205=AXIS2_PLACEMENT_3D('',#4695,#3715,#3716);
#3206=AXIS2_PLACEMENT_3D('',#4697,#3717,#3718);
#3207=AXIS2_PLACEMENT_3D('',#4699,#3719,#3720);
#3208=AXIS2_PLACEMENT_3D('',#4701,#3721,#3722);
#3209=AXIS2_PLACEMENT_3D('',#4703,#3723,#3724);
#3210=AXIS2_PLACEMENT_3D('',#4705,#3725,#3726);
#3211=AXIS2_PLACEMENT_3D('',#4707,#3727,#3728);
#3212=AXIS2_PLACEMENT_3D('',#4709,#3729,#3730);
#3213=AXIS2_PLACEMENT_3D('',#4712,#3731,#3732);
#3214=AXIS2_PLACEMENT_3D('',#4714,#3733,#3734);
#3215=AXIS2_PLACEMENT_3D('',#4716,#3735,#3736);
#3216=AXIS2_PLACEMENT_3D('',#4720,#3738,#3739);
#3217=AXIS2_PLACEMENT_3D('',#4724,#3741,#3742);
#3218=AXIS2_PLACEMENT_3D('',#4728,#3744,#3745);
#3219=AXIS2_PLACEMENT_3D('',#4730,#3746,#3747);
#3220=AXIS2_PLACEMENT_3D('',#4732,#3748,#3749);
#3221=AXIS2_PLACEMENT_3D('',#4736,#3751,#3752);
#3222=AXIS2_PLACEMENT_3D('',#4740,#3754,#3755);
#3223=AXIS2_PLACEMENT_3D('',#4744,#3757,#3758);
#3224=AXIS2_PLACEMENT_3D('',#4748,#3760,#3761);
#3225=AXIS2_PLACEMENT_3D('',#4752,#3763,#3764);
#3226=AXIS2_PLACEMENT_3D('',#4756,#3766,#3767);
#3227=AXIS2_PLACEMENT_3D('',#4758,#3768,#3769);
#3228=AXIS2_PLACEMENT_3D('',#4760,#3770,#3771);
#3229=AXIS2_PLACEMENT_3D('',#4764,#3773,#3774);
#3230=AXIS2_PLACEMENT_3D('',#4768,#3776,#3777);
#3231=AXIS2_PLACEMENT_3D('',#4772,#3779,#3780);
#3232=AXIS2_PLACEMENT_3D('',#4773,#3781,#3782);
#3233=AXIS2_PLACEMENT_3D('',#4774,#3783,#3784);
#3234=AXIS2_PLACEMENT_3D('',#4778,#3787,#3788);
#3235=AXIS2_PLACEMENT_3D('',#4783,#3791,#3792);
#3236=AXIS2_PLACEMENT_3D('',#4785,#3793,#3794);
#3237=AXIS2_PLACEMENT_3D('',#4787,#3795,#3796);
#3238=AXIS2_PLACEMENT_3D('',#4789,#3797,#3798);
#3239=AXIS2_PLACEMENT_3D('',#4791,#3799,#3800);
#3240=AXIS2_PLACEMENT_3D('',#4793,#3801,#3802);
#3241=AXIS2_PLACEMENT_3D('',#4795,#3803,#3804);
#3242=AXIS2_PLACEMENT_3D('',#4797,#3805,#3806);
#3243=AXIS2_PLACEMENT_3D('',#4799,#3807,#3808);
#3244=AXIS2_PLACEMENT_3D('',#4801,#3809,#3810);
#3245=AXIS2_PLACEMENT_3D('',#4803,#3811,#3812);
#3246=AXIS2_PLACEMENT_3D('',#4805,#3813,#3814);
#3247=AXIS2_PLACEMENT_3D('',#4807,#3815,#3816);
#3248=AXIS2_PLACEMENT_3D('',#4809,#3817,#3818);
#3249=AXIS2_PLACEMENT_3D('',#4811,#3819,#3820);
#3250=AXIS2_PLACEMENT_3D('',#4813,#3821,#3822);
#3251=AXIS2_PLACEMENT_3D('',#4815,#3823,#3824);
#3252=AXIS2_PLACEMENT_3D('',#4817,#3825,#3826);
#3253=AXIS2_PLACEMENT_3D('',#4819,#3827,#3828);
#3254=AXIS2_PLACEMENT_3D('',#4821,#3829,#3830);
#3255=AXIS2_PLACEMENT_3D('',#4823,#3831,#3832);
#3256=AXIS2_PLACEMENT_3D('',#4825,#3833,#3834);
#3257=AXIS2_PLACEMENT_3D('',#4827,#3835,#3836);
#3258=AXIS2_PLACEMENT_3D('',#4829,#3837,#3838);
#3259=AXIS2_PLACEMENT_3D('',#4831,#3839,#3840);
#3260=AXIS2_PLACEMENT_3D('',#4833,#3841,#3842);
#3261=AXIS2_PLACEMENT_3D('',#4835,#3843,#3844);
#3262=AXIS2_PLACEMENT_3D('',#4837,#3845,#3846);
#3263=AXIS2_PLACEMENT_3D('',#4839,#3847,#3848);
#3264=AXIS2_PLACEMENT_3D('',#4841,#3849,#3850);
#3265=AXIS2_PLACEMENT_3D('',#4843,#3851,#3852);
#3266=AXIS2_PLACEMENT_3D('',#4845,#3853,#3854);
#3267=AXIS2_PLACEMENT_3D('',#4847,#3855,#3856);
#3268=AXIS2_PLACEMENT_3D('',#4849,#3857,#3858);
#3269=AXIS2_PLACEMENT_3D('',#4851,#3859,#3860);
#3270=AXIS2_PLACEMENT_3D('',#4853,#3861,#3862);
#3271=AXIS2_PLACEMENT_3D('',#4855,#3863,#3864);
#3272=AXIS2_PLACEMENT_3D('',#4857,#3865,#3866);
#3273=AXIS2_PLACEMENT_3D('',#4859,#3867,#3868);
#3274=AXIS2_PLACEMENT_3D('',#4861,#3869,#3870);
#3275=AXIS2_PLACEMENT_3D('',#4863,#3871,#3872);
#3276=AXIS2_PLACEMENT_3D('',#4865,#3873,#3874);
#3277=AXIS2_PLACEMENT_3D('',#4867,#3875,#3876);
#3278=AXIS2_PLACEMENT_3D('',#4869,#3877,#3878);
#3279=AXIS2_PLACEMENT_3D('',#4871,#3879,#3880);
#3280=AXIS2_PLACEMENT_3D('',#4873,#3881,#3882);
#3281=AXIS2_PLACEMENT_3D('',#4875,#3883,#3884);
#3282=AXIS2_PLACEMENT_3D('',#4877,#3885,#3886);
#3283=AXIS2_PLACEMENT_3D('',#4880,#3887,#3888);
#3284=AXIS2_PLACEMENT_3D('',#4884,#3890,#3891);
#3285=AXIS2_PLACEMENT_3D('',#4888,#3893,#3894);
#3286=AXIS2_PLACEMENT_3D('',#4892,#3896,#3897);
#3287=AXIS2_PLACEMENT_3D('',#4894,#3898,#3899);
#3288=AXIS2_PLACEMENT_3D('',#4896,#3900,#3901);
#3289=AXIS2_PLACEMENT_3D('',#4900,#3903,#3904);
#3290=AXIS2_PLACEMENT_3D('',#4904,#3906,#3907);
#3291=AXIS2_PLACEMENT_3D('',#4908,#3909,#3910);
#3292=AXIS2_PLACEMENT_3D('',#4909,#3911,#3912);
#3293=AXIS2_PLACEMENT_3D('',#4912,#3913,#3914);
#3294=AXIS2_PLACEMENT_3D('',#4914,#3915,#3916);
#3295=AXIS2_PLACEMENT_3D('',#4916,#3917,#3918);
#3296=AXIS2_PLACEMENT_3D('',#4920,#3920,#3921);
#3297=AXIS2_PLACEMENT_3D('',#4924,#3923,#3924);
#3298=AXIS2_PLACEMENT_3D('',#4928,#3926,#3927);
#3299=AXIS2_PLACEMENT_3D('',#4930,#3928,#3929);
#3300=AXIS2_PLACEMENT_3D('',#4932,#3930,#3931);
#3301=AXIS2_PLACEMENT_3D('',#4936,#3933,#3934);
#3302=AXIS2_PLACEMENT_3D('',#4940,#3936,#3937);
#3303=AXIS2_PLACEMENT_3D('',#4942,#3939,#3940);
#3304=AXIS2_PLACEMENT_3D('',#4944,#3941,#3942);
#3305=AXIS2_PLACEMENT_3D('',#4946,#3943,#3944);
#3306=AXIS2_PLACEMENT_3D('',#4948,#3946,#3947);
#3307=AXIS2_PLACEMENT_3D('',#4951,#3949,#3950);
#3308=AXIS2_PLACEMENT_3D('',#4952,#3951,#3952);
#3309=AXIS2_PLACEMENT_3D('',#4955,#3954,#3955);
#3310=AXIS2_PLACEMENT_3D('',#4956,#3956,#3957);
#3311=AXIS2_PLACEMENT_3D('',#4959,#3960,#3961);
#3312=AXIS2_PLACEMENT_3D('',#4965,#3965,#3966);
#3313=AXIS2_PLACEMENT_3D('',#4967,#3967,#3968);
#3314=AXIS2_PLACEMENT_3D('',#4969,#3969,#3970);
#3315=AXIS2_PLACEMENT_3D('',#4971,#3972,#3973);
#3316=AXIS2_PLACEMENT_3D('',#4976,#3975,#3976);
#3317=AXIS2_PLACEMENT_3D('',#4978,#3977,#3978);
#3318=AXIS2_PLACEMENT_3D('',#4982,#3980,#3981);
#3319=AXIS2_PLACEMENT_3D('',#4987,#3984,#3985);
#3320=AXIS2_PLACEMENT_3D('',#4988,#3986,#3987);
#3321=AXIS2_PLACEMENT_3D('',#4990,#3988,#3989);
#3322=AXIS2_PLACEMENT_3D('',#4992,#3990,#3991);
#3323=AXIS2_PLACEMENT_3D('',#4993,#3992,#3993);
#3324=AXIS2_PLACEMENT_3D('',#4997,#3995,#3996);
#3325=AXIS2_PLACEMENT_3D('',#4998,#3997,#3998);
#3326=AXIS2_PLACEMENT_3D('',#4999,#3999,#4000);
#3327=AXIS2_PLACEMENT_3D('',#5002,#4002,#4003);
#3328=AXIS2_PLACEMENT_3D('',#5003,#4004,#4005);
#3329=AXIS2_PLACEMENT_3D('',#5008,#4007,#4008);
#3330=AXIS2_PLACEMENT_3D('',#5010,#4009,#4010);
#3331=AXIS2_PLACEMENT_3D('',#5015,#4013,#4014);
#3332=AXIS2_PLACEMENT_3D('',#5019,#4016,#4017);
#3333=AXIS2_PLACEMENT_3D('',#5020,#4018,#4019);
#3334=AXIS2_PLACEMENT_3D('',#5022,#4020,#4021);
#3335=AXIS2_PLACEMENT_3D('',#5023,#4022,#4023);
#3336=AXIS2_PLACEMENT_3D('',#5026,#4024,#4025);
#3337=AXIS2_PLACEMENT_3D('',#5028,#4027,#4028);
#3338=AXIS2_PLACEMENT_3D('',#5029,#4029,#4030);
#3339=AXIS2_PLACEMENT_3D('',#5031,#4032,#4033);
#3340=AXIS2_PLACEMENT_3D('',#5034,#4036,#4037);
#3341=AXIS2_PLACEMENT_3D('',#5036,#4039,#4040);
#3342=AXIS2_PLACEMENT_3D('',#5038,#4042,#4043);
#3343=AXIS2_PLACEMENT_3D('',#5040,#4045,#4046);
#3344=AXIS2_PLACEMENT_3D('',#5042,#4048,#4049);
#3345=AXIS2_PLACEMENT_3D('',#5044,#4051,#4052);
#3346=AXIS2_PLACEMENT_3D('',#5045,#4053,#4054);
#3347=AXIS2_PLACEMENT_3D('',#5047,#4056,#4057);
#3348=AXIS2_PLACEMENT_3D('',#5048,#4058,#4059);
#3349=AXIS2_PLACEMENT_3D('',#5049,#4060,#4061);
#3350=AXIS2_PLACEMENT_3D('',#5051,#4063,#4064);
#3351=AXIS2_PLACEMENT_3D('',#5053,#4066,#4067);
#3352=AXIS2_PLACEMENT_3D('',#5055,#4069,#4070);
#3353=AXIS2_PLACEMENT_3D('',#5057,#4072,#4073);
#3354=AXIS2_PLACEMENT_3D('',#5059,#4075,#4076);
#3355=AXIS2_PLACEMENT_3D('',#5061,#4078,#4079);
#3356=AXIS2_PLACEMENT_3D('',#5063,#4081,#4082);
#3357=AXIS2_PLACEMENT_3D('',#5065,#4084,#4085);
#3358=AXIS2_PLACEMENT_3D('',#5068,#4087,#4088);
#3359=AXIS2_PLACEMENT_3D('',#5069,#4089,#4090);
#3360=AXIS2_PLACEMENT_3D('',#5071,#4092,#4093);
#3361=AXIS2_PLACEMENT_3D('',#5074,#4095,#4096);
#3362=AXIS2_PLACEMENT_3D('',#5075,#4097,#4098);
#3363=AXIS2_PLACEMENT_3D('',#5077,#4100,#4101);
#3364=AXIS2_PLACEMENT_3D('',#5080,#4103,#4104);
#3365=AXIS2_PLACEMENT_3D('',#5081,#4105,#4106);
#3366=AXIS2_PLACEMENT_3D('',#5083,#4108,#4109);
#3367=AXIS2_PLACEMENT_3D('',#5086,#4111,#4112);
#3368=AXIS2_PLACEMENT_3D('',#5087,#4113,#4114);
#3369=AXIS2_PLACEMENT_3D('',#5089,#4116,#4117);
#3370=AXIS2_PLACEMENT_3D('',#5091,#4119,#4120);
#3371=AXIS2_PLACEMENT_3D('',#5093,#4122,#4123);
#3372=AXIS2_PLACEMENT_3D('',#5095,#4125,#4126);
#3373=AXIS2_PLACEMENT_3D('',#5097,#4128,#4129);
#3374=AXIS2_PLACEMENT_3D('',#5099,#4131,#4132);
#3375=AXIS2_PLACEMENT_3D('',#5101,#4134,#4135);
#3376=AXIS2_PLACEMENT_3D('',#5103,#4137,#4138);
#3377=AXIS2_PLACEMENT_3D('',#5105,#4140,#4141);
#3378=AXIS2_PLACEMENT_3D('',#5107,#4143,#4144);
#3379=AXIS2_PLACEMENT_3D('',#5109,#4146,#4147);
#3380=AXIS2_PLACEMENT_3D('',#5111,#4149,#4150);
#3381=AXIS2_PLACEMENT_3D('',#5113,#4152,#4153);
#3382=AXIS2_PLACEMENT_3D('',#5115,#4155,#4156);
#3383=AXIS2_PLACEMENT_3D('',#5117,#4158,#4159);
#3384=AXIS2_PLACEMENT_3D('',#5119,#4161,#4162);
#3385=AXIS2_PLACEMENT_3D('',#5121,#4164,#4165);
#3386=AXIS2_PLACEMENT_3D('',#5124,#4167,#4168);
#3387=AXIS2_PLACEMENT_3D('',#5125,#4169,#4170);
#3388=AXIS2_PLACEMENT_3D('',#5127,#4172,#4173);
#3389=AXIS2_PLACEMENT_3D('',#5130,#4175,#4176);
#3390=AXIS2_PLACEMENT_3D('',#5131,#4177,#4178);
#3391=AXIS2_PLACEMENT_3D('',#5133,#4180,#4181);
#3392=AXIS2_PLACEMENT_3D('',#5136,#4183,#4184);
#3393=AXIS2_PLACEMENT_3D('',#5137,#4185,#4186);
#3394=AXIS2_PLACEMENT_3D('',#5139,#4188,#4189);
#3395=AXIS2_PLACEMENT_3D('',#5142,#4191,#4192);
#3396=AXIS2_PLACEMENT_3D('',#5143,#4193,#4194);
#3397=AXIS2_PLACEMENT_3D('',#5145,#4196,#4197);
#3398=AXIS2_PLACEMENT_3D('',#5147,#4199,#4200);
#3399=AXIS2_PLACEMENT_3D('',#5149,#4202,#4203);
#3400=AXIS2_PLACEMENT_3D('',#5151,#4205,#4206);
#3401=AXIS2_PLACEMENT_3D('',#5153,#4208,#4209);
#3402=AXIS2_PLACEMENT_3D('',#5155,#4211,#4212);
#3403=AXIS2_PLACEMENT_3D('',#5157,#4214,#4215);
#3404=AXIS2_PLACEMENT_3D('',#5159,#4217,#4218);
#3405=AXIS2_PLACEMENT_3D('',#5161,#4220,#4221);
#3406=AXIS2_PLACEMENT_3D('',#5164,#4223,#4224);
#3407=AXIS2_PLACEMENT_3D('',#5165,#4225,#4226);
#3408=AXIS2_PLACEMENT_3D('',#5167,#4228,#4229);
#3409=AXIS2_PLACEMENT_3D('',#5170,#4231,#4232);
#3410=AXIS2_PLACEMENT_3D('',#5171,#4233,#4234);
#3411=AXIS2_PLACEMENT_3D('',#5173,#4236,#4237);
#3412=AXIS2_PLACEMENT_3D('',#5176,#4239,#4240);
#3413=AXIS2_PLACEMENT_3D('',#5177,#4241,#4242);
#3414=AXIS2_PLACEMENT_3D('',#5179,#4244,#4245);
#3415=AXIS2_PLACEMENT_3D('',#5182,#4247,#4248);
#3416=AXIS2_PLACEMENT_3D('',#5183,#4249,#4250);
#3417=AXIS2_PLACEMENT_3D('',#5185,#4252,#4253);
#3418=AXIS2_PLACEMENT_3D('',#5188,#4255,#4256);
#3419=AXIS2_PLACEMENT_3D('',#5189,#4257,#4258);
#3420=AXIS2_PLACEMENT_3D('',#5191,#4260,#4261);
#3421=AXIS2_PLACEMENT_3D('',#5194,#4263,#4264);
#3422=AXIS2_PLACEMENT_3D('',#5195,#4265,#4266);
#3423=AXIS2_PLACEMENT_3D('',#5197,#4268,#4269);
#3424=AXIS2_PLACEMENT_3D('',#5200,#4271,#4272);
#3425=AXIS2_PLACEMENT_3D('',#5201,#4273,#4274);
#3426=AXIS2_PLACEMENT_3D('',#5203,#4276,#4277);
#3427=AXIS2_PLACEMENT_3D('',#5206,#4279,#4280);
#3428=AXIS2_PLACEMENT_3D('',#5207,#4281,#4282);
#3429=AXIS2_PLACEMENT_3D('',#5209,#4284,#4285);
#3430=AXIS2_PLACEMENT_3D('',#5212,#4288,#4289);
#3431=AXIS2_PLACEMENT_3D('',#5214,#4291,#4292);
#3432=AXIS2_PLACEMENT_3D('',#5216,#4294,#4295);
#3433=AXIS2_PLACEMENT_3D('',#5218,#4297,#4298);
#3434=AXIS2_PLACEMENT_3D('',#5220,#4300,#4301);
#3435=AXIS2_PLACEMENT_3D('',#5222,#4303,#4304);
#3436=AXIS2_PLACEMENT_3D('',#5224,#4306,#4307);
#3437=AXIS2_PLACEMENT_3D('',#5226,#4309,#4310);
#3438=AXIS2_PLACEMENT_3D('',#5228,#4312,#4313);
#3439=AXIS2_PLACEMENT_3D('',#5230,#4315,#4316);
#3440=AXIS2_PLACEMENT_3D('',#5232,#4318,#4319);
#3441=AXIS2_PLACEMENT_3D('',#5234,#4321,#4322);
#3442=AXIS2_PLACEMENT_3D('',#5236,#4324,#4325);
#3443=AXIS2_PLACEMENT_3D('',#5238,#4327,#4328);
#3444=AXIS2_PLACEMENT_3D('',#5240,#4330,#4331);
#3445=AXIS2_PLACEMENT_3D('',#5241,#4332,#4333);
#3446=AXIS2_PLACEMENT_3D('',#5244,#4336,#4337);
#3447=AXIS2_PLACEMENT_3D('',#5246,#4339,#4340);
#3448=AXIS2_PLACEMENT_3D('',#5248,#4342,#4343);
#3449=AXIS2_PLACEMENT_3D('',#5250,#4345,#4346);
#3450=AXIS2_PLACEMENT_3D('',#5252,#4348,#4349);
#3451=AXIS2_PLACEMENT_3D('',#5254,#4351,#4352);
#3452=AXIS2_PLACEMENT_3D('',#5256,#4354,#4355);
#3453=AXIS2_PLACEMENT_3D('',#5258,#4357,#4358);
#3454=AXIS2_PLACEMENT_3D('',#5260,#4360,#4361);
#3455=AXIS2_PLACEMENT_3D('',#5262,#4363,#4364);
#3456=AXIS2_PLACEMENT_3D('',#5264,#4366,#4367);
#3457=AXIS2_PLACEMENT_3D('',#5266,#4369,#4370);
#3458=AXIS2_PLACEMENT_3D('',#5268,#4372,#4373);
#3459=AXIS2_PLACEMENT_3D('',#5270,#4375,#4376);
#3460=AXIS2_PLACEMENT_3D('',#5272,#4378,#4379);
#3461=AXIS2_PLACEMENT_3D('',#5273,#4380,#4381);
#3462=AXIS2_PLACEMENT_3D('',#5275,#4383,#4384);
#3463=AXIS2_PLACEMENT_3D('',#5276,#4385,#4386);
#3464=AXIS2_PLACEMENT_3D('',#5278,#4387,#4388);
#3465=AXIS2_PLACEMENT_3D('',#5281,#4390,#4391);
#3466=AXIS2_PLACEMENT_3D('',#5282,#4392,#4393);
#3467=AXIS2_PLACEMENT_3D('',#5284,#4394,#4395);
#3468=AXIS2_PLACEMENT_3D('',#5287,#4397,#4398);
#3469=AXIS2_PLACEMENT_3D('',#5288,#4399,#4400);
#3470=AXIS2_PLACEMENT_3D('',#5290,#4401,#4402);
#3471=AXIS2_PLACEMENT_3D('',#5293,#4404,#4405);
#3472=AXIS2_PLACEMENT_3D('',#5294,#4406,#4407);
#3473=AXIS2_PLACEMENT_3D('',#5296,#4408,#4409);
#3474=AXIS2_PLACEMENT_3D('',#5299,#4411,#4412);
#3475=AXIS2_PLACEMENT_3D('',#5300,#4413,#4414);
#3476=AXIS2_PLACEMENT_3D('',#5302,#4415,#4416);
#3477=AXIS2_PLACEMENT_3D('',#5305,#4418,#4419);
#3478=AXIS2_PLACEMENT_3D('',#5306,#4420,#4421);
#3479=AXIS2_PLACEMENT_3D('',#5308,#4422,#4423);
#3480=AXIS2_PLACEMENT_3D('',#5311,#4425,#4426);
#3481=AXIS2_PLACEMENT_3D('',#5312,#4427,#4428);
#3482=AXIS2_PLACEMENT_3D('',#5314,#4429,#4430);
#3483=AXIS2_PLACEMENT_3D('',#5317,#4432,#4433);
#3484=AXIS2_PLACEMENT_3D('',#5318,#4434,#4435);
#3485=AXIS2_PLACEMENT_3D('',#5320,#4436,#4437);
#3486=AXIS2_PLACEMENT_3D('',#5323,#4439,#4440);
#3487=AXIS2_PLACEMENT_3D('',#5324,#4441,#4442);
#3488=AXIS2_PLACEMENT_3D('',#5326,#4443,#4444);
#3489=AXIS2_PLACEMENT_3D('',#5329,#4446,#4447);
#3490=AXIS2_PLACEMENT_3D('',#5330,#4448,#4449);
#3491=AXIS2_PLACEMENT_3D('',#5332,#4450,#4451);
#3492=AXIS2_PLACEMENT_3D('',#5335,#4453,#4454);
#3493=AXIS2_PLACEMENT_3D('',#5336,#4455,#4456);
#3494=AXIS2_PLACEMENT_3D('',#5338,#4457,#4458);
#3495=AXIS2_PLACEMENT_3D('',#5341,#4460,#4461);
#3496=AXIS2_PLACEMENT_3D('',#5342,#4462,#4463);
#3497=AXIS2_PLACEMENT_3D('',#5344,#4464,#4465);
#3498=AXIS2_PLACEMENT_3D('',#5347,#4467,#4468);
#3499=AXIS2_PLACEMENT_3D('',#5348,#4469,#4470);
#3500=AXIS2_PLACEMENT_3D('',#5350,#4471,#4472);
#3501=AXIS2_PLACEMENT_3D('',#5353,#4474,#4475);
#3502=AXIS2_PLACEMENT_3D('',#5354,#4476,#4477);
#3503=AXIS2_PLACEMENT_3D('',#5356,#4478,#4479);
#3504=AXIS2_PLACEMENT_3D('',#5359,#4481,#4482);
#3505=AXIS2_PLACEMENT_3D('',#5360,#4483,#4484);
#3506=AXIS2_PLACEMENT_3D('',#5362,#4485,#4486);
#3507=AXIS2_PLACEMENT_3D('',#5365,#4488,#4489);
#3508=AXIS2_PLACEMENT_3D('',#5366,#4490,#4491);
#3509=AXIS2_PLACEMENT_3D('',#5368,#4492,#4493);
#3510=AXIS2_PLACEMENT_3D('',#5371,#4495,#4496);
#3511=DIRECTION('axis',(0.,0.,1.));
#3512=DIRECTION('refdir',(1.,0.,0.));
#3513=DIRECTION('center_axis',(1.,0.,0.));
#3514=DIRECTION('ref_axis',(0.,0.,-1.));
#3515=DIRECTION('',(0.,1.,0.));
#3516=DIRECTION('center_axis',(1.,0.,0.));
#3517=DIRECTION('ref_axis',(0.,0.610953262442283,0.791666666666679));
#3518=DIRECTION('center_axis',(1.,0.,0.));
#3519=DIRECTION('ref_axis',(0.,-0.610953262442283,-0.791666666666679));
#3520=DIRECTION('',(0.,1.,0.));
#3521=DIRECTION('center_axis',(1.,0.,0.));
#3522=DIRECTION('ref_axis',(0.,0.,-1.));
#3523=DIRECTION('',(0.,0.,-1.));
#3524=DIRECTION('',(0.,1.,0.));
#3525=DIRECTION('',(0.,0.,-1.));
#3526=DIRECTION('center_axis',(1.,0.,0.));
#3527=DIRECTION('ref_axis',(0.,-1.,0.));
#3528=DIRECTION('',(0.,1.,0.));
#3529=DIRECTION('center_axis',(1.,0.,0.));
#3530=DIRECTION('ref_axis',(0.,0.,-1.));
#3531=DIRECTION('center_axis',(1.,0.,0.));
#3532=DIRECTION('ref_axis',(0.,0.,1.));
#3533=DIRECTION('center_axis',(1.,0.,0.));
#3534=DIRECTION('ref_axis',(0.,1.,0.));
#3535=DIRECTION('center_axis',(1.,0.,0.));
#3536=DIRECTION('ref_axis',(0.,1.,0.));
#3537=DIRECTION('center_axis',(1.,0.,0.));
#3538=DIRECTION('ref_axis',(0.,1.,0.));
#3539=DIRECTION('center_axis',(1.,0.,0.));
#3540=DIRECTION('ref_axis',(0.,1.,0.));
#3541=DIRECTION('',(1.,0.,0.));
#3542=DIRECTION('center_axis',(1.,0.,0.));
#3543=DIRECTION('ref_axis',(0.,1.,0.));
#3544=DIRECTION('center_axis',(-1.,0.,0.));
#3545=DIRECTION('ref_axis',(0.,0.,-1.));
#3546=DIRECTION('',(-0.707106781186548,8.65956056235493E-17,0.707106781186548));
#3547=DIRECTION('center_axis',(1.,0.,0.));
#3548=DIRECTION('ref_axis',(0.,1.,0.));
#3549=DIRECTION('center_axis',(1.,0.,0.));
#3550=DIRECTION('ref_axis',(0.,0.,-1.));
#3551=DIRECTION('',(0.,1.,0.));
#3552=DIRECTION('center_axis',(1.,0.,0.));
#3553=DIRECTION('ref_axis',(0.,0.,1.));
#3554=DIRECTION('center_axis',(-1.,0.,0.));
#3555=DIRECTION('ref_axis',(0.,0.610953262442283,-0.791666666666679));
#3556=DIRECTION('',(0.,1.,0.));
#3557=DIRECTION('center_axis',(-1.,0.,0.));
#3558=DIRECTION('ref_axis',(0.,0.,-1.));
#3559=DIRECTION('',(0.,0.,-1.));
#3560=DIRECTION('',(0.,1.,0.));
#3561=DIRECTION('',(0.,0.,-1.));
#3562=DIRECTION('center_axis',(-1.,0.,0.));
#3563=DIRECTION('ref_axis',(0.,1.,0.));
#3564=DIRECTION('',(0.,1.,0.));
#3565=DIRECTION('center_axis',(-1.,0.,0.));
#3566=DIRECTION('ref_axis',(0.,0.,-1.));
#3567=DIRECTION('center_axis',(1.,0.,0.));
#3568=DIRECTION('ref_axis',(0.,0.610953262442283,0.791666666666679));
#3569=DIRECTION('center_axis',(1.,0.,0.));
#3570=DIRECTION('ref_axis',(0.,-1.,0.));
#3571=DIRECTION('center_axis',(-1.,0.,0.));
#3572=DIRECTION('ref_axis',(0.,0.,-1.));
#3573=DIRECTION('center_axis',(1.,0.,0.));
#3574=DIRECTION('ref_axis',(0.,-1.,0.));
#3575=DIRECTION('',(-0.707106781186548,8.65956056235493E-17,0.707106781186548));
#3576=DIRECTION('center_axis',(1.,0.,0.));
#3577=DIRECTION('ref_axis',(0.,-1.,0.));
#3578=DIRECTION('center_axis',(1.,0.,0.));
#3579=DIRECTION('ref_axis',(0.,1.,0.));
#3580=DIRECTION('',(1.,0.,0.));
#3581=DIRECTION('center_axis',(0.,0.,-1.));
#3582=DIRECTION('ref_axis',(0.,1.,0.));
#3583=DIRECTION('',(-1.,0.,0.));
#3584=DIRECTION('',(-1.,0.,0.));
#3585=DIRECTION('center_axis',(1.,0.,0.));
#3586=DIRECTION('ref_axis',(0.,0.6476890718445,0.7619047619048));
#3587=DIRECTION('',(1.,0.,0.));
#3588=DIRECTION('center_axis',(1.,0.,0.));
#3589=DIRECTION('ref_axis',(0.,-0.610953262442283,-0.791666666666679));
#3590=DIRECTION('',(1.,0.,0.));
#3591=DIRECTION('center_axis',(0.,0.,-1.));
#3592=DIRECTION('ref_axis',(0.,1.,0.));
#3593=DIRECTION('',(1.,0.,0.));
#3594=DIRECTION('center_axis',(0.,0.,-1.));
#3595=DIRECTION('ref_axis',(0.,1.,0.));
#3596=DIRECTION('',(1.,0.,0.));
#3597=DIRECTION('',(1.,0.,0.));
#3598=DIRECTION('center_axis',(1.,0.,0.));
#3599=DIRECTION('ref_axis',(0.,0.,-1.));
#3600=DIRECTION('',(1.,0.,0.));
#3601=DIRECTION('center_axis',(0.,-1.,0.));
#3602=DIRECTION('ref_axis',(0.,0.,-1.));
#3603=DIRECTION('',(-1.,0.,0.));
#3604=DIRECTION('center_axis',(0.,-1.,0.));
#3605=DIRECTION('ref_axis',(-1.,0.,0.));
#3606=DIRECTION('center_axis',(0.,-1.,0.));
#3607=DIRECTION('ref_axis',(0.,0.,1.));
#3608=DIRECTION('center_axis',(0.,-1.,0.));
#3609=DIRECTION('ref_axis',(0.,0.,1.));
#3610=DIRECTION('',(0.,0.,1.));
#3611=DIRECTION('center_axis',(0.,1.,0.));
#3612=DIRECTION('ref_axis',(1.,0.,0.));
#3613=DIRECTION('center_axis',(0.,-1.,0.));
#3614=DIRECTION('ref_axis',(0.,0.,1.));
#3615=DIRECTION('',(0.,1.,0.));
#3616=DIRECTION('center_axis',(0.,-1.,0.));
#3617=DIRECTION('ref_axis',(-1.,0.,0.));
#3618=DIRECTION('',(0.,0.,1.));
#3619=DIRECTION('center_axis',(0.,-1.,0.));
#3620=DIRECTION('ref_axis',(0.,0.,1.));
#3621=DIRECTION('',(-1.,0.,0.));
#3622=DIRECTION('center_axis',(0.,-1.,0.));
#3623=DIRECTION('ref_axis',(0.,0.,-1.));
#3624=DIRECTION('',(1.,0.,0.));
#3625=DIRECTION('center_axis',(1.,0.,0.));
#3626=DIRECTION('ref_axis',(0.,-1.,0.));
#3627=DIRECTION('center_axis',(0.,1.,0.));
#3628=DIRECTION('ref_axis',(1.,0.,0.));
#3629=DIRECTION('',(0.,1.,0.));
#3630=DIRECTION('center_axis',(0.,0.,-1.));
#3631=DIRECTION('ref_axis',(-1.,0.,0.));
#3632=DIRECTION('',(-1.,0.,0.));
#3633=DIRECTION('',(0.,1.,0.));
#3634=DIRECTION('',(-1.,0.,0.));
#3635=DIRECTION('center_axis',(0.,0.,-1.));
#3636=DIRECTION('ref_axis',(-1.,0.,0.));
#3637=DIRECTION('center_axis',(0.,0.,-1.));
#3638=DIRECTION('ref_axis',(-0.707106781186548,-0.707106781186548,0.));
#3639=DIRECTION('center_axis',(0.,0.,-1.));
#3640=DIRECTION('ref_axis',(0.,-1.,0.));
#3641=DIRECTION('center_axis',(0.,0.,-1.));
#3642=DIRECTION('ref_axis',(0.707106781186498,-0.707106781186598,0.));
#3643=DIRECTION('center_axis',(0.,0.,-1.));
#3644=DIRECTION('ref_axis',(1.,0.,0.));
#3645=DIRECTION('center_axis',(0.,0.,-1.));
#3646=DIRECTION('ref_axis',(0.707106781186548,0.707106781186548,0.));
#3647=DIRECTION('center_axis',(0.,0.,-1.));
#3648=DIRECTION('ref_axis',(0.,1.,0.));
#3649=DIRECTION('center_axis',(0.,0.,-1.));
#3650=DIRECTION('ref_axis',(-0.707106781186498,0.707106781186598,0.));
#3651=DIRECTION('center_axis',(0.,0.,1.));
#3652=DIRECTION('ref_axis',(-1.,0.,0.));
#3653=DIRECTION('center_axis',(0.,0.,1.));
#3654=DIRECTION('ref_axis',(0.,-1.,0.));
#3655=DIRECTION('center_axis',(0.,0.,1.));
#3656=DIRECTION('ref_axis',(1.,0.,0.));
#3657=DIRECTION('center_axis',(0.,0.,1.));
#3658=DIRECTION('ref_axis',(0.,1.,0.));
#3659=DIRECTION('center_axis',(0.,0.,-1.));
#3660=DIRECTION('ref_axis',(-1.,0.,0.));
#3661=DIRECTION('center_axis',(0.,0.,-1.));
#3662=DIRECTION('ref_axis',(0.,-1.,0.));
#3663=DIRECTION('center_axis',(0.,0.,-1.));
#3664=DIRECTION('ref_axis',(1.,0.,0.));
#3665=DIRECTION('center_axis',(0.,0.,-1.));
#3666=DIRECTION('ref_axis',(0.,1.,0.));
#3667=DIRECTION('center_axis',(0.,0.,-1.));
#3668=DIRECTION('ref_axis',(-1.,0.,0.));
#3669=DIRECTION('center_axis',(0.,0.,-1.));
#3670=DIRECTION('ref_axis',(0.,-1.,0.));
#3671=DIRECTION('center_axis',(0.,0.,-1.));
#3672=DIRECTION('ref_axis',(1.,0.,0.));
#3673=DIRECTION('center_axis',(0.,0.,-1.));
#3674=DIRECTION('ref_axis',(0.,1.,0.));
#3675=DIRECTION('center_axis',(0.,0.,-1.));
#3676=DIRECTION('ref_axis',(-1.,0.,0.));
#3677=DIRECTION('center_axis',(0.,0.,-1.));
#3678=DIRECTION('ref_axis',(-0.707106781186548,-0.707106781186548,0.));
#3679=DIRECTION('center_axis',(0.,0.,-1.));
#3680=DIRECTION('ref_axis',(0.,-1.,0.));
#3681=DIRECTION('center_axis',(0.,0.,-1.));
#3682=DIRECTION('ref_axis',(0.707106781186548,-0.707106781186548,0.));
#3683=DIRECTION('center_axis',(0.,0.,-1.));
#3684=DIRECTION('ref_axis',(1.,0.,0.));
#3685=DIRECTION('center_axis',(0.,0.,-1.));
#3686=DIRECTION('ref_axis',(0.707106781186548,0.707106781186548,0.));
#3687=DIRECTION('center_axis',(0.,0.,-1.));
#3688=DIRECTION('ref_axis',(0.,1.,0.));
#3689=DIRECTION('center_axis',(0.,0.,-1.));
#3690=DIRECTION('ref_axis',(-0.707106781186548,0.707106781186548,0.));
#3691=DIRECTION('center_axis',(0.,0.,1.));
#3692=DIRECTION('ref_axis',(-1.,0.,0.));
#3693=DIRECTION('center_axis',(0.,0.,1.));
#3694=DIRECTION('ref_axis',(0.,-1.,0.));
#3695=DIRECTION('center_axis',(0.,0.,1.));
#3696=DIRECTION('ref_axis',(1.,0.,0.));
#3697=DIRECTION('center_axis',(0.,0.,1.));
#3698=DIRECTION('ref_axis',(0.,1.,0.));
#3699=DIRECTION('center_axis',(0.,0.,-1.));
#3700=DIRECTION('ref_axis',(-1.,0.,0.));
#3701=DIRECTION('center_axis',(0.,0.,-1.));
#3702=DIRECTION('ref_axis',(0.,-1.,0.));
#3703=DIRECTION('center_axis',(0.,0.,-1.));
#3704=DIRECTION('ref_axis',(1.,0.,0.));
#3705=DIRECTION('center_axis',(0.,0.,-1.));
#3706=DIRECTION('ref_axis',(0.,1.,0.));
#3707=DIRECTION('center_axis',(0.,0.,-1.));
#3708=DIRECTION('ref_axis',(-1.,0.,0.));
#3709=DIRECTION('center_axis',(0.,0.,-1.));
#3710=DIRECTION('ref_axis',(0.,-1.,0.));
#3711=DIRECTION('center_axis',(0.,0.,-1.));
#3712=DIRECTION('ref_axis',(1.,0.,0.));
#3713=DIRECTION('center_axis',(0.,0.,-1.));
#3714=DIRECTION('ref_axis',(0.,1.,0.));
#3715=DIRECTION('center_axis',(0.,0.,1.));
#3716=DIRECTION('ref_axis',(-1.,0.,0.));
#3717=DIRECTION('center_axis',(0.,0.,1.));
#3718=DIRECTION('ref_axis',(-1.,0.,0.));
#3719=DIRECTION('center_axis',(0.,0.,1.));
#3720=DIRECTION('ref_axis',(-1.,0.,0.));
#3721=DIRECTION('center_axis',(0.,0.,1.));
#3722=DIRECTION('ref_axis',(-1.,0.,0.));
#3723=DIRECTION('center_axis',(0.,0.,1.));
#3724=DIRECTION('ref_axis',(-1.,0.,0.));
#3725=DIRECTION('center_axis',(0.,0.,1.));
#3726=DIRECTION('ref_axis',(-1.,0.,0.));
#3727=DIRECTION('center_axis',(0.,0.,1.));
#3728=DIRECTION('ref_axis',(-1.,0.,0.));
#3729=DIRECTION('center_axis',(0.,0.,1.));
#3730=DIRECTION('ref_axis',(-1.,0.,0.));
#3731=DIRECTION('center_axis',(0.,0.,1.));
#3732=DIRECTION('ref_axis',(0.,1.,0.));
#3733=DIRECTION('center_axis',(0.,0.,1.));
#3734=DIRECTION('ref_axis',(-0.816194118764759,-0.577777777777771,0.));
#3735=DIRECTION('center_axis',(0.,0.,1.));
#3736=DIRECTION('ref_axis',(0.816194118764759,0.577777777777771,0.));
#3737=DIRECTION('',(-1.,0.,0.));
#3738=DIRECTION('center_axis',(0.,0.,-1.));
#3739=DIRECTION('ref_axis',(0.,-1.,0.));
#3740=DIRECTION('',(0.,1.,0.));
#3741=DIRECTION('center_axis',(0.,0.,-1.));
#3742=DIRECTION('ref_axis',(-1.,0.,0.));
#3743=DIRECTION('',(1.,0.,0.));
#3744=DIRECTION('center_axis',(0.,0.,1.));
#3745=DIRECTION('ref_axis',(0.,-1.,0.));
#3746=DIRECTION('center_axis',(0.,0.,1.));
#3747=DIRECTION('ref_axis',(0.816194118764759,0.577777777777771,0.));
#3748=DIRECTION('center_axis',(0.,0.,1.));
#3749=DIRECTION('ref_axis',(-0.816194118764725,-0.577777777777818,0.));
#3750=DIRECTION('',(1.,0.,0.));
#3751=DIRECTION('center_axis',(0.,0.,-1.));
#3752=DIRECTION('ref_axis',(0.,1.,0.));
#3753=DIRECTION('',(0.,-1.,0.));
#3754=DIRECTION('center_axis',(0.,0.,-1.));
#3755=DIRECTION('ref_axis',(1.,0.,0.));
#3756=DIRECTION('',(-1.,0.,0.));
#3757=DIRECTION('center_axis',(0.,0.,1.));
#3758=DIRECTION('ref_axis',(-0.816194118764759,-0.577777777777771,0.));
#3759=DIRECTION('',(1.,0.,0.));
#3760=DIRECTION('center_axis',(0.,0.,-1.));
#3761=DIRECTION('ref_axis',(0.,1.,0.));
#3762=DIRECTION('',(0.,-1.,0.));
#3763=DIRECTION('center_axis',(0.,0.,-1.));
#3764=DIRECTION('ref_axis',(1.,0.,0.));
#3765=DIRECTION('',(-1.,0.,0.));
#3766=DIRECTION('center_axis',(0.,0.,1.));
#3767=DIRECTION('ref_axis',(0.,1.,0.));
#3768=DIRECTION('center_axis',(0.,0.,1.));
#3769=DIRECTION('ref_axis',(-0.816194118764759,-0.577777777777771,0.));
#3770=DIRECTION('center_axis',(0.,0.,1.));
#3771=DIRECTION('ref_axis',(0.816194118764759,0.577777777777771,0.));
#3772=DIRECTION('',(-1.,0.,0.));
#3773=DIRECTION('center_axis',(0.,0.,-1.));
#3774=DIRECTION('ref_axis',(0.,-1.,0.));
#3775=DIRECTION('',(0.,1.,0.));
#3776=DIRECTION('center_axis',(0.,0.,-1.));
#3777=DIRECTION('ref_axis',(-1.,0.,0.));
#3778=DIRECTION('',(1.,0.,0.));
#3779=DIRECTION('center_axis',(0.,0.,1.));
#3780=DIRECTION('ref_axis',(0.,-1.,0.));
#3781=DIRECTION('center_axis',(0.,0.,1.));
#3782=DIRECTION('ref_axis',(0.816194118764759,0.577777777777771,0.));
#3783=DIRECTION('center_axis',(0.,-1.,0.));
#3784=DIRECTION('ref_axis',(-1.,0.,0.));
#3785=DIRECTION('',(-1.,0.,0.));
#3786=DIRECTION('',(0.,0.,1.));
#3787=DIRECTION('center_axis',(0.,0.,-1.));
#3788=DIRECTION('ref_axis',(-1.,0.,0.));
#3789=DIRECTION('',(-1.,0.,0.));
#3790=DIRECTION('',(0.,1.,0.));
#3791=DIRECTION('center_axis',(0.,0.,-1.));
#3792=DIRECTION('ref_axis',(-1.,0.,0.));
#3793=DIRECTION('center_axis',(0.,0.,-1.));
#3794=DIRECTION('ref_axis',(-0.707106781186548,-0.707106781186548,0.));
#3795=DIRECTION('center_axis',(0.,0.,-1.));
#3796=DIRECTION('ref_axis',(0.,-1.,0.));
#3797=DIRECTION('center_axis',(0.,0.,-1.));
#3798=DIRECTION('ref_axis',(0.707106781186498,-0.707106781186598,0.));
#3799=DIRECTION('center_axis',(0.,0.,-1.));
#3800=DIRECTION('ref_axis',(1.,0.,0.));
#3801=DIRECTION('center_axis',(0.,0.,-1.));
#3802=DIRECTION('ref_axis',(0.707106781186548,0.707106781186548,0.));
#3803=DIRECTION('center_axis',(0.,0.,-1.));
#3804=DIRECTION('ref_axis',(0.,1.,0.));
#3805=DIRECTION('center_axis',(0.,0.,-1.));
#3806=DIRECTION('ref_axis',(-0.707106781186498,0.707106781186598,0.));
#3807=DIRECTION('center_axis',(0.,0.,1.));
#3808=DIRECTION('ref_axis',(-1.,0.,0.));
#3809=DIRECTION('center_axis',(0.,0.,1.));
#3810=DIRECTION('ref_axis',(0.,-1.,0.));
#3811=DIRECTION('center_axis',(0.,0.,1.));
#3812=DIRECTION('ref_axis',(1.,0.,0.));
#3813=DIRECTION('center_axis',(0.,0.,1.));
#3814=DIRECTION('ref_axis',(0.,1.,0.));
#3815=DIRECTION('center_axis',(0.,0.,-1.));
#3816=DIRECTION('ref_axis',(-1.,0.,0.));
#3817=DIRECTION('center_axis',(0.,0.,-1.));
#3818=DIRECTION('ref_axis',(0.,-1.,0.));
#3819=DIRECTION('center_axis',(0.,0.,-1.));
#3820=DIRECTION('ref_axis',(1.,0.,0.));
#3821=DIRECTION('center_axis',(0.,0.,-1.));
#3822=DIRECTION('ref_axis',(0.,1.,0.));
#3823=DIRECTION('center_axis',(0.,0.,-1.));
#3824=DIRECTION('ref_axis',(-1.,0.,0.));
#3825=DIRECTION('center_axis',(0.,0.,-1.));
#3826=DIRECTION('ref_axis',(0.,-1.,0.));
#3827=DIRECTION('center_axis',(0.,0.,-1.));
#3828=DIRECTION('ref_axis',(1.,0.,0.));
#3829=DIRECTION('center_axis',(0.,0.,-1.));
#3830=DIRECTION('ref_axis',(0.,1.,0.));
#3831=DIRECTION('center_axis',(0.,0.,-1.));
#3832=DIRECTION('ref_axis',(-1.,0.,0.));
#3833=DIRECTION('center_axis',(0.,0.,-1.));
#3834=DIRECTION('ref_axis',(-0.707106781186598,-0.707106781186498,0.));
#3835=DIRECTION('center_axis',(0.,0.,-1.));
#3836=DIRECTION('ref_axis',(0.,-1.,0.));
#3837=DIRECTION('center_axis',(0.,0.,-1.));
#3838=DIRECTION('ref_axis',(0.707106781186548,-0.707106781186548,0.));
#3839=DIRECTION('center_axis',(0.,0.,-1.));
#3840=DIRECTION('ref_axis',(1.,0.,0.));
#3841=DIRECTION('center_axis',(0.,0.,-1.));
#3842=DIRECTION('ref_axis',(0.707106781186548,0.707106781186548,0.));
#3843=DIRECTION('center_axis',(0.,0.,-1.));
#3844=DIRECTION('ref_axis',(0.,1.,0.));
#3845=DIRECTION('center_axis',(0.,0.,-1.));
#3846=DIRECTION('ref_axis',(-0.707106781186548,0.707106781186548,0.));
#3847=DIRECTION('center_axis',(0.,0.,1.));
#3848=DIRECTION('ref_axis',(-1.,0.,0.));
#3849=DIRECTION('center_axis',(0.,0.,1.));
#3850=DIRECTION('ref_axis',(0.,-1.,0.));
#3851=DIRECTION('center_axis',(0.,0.,1.));
#3852=DIRECTION('ref_axis',(1.,0.,0.));
#3853=DIRECTION('center_axis',(0.,0.,1.));
#3854=DIRECTION('ref_axis',(0.,1.,0.));
#3855=DIRECTION('center_axis',(0.,0.,-1.));
#3856=DIRECTION('ref_axis',(-1.,0.,0.));
#3857=DIRECTION('center_axis',(0.,0.,-1.));
#3858=DIRECTION('ref_axis',(0.,-1.,0.));
#3859=DIRECTION('center_axis',(0.,0.,-1.));
#3860=DIRECTION('ref_axis',(1.,0.,0.));
#3861=DIRECTION('center_axis',(0.,0.,-1.));
#3862=DIRECTION('ref_axis',(0.,1.,0.));
#3863=DIRECTION('center_axis',(0.,0.,-1.));
#3864=DIRECTION('ref_axis',(-1.,0.,0.));
#3865=DIRECTION('center_axis',(0.,0.,-1.));
#3866=DIRECTION('ref_axis',(0.,-1.,0.));
#3867=DIRECTION('center_axis',(0.,0.,-1.));
#3868=DIRECTION('ref_axis',(1.,0.,0.));
#3869=DIRECTION('center_axis',(0.,0.,-1.));
#3870=DIRECTION('ref_axis',(0.,1.,0.));
#3871=DIRECTION('center_axis',(0.,0.,1.));
#3872=DIRECTION('ref_axis',(-1.,0.,0.));
#3873=DIRECTION('center_axis',(0.,0.,1.));
#3874=DIRECTION('ref_axis',(-1.,0.,0.));
#3875=DIRECTION('center_axis',(0.,0.,1.));
#3876=DIRECTION('ref_axis',(-1.,0.,0.));
#3877=DIRECTION('center_axis',(0.,0.,1.));
#3878=DIRECTION('ref_axis',(-1.,0.,0.));
#3879=DIRECTION('center_axis',(0.,0.,1.));
#3880=DIRECTION('ref_axis',(-1.,0.,0.));
#3881=DIRECTION('center_axis',(0.,0.,1.));
#3882=DIRECTION('ref_axis',(-1.,0.,0.));
#3883=DIRECTION('center_axis',(0.,0.,1.));
#3884=DIRECTION('ref_axis',(-1.,0.,0.));
#3885=DIRECTION('center_axis',(0.,0.,1.));
#3886=DIRECTION('ref_axis',(-1.,0.,0.));
#3887=DIRECTION('center_axis',(0.,0.,-1.));
#3888=DIRECTION('ref_axis',(-0.816194118764725,0.577777777777818,0.));
#3889=DIRECTION('',(-1.,0.,0.));
#3890=DIRECTION('center_axis',(0.,0.,1.));
#3891=DIRECTION('ref_axis',(0.,-1.,0.));
#3892=DIRECTION('',(0.,-1.,0.));
#3893=DIRECTION('center_axis',(0.,0.,1.));
#3894=DIRECTION('ref_axis',(1.,0.,0.));
#3895=DIRECTION('',(1.,0.,0.));
#3896=DIRECTION('center_axis',(0.,0.,-1.));
#3897=DIRECTION('ref_axis',(0.,-1.,0.));
#3898=DIRECTION('center_axis',(0.,0.,1.));
#3899=DIRECTION('ref_axis',(0.816194118764759,0.577777777777771,0.));
#3900=DIRECTION('center_axis',(0.,0.,-1.));
#3901=DIRECTION('ref_axis',(0.816194118764759,-0.577777777777771,0.));
#3902=DIRECTION('',(1.,0.,0.));
#3903=DIRECTION('center_axis',(0.,0.,1.));
#3904=DIRECTION('ref_axis',(0.,1.,0.));
#3905=DIRECTION('',(0.,1.,0.));
#3906=DIRECTION('center_axis',(0.,0.,1.));
#3907=DIRECTION('ref_axis',(-1.,0.,0.));
#3908=DIRECTION('',(-1.,0.,0.));
#3909=DIRECTION('center_axis',(0.,0.,-1.));
#3910=DIRECTION('ref_axis',(0.,1.,0.));
#3911=DIRECTION('center_axis',(0.,0.,1.));
#3912=DIRECTION('ref_axis',(-0.816194118764759,-0.577777777777771,0.));
#3913=DIRECTION('center_axis',(0.,0.,-1.));
#3914=DIRECTION('ref_axis',(0.,-1.,0.));
#3915=DIRECTION('center_axis',(0.,0.,1.));
#3916=DIRECTION('ref_axis',(0.816194118764759,0.577777777777771,0.));
#3917=DIRECTION('center_axis',(0.,0.,-1.));
#3918=DIRECTION('ref_axis',(0.816194118764759,-0.577777777777771,0.));
#3919=DIRECTION('',(1.,0.,0.));
#3920=DIRECTION('center_axis',(0.,0.,1.));
#3921=DIRECTION('ref_axis',(0.,1.,0.));
#3922=DIRECTION('',(0.,1.,0.));
#3923=DIRECTION('center_axis',(0.,0.,1.));
#3924=DIRECTION('ref_axis',(-1.,0.,0.));
#3925=DIRECTION('',(-1.,0.,0.));
#3926=DIRECTION('center_axis',(0.,0.,-1.));
#3927=DIRECTION('ref_axis',(0.,1.,0.));
#3928=DIRECTION('center_axis',(0.,0.,1.));
#3929=DIRECTION('ref_axis',(-0.816194118764759,-0.577777777777771,0.));
#3930=DIRECTION('center_axis',(0.,0.,-1.));
#3931=DIRECTION('ref_axis',(-0.816194118764725,0.577777777777818,0.));
#3932=DIRECTION('',(-1.,0.,0.));
#3933=DIRECTION('center_axis',(0.,0.,1.));
#3934=DIRECTION('ref_axis',(0.,-1.,0.));
#3935=DIRECTION('',(0.,-1.,0.));
#3936=DIRECTION('center_axis',(0.,0.,1.));
#3937=DIRECTION('ref_axis',(1.,0.,0.));
#3938=DIRECTION('',(1.,0.,0.));
#3939=DIRECTION('center_axis',(0.,1.,0.));
#3940=DIRECTION('ref_axis',(1.,0.,0.));
#3941=DIRECTION('center_axis',(0.,-1.,0.));
#3942=DIRECTION('ref_axis',(1.,0.,0.));
#3943=DIRECTION('center_axis',(0.,-1.,0.));
#3944=DIRECTION('ref_axis',(1.,0.,0.));
#3945=DIRECTION('',(0.,1.,0.));
#3946=DIRECTION('center_axis',(0.,-1.,0.));
#3947=DIRECTION('ref_axis',(0.,0.,1.));
#3948=DIRECTION('',(1.,0.,0.));
#3949=DIRECTION('center_axis',(0.,-1.,0.));
#3950=DIRECTION('ref_axis',(1.,0.,0.));
#3951=DIRECTION('center_axis',(0.,1.,0.));
#3952=DIRECTION('ref_axis',(1.,0.,0.));
#3953=DIRECTION('',(0.,1.,0.));
#3954=DIRECTION('center_axis',(0.,-1.,0.));
#3955=DIRECTION('ref_axis',(1.,0.,0.));
#3956=DIRECTION('center_axis',(0.,-1.,0.));
#3957=DIRECTION('ref_axis',(0.,0.,1.));
#3958=DIRECTION('',(0.,0.,1.));
#3959=DIRECTION('',(1.,0.,0.));
#3960=DIRECTION('center_axis',(0.,-1.,0.));
#3961=DIRECTION('ref_axis',(0.,0.,1.));
#3962=DIRECTION('',(-1.,0.,0.));
#3963=DIRECTION('',(0.,0.,1.));
#3964=DIRECTION('',(0.,0.,1.));
#3965=DIRECTION('center_axis',(-1.,0.,0.));
#3966=DIRECTION('ref_axis',(0.,1.,0.));
#3967=DIRECTION('center_axis',(-1.,0.,0.));
#3968=DIRECTION('ref_axis',(0.,1.,0.));
#3969=DIRECTION('center_axis',(1.,0.,0.));
#3970=DIRECTION('ref_axis',(0.,0.,-1.));
#3971=DIRECTION('',(-1.,0.,0.));
#3972=DIRECTION('center_axis',(-1.,0.,0.));
#3973=DIRECTION('ref_axis',(0.,0.,1.));
#3974=DIRECTION('',(0.,1.,0.));
#3975=DIRECTION('center_axis',(1.,0.,0.));
#3976=DIRECTION('ref_axis',(0.,0.,1.));
#3977=DIRECTION('center_axis',(-1.,0.,0.));
#3978=DIRECTION('ref_axis',(0.,0.610953262442283,-0.791666666666679));
#3979=DIRECTION('',(0.,1.,0.));
#3980=DIRECTION('center_axis',(-1.,0.,0.));
#3981=DIRECTION('ref_axis',(0.,0.,-1.));
#3982=DIRECTION('',(0.,0.,1.));
#3983=DIRECTION('',(0.,1.,0.));
#3984=DIRECTION('center_axis',(-1.,0.,0.));
#3985=DIRECTION('ref_axis',(0.,0.,-1.));
#3986=DIRECTION('center_axis',(1.,0.,0.));
#3987=DIRECTION('ref_axis',(0.,0.610953262442283,0.791666666666679));
#3988=DIRECTION('center_axis',(1.,0.,0.));
#3989=DIRECTION('ref_axis',(0.,1.,0.));
#3990=DIRECTION('center_axis',(1.,0.,0.));
#3991=DIRECTION('ref_axis',(0.,1.,0.));
#3992=DIRECTION('center_axis',(1.,0.,0.));
#3993=DIRECTION('ref_axis',(0.,1.,0.));
#3994=DIRECTION('',(1.,0.,0.));
#3995=DIRECTION('center_axis',(-1.,0.,0.));
#3996=DIRECTION('ref_axis',(0.,-1.,0.));
#3997=DIRECTION('center_axis',(-1.,0.,0.));
#3998=DIRECTION('ref_axis',(0.,-1.,0.));
#3999=DIRECTION('center_axis',(1.,0.,0.));
#4000=DIRECTION('ref_axis',(0.,0.,-1.));
#4001=DIRECTION('',(0.707106781186548,-8.65956056235493E-17,0.707106781186548));
#4002=DIRECTION('center_axis',(-1.,0.,0.));
#4003=DIRECTION('ref_axis',(0.,-1.,0.));
#4004=DIRECTION('center_axis',(-1.,0.,0.));
#4005=DIRECTION('ref_axis',(0.,0.,1.));
#4006=DIRECTION('',(0.,1.,0.));
#4007=DIRECTION('center_axis',(1.,0.,0.));
#4008=DIRECTION('ref_axis',(0.,0.610953262442283,0.791666666666679));
#4009=DIRECTION('center_axis',(1.,0.,0.));
#4010=DIRECTION('ref_axis',(0.,-0.610953262442283,-0.791666666666679));
#4011=DIRECTION('',(0.,1.,0.));
#4012=DIRECTION('',(0.,0.,1.));
#4013=DIRECTION('center_axis',(1.,0.,0.));
#4014=DIRECTION('ref_axis',(0.,-1.,0.));
#4015=DIRECTION('',(0.,1.,0.));
#4016=DIRECTION('center_axis',(1.,0.,0.));
#4017=DIRECTION('ref_axis',(0.,0.,-1.));
#4018=DIRECTION('center_axis',(1.,0.,0.));
#4019=DIRECTION('ref_axis',(0.,0.,1.));
#4020=DIRECTION('center_axis',(-1.,0.,0.));
#4021=DIRECTION('ref_axis',(0.,1.,0.));
#4022=DIRECTION('center_axis',(1.,0.,0.));
#4023=DIRECTION('ref_axis',(0.,0.,-1.));
#4024=DIRECTION('center_axis',(-1.,0.,0.));
#4025=DIRECTION('ref_axis',(0.,1.,0.));
#4026=DIRECTION('',(0.707106781186548,-8.65956056235493E-17,0.707106781186548));
#4027=DIRECTION('center_axis',(-1.,0.,0.));
#4028=DIRECTION('ref_axis',(0.,1.,0.));
#4029=DIRECTION('center_axis',(1.,0.,0.));
#4030=DIRECTION('ref_axis',(0.,1.,0.));
#4031=DIRECTION('',(1.,0.,0.));
#4032=DIRECTION('center_axis',(0.,0.,1.));
#4033=DIRECTION('ref_axis',(0.,1.,0.));
#4034=DIRECTION('',(1.,-1.717144944754E-14,0.));
#4035=DIRECTION('',(1.,0.,0.));
#4036=DIRECTION('center_axis',(1.,0.,0.));
#4037=DIRECTION('ref_axis',(0.,0.,1.));
#4038=DIRECTION('',(-1.,0.,0.));
#4039=DIRECTION('center_axis',(-1.,0.,0.));
#4040=DIRECTION('ref_axis',(0.,0.610953262442283,-0.791666666666679));
#4041=DIRECTION('',(-1.,0.,0.));
#4042=DIRECTION('center_axis',(0.,0.,1.));
#4043=DIRECTION('ref_axis',(0.,1.,0.));
#4044=DIRECTION('',(-1.,0.,0.));
#4045=DIRECTION('center_axis',(0.,0.,1.));
#4046=DIRECTION('ref_axis',(0.,1.,0.));
#4047=DIRECTION('',(-1.,0.,0.));
#4048=DIRECTION('center_axis',(-1.,0.,0.));
#4049=DIRECTION('ref_axis',(0.,0.,-1.));
#4050=DIRECTION('',(-1.,0.,0.));
#4051=DIRECTION('center_axis',(1.,0.,0.));
#4052=DIRECTION('ref_axis',(0.,0.6476890718445,0.7619047619048));
#4053=DIRECTION('center_axis',(-1.,0.,0.));
#4054=DIRECTION('ref_axis',(0.,0.,-1.));
#4055=DIRECTION('',(-1.,0.,0.));
#4056=DIRECTION('center_axis',(0.,-1.,0.));
#4057=DIRECTION('ref_axis',(0.,0.,1.));
#4058=DIRECTION('center_axis',(0.,-1.,0.));
#4059=DIRECTION('ref_axis',(-1.,0.,0.));
#4060=DIRECTION('center_axis',(0.,0.,-1.));
#4061=DIRECTION('ref_axis',(-1.,0.,0.));
#4062=DIRECTION('',(0.,0.,-1.));
#4063=DIRECTION('center_axis',(0.,0.,-1.));
#4064=DIRECTION('ref_axis',(-0.707106781186548,-0.707106781186548,0.));
#4065=DIRECTION('',(0.,0.,-1.));
#4066=DIRECTION('center_axis',(0.,0.,-1.));
#4067=DIRECTION('ref_axis',(0.,-1.,0.));
#4068=DIRECTION('',(0.,0.,-1.));
#4069=DIRECTION('center_axis',(0.,0.,-1.));
#4070=DIRECTION('ref_axis',(0.707106781186548,-0.707106781186548,0.));
#4071=DIRECTION('',(0.,0.,-1.));
#4072=DIRECTION('center_axis',(0.,0.,-1.));
#4073=DIRECTION('ref_axis',(1.,0.,0.));
#4074=DIRECTION('',(0.,0.,-1.));
#4075=DIRECTION('center_axis',(0.,0.,-1.));
#4076=DIRECTION('ref_axis',(0.707106781186548,0.707106781186548,0.));
#4077=DIRECTION('',(0.,0.,-1.));
#4078=DIRECTION('center_axis',(0.,0.,-1.));
#4079=DIRECTION('ref_axis',(0.,1.,0.));
#4080=DIRECTION('',(0.,0.,-1.));
#4081=DIRECTION('center_axis',(0.,0.,-1.));
#4082=DIRECTION('ref_axis',(-0.707106781186548,0.707106781186548,0.));
#4083=DIRECTION('',(0.,0.,-1.));
#4084=DIRECTION('center_axis',(0.,0.,1.));
#4085=DIRECTION('ref_axis',(-1.,0.,0.));
#4086=DIRECTION('',(0.,0.,1.));
#4087=DIRECTION('center_axis',(0.,0.,1.));
#4088=DIRECTION('ref_axis',(-1.,0.,0.));
#4089=DIRECTION('center_axis',(0.,0.,1.));
#4090=DIRECTION('ref_axis',(-1.,0.,0.));
#4091=DIRECTION('',(0.707106781186547,8.65956056235493E-17,0.707106781186547));
#4092=DIRECTION('center_axis',(0.,0.,1.));
#4093=DIRECTION('ref_axis',(0.,-1.,0.));
#4094=DIRECTION('',(0.,0.,1.));
#4095=DIRECTION('center_axis',(0.,0.,1.));
#4096=DIRECTION('ref_axis',(0.,-1.,0.));
#4097=DIRECTION('center_axis',(0.,0.,1.));
#4098=DIRECTION('ref_axis',(0.,-1.,0.));
#4099=DIRECTION('',(-8.65956056235493E-17,0.707106781186547,0.707106781186547));
#4100=DIRECTION('center_axis',(0.,0.,1.));
#4101=DIRECTION('ref_axis',(1.,0.,0.));
#4102=DIRECTION('',(0.,0.,1.));
#4103=DIRECTION('center_axis',(0.,0.,1.));
#4104=DIRECTION('ref_axis',(1.,0.,0.));
#4105=DIRECTION('center_axis',(0.,0.,1.));
#4106=DIRECTION('ref_axis',(1.,0.,0.));
#4107=DIRECTION('',(-0.707106781186547,-8.65956056235493E-17,0.707106781186547));
#4108=DIRECTION('center_axis',(0.,0.,1.));
#4109=DIRECTION('ref_axis',(0.,1.,0.));
#4110=DIRECTION('',(0.,0.,1.));
#4111=DIRECTION('center_axis',(0.,0.,1.));
#4112=DIRECTION('ref_axis',(0.,1.,0.));
#4113=DIRECTION('center_axis',(0.,0.,1.));
#4114=DIRECTION('ref_axis',(0.,1.,0.));
#4115=DIRECTION('',(8.65956056235493E-17,-0.707106781186547,0.707106781186547));
#4116=DIRECTION('center_axis',(0.,0.,-1.));
#4117=DIRECTION('ref_axis',(-1.,0.,0.));
#4118=DIRECTION('',(0.,0.,-1.));
#4119=DIRECTION('center_axis',(0.,0.,-1.));
#4120=DIRECTION('ref_axis',(0.,-1.,0.));
#4121=DIRECTION('',(0.,0.,-1.));
#4122=DIRECTION('center_axis',(0.,0.,-1.));
#4123=DIRECTION('ref_axis',(1.,0.,0.));
#4124=DIRECTION('',(0.,0.,-1.));
#4125=DIRECTION('center_axis',(0.,0.,-1.));
#4126=DIRECTION('ref_axis',(0.,1.,0.));
#4127=DIRECTION('',(0.,0.,-1.));
#4128=DIRECTION('center_axis',(0.,0.,-1.));
#4129=DIRECTION('ref_axis',(-1.,0.,0.));
#4130=DIRECTION('',(0.,0.,-1.));
#4131=DIRECTION('center_axis',(0.,0.,-1.));
#4132=DIRECTION('ref_axis',(0.,-1.,0.));
#4133=DIRECTION('',(0.,0.,-1.));
#4134=DIRECTION('center_axis',(0.,0.,-1.));
#4135=DIRECTION('ref_axis',(1.,0.,0.));
#4136=DIRECTION('',(0.,0.,-1.));
#4137=DIRECTION('center_axis',(0.,0.,-1.));
#4138=DIRECTION('ref_axis',(0.,1.,0.));
#4139=DIRECTION('',(0.,0.,-1.));
#4140=DIRECTION('center_axis',(0.,0.,-1.));
#4141=DIRECTION('ref_axis',(-1.,0.,0.));
#4142=DIRECTION('',(0.,0.,-1.));
#4143=DIRECTION('center_axis',(0.,0.,-1.));
#4144=DIRECTION('ref_axis',(-0.707106781186548,-0.707106781186548,0.));
#4145=DIRECTION('',(0.,0.,-1.));
#4146=DIRECTION('center_axis',(0.,0.,-1.));
#4147=DIRECTION('ref_axis',(0.,-1.,0.));
#4148=DIRECTION('',(0.,0.,-1.));
#4149=DIRECTION('center_axis',(0.,0.,-1.));
#4150=DIRECTION('ref_axis',(0.707106781186548,-0.707106781186548,0.));
#4151=DIRECTION('',(0.,0.,-1.));
#4152=DIRECTION('center_axis',(0.,0.,-1.));
#4153=DIRECTION('ref_axis',(1.,0.,0.));
#4154=DIRECTION('',(0.,0.,-1.));
#4155=DIRECTION('center_axis',(0.,0.,-1.));
#4156=DIRECTION('ref_axis',(0.707106781186548,0.707106781186548,0.));
#4157=DIRECTION('',(0.,0.,-1.));
#4158=DIRECTION('center_axis',(0.,0.,-1.));
#4159=DIRECTION('ref_axis',(0.,1.,0.));
#4160=DIRECTION('',(0.,0.,-1.));
#4161=DIRECTION('center_axis',(0.,0.,-1.));
#4162=DIRECTION('ref_axis',(-0.707106781186548,0.707106781186548,0.));
#4163=DIRECTION('',(0.,0.,-1.));
#4164=DIRECTION('center_axis',(0.,0.,1.));
#4165=DIRECTION('ref_axis',(-1.,0.,0.));
#4166=DIRECTION('',(0.,0.,1.));
#4167=DIRECTION('center_axis',(0.,0.,1.));
#4168=DIRECTION('ref_axis',(-1.,0.,0.));
#4169=DIRECTION('center_axis',(0.,0.,1.));
#4170=DIRECTION('ref_axis',(-1.,0.,0.));
#4171=DIRECTION('',(0.707106781186547,8.65956056235493E-17,0.707106781186547));
#4172=DIRECTION('center_axis',(0.,0.,1.));
#4173=DIRECTION('ref_axis',(0.,-1.,0.));
#4174=DIRECTION('',(0.,0.,1.));
#4175=DIRECTION('center_axis',(0.,0.,1.));
#4176=DIRECTION('ref_axis',(0.,-1.,0.));
#4177=DIRECTION('center_axis',(0.,0.,1.));
#4178=DIRECTION('ref_axis',(0.,-1.,0.));
#4179=DIRECTION('',(-8.65956056235493E-17,0.707106781186547,0.707106781186547));
#4180=DIRECTION('center_axis',(0.,0.,1.));
#4181=DIRECTION('ref_axis',(1.,0.,0.));
#4182=DIRECTION('',(0.,0.,1.));
#4183=DIRECTION('center_axis',(0.,0.,1.));
#4184=DIRECTION('ref_axis',(1.,0.,0.));
#4185=DIRECTION('center_axis',(0.,0.,1.));
#4186=DIRECTION('ref_axis',(1.,0.,0.));
#4187=DIRECTION('',(-0.707106781186547,-8.65956056235493E-17,0.707106781186547));
#4188=DIRECTION('center_axis',(0.,0.,1.));
#4189=DIRECTION('ref_axis',(0.,1.,0.));
#4190=DIRECTION('',(0.,0.,1.));
#4191=DIRECTION('center_axis',(0.,0.,1.));
#4192=DIRECTION('ref_axis',(0.,1.,0.));
#4193=DIRECTION('center_axis',(0.,0.,1.));
#4194=DIRECTION('ref_axis',(0.,1.,0.));
#4195=DIRECTION('',(8.65956056235493E-17,-0.707106781186547,0.707106781186547));
#4196=DIRECTION('center_axis',(0.,0.,-1.));
#4197=DIRECTION('ref_axis',(-1.,0.,0.));
#4198=DIRECTION('',(0.,0.,-1.));
#4199=DIRECTION('center_axis',(0.,0.,-1.));
#4200=DIRECTION('ref_axis',(0.,-1.,0.));
#4201=DIRECTION('',(0.,0.,-1.));
#4202=DIRECTION('center_axis',(0.,0.,-1.));
#4203=DIRECTION('ref_axis',(1.,0.,0.));
#4204=DIRECTION('',(0.,0.,-1.));
#4205=DIRECTION('center_axis',(0.,0.,-1.));
#4206=DIRECTION('ref_axis',(0.,1.,0.));
#4207=DIRECTION('',(0.,0.,-1.));
#4208=DIRECTION('center_axis',(0.,0.,-1.));
#4209=DIRECTION('ref_axis',(-1.,0.,0.));
#4210=DIRECTION('',(0.,0.,-1.));
#4211=DIRECTION('center_axis',(0.,0.,-1.));
#4212=DIRECTION('ref_axis',(0.,-1.,0.));
#4213=DIRECTION('',(0.,0.,-1.));
#4214=DIRECTION('center_axis',(0.,0.,-1.));
#4215=DIRECTION('ref_axis',(1.,0.,0.));
#4216=DIRECTION('',(0.,0.,-1.));
#4217=DIRECTION('center_axis',(0.,0.,-1.));
#4218=DIRECTION('ref_axis',(0.,1.,0.));
#4219=DIRECTION('',(0.,0.,-1.));
#4220=DIRECTION('center_axis',(0.,0.,1.));
#4221=DIRECTION('ref_axis',(-1.,0.,0.));
#4222=DIRECTION('',(0.,0.,1.));
#4223=DIRECTION('center_axis',(0.,0.,1.));
#4224=DIRECTION('ref_axis',(-1.,0.,0.));
#4225=DIRECTION('center_axis',(0.,0.,1.));
#4226=DIRECTION('ref_axis',(-1.,0.,0.));
#4227=DIRECTION('',(0.707106781186547,8.65956056235493E-17,0.707106781186547));
#4228=DIRECTION('center_axis',(0.,0.,1.));
#4229=DIRECTION('ref_axis',(-1.,0.,0.));
#4230=DIRECTION('',(0.,0.,1.));
#4231=DIRECTION('center_axis',(0.,0.,1.));
#4232=DIRECTION('ref_axis',(-1.,0.,0.));
#4233=DIRECTION('center_axis',(0.,0.,1.));
#4234=DIRECTION('ref_axis',(-1.,0.,0.));
#4235=DIRECTION('',(0.707106781186547,8.65956056235493E-17,0.707106781186547));
#4236=DIRECTION('center_axis',(0.,0.,1.));
#4237=DIRECTION('ref_axis',(-1.,0.,0.));
#4238=DIRECTION('',(0.,0.,1.));
#4239=DIRECTION('center_axis',(0.,0.,1.));
#4240=DIRECTION('ref_axis',(-1.,0.,0.));
#4241=DIRECTION('center_axis',(0.,0.,1.));
#4242=DIRECTION('ref_axis',(-1.,0.,0.));
#4243=DIRECTION('',(0.707106781186547,8.65956056235493E-17,0.707106781186547));
#4244=DIRECTION('center_axis',(0.,0.,1.));
#4245=DIRECTION('ref_axis',(-1.,0.,0.));
#4246=DIRECTION('',(0.,0.,1.));
#4247=DIRECTION('center_axis',(0.,0.,1.));
#4248=DIRECTION('ref_axis',(-1.,0.,0.));
#4249=DIRECTION('center_axis',(0.,0.,1.));
#4250=DIRECTION('ref_axis',(-1.,0.,0.));
#4251=DIRECTION('',(0.707106781186547,8.65956056235493E-17,0.707106781186547));
#4252=DIRECTION('center_axis',(0.,0.,1.));
#4253=DIRECTION('ref_axis',(-1.,0.,0.));
#4254=DIRECTION('',(0.,0.,1.));
#4255=DIRECTION('center_axis',(0.,0.,1.));
#4256=DIRECTION('ref_axis',(-1.,0.,0.));
#4257=DIRECTION('center_axis',(0.,0.,1.));
#4258=DIRECTION('ref_axis',(-1.,0.,0.));
#4259=DIRECTION('',(0.707106781186547,8.65956056235493E-17,0.707106781186547));
#4260=DIRECTION('center_axis',(0.,0.,1.));
#4261=DIRECTION('ref_axis',(-1.,0.,0.));
#4262=DIRECTION('',(0.,0.,1.));
#4263=DIRECTION('center_axis',(0.,0.,1.));
#4264=DIRECTION('ref_axis',(-1.,0.,0.));
#4265=DIRECTION('center_axis',(0.,0.,1.));
#4266=DIRECTION('ref_axis',(-1.,0.,0.));
#4267=DIRECTION('',(0.707106781186547,8.65956056235493E-17,0.707106781186547));
#4268=DIRECTION('center_axis',(0.,0.,1.));
#4269=DIRECTION('ref_axis',(-1.,0.,0.));
#4270=DIRECTION('',(0.,0.,1.));
#4271=DIRECTION('center_axis',(0.,0.,1.));
#4272=DIRECTION('ref_axis',(-1.,0.,0.));
#4273=DIRECTION('center_axis',(0.,0.,1.));
#4274=DIRECTION('ref_axis',(-1.,0.,0.));
#4275=DIRECTION('',(0.707106781186547,8.65956056235493E-17,0.707106781186547));
#4276=DIRECTION('center_axis',(0.,0.,1.));
#4277=DIRECTION('ref_axis',(-1.,0.,0.));
#4278=DIRECTION('',(0.,0.,1.));
#4279=DIRECTION('center_axis',(0.,0.,1.));
#4280=DIRECTION('ref_axis',(-1.,0.,0.));
#4281=DIRECTION('center_axis',(0.,0.,1.));
#4282=DIRECTION('ref_axis',(-1.,0.,0.));
#4283=DIRECTION('',(0.707106781186547,8.65956056235493E-17,0.707106781186547));
#4284=DIRECTION('center_axis',(0.,0.,-1.));
#4285=DIRECTION('ref_axis',(-0.816194118764759,0.577777777777771,0.));
#4286=DIRECTION('',(0.,0.,-1.));
#4287=DIRECTION('',(0.,0.,-1.));
#4288=DIRECTION('center_axis',(0.,-1.,0.));
#4289=DIRECTION('ref_axis',(-1.,0.,0.));
#4290=DIRECTION('',(0.,0.,1.));
#4291=DIRECTION('center_axis',(0.,0.,1.));
#4292=DIRECTION('ref_axis',(0.,-1.,0.));
#4293=DIRECTION('',(0.,0.,1.));
#4294=DIRECTION('center_axis',(1.,0.,0.));
#4295=DIRECTION('ref_axis',(0.,-1.,0.));
#4296=DIRECTION('',(0.,0.,1.));
#4297=DIRECTION('center_axis',(0.,0.,1.));
#4298=DIRECTION('ref_axis',(1.,0.,0.));
#4299=DIRECTION('',(0.,0.,1.));
#4300=DIRECTION('center_axis',(0.,1.,0.));
#4301=DIRECTION('ref_axis',(1.,0.,0.));
#4302=DIRECTION('',(0.,0.,-1.));
#4303=DIRECTION('center_axis',(0.,0.,-1.));
#4304=DIRECTION('ref_axis',(0.,-1.,0.));
#4305=DIRECTION('',(0.,0.,-1.));
#4306=DIRECTION('center_axis',(0.,0.,1.));
#4307=DIRECTION('ref_axis',(1.,0.,0.));
#4308=DIRECTION('',(0.,0.,-1.));
#4309=DIRECTION('center_axis',(0.,0.,-1.));
#4310=DIRECTION('ref_axis',(0.816194118764759,-0.577777777777771,0.));
#4311=DIRECTION('',(0.,0.,-1.));
#4312=DIRECTION('center_axis',(0.,1.,0.));
#4313=DIRECTION('ref_axis',(1.,0.,0.));
#4314=DIRECTION('',(0.,0.,1.));
#4315=DIRECTION('center_axis',(0.,0.,1.));
#4316=DIRECTION('ref_axis',(0.,1.,0.));
#4317=DIRECTION('',(0.,0.,1.));
#4318=DIRECTION('center_axis',(-1.,0.,0.));
#4319=DIRECTION('ref_axis',(0.,1.,0.));
#4320=DIRECTION('',(0.,0.,1.));
#4321=DIRECTION('center_axis',(0.,0.,1.));
#4322=DIRECTION('ref_axis',(-1.,0.,0.));
#4323=DIRECTION('',(0.,0.,1.));
#4324=DIRECTION('center_axis',(0.,-1.,0.));
#4325=DIRECTION('ref_axis',(-1.,0.,0.));
#4326=DIRECTION('',(0.,0.,-1.));
#4327=DIRECTION('center_axis',(0.,0.,-1.));
#4328=DIRECTION('ref_axis',(0.,1.,0.));
#4329=DIRECTION('',(0.,0.,-1.));
#4330=DIRECTION('center_axis',(0.,0.,1.));
#4331=DIRECTION('ref_axis',(-1.,0.,0.));
#4332=DIRECTION('center_axis',(0.,0.,-1.));
#4333=DIRECTION('ref_axis',(0.,-1.,0.));
#4334=DIRECTION('',(0.,0.,-1.));
#4335=DIRECTION('',(0.,0.,-1.));
#4336=DIRECTION('center_axis',(0.,0.,1.));
#4337=DIRECTION('ref_axis',(1.,0.,0.));
#4338=DIRECTION('',(0.,0.,-1.));
#4339=DIRECTION('center_axis',(0.,0.,-1.));
#4340=DIRECTION('ref_axis',(0.816194118764759,-0.577777777777771,0.));
#4341=DIRECTION('',(0.,0.,-1.));
#4342=DIRECTION('center_axis',(0.,1.,0.));
#4343=DIRECTION('ref_axis',(1.,0.,0.));
#4344=DIRECTION('',(0.,0.,1.));
#4345=DIRECTION('center_axis',(0.,0.,1.));
#4346=DIRECTION('ref_axis',(0.,1.,0.));
#4347=DIRECTION('',(0.,0.,1.));
#4348=DIRECTION('center_axis',(-1.,0.,0.));
#4349=DIRECTION('ref_axis',(0.,1.,0.));
#4350=DIRECTION('',(0.,0.,1.));
#4351=DIRECTION('center_axis',(0.,0.,1.));
#4352=DIRECTION('ref_axis',(-1.,0.,0.));
#4353=DIRECTION('',(0.,0.,1.));
#4354=DIRECTION('center_axis',(0.,-1.,0.));
#4355=DIRECTION('ref_axis',(-1.,0.,0.));
#4356=DIRECTION('',(0.,0.,-1.));
#4357=DIRECTION('center_axis',(0.,0.,-1.));
#4358=DIRECTION('ref_axis',(0.,1.,0.));
#4359=DIRECTION('',(0.,0.,-1.));
#4360=DIRECTION('center_axis',(0.,0.,1.));
#4361=DIRECTION('ref_axis',(-1.,0.,0.));
#4362=DIRECTION('',(0.,0.,-1.));
#4363=DIRECTION('center_axis',(0.,0.,-1.));
#4364=DIRECTION('ref_axis',(-0.816194118764759,0.577777777777771,0.));
#4365=DIRECTION('',(0.,0.,-1.));
#4366=DIRECTION('center_axis',(0.,-1.,0.));
#4367=DIRECTION('ref_axis',(-1.,0.,0.));
#4368=DIRECTION('',(0.,0.,1.));
#4369=DIRECTION('center_axis',(0.,0.,1.));
#4370=DIRECTION('ref_axis',(0.,-1.,0.));
#4371=DIRECTION('',(0.,0.,1.));
#4372=DIRECTION('center_axis',(1.,0.,0.));
#4373=DIRECTION('ref_axis',(0.,-1.,0.));
#4374=DIRECTION('',(0.,0.,1.));
#4375=DIRECTION('center_axis',(0.,0.,1.));
#4376=DIRECTION('ref_axis',(1.,0.,0.));
#4377=DIRECTION('',(0.,0.,1.));
#4378=DIRECTION('center_axis',(0.,1.,0.));
#4379=DIRECTION('ref_axis',(1.,0.,0.));
#4380=DIRECTION('center_axis',(1.,0.,0.));
#4381=DIRECTION('ref_axis',(0.,0.,-1.));
#4382=DIRECTION('',(1.,0.,0.));
#4383=DIRECTION('center_axis',(1.,0.,0.));
#4384=DIRECTION('ref_axis',(0.,0.,1.));
#4385=DIRECTION('center_axis',(0.,0.,1.));
#4386=DIRECTION('ref_axis',(-1.,0.,0.));
#4387=DIRECTION('center_axis',(0.,0.,1.));
#4388=DIRECTION('ref_axis',(-1.,0.,0.));
#4389=DIRECTION('',(0.,0.,1.));
#4390=DIRECTION('center_axis',(0.,0.,-1.));
#4391=DIRECTION('ref_axis',(1.,0.,0.));
#4392=DIRECTION('center_axis',(0.,0.,1.));
#4393=DIRECTION('ref_axis',(0.,-1.,0.));
#4394=DIRECTION('center_axis',(0.,0.,1.));
#4395=DIRECTION('ref_axis',(0.,-1.,0.));
#4396=DIRECTION('',(0.,0.,1.));
#4397=DIRECTION('center_axis',(0.,0.,-1.));
#4398=DIRECTION('ref_axis',(0.,1.,0.));
#4399=DIRECTION('center_axis',(0.,0.,1.));
#4400=DIRECTION('ref_axis',(1.,0.,0.));
#4401=DIRECTION('center_axis',(0.,0.,1.));
#4402=DIRECTION('ref_axis',(1.,0.,0.));
#4403=DIRECTION('',(0.,0.,1.));
#4404=DIRECTION('center_axis',(0.,0.,-1.));
#4405=DIRECTION('ref_axis',(-1.,0.,0.));
#4406=DIRECTION('center_axis',(0.,0.,1.));
#4407=DIRECTION('ref_axis',(0.,1.,0.));
#4408=DIRECTION('center_axis',(0.,0.,1.));
#4409=DIRECTION('ref_axis',(0.,1.,0.));
#4410=DIRECTION('',(0.,0.,1.));
#4411=DIRECTION('center_axis',(0.,0.,-1.));
#4412=DIRECTION('ref_axis',(0.,-1.,0.));
#4413=DIRECTION('center_axis',(0.,0.,1.));
#4414=DIRECTION('ref_axis',(-1.,0.,0.));
#4415=DIRECTION('center_axis',(0.,0.,1.));
#4416=DIRECTION('ref_axis',(-1.,0.,0.));
#4417=DIRECTION('',(0.,0.,1.));
#4418=DIRECTION('center_axis',(0.,0.,-1.));
#4419=DIRECTION('ref_axis',(1.,0.,0.));
#4420=DIRECTION('center_axis',(0.,0.,1.));
#4421=DIRECTION('ref_axis',(0.,-1.,0.));
#4422=DIRECTION('center_axis',(0.,0.,1.));
#4423=DIRECTION('ref_axis',(0.,-1.,0.));
#4424=DIRECTION('',(0.,0.,1.));
#4425=DIRECTION('center_axis',(0.,0.,-1.));
#4426=DIRECTION('ref_axis',(0.,1.,0.));
#4427=DIRECTION('center_axis',(0.,0.,1.));
#4428=DIRECTION('ref_axis',(1.,0.,0.));
#4429=DIRECTION('center_axis',(0.,0.,1.));
#4430=DIRECTION('ref_axis',(1.,0.,0.));
#4431=DIRECTION('',(0.,0.,1.));
#4432=DIRECTION('center_axis',(0.,0.,-1.));
#4433=DIRECTION('ref_axis',(-1.,0.,0.));
#4434=DIRECTION('center_axis',(0.,0.,1.));
#4435=DIRECTION('ref_axis',(0.,1.,0.));
#4436=DIRECTION('center_axis',(0.,0.,1.));
#4437=DIRECTION('ref_axis',(0.,1.,0.));
#4438=DIRECTION('',(0.,0.,1.));
#4439=DIRECTION('center_axis',(0.,0.,-1.));
#4440=DIRECTION('ref_axis',(0.,-1.,0.));
#4441=DIRECTION('center_axis',(0.,0.,1.));
#4442=DIRECTION('ref_axis',(-1.,0.,0.));
#4443=DIRECTION('center_axis',(0.,0.,1.));
#4444=DIRECTION('ref_axis',(-1.,0.,0.));
#4445=DIRECTION('',(0.,0.,1.));
#4446=DIRECTION('center_axis',(0.,0.,-1.));
#4447=DIRECTION('ref_axis',(1.,0.,0.));
#4448=DIRECTION('center_axis',(0.,0.,1.));
#4449=DIRECTION('ref_axis',(-1.,0.,0.));
#4450=DIRECTION('center_axis',(0.,0.,1.));
#4451=DIRECTION('ref_axis',(-1.,0.,0.));
#4452=DIRECTION('',(0.,0.,1.));
#4453=DIRECTION('center_axis',(0.,0.,-1.));
#4454=DIRECTION('ref_axis',(1.,0.,0.));
#4455=DIRECTION('center_axis',(0.,0.,1.));
#4456=DIRECTION('ref_axis',(-1.,0.,0.));
#4457=DIRECTION('center_axis',(0.,0.,1.));
#4458=DIRECTION('ref_axis',(-1.,0.,0.));
#4459=DIRECTION('',(0.,0.,1.));
#4460=DIRECTION('center_axis',(0.,0.,-1.));
#4461=DIRECTION('ref_axis',(1.,0.,0.));
#4462=DIRECTION('center_axis',(0.,0.,1.));
#4463=DIRECTION('ref_axis',(-1.,0.,0.));
#4464=DIRECTION('center_axis',(0.,0.,1.));
#4465=DIRECTION('ref_axis',(-1.,0.,0.));
#4466=DIRECTION('',(0.,0.,1.));
#4467=DIRECTION('center_axis',(0.,0.,-1.));
#4468=DIRECTION('ref_axis',(1.,0.,0.));
#4469=DIRECTION('center_axis',(0.,0.,1.));
#4470=DIRECTION('ref_axis',(-1.,0.,0.));
#4471=DIRECTION('center_axis',(0.,0.,1.));
#4472=DIRECTION('ref_axis',(-1.,0.,0.));
#4473=DIRECTION('',(0.,0.,1.));
#4474=DIRECTION('center_axis',(0.,0.,-1.));
#4475=DIRECTION('ref_axis',(1.,0.,0.));
#4476=DIRECTION('center_axis',(0.,0.,1.));
#4477=DIRECTION('ref_axis',(-1.,0.,0.));
#4478=DIRECTION('center_axis',(0.,0.,1.));
#4479=DIRECTION('ref_axis',(-1.,0.,0.));
#4480=DIRECTION('',(0.,0.,1.));
#4481=DIRECTION('center_axis',(0.,0.,-1.));
#4482=DIRECTION('ref_axis',(1.,0.,0.));
#4483=DIRECTION('center_axis',(0.,0.,1.));
#4484=DIRECTION('ref_axis',(-1.,0.,0.));
#4485=DIRECTION('center_axis',(0.,0.,1.));
#4486=DIRECTION('ref_axis',(-1.,0.,0.));
#4487=DIRECTION('',(0.,0.,1.));
#4488=DIRECTION('center_axis',(0.,0.,-1.));
#4489=DIRECTION('ref_axis',(1.,0.,0.));
#4490=DIRECTION('center_axis',(0.,0.,1.));
#4491=DIRECTION('ref_axis',(-1.,0.,0.));
#4492=DIRECTION('center_axis',(0.,0.,1.));
#4493=DIRECTION('ref_axis',(-1.,0.,0.));
#4494=DIRECTION('',(0.,0.,1.));
#4495=DIRECTION('center_axis',(0.,0.,-1.));
#4496=DIRECTION('ref_axis',(1.,0.,0.));
#4497=CARTESIAN_POINT('',(0.,0.,0.));
#4498=CARTESIAN_POINT('Origin',(-17.,-35.,17.5));
#4499=CARTESIAN_POINT('',(-17.,-24.,10.5));
#4500=CARTESIAN_POINT('',(-17.,0.,10.5));
#4501=CARTESIAN_POINT('',(-17.,-24.,10.5));
#4502=CARTESIAN_POINT('',(-17.,6.415009255644,8.3125));
#4503=CARTESIAN_POINT('Origin',(-17.,0.,0.));
#4504=CARTESIAN_POINT('',(-17.,7.331439149308,8.));
#4505=CARTESIAN_POINT('Origin',(-17.,7.331439149308,9.5));
#4506=CARTESIAN_POINT('',(-17.,9.5,8.));
#4507=CARTESIAN_POINT('',(-17.,7.331439149308,8.));
#4508=CARTESIAN_POINT('',(-17.,11.,9.5));
#4509=CARTESIAN_POINT('Origin',(-17.,9.5,9.5));
#4510=CARTESIAN_POINT('',(-17.,11.,17.5));
#4511=CARTESIAN_POINT('',(-17.,11.,17.5));
#4512=CARTESIAN_POINT('',(-17.,-35.,17.5));
#4513=CARTESIAN_POINT('',(-17.,-35.,17.5));
#4514=CARTESIAN_POINT('',(-17.,-35.,9.5));
#4515=CARTESIAN_POINT('',(-17.,-35.,17.5));
#4516=CARTESIAN_POINT('',(-17.,-33.5,8.));
#4517=CARTESIAN_POINT('Origin',(-17.,-33.5,9.5));
#4518=CARTESIAN_POINT('',(-17.,-31.33143914931,8.));
#4519=CARTESIAN_POINT('',(-17.,-33.5,8.));
#4520=CARTESIAN_POINT('',(-17.,-30.41500925564,8.3125));
#4521=CARTESIAN_POINT('Origin',(-17.,-31.33143914931,9.5));
#4522=CARTESIAN_POINT('Origin',(-17.,-24.,0.));
#4523=CARTESIAN_POINT('',(-17.,-33.3,11.));
#4524=CARTESIAN_POINT('Origin',(-17.,-32.,11.));
#4525=CARTESIAN_POINT('',(-17.,6.7,11.));
#4526=CARTESIAN_POINT('Origin',(-17.,8.,11.));
#4527=CARTESIAN_POINT('Origin',(-17.75,8.,11.));
#4528=CARTESIAN_POINT('',(-17.1,6.7,11.));
#4529=CARTESIAN_POINT('',(-17.0999999999995,8.,12.3000000000005));
#4530=CARTESIAN_POINT('Origin',(-17.1,8.,11.));
#4531=CARTESIAN_POINT('',(-17.75,6.7,11.));
#4532=CARTESIAN_POINT('Origin',(-17.1,8.,11.));
#4533=CARTESIAN_POINT('Origin',(-17.79999998885,8.,11.));
#4534=CARTESIAN_POINT('',(-18.4999999999995,8.,13.7000000000005));
#4535=CARTESIAN_POINT('',(-17.79999998885,8.,12.999999988851));
#4536=CARTESIAN_POINT('Origin',(-18.5,8.,11.));
#4537=CARTESIAN_POINT('Origin',(-18.5,-35.,17.5));
#4538=CARTESIAN_POINT('',(-18.5,-24.,10.5));
#4539=CARTESIAN_POINT('',(-18.5,0.,10.5));
#4540=CARTESIAN_POINT('',(-18.5,-24.,10.5));
#4541=CARTESIAN_POINT('',(-18.5,-30.41500925564,8.3125));
#4542=CARTESIAN_POINT('Origin',(-18.5,-24.,0.));
#4543=CARTESIAN_POINT('',(-18.5,-31.33143914931,8.));
#4544=CARTESIAN_POINT('Origin',(-18.5,-31.33143914931,9.5));
#4545=CARTESIAN_POINT('',(-18.5,-33.5,8.));
#4546=CARTESIAN_POINT('',(-18.5,-33.5,8.));
#4547=CARTESIAN_POINT('',(-18.5,-35.,9.5));
#4548=CARTESIAN_POINT('Origin',(-18.5,-33.5,9.5));
#4549=CARTESIAN_POINT('',(-18.5,-35.,17.5));
#4550=CARTESIAN_POINT('',(-18.5,-35.,17.5));
#4551=CARTESIAN_POINT('',(-18.5,11.,17.5));
#4552=CARTESIAN_POINT('',(-18.5,-35.,17.5));
#4553=CARTESIAN_POINT('',(-18.5,11.,9.5));
#4554=CARTESIAN_POINT('',(-18.5,11.,17.5));
#4555=CARTESIAN_POINT('',(-18.5,9.5,8.));
#4556=CARTESIAN_POINT('Origin',(-18.5,9.5,9.5));
#4557=CARTESIAN_POINT('',(-18.5,7.331439149308,8.));
#4558=CARTESIAN_POINT('',(-18.5,7.331439149308,8.));
#4559=CARTESIAN_POINT('',(-18.5,6.415009255644,8.3125));
#4560=CARTESIAN_POINT('Origin',(-18.5,7.331439149308,9.5));
#4561=CARTESIAN_POINT('Origin',(-18.5,0.,0.));
#4562=CARTESIAN_POINT('',(-18.4999999999995,-32.,13.7000000000005));
#4563=CARTESIAN_POINT('Origin',(-18.5,-32.,11.));
#4564=CARTESIAN_POINT('Origin',(-17.79999998885,-32.,11.));
#4565=CARTESIAN_POINT('',(-17.1,-33.3,11.));
#4566=CARTESIAN_POINT('',(-17.0999999999995,-32.,12.3000000000005));
#4567=CARTESIAN_POINT('Origin',(-17.1,-32.,11.));
#4568=CARTESIAN_POINT('',(-17.79999998885,-32.,12.999999988851));
#4569=CARTESIAN_POINT('Origin',(-17.1,-32.,11.));
#4570=CARTESIAN_POINT('Origin',(-17.75,-32.,11.));
#4571=CARTESIAN_POINT('',(-17.75,-33.3,11.));
#4572=CARTESIAN_POINT('Origin',(-17.75,-12.,10.5));
#4573=CARTESIAN_POINT('',(-17.,-24.,10.5));
#4574=CARTESIAN_POINT('',(-17.,0.,10.5));
#4575=CARTESIAN_POINT('Origin',(-17.75,0.,0.));
#4576=CARTESIAN_POINT('',(-18.5,6.415009255644,8.3125));
#4577=CARTESIAN_POINT('Origin',(-66.73320002011,7.331439149308,9.5));
#4578=CARTESIAN_POINT('',(-18.5,7.331439149308,8.));
#4579=CARTESIAN_POINT('Origin',(-17.75,-12.,8.));
#4580=CARTESIAN_POINT('',(-18.5,9.5,8.));
#4581=CARTESIAN_POINT('Origin',(-17.75,-12.,8.));
#4582=CARTESIAN_POINT('',(-18.5,-31.33143914931,8.));
#4583=CARTESIAN_POINT('',(-18.5,-33.5,8.));
#4584=CARTESIAN_POINT('Origin',(-66.73320002011,9.5,9.5));
#4585=CARTESIAN_POINT('',(-18.5,11.,9.5));
#4586=CARTESIAN_POINT('Origin',(-17.75,11.,12.75));
#4587=CARTESIAN_POINT('',(-17.,11.,17.5));
#4588=CARTESIAN_POINT('Origin',(-17.38388347648,11.,18.38388347648));
#4589=CARTESIAN_POINT('',(-16.5,11.,18.));
#4590=CARTESIAN_POINT('Origin',(-16.5,11.,17.5));
#4591=CARTESIAN_POINT('',(-16.5,11.,19.5));
#4592=CARTESIAN_POINT('Origin',(-16.5,11.,17.5));
#4593=CARTESIAN_POINT('',(-16.5,11.,18.));
#4594=CARTESIAN_POINT('Origin',(-16.5,-35.,17.5));
#4595=CARTESIAN_POINT('',(-16.5,-35.,18.));
#4596=CARTESIAN_POINT('Origin',(-16.5,-35.,17.5));
#4597=CARTESIAN_POINT('',(-16.5,-35.,18.));
#4598=CARTESIAN_POINT('Origin',(-17.38388347648,-35.,18.38388347648));
#4599=CARTESIAN_POINT('',(-16.5,-35.,19.5));
#4600=CARTESIAN_POINT('',(-16.5,-35.,18.));
#4601=CARTESIAN_POINT('Origin',(-16.5,-35.,17.5));
#4602=CARTESIAN_POINT('',(-17.,-35.,17.5));
#4603=CARTESIAN_POINT('Origin',(-17.75,-35.,12.75));
#4604=CARTESIAN_POINT('',(-18.5,-35.,9.5));
#4605=CARTESIAN_POINT('Origin',(-66.73320002011,-33.5,9.5));
#4606=CARTESIAN_POINT('Origin',(-16.5,-35.,17.5));
#4607=CARTESIAN_POINT('',(-16.5,-35.,19.5));
#4608=CARTESIAN_POINT('Origin',(16.5,-35.,19.5));
#4609=CARTESIAN_POINT('',(16.5,-35.,19.5));
#4610=CARTESIAN_POINT('',(16.5,-35.,19.5));
#4611=CARTESIAN_POINT('',(16.5,11.,19.5));
#4612=CARTESIAN_POINT('',(16.5,-35.,19.5));
#4613=CARTESIAN_POINT('',(16.5,11.,19.5));
#4614=CARTESIAN_POINT('',(1.,8.,19.5));
#4615=CARTESIAN_POINT('Origin',(0.,8.,19.5));
#4616=CARTESIAN_POINT('',(-4.94974746830545,6.36396103067855,19.5));
#4617=CARTESIAN_POINT('Origin',(-5.656854249492,5.656854249492,19.5));
#4618=CARTESIAN_POINT('',(-8.,1.,19.5));
#4619=CARTESIAN_POINT('Origin',(-8.,0.,19.5));
#4620=CARTESIAN_POINT('',(-6.36396103067855,-4.94974746830545,19.5));
#4621=CARTESIAN_POINT('Origin',(-5.656854249492,-5.656854249492,19.5));
#4622=CARTESIAN_POINT('',(-1.,-8.,19.5));
#4623=CARTESIAN_POINT('Origin',(0.,-8.,19.5));
#4624=CARTESIAN_POINT('',(4.94974746830545,-6.36396103067855,19.5));
#4625=CARTESIAN_POINT('Origin',(5.656854249492,-5.656854249492,19.5));
#4626=CARTESIAN_POINT('',(8.,-1.,19.5));
#4627=CARTESIAN_POINT('Origin',(8.,0.,19.5));
#4628=CARTESIAN_POINT('',(6.36396103067855,4.94974746830545,19.5));
#4629=CARTESIAN_POINT('Origin',(5.656854249492,5.656854249492,19.5));
#4630=CARTESIAN_POINT('',(4.8,8.,19.5));
#4631=CARTESIAN_POINT('Origin',(3.5,8.,19.5));
#4632=CARTESIAN_POINT('',(-8.,4.8,19.5));
#4633=CARTESIAN_POINT('Origin',(-8.,3.5,19.5));
#4634=CARTESIAN_POINT('',(-4.8,-8.,19.5));
#4635=CARTESIAN_POINT('Origin',(-3.5,-8.,19.5));
#4636=CARTESIAN_POINT('',(8.,-4.8,19.5));
#4637=CARTESIAN_POINT('Origin',(8.,-3.5,19.5));
#4638=CARTESIAN_POINT('',(-2.25,8.,19.5));
#4639=CARTESIAN_POINT('Origin',(-3.5,8.,19.5));
#4640=CARTESIAN_POINT('',(-8.,-2.25,19.5));
#4641=CARTESIAN_POINT('Origin',(-8.,-3.5,19.5));
#4642=CARTESIAN_POINT('',(2.25,-8.,19.5));
#4643=CARTESIAN_POINT('Origin',(3.5,-8.,19.5));
#4644=CARTESIAN_POINT('',(8.,2.25,19.5));
#4645=CARTESIAN_POINT('Origin',(8.,3.5,19.5));
#4646=CARTESIAN_POINT('',(8.778174593052,7.778174593052,19.5));
#4647=CARTESIAN_POINT('Origin',(7.778174593052,7.778174593052,19.5));
#4648=CARTESIAN_POINT('',(-7.778174593052,8.778174593052,19.5));
#4649=CARTESIAN_POINT('Origin',(-7.778174593052,7.778174593052,19.5));
#4650=CARTESIAN_POINT('',(-8.778174593052,-7.778174593052,19.5));
#4651=CARTESIAN_POINT('Origin',(-7.778174593052,-7.778174593052,19.5));
#4652=CARTESIAN_POINT('',(7.778174593052,-8.778174593052,19.5));
#4653=CARTESIAN_POINT('Origin',(7.778174593052,-7.778174593052,19.5));
#4654=CARTESIAN_POINT('',(1.,-16.,19.5));
#4655=CARTESIAN_POINT('Origin',(0.,-16.,19.5));
#4656=CARTESIAN_POINT('',(-4.949747468306,-17.63603896932,19.5));
#4657=CARTESIAN_POINT('Origin',(-5.656854249492,-18.34314575051,19.5));
#4658=CARTESIAN_POINT('',(-8.,-23.,19.5));
#4659=CARTESIAN_POINT('Origin',(-8.,-24.,19.5));
#4660=CARTESIAN_POINT('',(-6.363961030679,-28.94974746831,19.5));
#4661=CARTESIAN_POINT('Origin',(-5.656854249492,-29.65685424949,19.5));
#4662=CARTESIAN_POINT('',(-1.,-32.,19.5));
#4663=CARTESIAN_POINT('Origin',(0.,-32.,19.5));
#4664=CARTESIAN_POINT('',(4.949747468306,-30.36396103068,19.5));
#4665=CARTESIAN_POINT('Origin',(5.656854249492,-29.65685424949,19.5));
#4666=CARTESIAN_POINT('',(8.,-25.,19.5));
#4667=CARTESIAN_POINT('Origin',(8.,-24.,19.5));
#4668=CARTESIAN_POINT('',(6.363961030679,-19.05025253169,19.5));
#4669=CARTESIAN_POINT('Origin',(5.656854249492,-18.34314575051,19.5));
#4670=CARTESIAN_POINT('',(4.8,-16.,19.5));
#4671=CARTESIAN_POINT('Origin',(3.5,-16.,19.5));
#4672=CARTESIAN_POINT('',(-8.,-19.2,19.5));
#4673=CARTESIAN_POINT('Origin',(-8.,-20.5,19.5));
#4674=CARTESIAN_POINT('',(-4.8,-32.,19.5));
#4675=CARTESIAN_POINT('Origin',(-3.5,-32.,19.5));
#4676=CARTESIAN_POINT('',(8.,-28.8,19.5));
#4677=CARTESIAN_POINT('Origin',(8.,-27.5,19.5));
#4678=CARTESIAN_POINT('',(-2.25,-16.,19.5));
#4679=CARTESIAN_POINT('Origin',(-3.5,-16.,19.5));
#4680=CARTESIAN_POINT('',(-8.,-26.25,19.5));
#4681=CARTESIAN_POINT('Origin',(-8.,-27.5,19.5));
#4682=CARTESIAN_POINT('',(2.25,-32.,19.5));
#4683=CARTESIAN_POINT('Origin',(3.5,-32.,19.5));
#4684=CARTESIAN_POINT('',(8.,-21.75,19.5));
#4685=CARTESIAN_POINT('Origin',(8.,-20.5,19.5));
#4686=CARTESIAN_POINT('',(8.778174593052,-16.22182540695,19.5));
#4687=CARTESIAN_POINT('Origin',(7.778174593052,-16.22182540695,19.5));
#4688=CARTESIAN_POINT('',(-7.778174593052,-15.22182540695,19.5));
#4689=CARTESIAN_POINT('Origin',(-7.778174593052,-16.22182540695,19.5));
#4690=CARTESIAN_POINT('',(-8.778174593052,-31.77817459305,19.5));
#4691=CARTESIAN_POINT('Origin',(-7.778174593052,-31.77817459305,19.5));
#4692=CARTESIAN_POINT('',(7.778174593052,-32.77817459305,19.5));
#4693=CARTESIAN_POINT('Origin',(7.778174593052,-31.77817459305,19.5));
#4694=CARTESIAN_POINT('',(13.35,6.,19.5));
#4695=CARTESIAN_POINT('Origin',(12.,6.,19.5));
#4696=CARTESIAN_POINT('',(-10.65,6.,19.5));
#4697=CARTESIAN_POINT('Origin',(-12.,6.,19.5));
#4698=CARTESIAN_POINT('',(13.35,-6.,19.5));
#4699=CARTESIAN_POINT('Origin',(12.,-6.,19.5));
#4700=CARTESIAN_POINT('',(-10.65,-6.,19.5));
#4701=CARTESIAN_POINT('Origin',(-12.,-6.,19.5));
#4702=CARTESIAN_POINT('',(13.35,-18.,19.5));
#4703=CARTESIAN_POINT('Origin',(12.,-18.,19.5));
#4704=CARTESIAN_POINT('',(-10.65,-18.,19.5));
#4705=CARTESIAN_POINT('Origin',(-12.,-18.,19.5));
#4706=CARTESIAN_POINT('',(13.35,-30.,19.5));
#4707=CARTESIAN_POINT('Origin',(12.,-30.,19.5));
#4708=CARTESIAN_POINT('',(-10.65,-30.,19.5));
#4709=CARTESIAN_POINT('Origin',(-12.,-30.,19.5));
#4710=CARTESIAN_POINT('',(3.672873534441,-26.1,19.5));
#4711=CARTESIAN_POINT('',(3.264776475059,-26.31111111111,19.5));
#4712=CARTESIAN_POINT('Origin',(3.672873534441,-26.6,19.5));
#4713=CARTESIAN_POINT('',(-3.264776475059,-26.31111111111,19.5));
#4714=CARTESIAN_POINT('Origin',(0.,-24.,19.5));
#4715=CARTESIAN_POINT('',(-3.672873534441,-26.1,19.5));
#4716=CARTESIAN_POINT('Origin',(-3.672873534441,-26.6,19.5));
#4717=CARTESIAN_POINT('',(-5.5,-26.1,19.5));
#4718=CARTESIAN_POINT('',(-3.672873534441,-26.1,19.5));
#4719=CARTESIAN_POINT('',(-6.,-25.6,19.5));
#4720=CARTESIAN_POINT('Origin',(-5.5,-25.6,19.5));
#4721=CARTESIAN_POINT('',(-6.,-22.4,19.5));
#4722=CARTESIAN_POINT('',(-6.,-25.6,19.5));
#4723=CARTESIAN_POINT('',(-5.5,-21.9,19.5));
#4724=CARTESIAN_POINT('Origin',(-5.5,-22.4,19.5));
#4725=CARTESIAN_POINT('',(-3.672873534441,-21.9,19.5));
#4726=CARTESIAN_POINT('',(-5.5,-21.9,19.5));
#4727=CARTESIAN_POINT('',(-3.264776475059,-21.68888888889,19.5));
#4728=CARTESIAN_POINT('Origin',(-3.672873534441,-21.4,19.5));
#4729=CARTESIAN_POINT('',(3.264776475059,-21.68888888889,19.5));
#4730=CARTESIAN_POINT('Origin',(0.,-24.,19.5));
#4731=CARTESIAN_POINT('',(3.672873534441,-21.9,19.5));
#4732=CARTESIAN_POINT('Origin',(3.672873534441,-21.4,19.5));
#4733=CARTESIAN_POINT('',(5.5,-21.9,19.5));
#4734=CARTESIAN_POINT('',(3.672873534441,-21.9,19.5));
#4735=CARTESIAN_POINT('',(6.,-22.4,19.5));
#4736=CARTESIAN_POINT('Origin',(5.5,-22.4,19.5));
#4737=CARTESIAN_POINT('',(6.,-25.6,19.5));
#4738=CARTESIAN_POINT('',(6.,-22.4,19.5));
#4739=CARTESIAN_POINT('',(5.5,-26.1,19.5));
#4740=CARTESIAN_POINT('Origin',(5.5,-25.6,19.5));
#4741=CARTESIAN_POINT('',(5.5,-26.1,19.5));
#4742=CARTESIAN_POINT('',(3.264776475059,2.311111111111,19.5));
#4743=CARTESIAN_POINT('',(3.672873534441,2.1,19.5));
#4744=CARTESIAN_POINT('Origin',(3.672873534441,2.6,19.5));
#4745=CARTESIAN_POINT('',(5.5,2.1,19.5));
#4746=CARTESIAN_POINT('',(3.672873534441,2.1,19.5));
#4747=CARTESIAN_POINT('',(6.,1.6,19.5));
#4748=CARTESIAN_POINT('Origin',(5.5,1.6,19.5));
#4749=CARTESIAN_POINT('',(6.,-1.6,19.5));
#4750=CARTESIAN_POINT('',(6.,1.6,19.5));
#4751=CARTESIAN_POINT('',(5.5,-2.1,19.5));
#4752=CARTESIAN_POINT('Origin',(5.5,-1.6,19.5));
#4753=CARTESIAN_POINT('',(3.672873534441,-2.1,19.5));
#4754=CARTESIAN_POINT('',(5.5,-2.1,19.5));
#4755=CARTESIAN_POINT('',(3.264776475059,-2.311111111111,19.5));
#4756=CARTESIAN_POINT('Origin',(3.672873534441,-2.6,19.5));
#4757=CARTESIAN_POINT('',(-3.264776475059,-2.311111111111,19.5));
#4758=CARTESIAN_POINT('Origin',(0.,0.,19.5));
#4759=CARTESIAN_POINT('',(-3.672873534441,-2.1,19.5));
#4760=CARTESIAN_POINT('Origin',(-3.672873534441,-2.6,19.5));
#4761=CARTESIAN_POINT('',(-5.5,-2.1,19.5));
#4762=CARTESIAN_POINT('',(-3.672873534441,-2.1,19.5));
#4763=CARTESIAN_POINT('',(-6.,-1.6,19.5));
#4764=CARTESIAN_POINT('Origin',(-5.5,-1.6,19.5));
#4765=CARTESIAN_POINT('',(-6.,1.6,19.5));
#4766=CARTESIAN_POINT('',(-6.,-1.6,19.5));
#4767=CARTESIAN_POINT('',(-5.5,2.1,19.5));
#4768=CARTESIAN_POINT('Origin',(-5.5,1.6,19.5));
#4769=CARTESIAN_POINT('',(-3.672873534441,2.1,19.5));
#4770=CARTESIAN_POINT('',(-5.5,2.1,19.5));
#4771=CARTESIAN_POINT('',(-3.264776475059,2.311111111111,19.5));
#4772=CARTESIAN_POINT('Origin',(-3.672873534441,2.6,19.5));
#4773=CARTESIAN_POINT('Origin',(0.,0.,19.5));
#4774=CARTESIAN_POINT('Origin',(0.,-35.,18.75));
#4775=CARTESIAN_POINT('',(16.5,-35.,18.));
#4776=CARTESIAN_POINT('',(16.5,-35.,18.));
#4777=CARTESIAN_POINT('',(16.5,-35.,18.));
#4778=CARTESIAN_POINT('Origin',(16.5,-35.,18.));
#4779=CARTESIAN_POINT('',(16.5,11.,18.));
#4780=CARTESIAN_POINT('',(16.5,11.,18.));
#4781=CARTESIAN_POINT('',(16.5,-35.,18.));
#4782=CARTESIAN_POINT('',(1.,8.,18.));
#4783=CARTESIAN_POINT('Origin',(0.,8.,18.));
#4784=CARTESIAN_POINT('',(-4.94974746830545,6.36396103067855,18.));
#4785=CARTESIAN_POINT('Origin',(-5.656854249492,5.656854249492,18.));
#4786=CARTESIAN_POINT('',(-8.,1.,18.));
#4787=CARTESIAN_POINT('Origin',(-8.,0.,18.));
#4788=CARTESIAN_POINT('',(-6.36396103067855,-4.94974746830545,18.));
#4789=CARTESIAN_POINT('Origin',(-5.656854249492,-5.656854249492,18.));
#4790=CARTESIAN_POINT('',(-1.,-8.,18.));
#4791=CARTESIAN_POINT('Origin',(0.,-8.,18.));
#4792=CARTESIAN_POINT('',(4.94974746830545,-6.36396103067855,18.));
#4793=CARTESIAN_POINT('Origin',(5.656854249492,-5.656854249492,18.));
#4794=CARTESIAN_POINT('',(8.,-1.,18.));
#4795=CARTESIAN_POINT('Origin',(8.,0.,18.));
#4796=CARTESIAN_POINT('',(6.36396103067855,4.94974746830545,18.));
#4797=CARTESIAN_POINT('Origin',(5.656854249492,5.656854249492,18.));
#4798=CARTESIAN_POINT('',(4.525,8.,18.));
#4799=CARTESIAN_POINT('Origin',(3.5,8.,18.));
#4800=CARTESIAN_POINT('',(-8.,4.525,18.));
#4801=CARTESIAN_POINT('Origin',(-8.,3.5,18.));
#4802=CARTESIAN_POINT('',(-4.525,-8.,18.));
#4803=CARTESIAN_POINT('Origin',(-3.5,-8.,18.));
#4804=CARTESIAN_POINT('',(8.,-4.525,18.));
#4805=CARTESIAN_POINT('Origin',(8.,-3.5,18.));
#4806=CARTESIAN_POINT('',(-2.25,8.,18.));
#4807=CARTESIAN_POINT('Origin',(-3.5,8.,18.));
#4808=CARTESIAN_POINT('',(-8.,-2.25,18.));
#4809=CARTESIAN_POINT('Origin',(-8.,-3.5,18.));
#4810=CARTESIAN_POINT('',(2.25,-8.,18.));
#4811=CARTESIAN_POINT('Origin',(3.5,-8.,18.));
#4812=CARTESIAN_POINT('',(8.,2.25,18.));
#4813=CARTESIAN_POINT('Origin',(8.,3.5,18.));
#4814=CARTESIAN_POINT('',(8.778174593052,7.778174593052,18.));
#4815=CARTESIAN_POINT('Origin',(7.778174593052,7.778174593052,18.));
#4816=CARTESIAN_POINT('',(-7.778174593052,8.778174593052,18.));
#4817=CARTESIAN_POINT('Origin',(-7.778174593052,7.778174593052,18.));
#4818=CARTESIAN_POINT('',(-8.778174593052,-7.778174593052,18.));
#4819=CARTESIAN_POINT('Origin',(-7.778174593052,-7.778174593052,18.));
#4820=CARTESIAN_POINT('',(7.778174593052,-8.778174593052,18.));
#4821=CARTESIAN_POINT('Origin',(7.778174593052,-7.778174593052,18.));
#4822=CARTESIAN_POINT('',(1.,-16.,18.));
#4823=CARTESIAN_POINT('Origin',(0.,-16.,18.));
#4824=CARTESIAN_POINT('',(-4.949747468306,-17.63603896932,18.));
#4825=CARTESIAN_POINT('Origin',(-5.656854249492,-18.34314575051,18.));
#4826=CARTESIAN_POINT('',(-8.,-23.,18.));
#4827=CARTESIAN_POINT('Origin',(-8.,-24.,18.));
#4828=CARTESIAN_POINT('',(-6.363961030679,-28.94974746831,18.));
#4829=CARTESIAN_POINT('Origin',(-5.656854249492,-29.65685424949,18.));
#4830=CARTESIAN_POINT('',(-1.,-32.,18.));
#4831=CARTESIAN_POINT('Origin',(0.,-32.,18.));
#4832=CARTESIAN_POINT('',(4.949747468306,-30.36396103068,18.));
#4833=CARTESIAN_POINT('Origin',(5.656854249492,-29.65685424949,18.));
#4834=CARTESIAN_POINT('',(8.,-25.,18.));
#4835=CARTESIAN_POINT('Origin',(8.,-24.,18.));
#4836=CARTESIAN_POINT('',(6.363961030679,-19.05025253169,18.));
#4837=CARTESIAN_POINT('Origin',(5.656854249492,-18.34314575051,18.));
#4838=CARTESIAN_POINT('',(4.525,-16.,18.));
#4839=CARTESIAN_POINT('Origin',(3.5,-16.,18.));
#4840=CARTESIAN_POINT('',(-8.,-19.475,18.));
#4841=CARTESIAN_POINT('Origin',(-8.,-20.5,18.));
#4842=CARTESIAN_POINT('',(-4.525,-32.,18.));
#4843=CARTESIAN_POINT('Origin',(-3.5,-32.,18.));
#4844=CARTESIAN_POINT('',(8.,-28.525,18.));
#4845=CARTESIAN_POINT('Origin',(8.,-27.5,18.));
#4846=CARTESIAN_POINT('',(-2.25,-16.,18.));
#4847=CARTESIAN_POINT('Origin',(-3.5,-16.,18.));
#4848=CARTESIAN_POINT('',(-8.,-26.25,18.));
#4849=CARTESIAN_POINT('Origin',(-8.,-27.5,18.));
#4850=CARTESIAN_POINT('',(2.25,-32.,18.));
#4851=CARTESIAN_POINT('Origin',(3.5,-32.,18.));
#4852=CARTESIAN_POINT('',(8.,-21.75,18.));
#4853=CARTESIAN_POINT('Origin',(8.,-20.5,18.));
#4854=CARTESIAN_POINT('',(8.778174593052,-16.22182540695,18.));
#4855=CARTESIAN_POINT('Origin',(7.778174593052,-16.22182540695,18.));
#4856=CARTESIAN_POINT('',(-7.778174593052,-15.22182540695,18.));
#4857=CARTESIAN_POINT('Origin',(-7.778174593052,-16.22182540695,18.));
#4858=CARTESIAN_POINT('',(-8.778174593052,-31.77817459305,18.));
#4859=CARTESIAN_POINT('Origin',(-7.778174593052,-31.77817459305,18.));
#4860=CARTESIAN_POINT('',(7.778174593052,-32.77817459305,18.));
#4861=CARTESIAN_POINT('Origin',(7.778174593052,-31.77817459305,18.));
#4862=CARTESIAN_POINT('',(13.025,6.,18.));
#4863=CARTESIAN_POINT('Origin',(12.,6.,18.));
#4864=CARTESIAN_POINT('',(-10.975,6.,18.));
#4865=CARTESIAN_POINT('Origin',(-12.,6.,18.));
#4866=CARTESIAN_POINT('',(13.025,-6.,18.));
#4867=CARTESIAN_POINT('Origin',(12.,-6.,18.));
#4868=CARTESIAN_POINT('',(-10.975,-6.,18.));
#4869=CARTESIAN_POINT('Origin',(-12.,-6.,18.));
#4870=CARTESIAN_POINT('',(13.025,-18.,18.));
#4871=CARTESIAN_POINT('Origin',(12.,-18.,18.));
#4872=CARTESIAN_POINT('',(-10.975,-18.,18.));
#4873=CARTESIAN_POINT('Origin',(-12.,-18.,18.));
#4874=CARTESIAN_POINT('',(13.025,-30.,18.));
#4875=CARTESIAN_POINT('Origin',(12.,-30.,18.));
#4876=CARTESIAN_POINT('',(-10.975,-30.,18.));
#4877=CARTESIAN_POINT('Origin',(-12.,-30.,18.));
#4878=CARTESIAN_POINT('',(3.264776475059,-26.31111111111,18.));
#4879=CARTESIAN_POINT('',(3.672873534441,-26.1,18.));
#4880=CARTESIAN_POINT('Origin',(3.672873534441,-26.6,18.));
#4881=CARTESIAN_POINT('',(5.5,-26.1,18.));
#4882=CARTESIAN_POINT('',(5.5,-26.1,18.));
#4883=CARTESIAN_POINT('',(6.,-25.6,18.));
#4884=CARTESIAN_POINT('Origin',(5.5,-25.6,18.));
#4885=CARTESIAN_POINT('',(6.,-22.4,18.));
#4886=CARTESIAN_POINT('',(6.,-22.4,18.));
#4887=CARTESIAN_POINT('',(5.5,-21.9,18.));
#4888=CARTESIAN_POINT('Origin',(5.5,-22.4,18.));
#4889=CARTESIAN_POINT('',(3.672873534441,-21.9,18.));
#4890=CARTESIAN_POINT('',(3.672873534441,-21.9,18.));
#4891=CARTESIAN_POINT('',(3.264776475059,-21.68888888889,18.));
#4892=CARTESIAN_POINT('Origin',(3.672873534441,-21.4,18.));
#4893=CARTESIAN_POINT('',(-3.264776475059,-21.68888888889,18.));
#4894=CARTESIAN_POINT('Origin',(0.,-24.,18.));
#4895=CARTESIAN_POINT('',(-3.672873534441,-21.9,18.));
#4896=CARTESIAN_POINT('Origin',(-3.672873534441,-21.4,18.));
#4897=CARTESIAN_POINT('',(-5.5,-21.9,18.));
#4898=CARTESIAN_POINT('',(-5.5,-21.9,18.));
#4899=CARTESIAN_POINT('',(-6.,-22.4,18.));
#4900=CARTESIAN_POINT('Origin',(-5.5,-22.4,18.));
#4901=CARTESIAN_POINT('',(-6.,-25.6,18.));
#4902=CARTESIAN_POINT('',(-6.,-25.6,18.));
#4903=CARTESIAN_POINT('',(-5.5,-26.1,18.));
#4904=CARTESIAN_POINT('Origin',(-5.5,-25.6,18.));
#4905=CARTESIAN_POINT('',(-3.672873534441,-26.1,18.));
#4906=CARTESIAN_POINT('',(-3.672873534441,-26.1,18.));
#4907=CARTESIAN_POINT('',(-3.264776475059,-26.31111111111,18.));
#4908=CARTESIAN_POINT('Origin',(-3.672873534441,-26.6,18.));
#4909=CARTESIAN_POINT('Origin',(0.,-24.,18.));
#4910=CARTESIAN_POINT('',(3.672873534441,2.1,18.));
#4911=CARTESIAN_POINT('',(3.264776475059,2.311111111111,18.));
#4912=CARTESIAN_POINT('Origin',(3.672873534441,2.6,18.));
#4913=CARTESIAN_POINT('',(-3.264776475059,2.311111111111,18.));
#4914=CARTESIAN_POINT('Origin',(0.,0.,18.));
#4915=CARTESIAN_POINT('',(-3.672873534441,2.1,18.));
#4916=CARTESIAN_POINT('Origin',(-3.672873534441,2.6,18.));
#4917=CARTESIAN_POINT('',(-5.5,2.1,18.));
#4918=CARTESIAN_POINT('',(-5.5,2.1,18.));
#4919=CARTESIAN_POINT('',(-6.,1.6,18.));
#4920=CARTESIAN_POINT('Origin',(-5.5,1.6,18.));
#4921=CARTESIAN_POINT('',(-6.,-1.6,18.));
#4922=CARTESIAN_POINT('',(-6.,-1.6,18.));
#4923=CARTESIAN_POINT('',(-5.5,-2.1,18.));
#4924=CARTESIAN_POINT('Origin',(-5.5,-1.6,18.));
#4925=CARTESIAN_POINT('',(-3.672873534441,-2.1,18.));
#4926=CARTESIAN_POINT('',(-3.672873534441,-2.1,18.));
#4927=CARTESIAN_POINT('',(-3.264776475059,-2.311111111111,18.));
#4928=CARTESIAN_POINT('Origin',(-3.672873534441,-2.6,18.));
#4929=CARTESIAN_POINT('',(3.264776475059,-2.311111111111,18.));
#4930=CARTESIAN_POINT('Origin',(0.,0.,18.));
#4931=CARTESIAN_POINT('',(3.672873534441,-2.1,18.));
#4932=CARTESIAN_POINT('Origin',(3.672873534441,-2.6,18.));
#4933=CARTESIAN_POINT('',(5.5,-2.1,18.));
#4934=CARTESIAN_POINT('',(5.5,-2.1,18.));
#4935=CARTESIAN_POINT('',(6.,-1.6,18.));
#4936=CARTESIAN_POINT('Origin',(5.5,-1.6,18.));
#4937=CARTESIAN_POINT('',(6.,1.6,18.));
#4938=CARTESIAN_POINT('',(6.,1.6,18.));
#4939=CARTESIAN_POINT('',(5.5,2.1,18.));
#4940=CARTESIAN_POINT('Origin',(5.5,1.6,18.));
#4941=CARTESIAN_POINT('',(3.672873534441,2.1,18.));
#4942=CARTESIAN_POINT('Origin',(16.5,-35.,17.5));
#4943=CARTESIAN_POINT('',(17.,-35.,17.5));
#4944=CARTESIAN_POINT('Origin',(16.5,-35.,17.5));
#4945=CARTESIAN_POINT('',(17.,11.,17.5));
#4946=CARTESIAN_POINT('Origin',(16.5,11.,17.5));
#4947=CARTESIAN_POINT('',(17.,-35.,17.5));
#4948=CARTESIAN_POINT('Origin',(17.38388347648,-35.,18.38388347648));
#4949=CARTESIAN_POINT('',(18.5,-35.,17.5));
#4950=CARTESIAN_POINT('',(17.,-35.,17.5));
#4951=CARTESIAN_POINT('Origin',(16.5,-35.,17.5));
#4952=CARTESIAN_POINT('Origin',(16.5,-35.,17.5));
#4953=CARTESIAN_POINT('',(18.5,11.,17.5));
#4954=CARTESIAN_POINT('',(18.5,-35.,17.5));
#4955=CARTESIAN_POINT('Origin',(16.5,11.,17.5));
#4956=CARTESIAN_POINT('Origin',(17.38388347648,11.,18.38388347648));
#4957=CARTESIAN_POINT('',(16.5,11.,18.));
#4958=CARTESIAN_POINT('',(17.,11.,17.5));
#4959=CARTESIAN_POINT('Origin',(17.75,11.,12.75));
#4960=CARTESIAN_POINT('',(18.5,11.,9.5));
#4961=CARTESIAN_POINT('',(17.,11.,9.5));
#4962=CARTESIAN_POINT('',(18.5,11.,9.5));
#4963=CARTESIAN_POINT('',(17.,11.,9.5));
#4964=CARTESIAN_POINT('',(18.5,11.,9.5));
#4965=CARTESIAN_POINT('Origin',(66.73320002011,9.5,9.5));
#4966=CARTESIAN_POINT('',(17.,9.5,8.));
#4967=CARTESIAN_POINT('Origin',(17.,9.5,9.5));
#4968=CARTESIAN_POINT('',(18.5,9.5,8.));
#4969=CARTESIAN_POINT('Origin',(18.5,9.5,9.5));
#4970=CARTESIAN_POINT('',(18.5,9.5,8.));
#4971=CARTESIAN_POINT('Origin',(17.,-35.,8.));
#4972=CARTESIAN_POINT('',(17.,-24.,10.5));
#4973=CARTESIAN_POINT('',(17.,0.,10.5));
#4974=CARTESIAN_POINT('',(17.,-24.,10.5));
#4975=CARTESIAN_POINT('',(17.,-30.41500925564,8.3125));
#4976=CARTESIAN_POINT('Origin',(17.,-24.,0.));
#4977=CARTESIAN_POINT('',(17.,-31.33143914931,8.));
#4978=CARTESIAN_POINT('Origin',(17.,-31.33143914931,9.5));
#4979=CARTESIAN_POINT('',(17.,-33.5,8.));
#4980=CARTESIAN_POINT('',(17.,-33.5,8.));
#4981=CARTESIAN_POINT('',(17.,-35.,9.5));
#4982=CARTESIAN_POINT('Origin',(17.,-33.5,9.5));
#4983=CARTESIAN_POINT('',(17.,-35.,9.5));
#4984=CARTESIAN_POINT('',(17.,7.331439149308,8.));
#4985=CARTESIAN_POINT('',(17.,7.331439149308,8.));
#4986=CARTESIAN_POINT('',(17.,6.415009255644,8.3125));
#4987=CARTESIAN_POINT('Origin',(17.,7.331439149308,9.5));
#4988=CARTESIAN_POINT('Origin',(17.,0.,0.));
#4989=CARTESIAN_POINT('',(17.,-33.3,11.));
#4990=CARTESIAN_POINT('Origin',(17.,-32.,11.));
#4991=CARTESIAN_POINT('',(17.,6.7,11.));
#4992=CARTESIAN_POINT('Origin',(17.,8.,11.));
#4993=CARTESIAN_POINT('Origin',(17.75,8.,11.));
#4994=CARTESIAN_POINT('',(17.1,6.7,11.));
#4995=CARTESIAN_POINT('',(17.75,6.7,11.));
#4996=CARTESIAN_POINT('',(17.0999999999995,8.,12.3000000000005));
#4997=CARTESIAN_POINT('Origin',(17.1,8.,11.));
#4998=CARTESIAN_POINT('Origin',(17.1,8.,11.));
#4999=CARTESIAN_POINT('Origin',(17.79999998885,8.,11.));
#5000=CARTESIAN_POINT('',(18.4999999999995,8.,13.7000000000005));
#5001=CARTESIAN_POINT('',(17.79999998885,8.,12.999999988851));
#5002=CARTESIAN_POINT('Origin',(18.5,8.,11.));
#5003=CARTESIAN_POINT('Origin',(18.5,-35.,8.));
#5004=CARTESIAN_POINT('',(18.5,-24.,10.5));
#5005=CARTESIAN_POINT('',(18.5,-2.48689957516E-14,10.5));
#5006=CARTESIAN_POINT('',(18.5,-24.,10.5));
#5007=CARTESIAN_POINT('',(18.5,6.415009255644,8.3125));
#5008=CARTESIAN_POINT('Origin',(18.5,0.,0.));
#5009=CARTESIAN_POINT('',(18.5,7.331439149308,8.));
#5010=CARTESIAN_POINT('Origin',(18.5,7.331439149308,9.5));
#5011=CARTESIAN_POINT('',(18.5,7.331439149308,8.));
#5012=CARTESIAN_POINT('',(18.5,-35.,9.5));
#5013=CARTESIAN_POINT('',(18.5,-35.,9.5));
#5014=CARTESIAN_POINT('',(18.5,-33.5,8.));
#5015=CARTESIAN_POINT('Origin',(18.5,-33.5,9.5));
#5016=CARTESIAN_POINT('',(18.5,-31.33143914931,8.));
#5017=CARTESIAN_POINT('',(18.5,-33.5,8.));
#5018=CARTESIAN_POINT('',(18.5,-30.41500925564,8.3125));
#5019=CARTESIAN_POINT('Origin',(18.5,-31.33143914931,9.5));
#5020=CARTESIAN_POINT('Origin',(18.5,-24.,0.));
#5021=CARTESIAN_POINT('',(18.4999999999995,-32.,13.7000000000005));
#5022=CARTESIAN_POINT('Origin',(18.5,-32.,11.));
#5023=CARTESIAN_POINT('Origin',(17.79999998885,-32.,11.));
#5024=CARTESIAN_POINT('',(17.1,-33.3,11.));
#5025=CARTESIAN_POINT('',(17.0999999999995,-32.,12.3000000000005));
#5026=CARTESIAN_POINT('Origin',(17.1,-32.,11.));
#5027=CARTESIAN_POINT('',(17.79999998885,-32.,12.999999988851));
#5028=CARTESIAN_POINT('Origin',(17.1,-32.,11.));
#5029=CARTESIAN_POINT('Origin',(17.75,-32.,11.));
#5030=CARTESIAN_POINT('',(17.75,-33.3,11.));
#5031=CARTESIAN_POINT('Origin',(17.75,-12.,10.5));
#5032=CARTESIAN_POINT('',(17.,0.,10.5));
#5033=CARTESIAN_POINT('',(17.,-24.,10.5));
#5034=CARTESIAN_POINT('Origin',(17.75,-24.,0.));
#5035=CARTESIAN_POINT('',(18.5,-30.41500925564,8.3125));
#5036=CARTESIAN_POINT('Origin',(66.73320002011,-31.33143914931,9.5));
#5037=CARTESIAN_POINT('',(18.5,-31.33143914931,8.));
#5038=CARTESIAN_POINT('Origin',(17.75,-12.,8.));
#5039=CARTESIAN_POINT('',(18.5,7.331439149308,8.));
#5040=CARTESIAN_POINT('Origin',(17.75,-12.,8.));
#5041=CARTESIAN_POINT('',(18.5,-33.5,8.));
#5042=CARTESIAN_POINT('Origin',(66.73320002011,7.331439149308,9.5));
#5043=CARTESIAN_POINT('',(18.5,6.415009255644,8.3125));
#5044=CARTESIAN_POINT('Origin',(17.75,0.,0.));
#5045=CARTESIAN_POINT('Origin',(66.73320002011,-33.5,9.5));
#5046=CARTESIAN_POINT('',(18.5,-35.,9.5));
#5047=CARTESIAN_POINT('Origin',(17.75,-35.,12.75));
#5048=CARTESIAN_POINT('Origin',(0.,11.,18.75));
#5049=CARTESIAN_POINT('Origin',(0.,8.,19.5));
#5050=CARTESIAN_POINT('',(1.,8.,19.5));
#5051=CARTESIAN_POINT('Origin',(-5.656854249492,5.656854249492,19.5));
#5052=CARTESIAN_POINT('',(-4.94974746830545,6.36396103067855,19.5));
#5053=CARTESIAN_POINT('Origin',(-8.,0.,19.5));
#5054=CARTESIAN_POINT('',(-8.,1.,19.5));
#5055=CARTESIAN_POINT('Origin',(-5.656854249492,-5.656854249492,19.5));
#5056=CARTESIAN_POINT('',(-6.36396103067855,-4.94974746830545,19.5));
#5057=CARTESIAN_POINT('Origin',(0.,-8.,19.5));
#5058=CARTESIAN_POINT('',(-1.,-8.,19.5));
#5059=CARTESIAN_POINT('Origin',(5.656854249492,-5.656854249492,19.5));
#5060=CARTESIAN_POINT('',(4.94974746830545,-6.36396103067855,19.5));
#5061=CARTESIAN_POINT('Origin',(8.,0.,19.5));
#5062=CARTESIAN_POINT('',(8.,-1.,19.5));
#5063=CARTESIAN_POINT('Origin',(5.656854249492,5.656854249492,19.5));
#5064=CARTESIAN_POINT('',(6.36396103067855,4.94974746830545,19.5));
#5065=CARTESIAN_POINT('Origin',(3.5,8.,6.2175));
#5066=CARTESIAN_POINT('',(4.525,8.,19.225));
#5067=CARTESIAN_POINT('',(4.525,8.,6.2175));
#5068=CARTESIAN_POINT('Origin',(3.5,8.,19.225));
#5069=CARTESIAN_POINT('Origin',(3.5,8.,19.3625));
#5070=CARTESIAN_POINT('',(4.6625,8.,19.3625));
#5071=CARTESIAN_POINT('Origin',(-8.,3.5,6.2175));
#5072=CARTESIAN_POINT('',(-8.,4.525,19.225));
#5073=CARTESIAN_POINT('',(-8.,4.525,6.2175));
#5074=CARTESIAN_POINT('Origin',(-8.,3.5,19.225));
#5075=CARTESIAN_POINT('Origin',(-8.,3.5,19.3625));
#5076=CARTESIAN_POINT('',(-8.,4.6625,19.3625));
#5077=CARTESIAN_POINT('Origin',(-3.5,-8.,6.2175));
#5078=CARTESIAN_POINT('',(-4.525,-8.,19.225));
#5079=CARTESIAN_POINT('',(-4.525,-8.,6.2175));
#5080=CARTESIAN_POINT('Origin',(-3.5,-8.,19.225));
#5081=CARTESIAN_POINT('Origin',(-3.5,-8.,19.3625));
#5082=CARTESIAN_POINT('',(-4.6625,-8.,19.3625));
#5083=CARTESIAN_POINT('Origin',(8.,-3.5,6.2175));
#5084=CARTESIAN_POINT('',(8.,-4.525,19.225));
#5085=CARTESIAN_POINT('',(8.,-4.525,6.2175));
#5086=CARTESIAN_POINT('Origin',(8.,-3.5,19.225));
#5087=CARTESIAN_POINT('Origin',(8.,-3.5,19.3625));
#5088=CARTESIAN_POINT('',(8.,-4.6625,19.3625));
#5089=CARTESIAN_POINT('Origin',(-3.5,8.,19.5));
#5090=CARTESIAN_POINT('',(-2.25,8.,19.5));
#5091=CARTESIAN_POINT('Origin',(-8.,-3.5,19.5));
#5092=CARTESIAN_POINT('',(-8.,-2.25,19.5));
#5093=CARTESIAN_POINT('Origin',(3.5,-8.,19.5));
#5094=CARTESIAN_POINT('',(2.25,-8.,19.5));
#5095=CARTESIAN_POINT('Origin',(8.,3.5,19.5));
#5096=CARTESIAN_POINT('',(8.,2.25,19.5));
#5097=CARTESIAN_POINT('Origin',(7.778174593052,7.778174593052,19.5));
#5098=CARTESIAN_POINT('',(8.778174593052,7.778174593052,19.5));
#5099=CARTESIAN_POINT('Origin',(-7.778174593052,7.778174593052,19.5));
#5100=CARTESIAN_POINT('',(-7.778174593052,8.778174593052,19.5));
#5101=CARTESIAN_POINT('Origin',(-7.778174593052,-7.778174593052,19.5));
#5102=CARTESIAN_POINT('',(-8.778174593052,-7.778174593052,19.5));
#5103=CARTESIAN_POINT('Origin',(7.778174593052,-7.778174593052,19.5));
#5104=CARTESIAN_POINT('',(7.778174593052,-8.778174593052,19.5));
#5105=CARTESIAN_POINT('Origin',(0.,-16.,19.5));
#5106=CARTESIAN_POINT('',(1.,-16.,19.5));
#5107=CARTESIAN_POINT('Origin',(-5.656854249492,-18.34314575051,19.5));
#5108=CARTESIAN_POINT('',(-4.94974746830545,-17.6360389693235,19.5));
#5109=CARTESIAN_POINT('Origin',(-8.,-24.,19.5));
#5110=CARTESIAN_POINT('',(-8.,-23.,19.5));
#5111=CARTESIAN_POINT('Origin',(-5.656854249492,-29.65685424949,19.5));
#5112=CARTESIAN_POINT('',(-6.36396103067855,-28.9497474683035,19.5));
#5113=CARTESIAN_POINT('Origin',(0.,-32.,19.5));
#5114=CARTESIAN_POINT('',(-1.,-32.,19.5));
#5115=CARTESIAN_POINT('Origin',(5.656854249492,-29.65685424949,19.5));
#5116=CARTESIAN_POINT('',(4.94974746830545,-30.3639610306765,19.5));
#5117=CARTESIAN_POINT('Origin',(8.,-24.,19.5));
#5118=CARTESIAN_POINT('',(8.,-25.,19.5));
#5119=CARTESIAN_POINT('Origin',(5.656854249492,-18.34314575051,19.5));
#5120=CARTESIAN_POINT('',(6.36396103067855,-19.0502525316966,19.5));
#5121=CARTESIAN_POINT('Origin',(3.5,-16.,6.2175));
#5122=CARTESIAN_POINT('',(4.525,-16.,19.225));
#5123=CARTESIAN_POINT('',(4.525,-16.,6.2175));
#5124=CARTESIAN_POINT('Origin',(3.5,-16.,19.225));
#5125=CARTESIAN_POINT('Origin',(3.5,-16.,19.3625));
#5126=CARTESIAN_POINT('',(4.6625,-16.,19.3625));
#5127=CARTESIAN_POINT('Origin',(-8.,-20.5,6.2175));
#5128=CARTESIAN_POINT('',(-8.,-19.475,19.225));
#5129=CARTESIAN_POINT('',(-8.,-19.475,6.2175));
#5130=CARTESIAN_POINT('Origin',(-8.,-20.5,19.225));
#5131=CARTESIAN_POINT('Origin',(-8.,-20.5,19.3625));
#5132=CARTESIAN_POINT('',(-8.,-19.3375,19.3625));
#5133=CARTESIAN_POINT('Origin',(-3.5,-32.,6.2175));
#5134=CARTESIAN_POINT('',(-4.525,-32.,19.225));
#5135=CARTESIAN_POINT('',(-4.525,-32.,6.2175));
#5136=CARTESIAN_POINT('Origin',(-3.5,-32.,19.225));
#5137=CARTESIAN_POINT('Origin',(-3.5,-32.,19.3625));
#5138=CARTESIAN_POINT('',(-4.6625,-32.,19.3625));
#5139=CARTESIAN_POINT('Origin',(8.,-27.5,6.2175));
#5140=CARTESIAN_POINT('',(8.,-28.525,19.225));
#5141=CARTESIAN_POINT('',(8.,-28.525,6.2175));
#5142=CARTESIAN_POINT('Origin',(8.,-27.5,19.225));
#5143=CARTESIAN_POINT('Origin',(8.,-27.5,19.3625));
#5144=CARTESIAN_POINT('',(8.,-28.6625,19.3625));
#5145=CARTESIAN_POINT('Origin',(-3.5,-16.,19.5));
#5146=CARTESIAN_POINT('',(-2.25,-16.,19.5));
#5147=CARTESIAN_POINT('Origin',(-8.,-27.5,19.5));
#5148=CARTESIAN_POINT('',(-8.,-26.25,19.5));
#5149=CARTESIAN_POINT('Origin',(3.5,-32.,19.5));
#5150=CARTESIAN_POINT('',(2.25,-32.,19.5));
#5151=CARTESIAN_POINT('Origin',(8.,-20.5,19.5));
#5152=CARTESIAN_POINT('',(8.,-21.75,19.5));
#5153=CARTESIAN_POINT('Origin',(7.778174593052,-16.22182540695,19.5));
#5154=CARTESIAN_POINT('',(8.778174593052,-16.22182540695,19.5));
#5155=CARTESIAN_POINT('Origin',(-7.778174593052,-16.22182540695,19.5));
#5156=CARTESIAN_POINT('',(-7.778174593052,-15.22182540695,19.5));
#5157=CARTESIAN_POINT('Origin',(-7.778174593052,-31.77817459305,19.5));
#5158=CARTESIAN_POINT('',(-8.778174593052,-31.77817459305,19.5));
#5159=CARTESIAN_POINT('Origin',(7.778174593052,-31.77817459305,19.5));
#5160=CARTESIAN_POINT('',(7.778174593052,-32.77817459305,19.5));
#5161=CARTESIAN_POINT('Origin',(12.,6.,6.2175));
#5162=CARTESIAN_POINT('',(13.025,6.,19.175));
#5163=CARTESIAN_POINT('',(13.025,6.,6.2175));
#5164=CARTESIAN_POINT('Origin',(12.,6.,19.175));
#5165=CARTESIAN_POINT('Origin',(12.,6.,19.3375));
#5166=CARTESIAN_POINT('',(13.1875,6.,19.3375));
#5167=CARTESIAN_POINT('Origin',(-12.,6.,6.2175));
#5168=CARTESIAN_POINT('',(-10.975,6.,19.175));
#5169=CARTESIAN_POINT('',(-10.975,6.,6.2175));
#5170=CARTESIAN_POINT('Origin',(-12.,6.,19.175));
#5171=CARTESIAN_POINT('Origin',(-12.,6.,19.3375));
#5172=CARTESIAN_POINT('',(-10.8125,6.,19.3375));
#5173=CARTESIAN_POINT('Origin',(12.,-6.,6.2175));
#5174=CARTESIAN_POINT('',(13.025,-6.,19.175));
#5175=CARTESIAN_POINT('',(13.025,-6.,6.2175));
#5176=CARTESIAN_POINT('Origin',(12.,-6.,19.175));
#5177=CARTESIAN_POINT('Origin',(12.,-6.,19.3375));
#5178=CARTESIAN_POINT('',(13.1875,-6.,19.3375));
#5179=CARTESIAN_POINT('Origin',(-12.,-6.,6.2175));
#5180=CARTESIAN_POINT('',(-10.975,-6.,19.175));
#5181=CARTESIAN_POINT('',(-10.975,-6.,6.2175));
#5182=CARTESIAN_POINT('Origin',(-12.,-6.,19.175));
#5183=CARTESIAN_POINT('Origin',(-12.,-6.,19.3375));
#5184=CARTESIAN_POINT('',(-10.8125,-6.,19.3375));
#5185=CARTESIAN_POINT('Origin',(12.,-18.,6.2175));
#5186=CARTESIAN_POINT('',(13.025,-18.,19.175));
#5187=CARTESIAN_POINT('',(13.025,-18.,6.2175));
#5188=CARTESIAN_POINT('Origin',(12.,-18.,19.175));
#5189=CARTESIAN_POINT('Origin',(12.,-18.,19.3375));
#5190=CARTESIAN_POINT('',(13.1875,-18.,19.3375));
#5191=CARTESIAN_POINT('Origin',(-12.,-18.,6.2175));
#5192=CARTESIAN_POINT('',(-10.975,-18.,19.175));
#5193=CARTESIAN_POINT('',(-10.975,-18.,6.2175));
#5194=CARTESIAN_POINT('Origin',(-12.,-18.,19.175));
#5195=CARTESIAN_POINT('Origin',(-12.,-18.,19.3375));
#5196=CARTESIAN_POINT('',(-10.8125,-18.,19.3375));
#5197=CARTESIAN_POINT('Origin',(12.,-30.,6.2175));
#5198=CARTESIAN_POINT('',(13.025,-30.,19.175));
#5199=CARTESIAN_POINT('',(13.025,-30.,6.2175));
#5200=CARTESIAN_POINT('Origin',(12.,-30.,19.175));
#5201=CARTESIAN_POINT('Origin',(12.,-30.,19.3375));
#5202=CARTESIAN_POINT('',(13.1875,-30.,19.3375));
#5203=CARTESIAN_POINT('Origin',(-12.,-30.,6.2175));
#5204=CARTESIAN_POINT('',(-10.975,-30.,19.175));
#5205=CARTESIAN_POINT('',(-10.975,-30.,6.2175));
#5206=CARTESIAN_POINT('Origin',(-12.,-30.,19.175));
#5207=CARTESIAN_POINT('Origin',(-12.,-30.,19.3375));
#5208=CARTESIAN_POINT('',(-10.8125,-30.,19.3375));
#5209=CARTESIAN_POINT('Origin',(3.672873534441,-26.6,34.4914));
#5210=CARTESIAN_POINT('',(3.264776475059,-26.31111111111,19.5));
#5211=CARTESIAN_POINT('',(3.672873534441,-26.1,19.5));
#5212=CARTESIAN_POINT('Origin',(4.702204453055,-26.1,18.75));
#5213=CARTESIAN_POINT('',(5.5,-26.1,18.));
#5214=CARTESIAN_POINT('Origin',(5.5,-25.6,-6.9914));
#5215=CARTESIAN_POINT('',(6.,-25.6,18.));
#5216=CARTESIAN_POINT('Origin',(6.,-24.,18.75));
#5217=CARTESIAN_POINT('',(6.,-22.4,18.));
#5218=CARTESIAN_POINT('Origin',(5.5,-22.4,-6.9914));
#5219=CARTESIAN_POINT('',(5.5,-21.9,18.));
#5220=CARTESIAN_POINT('Origin',(4.702204453055,-21.9,18.75));
#5221=CARTESIAN_POINT('',(3.672873534441,-21.9,19.5));
#5222=CARTESIAN_POINT('Origin',(3.672873534441,-21.4,34.4914));
#5223=CARTESIAN_POINT('',(3.264776475059,-21.68888888889,19.5));
#5224=CARTESIAN_POINT('Origin',(0.,-24.,18.75));
#5225=CARTESIAN_POINT('',(-3.264776475059,-21.68888888889,19.5));
#5226=CARTESIAN_POINT('Origin',(-3.672873534441,-21.4,34.4914));
#5227=CARTESIAN_POINT('',(-3.672873534441,-21.9,19.5));
#5228=CARTESIAN_POINT('Origin',(-4.702204453055,-21.9,18.75));
#5229=CARTESIAN_POINT('',(-5.5,-21.9,18.));
#5230=CARTESIAN_POINT('Origin',(-5.5,-22.4,-6.9914));
#5231=CARTESIAN_POINT('',(-6.,-22.4,18.));
#5232=CARTESIAN_POINT('Origin',(-6.,-24.,18.75));
#5233=CARTESIAN_POINT('',(-6.,-25.6,18.));
#5234=CARTESIAN_POINT('Origin',(-5.5,-25.6,-6.9914));
#5235=CARTESIAN_POINT('',(-5.5,-26.1,18.));
#5236=CARTESIAN_POINT('Origin',(-4.702204453055,-26.1,18.75));
#5237=CARTESIAN_POINT('',(-3.672873534441,-26.1,19.5));
#5238=CARTESIAN_POINT('Origin',(-3.672873534441,-26.6,34.4914));
#5239=CARTESIAN_POINT('',(-3.264776475059,-26.31111111111,19.5));
#5240=CARTESIAN_POINT('Origin',(0.,-24.,18.75));
#5241=CARTESIAN_POINT('Origin',(3.672873534441,2.6,34.4914));
#5242=CARTESIAN_POINT('',(3.672873534441,2.1,19.5));
#5243=CARTESIAN_POINT('',(3.264776475059,2.311111111111,19.5));
#5244=CARTESIAN_POINT('Origin',(0.,0.,18.75));
#5245=CARTESIAN_POINT('',(-3.264776475059,2.311111111111,19.5));
#5246=CARTESIAN_POINT('Origin',(-3.672873534441,2.6,34.4914));
#5247=CARTESIAN_POINT('',(-3.672873534441,2.1,19.5));
#5248=CARTESIAN_POINT('Origin',(-4.702204453055,2.1,18.75));
#5249=CARTESIAN_POINT('',(-5.5,2.1,18.));
#5250=CARTESIAN_POINT('Origin',(-5.5,1.6,-6.9914));
#5251=CARTESIAN_POINT('',(-6.,1.6,18.));
#5252=CARTESIAN_POINT('Origin',(-6.,0.,18.75));
#5253=CARTESIAN_POINT('',(-6.,-1.6,18.));
#5254=CARTESIAN_POINT('Origin',(-5.5,-1.6,-6.9914));
#5255=CARTESIAN_POINT('',(-5.5,-2.1,18.));
#5256=CARTESIAN_POINT('Origin',(-4.702204453055,-2.1,18.75));
#5257=CARTESIAN_POINT('',(-3.672873534441,-2.1,19.5));
#5258=CARTESIAN_POINT('Origin',(-3.672873534441,-2.6,34.4914));
#5259=CARTESIAN_POINT('',(-3.264776475059,-2.311111111111,19.5));
#5260=CARTESIAN_POINT('Origin',(0.,0.,18.75));
#5261=CARTESIAN_POINT('',(3.264776475059,-2.311111111111,19.5));
#5262=CARTESIAN_POINT('Origin',(3.672873534441,-2.6,34.4914));
#5263=CARTESIAN_POINT('',(3.672873534441,-2.1,19.5));
#5264=CARTESIAN_POINT('Origin',(4.702204453055,-2.1,18.75));
#5265=CARTESIAN_POINT('',(5.5,-2.1,18.));
#5266=CARTESIAN_POINT('Origin',(5.5,-1.6,-6.9914));
#5267=CARTESIAN_POINT('',(6.,-1.6,18.));
#5268=CARTESIAN_POINT('Origin',(6.,0.,18.75));
#5269=CARTESIAN_POINT('',(6.,1.6,18.));
#5270=CARTESIAN_POINT('Origin',(5.5,1.6,-6.9914));
#5271=CARTESIAN_POINT('',(5.5,2.1,18.));
#5272=CARTESIAN_POINT('Origin',(4.702204453055,2.1,18.75));
#5273=CARTESIAN_POINT('Origin',(-66.73320002011,-31.33143914931,9.5));
#5274=CARTESIAN_POINT('',(-18.5,-30.41500925564,8.3125));
#5275=CARTESIAN_POINT('Origin',(-17.75,-24.,0.));
#5276=CARTESIAN_POINT('Origin',(3.5,8.,6.2175));
#5277=CARTESIAN_POINT('',(4.75,8.,18.));
#5278=CARTESIAN_POINT('Origin',(3.5,8.,18.));
#5279=CARTESIAN_POINT('',(4.75,8.,19.45));
#5280=CARTESIAN_POINT('',(4.75,8.,6.2175));
#5281=CARTESIAN_POINT('Origin',(3.5,8.,19.45));
#5282=CARTESIAN_POINT('Origin',(-8.,3.5,6.2175));
#5283=CARTESIAN_POINT('',(-8.,4.75,18.));
#5284=CARTESIAN_POINT('Origin',(-8.,3.5,18.));
#5285=CARTESIAN_POINT('',(-8.,4.75,19.45));
#5286=CARTESIAN_POINT('',(-8.,4.75,6.2175));
#5287=CARTESIAN_POINT('Origin',(-8.,3.5,19.45));
#5288=CARTESIAN_POINT('Origin',(-3.5,-8.,6.2175));
#5289=CARTESIAN_POINT('',(-4.75,-8.,18.));
#5290=CARTESIAN_POINT('Origin',(-3.5,-8.,18.));
#5291=CARTESIAN_POINT('',(-4.75,-8.,19.45));
#5292=CARTESIAN_POINT('',(-4.75,-8.,6.2175));
#5293=CARTESIAN_POINT('Origin',(-3.5,-8.,19.45));
#5294=CARTESIAN_POINT('Origin',(8.,-3.5,6.2175));
#5295=CARTESIAN_POINT('',(8.,-4.75,18.));
#5296=CARTESIAN_POINT('Origin',(8.,-3.5,18.));
#5297=CARTESIAN_POINT('',(8.,-4.75,19.45));
#5298=CARTESIAN_POINT('',(8.,-4.75,6.2175));
#5299=CARTESIAN_POINT('Origin',(8.,-3.5,19.45));
#5300=CARTESIAN_POINT('Origin',(3.5,-16.,6.2175));
#5301=CARTESIAN_POINT('',(4.75,-16.,18.));
#5302=CARTESIAN_POINT('Origin',(3.5,-16.,18.));
#5303=CARTESIAN_POINT('',(4.75,-16.,19.45));
#5304=CARTESIAN_POINT('',(4.75,-16.,6.2175));
#5305=CARTESIAN_POINT('Origin',(3.5,-16.,19.45));
#5306=CARTESIAN_POINT('Origin',(-8.,-20.5,6.2175));
#5307=CARTESIAN_POINT('',(-8.,-19.25,18.));
#5308=CARTESIAN_POINT('Origin',(-8.,-20.5,18.));
#5309=CARTESIAN_POINT('',(-8.,-19.25,19.45));
#5310=CARTESIAN_POINT('',(-8.,-19.25,6.2175));
#5311=CARTESIAN_POINT('Origin',(-8.,-20.5,19.45));
#5312=CARTESIAN_POINT('Origin',(-3.5,-32.,6.2175));
#5313=CARTESIAN_POINT('',(-4.75,-32.,18.));
#5314=CARTESIAN_POINT('Origin',(-3.5,-32.,18.));
#5315=CARTESIAN_POINT('',(-4.75,-32.,19.45));
#5316=CARTESIAN_POINT('',(-4.75,-32.,6.2175));
#5317=CARTESIAN_POINT('Origin',(-3.5,-32.,19.45));
#5318=CARTESIAN_POINT('Origin',(8.,-27.5,6.2175));
#5319=CARTESIAN_POINT('',(8.,-28.75,18.));
#5320=CARTESIAN_POINT('Origin',(8.,-27.5,18.));
#5321=CARTESIAN_POINT('',(8.,-28.75,19.45));
#5322=CARTESIAN_POINT('',(8.,-28.75,6.2175));
#5323=CARTESIAN_POINT('Origin',(8.,-27.5,19.45));
#5324=CARTESIAN_POINT('Origin',(12.,6.,6.2175));
#5325=CARTESIAN_POINT('',(13.25,6.,18.));
#5326=CARTESIAN_POINT('Origin',(12.,6.,18.));
#5327=CARTESIAN_POINT('',(13.25,6.,19.4));
#5328=CARTESIAN_POINT('',(13.25,6.,6.2175));
#5329=CARTESIAN_POINT('Origin',(12.,6.,19.4));
#5330=CARTESIAN_POINT('Origin',(-12.,6.,6.2175));
#5331=CARTESIAN_POINT('',(-10.75,6.,18.));
#5332=CARTESIAN_POINT('Origin',(-12.,6.,18.));
#5333=CARTESIAN_POINT('',(-10.75,6.,19.4));
#5334=CARTESIAN_POINT('',(-10.75,6.,6.2175));
#5335=CARTESIAN_POINT('Origin',(-12.,6.,19.4));
#5336=CARTESIAN_POINT('Origin',(12.,-6.,6.2175));
#5337=CARTESIAN_POINT('',(13.25,-6.,18.));
#5338=CARTESIAN_POINT('Origin',(12.,-6.,18.));
#5339=CARTESIAN_POINT('',(13.25,-6.,19.4));
#5340=CARTESIAN_POINT('',(13.25,-6.,6.2175));
#5341=CARTESIAN_POINT('Origin',(12.,-6.,19.4));
#5342=CARTESIAN_POINT('Origin',(-12.,-6.,6.2175));
#5343=CARTESIAN_POINT('',(-10.75,-6.,18.));
#5344=CARTESIAN_POINT('Origin',(-12.,-6.,18.));
#5345=CARTESIAN_POINT('',(-10.75,-6.,19.4));
#5346=CARTESIAN_POINT('',(-10.75,-6.,6.2175));
#5347=CARTESIAN_POINT('Origin',(-12.,-6.,19.4));
#5348=CARTESIAN_POINT('Origin',(12.,-18.,6.2175));
#5349=CARTESIAN_POINT('',(13.25,-18.,18.));
#5350=CARTESIAN_POINT('Origin',(12.,-18.,18.));
#5351=CARTESIAN_POINT('',(13.25,-18.,19.4));
#5352=CARTESIAN_POINT('',(13.25,-18.,6.2175));
#5353=CARTESIAN_POINT('Origin',(12.,-18.,19.4));
#5354=CARTESIAN_POINT('Origin',(-12.,-18.,6.2175));
#5355=CARTESIAN_POINT('',(-10.75,-18.,18.));
#5356=CARTESIAN_POINT('Origin',(-12.,-18.,18.));
#5357=CARTESIAN_POINT('',(-10.75,-18.,19.4));
#5358=CARTESIAN_POINT('',(-10.75,-18.,6.2175));
#5359=CARTESIAN_POINT('Origin',(-12.,-18.,19.4));
#5360=CARTESIAN_POINT('Origin',(12.,-30.,6.2175));
#5361=CARTESIAN_POINT('',(13.25,-30.,18.));
#5362=CARTESIAN_POINT('Origin',(12.,-30.,18.));
#5363=CARTESIAN_POINT('',(13.25,-30.,19.4));
#5364=CARTESIAN_POINT('',(13.25,-30.,6.2175));
#5365=CARTESIAN_POINT('Origin',(12.,-30.,19.4));
#5366=CARTESIAN_POINT('Origin',(-12.,-30.,6.2175));
#5367=CARTESIAN_POINT('',(-10.75,-30.,18.));
#5368=CARTESIAN_POINT('Origin',(-12.,-30.,18.));
#5369=CARTESIAN_POINT('',(-10.75,-30.,19.4));
#5370=CARTESIAN_POINT('',(-10.75,-30.,6.2175));
#5371=CARTESIAN_POINT('Origin',(-12.,-30.,19.4));
#5372=UNCERTAINTY_MEASURE_WITH_UNIT(LENGTH_MEASURE(0.01),#5376,
'DISTANCE_ACCURACY_VALUE',
'Maximum model space distance between geometric entities at asserted c
onnectivities');
#5373=UNCERTAINTY_MEASURE_WITH_UNIT(LENGTH_MEASURE(0.01),#5376,
'DISTANCE_ACCURACY_VALUE',
'Maximum model space distance between geometric entities at asserted c
onnectivities');
#5374=(
GEOMETRIC_REPRESENTATION_CONTEXT(3)
GLOBAL_UNCERTAINTY_ASSIGNED_CONTEXT((#5372))
GLOBAL_UNIT_ASSIGNED_CONTEXT((#5376,#5378,#5379))
REPRESENTATION_CONTEXT('','3D')
);
#5375=(
GEOMETRIC_REPRESENTATION_CONTEXT(3)
GLOBAL_UNCERTAINTY_ASSIGNED_CONTEXT((#5373))
GLOBAL_UNIT_ASSIGNED_CONTEXT((#5376,#5378,#5379))
REPRESENTATION_CONTEXT('','3D')
);
#5376=(
LENGTH_UNIT()
NAMED_UNIT(*)
SI_UNIT(.MILLI.,.METRE.)
);
#5377=(
LENGTH_UNIT()
NAMED_UNIT(*)
SI_UNIT($,.METRE.)
);
#5378=(
NAMED_UNIT(*)
PLANE_ANGLE_UNIT()
SI_UNIT($,.RADIAN.)
);
#5379=(
NAMED_UNIT(*)
SI_UNIT($,.STERADIAN.)
SOLID_ANGLE_UNIT()
);
#5380=SHAPE_DEFINITION_REPRESENTATION(#5381,#5382);
#5381=PRODUCT_DEFINITION_SHAPE('',$,#5384);
#5382=SHAPE_REPRESENTATION('',(#3120,#29,#30,#31,#32,#33,#34,#35,#36,#37,
#38,#39,#40,#41,#42,#43,#44),#5374);
#5383=PRODUCT_DEFINITION_CONTEXT('part definition',#5388,'design');
#5384=PRODUCT_DEFINITION('2026-08-09-10-04-32-921','belt_motor_bracket',
#5385,#5383);
#5385=PRODUCT_DEFINITION_FORMATION('',$,#5390);
#5386=PRODUCT_RELATED_PRODUCT_CATEGORY('belt_motor_bracket',
'belt_motor_bracket',(#5390));
#5387=APPLICATION_PROTOCOL_DEFINITION('international standard',
'automotive_design',2009,#5388);
#5388=APPLICATION_CONTEXT(
'Core Data for Automotive Mechanical Design Process');
#5389=PRODUCT_CONTEXT('part definition',#5388,'mechanical');
#5390=PRODUCT('2026-08-09-10-04-32-921','belt_motor_bracket',$,(#5389));
#5391=PRESENTATION_STYLE_ASSIGNMENT((#5392));
#5392=SURFACE_STYLE_USAGE(.BOTH.,#5393);
#5393=SURFACE_SIDE_STYLE('',(#5394));
#5394=SURFACE_STYLE_FILL_AREA(#5395);
#5395=FILL_AREA_STYLE('Steel - Satin',(#5396));
#5396=FILL_AREA_STYLE_COLOUR('Steel - Satin',#5397);
#5397=COLOUR_RGB('Steel - Satin',0.627450980392157,0.627450980392157,0.627450980392157);
ENDSEC;
END-ISO-10303-21;
