ISO-10303-21;
HEADER;
/* Generated by software containing ST-Developer
 * from STEP Tools, Inc. (www.steptools.com) 
 */

FILE_DESCRIPTION(
/* description */ ('STEP AP203'),
/* implementation_level */ '2;1');

FILE_NAME(
/* name */ 'linear_motor.step',
/* time_stamp */ '2026-08-14T19:15:07+09:00',
/* author */ (''),
/* organization */ (''),
/* preprocessor_version */ 'ST-DEVELOPER v20.1',
/* originating_system */ 'Autodesk Translation Framework v15.8.0.0',
/* authorisation */ '');

FILE_SCHEMA (('AUTOMOTIVE_DESIGN { 1 0 10303 214 3 1 1 }'));
ENDSEC;

DATA;
#10=MECHANICAL_DESIGN_GEOMETRIC_PRESENTATION_REPRESENTATION('',(#216,#217,
#218,#219,#220,#221,#222,#223,#224,#225),#13806);
#11=ITEM_DEFINED_TRANSFORMATION($,$,#5289,#5763);
#12=ITEM_DEFINED_TRANSFORMATION($,$,#5375,#5764);
#13=ITEM_DEFINED_TRANSFORMATION($,$,#5472,#5765);
#14=ITEM_DEFINED_TRANSFORMATION($,$,#5518,#5766);
#15=ITEM_DEFINED_TRANSFORMATION($,$,#5569,#5767);
#16=ITEM_DEFINED_TRANSFORMATION($,$,#5720,#5768);
#17=ITEM_DEFINED_TRANSFORMATION($,$,#5631,#5769);
#18=ITEM_DEFINED_TRANSFORMATION($,$,#5655,#5770);
#19=ITEM_DEFINED_TRANSFORMATION($,$,#5680,#5771);
#20=ITEM_DEFINED_TRANSFORMATION($,$,#5720,#5772);
#21=ITEM_DEFINED_TRANSFORMATION($,$,#5720,#5773);
#22=ITEM_DEFINED_TRANSFORMATION($,$,#5720,#5774);
#23=ITEM_DEFINED_TRANSFORMATION($,$,#5720,#5775);
#24=(
REPRESENTATION_RELATIONSHIP($,$,#13845,#13844)
REPRESENTATION_RELATIONSHIP_WITH_TRANSFORMATION(#11)
SHAPE_REPRESENTATION_RELATIONSHIP()
);
#25=(
REPRESENTATION_RELATIONSHIP($,$,#13846,#13844)
REPRESENTATION_RELATIONSHIP_WITH_TRANSFORMATION(#12)
SHAPE_REPRESENTATION_RELATIONSHIP()
);
#26=(
REPRESENTATION_RELATIONSHIP($,$,#13847,#13844)
REPRESENTATION_RELATIONSHIP_WITH_TRANSFORMATION(#13)
SHAPE_REPRESENTATION_RELATIONSHIP()
);
#27=(
REPRESENTATION_RELATIONSHIP($,$,#13848,#13844)
REPRESENTATION_RELATIONSHIP_WITH_TRANSFORMATION(#14)
SHAPE_REPRESENTATION_RELATIONSHIP()
);
#28=(
REPRESENTATION_RELATIONSHIP($,$,#13849,#13844)
REPRESENTATION_RELATIONSHIP_WITH_TRANSFORMATION(#15)
SHAPE_REPRESENTATION_RELATIONSHIP()
);
#29=(
REPRESENTATION_RELATIONSHIP($,$,#13853,#13844)
REPRESENTATION_RELATIONSHIP_WITH_TRANSFORMATION(#16)
SHAPE_REPRESENTATION_RELATIONSHIP()
);
#30=(
REPRESENTATION_RELATIONSHIP($,$,#13850,#13844)
REPRESENTATION_RELATIONSHIP_WITH_TRANSFORMATION(#17)
SHAPE_REPRESENTATION_RELATIONSHIP()
);
#31=(
REPRESENTATION_RELATIONSHIP($,$,#13851,#13844)
REPRESENTATION_RELATIONSHIP_WITH_TRANSFORMATION(#18)
SHAPE_REPRESENTATION_RELATIONSHIP()
);
#32=(
REPRESENTATION_RELATIONSHIP($,$,#13852,#13844)
REPRESENTATION_RELATIONSHIP_WITH_TRANSFORMATION(#19)
SHAPE_REPRESENTATION_RELATIONSHIP()
);
#33=(
REPRESENTATION_RELATIONSHIP($,$,#13853,#13844)
REPRESENTATION_RELATIONSHIP_WITH_TRANSFORMATION(#20)
SHAPE_REPRESENTATION_RELATIONSHIP()
);
#34=(
REPRESENTATION_RELATIONSHIP($,$,#13853,#13844)
REPRESENTATION_RELATIONSHIP_WITH_TRANSFORMATION(#21)
SHAPE_REPRESENTATION_RELATIONSHIP()
);
#35=(
REPRESENTATION_RELATIONSHIP($,$,#13853,#13844)
REPRESENTATION_RELATIONSHIP_WITH_TRANSFORMATION(#22)
SHAPE_REPRESENTATION_RELATIONSHIP()
);
#36=(
REPRESENTATION_RELATIONSHIP($,$,#13853,#13844)
REPRESENTATION_RELATIONSHIP_WITH_TRANSFORMATION(#23)
SHAPE_REPRESENTATION_RELATIONSHIP()
);
#37=CONTEXT_DEPENDENT_SHAPE_REPRESENTATION(#24,#13831);
#38=CONTEXT_DEPENDENT_SHAPE_REPRESENTATION(#25,#13832);
#39=CONTEXT_DEPENDENT_SHAPE_REPRESENTATION(#26,#13833);
#40=CONTEXT_DEPENDENT_SHAPE_REPRESENTATION(#27,#13834);
#41=CONTEXT_DEPENDENT_SHAPE_REPRESENTATION(#28,#13835);
#42=CONTEXT_DEPENDENT_SHAPE_REPRESENTATION(#29,#13836);
#43=CONTEXT_DEPENDENT_SHAPE_REPRESENTATION(#30,#13837);
#44=CONTEXT_DEPENDENT_SHAPE_REPRESENTATION(#31,#13838);
#45=CONTEXT_DEPENDENT_SHAPE_REPRESENTATION(#32,#13839);
#46=CONTEXT_DEPENDENT_SHAPE_REPRESENTATION(#33,#13840);
#47=CONTEXT_DEPENDENT_SHAPE_REPRESENTATION(#34,#13841);
#48=CONTEXT_DEPENDENT_SHAPE_REPRESENTATION(#35,#13842);
#49=CONTEXT_DEPENDENT_SHAPE_REPRESENTATION(#36,#13843);
#50=NEXT_ASSEMBLY_USAGE_OCCURRENCE('\X\B5\X\E7\X\BB\X\FA\X\A3\X\A8\X\D3
\X\D2\X\A3\X\A9:1','\X\B5\X\E7\X\BB\X\FA\X\A3\X\A8\X\D3\X\D2\X\A3\X\A9
:1','\X\B5\X\E7\X\BB\X\FA\X\A3\X\A8\X\D3\X\D2\X\A3\X\A9:1',#13855,#13856,
'\X\B5\X\E7\X\BB\X\FA\X\A3\X\A8\X\D3\X\D2\X\A3\X\A9:1');
#51=NEXT_ASSEMBLY_USAGE_OCCURRENCE('\X\B5\X\E7\X\BB\X\FA\X\A3\X\A8\X\D7
\X\F3\X\A3\X\A9:1','\X\B5\X\E7\X\BB\X\FA\X\A3\X\A8\X\D7\X\F3\X\A3\X\A9
:1','\X\B5\X\E7\X\BB\X\FA\X\A3\X\A8\X\D7\X\F3\X\A3\X\A9:1',#13855,#13857,
'\X\B5\X\E7\X\BB\X\FA\X\A3\X\A8\X\D7\X\F3\X\A3\X\A9:1');
#52=NEXT_ASSEMBLY_USAGE_OCCURRENCE('\X\BF\X\D5\X\D0\X\C4\X\C2\X\C1\X\B9
\X\DC:1','\X\BF\X\D5\X\D0\X\C4\X\C2\X\C1\X\B9\X\DC:1',
'\X\BF\X\D5\X\D0\X\C4\X\C2\X\C1\X\B9\X\DC:1',#13855,#13858,
'\X\BF\X\D5\X\D0\X\C4\X\C2\X\C1\X\B9\X\DC:1');
#53=NEXT_ASSEMBLY_USAGE_OCCURRENCE('\X\D0\X\A1\X\C2\X\C1\X\BF\X\C7:1',
'\X\D0\X\A1\X\C2\X\C1\X\BF\X\C7:1','\X\D0\X\A1\X\C2\X\C1\X\BF\X\C7:1',#13855,
#13859,'\X\D0\X\A1\X\C2\X\C1\X\BF\X\C7:1');
#54=NEXT_ASSEMBLY_USAGE_OCCURRENCE('IP60\X\CD\X\C6\X\B8\X\CB\X\B7\X\E2
\X\B8\X\C7:1','IP60\X\CD\X\C6\X\B8\X\CB\X\B7\X\E2\X\B8\X\C7:1',
'IP60\X\CD\X\C6\X\B8\X\CB\X\B7\X\E2\X\B8\X\C7:1',#13855,#13860,
'IP60\X\CD\X\C6\X\B8\X\CB\X\B7\X\E2\X\B8\X\C7:1');
#55=NEXT_ASSEMBLY_USAGE_OCCURRENCE('\X\C2\X\DD\X\CB\X\BF:1',
'\X\C2\X\DD\X\CB\X\BF:1','\X\C2\X\DD\X\CB\X\BF:1',#13855,#13864,
'\X\C2\X\DD\X\CB\X\BF:1');
#56=NEXT_ASSEMBLY_USAGE_OCCURRENCE('IP60\X\CF\X\DF\X\BF\X\DB:1',
'IP60\X\CF\X\DF\X\BF\X\DB:1','IP60\X\CF\X\DF\X\BF\X\DB:1',#13855,#13861,
'IP60\X\CF\X\DF\X\BF\X\DB:1');
#57=NEXT_ASSEMBLY_USAGE_OCCURRENCE('\X\B5\X\E7\X\CF\X\DF:1',
'\X\B5\X\E7\X\CF\X\DF:1','\X\B5\X\E7\X\CF\X\DF:1',#13855,#13862,
'\X\B5\X\E7\X\CF\X\DF:1');
#58=NEXT_ASSEMBLY_USAGE_OCCURRENCE('\X\B5\X\F5\X\B6\X\FA:1',
'\X\B5\X\F5\X\B6\X\FA:1','\X\B5\X\F5\X\B6\X\FA:1',#13855,#13863,
'\X\B5\X\F5\X\B6\X\FA:1');
#59=NEXT_ASSEMBLY_USAGE_OCCURRENCE('\X\C2\X\DD\X\CB\X\BF:2',
'\X\C2\X\DD\X\CB\X\BF:2','\X\C2\X\DD\X\CB\X\BF:2',#13855,#13864,
'\X\C2\X\DD\X\CB\X\BF:2');
#60=NEXT_ASSEMBLY_USAGE_OCCURRENCE('\X\C2\X\DD\X\CB\X\BF:3',
'\X\C2\X\DD\X\CB\X\BF:3','\X\C2\X\DD\X\CB\X\BF:3',#13855,#13864,
'\X\C2\X\DD\X\CB\X\BF:3');
#61=NEXT_ASSEMBLY_USAGE_OCCURRENCE('\X\C2\X\DD\X\CB\X\BF:4',
'\X\C2\X\DD\X\CB\X\BF:4','\X\C2\X\DD\X\CB\X\BF:4',#13855,#13864,
'\X\C2\X\DD\X\CB\X\BF:4');
#62=NEXT_ASSEMBLY_USAGE_OCCURRENCE('\X\C2\X\DD\X\CB\X\BF:5',
'\X\C2\X\DD\X\CB\X\BF:5','\X\C2\X\DD\X\CB\X\BF:5',#13855,#13864,
'\X\C2\X\DD\X\CB\X\BF:5');
#63=TOROIDAL_SURFACE('',#5656,15.,0.65);
#64=TOROIDAL_SURFACE('',#5668,15.,0.65);
#65=TOROIDAL_SURFACE('',#5721,1.05,0.2);
#66=TOROIDAL_SURFACE('',#5726,1.05,0.2);
#67=(
BOUNDED_SURFACE()
B_SPLINE_SURFACE(1,2,((#9262,#9263,#9264,#9265,#9266,#9267,#9268,#9269,
#9270,#9271,#9272,#9273,#9274,#9275,#9276,#9277,#9278,#9279,#9280,#9281,
#9282,#9283,#9284,#9285,#9286,#9287,#9288,#9289,#9290,#9291,#9292,#9293,
#9294,#9295,#9296,#9297,#9298,#9299,#9300,#9301,#9302,#9303,#9304,#9305,
#9306,#9307,#9308,#9309,#9310,#9311,#9312,#9313,#9314,#9315,#9316,#9317,
#9318,#9319,#9320,#9321,#9322,#9323,#9324,#9325,#9326,#9327,#9328,#9329,
#9330,#9331,#9332,#9333,#9334,#9335,#9336,#9337,#9338,#9339,#9340,#9341,
#9342,#9343,#9344,#9345,#9346,#9347,#9348,#9349,#9350,#9351,#9352,#9353,
#9354,#9355,#9356,#9357,#9358,#9359,#9360,#9361,#9362,#9363,#9364,#9365,
#9366,#9367,#9368,#9369,#9370,#9371,#9372,#9373,#9374,#9375,#9376,#9377,
#9378,#9379,#9380,#9381,#9382,#9383,#9384,#9385,#9386,#9387,#9388,#9389,
#9390),(#9391,#9392,#9393,#9394,#9395,#9396,#9397,#9398,#9399,#9400,#9401,
#9402,#9403,#9404,#9405,#9406,#9407,#9408,#9409,#9410,#9411,#9412,#9413,
#9414,#9415,#9416,#9417,#9418,#9419,#9420,#9421,#9422,#9423,#9424,#9425,
#9426,#9427,#9428,#9429,#9430,#9431,#9432,#9433,#9434,#9435,#9436,#9437,
#9438,#9439,#9440,#9441,#9442,#9443,#9444,#9445,#9446,#9447,#9448,#9449,
#9450,#9451,#9452,#9453,#9454,#9455,#9456,#9457,#9458,#9459,#9460,#9461,
#9462,#9463,#9464,#9465,#9466,#9467,#9468,#9469,#9470,#9471,#9472,#9473,
#9474,#9475,#9476,#9477,#9478,#9479,#9480,#9481,#9482,#9483,#9484,#9485,
#9486,#9487,#9488,#9489,#9490,#9491,#9492,#9493,#9494,#9495,#9496,#9497,
#9498,#9499,#9500,#9501,#9502,#9503,#9504,#9505,#9506,#9507,#9508,#9509,
#9510,#9511,#9512,#9513,#9514,#9515,#9516,#9517,#9518,#9519)),
 .UNSPECIFIED.,.F.,.F.,.F.)
B_SPLINE_SURFACE_WITH_KNOTS((2,2),(3,2,2,2,2,2,2,2,2,2,2,2,2,2,2,2,2,2,
2,2,2,2,2,2,2,2,2,2,2,2,2,2,2,2,2,2,2,2,2,2,2,2,2,2,2,2,2,2,2,2,2,2,2,2,
2,2,2,2,2,2,2,2,2,2,3),(0.,1.00000907509949),(0.,0.015625,0.03125,0.046875,
0.0625,0.078125,0.09375,0.109375,0.125,0.140625,0.15625,0.171875,0.1875,
0.203125,0.21875,0.234375,0.25,0.265625,0.28125,0.296875,0.3125,0.328125,
0.34375,0.359375,0.375,0.390625,0.40625,0.421875,0.4375,0.453125,0.46875,
0.484375,0.5,0.515625,0.53125,0.546875,0.5625,0.578125,0.59375,0.609375,
0.625,0.640625,0.65625,0.671875,0.6875,0.703125,0.71875,0.734375,0.75,0.765625,
0.78125,0.796875,0.8125,0.828125,0.84375,0.859375,0.875,0.890625,0.90625,
0.921875,0.9375,0.953125,0.96875,0.984375,1.),.UNSPECIFIED.)
GEOMETRIC_REPRESENTATION_ITEM()
RATIONAL_B_SPLINE_SURFACE(((1.,0.923879532511287,1.,0.923879532511287,1.,
0.923879532511287,1.,0.923879532511287,1.,0.923879532511287,1.,0.923879532511287,
1.,0.923879532511287,1.,0.923879532511287,1.,0.923879532511287,1.,0.923879532511287,
1.,0.923879532511287,1.,0.923879532511287,1.,0.923879532511287,1.,0.923879532511287,
1.,0.923879532511287,1.,0.923879532511287,1.,0.923879532511287,1.,0.923879532511287,
1.,0.923879532511287,1.,0.923879532511287,1.,0.923879532511287,1.,0.923879532511287,
1.,0.923879532511287,1.,0.923879532511287,1.,0.923879532511287,1.,0.923879532511287,
1.,0.923879532511287,1.,0.923879532511287,1.,0.923879532511287,1.,0.923879532511287,
1.,0.923879532511287,1.,0.923879532511287,1.,0.923879532511287,1.,0.923879532511287,
1.,0.923879532511287,1.,0.923879532511287,1.,0.923879532511287,1.,0.923879532511287,
1.,0.923879532511287,1.,0.923879532511287,1.,0.923879532511287,1.,0.923879532511287,
1.,0.923879532511287,1.,0.923879532511287,1.,0.923879532511287,1.,0.923879532511287,
1.,0.923879532511287,1.,0.923879532511287,1.,0.923879532511287,1.,0.923879532511287,
1.,0.923879532511287,1.,0.923879532511287,1.,0.923879532511287,1.,0.923879532511287,
1.,0.923879532511287,1.,0.923879532511287,1.,0.923879532511287,1.,0.923879532511287,
1.,0.923879532511287,1.,0.923879532511287,1.,0.923879532511287,1.,0.923879532511287,
1.,0.923879532511287,1.,0.923879532511287,1.),(1.,0.923879532511287,1.,
0.923879532511287,1.,0.923879532511287,1.,0.923879532511287,1.,0.923879532511287,
1.,0.923879532511287,1.,0.923879532511287,1.,0.923879532511287,1.,0.923879532511287,
1.,0.923879532511287,1.,0.923879532511287,1.,0.923879532511287,1.,0.923879532511287,
1.,0.923879532511287,1.,0.923879532511287,1.,0.923879532511287,1.,0.923879532511287,
1.,0.923879532511287,1.,0.923879532511287,1.,0.923879532511287,1.,0.923879532511287,
1.,0.923879532511287,1.,0.923879532511287,1.,0.923879532511287,1.,0.923879532511287,
1.,0.923879532511287,1.,0.923879532511287,1.,0.923879532511287,1.,0.923879532511287,
1.,0.923879532511287,1.,0.923879532511287,1.,0.923879532511287,1.,0.923879532511287,
1.,0.923879532511287,1.,0.923879532511287,1.,0.923879532511287,1.,0.923879532511287,
1.,0.923879532511287,1.,0.923879532511287,1.,0.923879532511287,1.,0.923879532511287,
1.,0.923879532511287,1.,0.923879532511287,1.,0.923879532511287,1.,0.923879532511287,
1.,0.923879532511287,1.,0.923879532511287,1.,0.923879532511287,1.,0.923879532511287,
1.,0.923879532511287,1.,0.923879532511287,1.,0.923879532511287,1.,0.923879532511287,
1.,0.923879532511287,1.,0.923879532511287,1.,0.923879532511287,1.,0.923879532511287,
1.,0.923879532511287,1.,0.923879532511287,1.,0.923879532511287,1.,0.923879532511287,
1.,0.923879532511287,1.,0.923879532511287,1.,0.923879532511287,1.)))
REPRESENTATION_ITEM('')
SURFACE()
);
#68=(
BOUNDED_SURFACE()
B_SPLINE_SURFACE(1,2,((#9569,#9570,#9571,#9572,#9573,#9574,#9575,#9576,
#9577,#9578,#9579,#9580,#9581,#9582,#9583,#9584,#9585,#9586,#9587,#9588,
#9589,#9590,#9591,#9592,#9593,#9594,#9595,#9596,#9597,#9598,#9599,#9600,
#9601,#9602,#9603,#9604,#9605,#9606,#9607,#9608,#9609,#9610,#9611,#9612,
#9613,#9614,#9615,#9616,#9617,#9618,#9619,#9620,#9621,#9622,#9623,#9624,
#9625,#9626,#9627,#9628,#9629,#9630,#9631,#9632,#9633,#9634,#9635,#9636,
#9637,#9638,#9639,#9640,#9641,#9642,#9643,#9644,#9645,#9646,#9647,#9648,
#9649,#9650,#9651,#9652,#9653,#9654,#9655,#9656,#9657,#9658,#9659,#9660,
#9661,#9662,#9663,#9664,#9665,#9666,#9667,#9668,#9669,#9670,#9671,#9672,
#9673,#9674,#9675,#9676,#9677,#9678,#9679,#9680,#9681,#9682,#9683,#9684,
#9685,#9686,#9687,#9688,#9689,#9690,#9691,#9692,#9693,#9694,#9695,#9696,
#9697),(#9698,#9699,#9700,#9701,#9702,#9703,#9704,#9705,#9706,#9707,#9708,
#9709,#9710,#9711,#9712,#9713,#9714,#9715,#9716,#9717,#9718,#9719,#9720,
#9721,#9722,#9723,#9724,#9725,#9726,#9727,#9728,#9729,#9730,#9731,#9732,
#9733,#9734,#9735,#9736,#9737,#9738,#9739,#9740,#9741,#9742,#9743,#9744,
#9745,#9746,#9747,#9748,#9749,#9750,#9751,#9752,#9753,#9754,#9755,#9756,
#9757,#9758,#9759,#9760,#9761,#9762,#9763,#9764,#9765,#9766,#9767,#9768,
#9769,#9770,#9771,#9772,#9773,#9774,#9775,#9776,#9777,#9778,#9779,#9780,
#9781,#9782,#9783,#9784,#9785,#9786,#9787,#9788,#9789,#9790,#9791,#9792,
#9793,#9794,#9795,#9796,#9797,#9798,#9799,#9800,#9801,#9802,#9803,#9804,
#9805,#9806,#9807,#9808,#9809,#9810,#9811,#9812,#9813,#9814,#9815,#9816,
#9817,#9818,#9819,#9820,#9821,#9822,#9823,#9824,#9825,#9826)),
 .UNSPECIFIED.,.F.,.F.,.F.)
B_SPLINE_SURFACE_WITH_KNOTS((2,2),(3,2,2,2,2,2,2,2,2,2,2,2,2,2,2,2,2,2,
2,2,2,2,2,2,2,2,2,2,2,2,2,2,2,2,2,2,2,2,2,2,2,2,2,2,2,2,2,2,2,2,2,2,2,2,
2,2,2,2,2,2,2,2,2,2,3),(0.,1.),(0.,0.015625,0.03125,0.046875,0.0625,0.078125,
0.09375,0.109375,0.125,0.140625,0.15625,0.171875,0.1875,0.203125,0.21875,
0.234375,0.25,0.265625,0.28125,0.296875,0.3125,0.328125,0.34375,0.359375,
0.375,0.390625,0.40625,0.421875,0.4375,0.453125,0.46875,0.484375,0.5,0.515625,
0.53125,0.546875,0.5625,0.578125,0.59375,0.609375,0.625,0.640625,0.65625,
0.671875,0.6875,0.703125,0.71875,0.734375,0.75,0.765625,0.78125,0.796875,
0.8125,0.828125,0.84375,0.859375,0.875,0.890625,0.90625,0.921875,0.9375,
0.953125,0.96875,0.984375,1.),.UNSPECIFIED.)
GEOMETRIC_REPRESENTATION_ITEM()
RATIONAL_B_SPLINE_SURFACE(((1.,0.923879532511287,1.,0.923879532511287,1.,
0.923879532511287,1.,0.923879532511287,1.,0.923879532511287,1.,0.923879532511287,
1.,0.923879532511287,1.,0.923879532511287,1.,0.923879532511287,1.,0.923879532511287,
1.,0.923879532511287,1.,0.923879532511287,1.,0.923879532511287,1.,0.923879532511287,
1.,0.923879532511287,1.,0.923879532511287,1.,0.923879532511287,1.,0.923879532511287,
1.,0.923879532511287,1.,0.923879532511287,1.,0.923879532511287,1.,0.923879532511287,
1.,0.923879532511287,1.,0.923879532511287,1.,0.923879532511287,1.,0.923879532511287,
1.,0.923879532511287,1.,0.923879532511287,1.,0.923879532511287,1.,0.923879532511287,
1.,0.923879532511287,1.,0.923879532511287,1.,0.923879532511287,1.,0.923879532511287,
1.,0.923879532511287,1.,0.923879532511287,1.,0.923879532511287,1.,0.923879532511287,
1.,0.923879532511287,1.,0.923879532511287,1.,0.923879532511287,1.,0.923879532511287,
1.,0.923879532511287,1.,0.923879532511287,1.,0.923879532511287,1.,0.923879532511287,
1.,0.923879532511287,1.,0.923879532511287,1.,0.923879532511287,1.,0.923879532511287,
1.,0.923879532511287,1.,0.923879532511287,1.,0.923879532511287,1.,0.923879532511287,
1.,0.923879532511287,1.,0.923879532511287,1.,0.923879532511287,1.,0.923879532511287,
1.,0.923879532511287,1.,0.923879532511287,1.,0.923879532511287,1.,0.923879532511287,
1.,0.923879532511287,1.,0.923879532511287,1.),(1.,0.923879532511287,1.,
0.923879532511287,1.,0.923879532511287,1.,0.923879532511287,1.,0.923879532511287,
1.,0.923879532511287,1.,0.923879532511287,1.,0.923879532511287,1.,0.923879532511287,
1.,0.923879532511287,1.,0.923879532511287,1.,0.923879532511287,1.,0.923879532511287,
1.,0.923879532511287,1.,0.923879532511287,1.,0.923879532511287,1.,0.923879532511287,
1.,0.923879532511287,1.,0.923879532511287,1.,0.923879532511287,1.,0.923879532511287,
1.,0.923879532511287,1.,0.923879532511287,1.,0.923879532511287,1.,0.923879532511287,
1.,0.923879532511287,1.,0.923879532511287,1.,0.923879532511287,1.,0.923879532511287,
1.,0.923879532511287,1.,0.923879532511287,1.,0.923879532511287,1.,0.923879532511287,
1.,0.923879532511287,1.,0.923879532511287,1.,0.923879532511287,1.,0.923879532511287,
1.,0.923879532511287,1.,0.923879532511287,1.,0.923879532511287,1.,0.923879532511287,
1.,0.923879532511287,1.,0.923879532511287,1.,0.923879532511287,1.,0.923879532511287,
1.,0.923879532511287,1.,0.923879532511287,1.,0.923879532511287,1.,0.923879532511287,
1.,0.923879532511287,1.,0.923879532511287,1.,0.923879532511287,1.,0.923879532511287,
1.,0.923879532511287,1.,0.923879532511287,1.,0.923879532511287,1.,0.923879532511287,
1.,0.923879532511287,1.,0.923879532511287,1.,0.923879532511287,1.,0.923879532511287,
1.,0.923879532511287,1.,0.923879532511287,1.,0.923879532511287,1.)))
REPRESENTATION_ITEM('')
SURFACE()
);
#69=CONICAL_SURFACE('',#5496,4.,0.785398163397492);
#70=CONICAL_SURFACE('',#5505,3.35,0.785398163397447);
#71=CONICAL_SURFACE('',#5690,0.602864621179363,1.02974425867666);
#72=B_SPLINE_SURFACE_WITH_KNOTS('',3,3,((#8541,#8542,#8543,#8544),(#8545,
#8546,#8547,#8548),(#8549,#8550,#8551,#8552),(#8553,#8554,#8555,#8556),
(#8557,#8558,#8559,#8560),(#8561,#8562,#8563,#8564),(#8565,#8566,#8567,
#8568),(#8569,#8570,#8571,#8572),(#8573,#8574,#8575,#8576),(#8577,#8578,
#8579,#8580),(#8581,#8582,#8583,#8584),(#8585,#8586,#8587,#8588),(#8589,
#8590,#8591,#8592),(#8593,#8594,#8595,#8596),(#8597,#8598,#8599,#8600),
(#8601,#8602,#8603,#8604),(#8605,#8606,#8607,#8608),(#8609,#8610,#8611,
#8612),(#8613,#8614,#8615,#8616),(#8617,#8618,#8619,#8620),(#8621,#8622,
#8623,#8624),(#8625,#8626,#8627,#8628),(#8629,#8630,#8631,#8632),(#8633,
#8634,#8635,#8636),(#8637,#8638,#8639,#8640),(#8641,#8642,#8643,#8644),
(#8645,#8646,#8647,#8648),(#8649,#8650,#8651,#8652),(#8653,#8654,#8655,
#8656),(#8657,#8658,#8659,#8660),(#8661,#8662,#8663,#8664),(#8665,#8666,
#8667,#8668),(#8669,#8670,#8671,#8672),(#8673,#8674,#8675,#8676),(#8677,
#8678,#8679,#8680),(#8681,#8682,#8683,#8684),(#8685,#8686,#8687,#8688),
(#8689,#8690,#8691,#8692),(#8693,#8694,#8695,#8696),(#8697,#8698,#8699,
#8700),(#8701,#8702,#8703,#8704),(#8705,#8706,#8707,#8708),(#8709,#8710,
#8711,#8712),(#8713,#8714,#8715,#8716),(#8717,#8718,#8719,#8720),(#8721,
#8722,#8723,#8724),(#8725,#8726,#8727,#8728),(#8729,#8730,#8731,#8732),
(#8733,#8734,#8735,#8736),(#8737,#8738,#8739,#8740),(#8741,#8742,#8743,
#8744),(#8745,#8746,#8747,#8748),(#8749,#8750,#8751,#8752),(#8753,#8754,
#8755,#8756),(#8757,#8758,#8759,#8760),(#8761,#8762,#8763,#8764),(#8765,
#8766,#8767,#8768),(#8769,#8770,#8771,#8772),(#8773,#8774,#8775,#8776),
(#8777,#8778,#8779,#8780),(#8781,#8782,#8783,#8784),(#8785,#8786,#8787,
#8788),(#8789,#8790,#8791,#8792),(#8793,#8794,#8795,#8796),(#8797,#8798,
#8799,#8800),(#8801,#8802,#8803,#8804)),.UNSPECIFIED.,.T.,.F.,.F.,(4,2,
2,2,2,2,2,2,2,2,2,2,2,2,2,2,2,2,2,2,2,2,2,2,2,2,2,2,2,2,2,2,4),(4,4),(0.,
0.196349540849362,0.392699081698724,0.589048622548086,0.785398163397448,
0.98174770424681,1.17809724509617,1.37444678594553,1.5707963267949,1.76714586764426,
1.96349540849362,2.15984494934298,2.35619449019234,2.55254403104171,2.74889357189107,
2.94524311274043,3.14159265358979,3.33794219443916,3.53429173528852,3.73064127613788,
3.92699081698724,4.1233403578366,4.31968989868597,4.51603943953533,4.71238898038469,
4.90873852123405,5.10508806208341,5.30143760293278,5.49778714378214,5.6941366846315,
5.89048622548086,6.08683576633022,6.28318530717959),(-0.000870521406227636,
0.00109052140622764),.UNSPECIFIED.);
#73=B_SPLINE_SURFACE_WITH_KNOTS('',3,3,((#8817,#8818,#8819,#8820),(#8821,
#8822,#8823,#8824),(#8825,#8826,#8827,#8828),(#8829,#8830,#8831,#8832),
(#8833,#8834,#8835,#8836),(#8837,#8838,#8839,#8840),(#8841,#8842,#8843,
#8844),(#8845,#8846,#8847,#8848),(#8849,#8850,#8851,#8852),(#8853,#8854,
#8855,#8856),(#8857,#8858,#8859,#8860),(#8861,#8862,#8863,#8864),(#8865,
#8866,#8867,#8868),(#8869,#8870,#8871,#8872),(#8873,#8874,#8875,#8876),
(#8877,#8878,#8879,#8880),(#8881,#8882,#8883,#8884),(#8885,#8886,#8887,
#8888),(#8889,#8890,#8891,#8892),(#8893,#8894,#8895,#8896),(#8897,#8898,
#8899,#8900),(#8901,#8902,#8903,#8904),(#8905,#8906,#8907,#8908),(#8909,
#8910,#8911,#8912),(#8913,#8914,#8915,#8916),(#8917,#8918,#8919,#8920),
(#8921,#8922,#8923,#8924),(#8925,#8926,#8927,#8928),(#8929,#8930,#8931,
#8932),(#8933,#8934,#8935,#8936),(#8937,#8938,#8939,#8940),(#8941,#8942,
#8943,#8944),(#8945,#8946,#8947,#8948),(#8949,#8950,#8951,#8952),(#8953,
#8954,#8955,#8956),(#8957,#8958,#8959,#8960),(#8961,#8962,#8963,#8964),
(#8965,#8966,#8967,#8968),(#8969,#8970,#8971,#8972),(#8973,#8974,#8975,
#8976),(#8977,#8978,#8979,#8980),(#8981,#8982,#8983,#8984),(#8985,#8986,
#8987,#8988),(#8989,#8990,#8991,#8992),(#8993,#8994,#8995,#8996),(#8997,
#8998,#8999,#9000),(#9001,#9002,#9003,#9004),(#9005,#9006,#9007,#9008),
(#9009,#9010,#9011,#9012),(#9013,#9014,#9015,#9016),(#9017,#9018,#9019,
#9020),(#9021,#9022,#9023,#9024),(#9025,#9026,#9027,#9028),(#9029,#9030,
#9031,#9032),(#9033,#9034,#9035,#9036),(#9037,#9038,#9039,#9040),(#9041,
#9042,#9043,#9044),(#9045,#9046,#9047,#9048),(#9049,#9050,#9051,#9052),
(#9053,#9054,#9055,#9056),(#9057,#9058,#9059,#9060),(#9061,#9062,#9063,
#9064),(#9065,#9066,#9067,#9068),(#9069,#9070,#9071,#9072),(#9073,#9074,
#9075,#9076),(#9077,#9078,#9079,#9080)),.UNSPECIFIED.,.T.,.F.,.F.,(4,2,
2,2,2,2,2,2,2,2,2,2,2,2,2,2,2,2,2,2,2,2,2,2,2,2,2,2,2,2,2,2,4),(4,4),(0.,
0.196349540849362,0.392699081698724,0.589048622548086,0.785398163397448,
0.98174770424681,1.17809724509617,1.37444678594553,1.5707963267949,1.76714586764426,
1.96349540849362,2.15984494934298,2.35619449019234,2.55254403104171,2.74889357189107,
2.94524311274043,3.14159265358979,3.33794219443916,3.53429173528852,3.73064127613788,
3.92699081698724,4.1233403578366,4.31968989868597,4.51603943953533,4.71238898038469,
4.90873852123405,5.10508806208341,5.30143760293278,5.49778714378214,5.6941366846315,
5.89048622548086,6.08683576633022,6.28318530717959),(-0.000870521406227636,
0.00109052140622764),.UNSPECIFIED.);
#74=B_SPLINE_SURFACE_WITH_KNOTS('',3,3,((#9837,#9838,#9839,#9840),(#9841,
#9842,#9843,#9844),(#9845,#9846,#9847,#9848),(#9849,#9850,#9851,#9852),
(#9853,#9854,#9855,#9856),(#9857,#9858,#9859,#9860),(#9861,#9862,#9863,
#9864),(#9865,#9866,#9867,#9868),(#9869,#9870,#9871,#9872),(#9873,#9874,
#9875,#9876),(#9877,#9878,#9879,#9880),(#9881,#9882,#9883,#9884),(#9885,
#9886,#9887,#9888),(#9889,#9890,#9891,#9892),(#9893,#9894,#9895,#9896),
(#9897,#9898,#9899,#9900),(#9901,#9902,#9903,#9904),(#9905,#9906,#9907,
#9908),(#9909,#9910,#9911,#9912),(#9913,#9914,#9915,#9916),(#9917,#9918,
#9919,#9920),(#9921,#9922,#9923,#9924),(#9925,#9926,#9927,#9928),(#9929,
#9930,#9931,#9932),(#9933,#9934,#9935,#9936),(#9937,#9938,#9939,#9940),
(#9941,#9942,#9943,#9944),(#9945,#9946,#9947,#9948),(#9949,#9950,#9951,
#9952),(#9953,#9954,#9955,#9956),(#9957,#9958,#9959,#9960),(#9961,#9962,
#9963,#9964),(#9965,#9966,#9967,#9968),(#9969,#9970,#9971,#9972),(#9973,
#9974,#9975,#9976),(#9977,#9978,#9979,#9980),(#9981,#9982,#9983,#9984),
(#9985,#9986,#9987,#9988),(#9989,#9990,#9991,#9992),(#9993,#9994,#9995,
#9996),(#9997,#9998,#9999,#10000),(#10001,#10002,#10003,#10004),(#10005,
#10006,#10007,#10008),(#10009,#10010,#10011,#10012),(#10013,#10014,#10015,
#10016),(#10017,#10018,#10019,#10020),(#10021,#10022,#10023,#10024),(#10025,
#10026,#10027,#10028),(#10029,#10030,#10031,#10032),(#10033,#10034,#10035,
#10036),(#10037,#10038,#10039,#10040),(#10041,#10042,#10043,#10044),(#10045,
#10046,#10047,#10048),(#10049,#10050,#10051,#10052),(#10053,#10054,#10055,
#10056),(#10057,#10058,#10059,#10060),(#10061,#10062,#10063,#10064),(#10065,
#10066,#10067,#10068),(#10069,#10070,#10071,#10072),(#10073,#10074,#10075,
#10076),(#10077,#10078,#10079,#10080),(#10081,#10082,#10083,#10084),(#10085,
#10086,#10087,#10088),(#10089,#10090,#10091,#10092),(#10093,#10094,#10095,
#10096),(#10097,#10098,#10099,#10100)),.UNSPECIFIED.,.T.,.F.,.F.,(4,2,2,
2,2,2,2,2,2,2,2,2,2,2,2,2,2,2,2,2,2,2,2,2,2,2,2,2,2,2,2,2,4),(4,4),(0.,
0.196349540849362,0.392699081698724,0.589048622548086,0.785398163397448,
0.98174770424681,1.17809724509617,1.37444678594553,1.5707963267949,1.76714586764426,
1.96349540849362,2.15984494934298,2.35619449019234,2.55254403104171,2.74889357189107,
2.94524311274043,3.14159265358979,3.33794219443916,3.53429173528852,3.73064127613788,
3.92699081698724,4.1233403578366,4.31968989868597,4.51603943953533,4.71238898038469,
4.90873852123405,5.10508806208341,5.30143760293278,5.49778714378214,5.6941366846315,
5.89048622548086,6.08683576633022,6.28318530717959),(-0.000870521406227636,
0.00109052140622764),.UNSPECIFIED.);
#75=B_SPLINE_SURFACE_WITH_KNOTS('',1,3,((#12166,#12167,#12168,#12169,#12170,
#12171,#12172,#12173,#12174,#12175,#12176,#12177,#12178,#12179,#12180,#12181,
#12182,#12183,#12184,#12185,#12186,#12187,#12188,#12189,#12190,#12191,#12192,
#12193,#12194,#12195,#12196,#12197,#12198,#12199,#12200,#12201,#12202,#12203,
#12204,#12205,#12206,#12207,#12208,#12209,#12210,#12211,#12212,#12213,#12214,
#12215,#12216,#12217,#12218,#12219,#12220,#12221,#12222,#12223,#12224,#12225,
#12226,#12227,#12228,#12229,#12230,#12231,#12232,#12233,#12234,#12235,#12236,
#12237,#12238,#12239,#12240,#12241,#12242,#12243,#12244,#12245,#12246,#12247,
#12248,#12249,#12250,#12251,#12252,#12253,#12254,#12255,#12256,#12257,#12258,
#12259,#12260,#12261,#12262,#12263,#12264,#12265,#12266,#12267,#12268,#12269,
#12270,#12271,#12272,#12273,#12274,#12275,#12276,#12277,#12278,#12279,#12280,
#12281,#12282,#12283,#12284,#12285,#12286,#12287,#12288,#12289,#12290,#12291,
#12292,#12293,#12294,#12295,#12296,#12297,#12298,#12299,#12300,#12301,#12302,
#12303,#12304,#12305,#12306,#12307,#12308,#12309),(#12310,#12311,#12312,
#12313,#12314,#12315,#12316,#12317,#12318,#12319,#12320,#12321,#12322,#12323,
#12324,#12325,#12326,#12327,#12328,#12329,#12330,#12331,#12332,#12333,#12334,
#12335,#12336,#12337,#12338,#12339,#12340,#12341,#12342,#12343,#12344,#12345,
#12346,#12347,#12348,#12349,#12350,#12351,#12352,#12353,#12354,#12355,#12356,
#12357,#12358,#12359,#12360,#12361,#12362,#12363,#12364,#12365,#12366,#12367,
#12368,#12369,#12370,#12371,#12372,#12373,#12374,#12375,#12376,#12377,#12378,
#12379,#12380,#12381,#12382,#12383,#12384,#12385,#12386,#12387,#12388,#12389,
#12390,#12391,#12392,#12393,#12394,#12395,#12396,#12397,#12398,#12399,#12400,
#12401,#12402,#12403,#12404,#12405,#12406,#12407,#12408,#12409,#12410,#12411,
#12412,#12413,#12414,#12415,#12416,#12417,#12418,#12419,#12420,#12421,#12422,
#12423,#12424,#12425,#12426,#12427,#12428,#12429,#12430,#12431,#12432,#12433,
#12434,#12435,#12436,#12437,#12438,#12439,#12440,#12441,#12442,#12443,#12444,
#12445,#12446,#12447,#12448,#12449,#12450,#12451,#12452,#12453)),
 .UNSPECIFIED.,.F.,.F.,.F.,(2,2),(4,2,2,2,2,2,2,2,2,2,2,2,2,2,2,2,2,2,2,
2,2,2,2,2,2,2,2,2,2,2,2,2,2,2,2,2,2,2,2,2,2,2,2,2,2,2,2,2,2,2,2,2,2,2,2,
2,2,2,2,2,2,2,2,2,2,2,2,2,2,2,2,4),(-1.08391576641994E-6,1.),(0.,0.0829705587567842,
0.124455838135176,0.145198477824372,0.15556979766897,0.160755457591269,
0.165941117513568,0.179075249421847,0.192209381330125,0.205343513238403,
0.218477645146682,0.23161177705496,0.244745908963238,0.257880040871516,
0.271014172779795,0.284148304688073,0.297282436596351,0.310416568504629,
0.323550700412908,0.336684832321186,0.349818964229464,0.362953096137742,
0.376087228046021,0.389221359954299,0.402355491862577,0.415489623770855,
0.428623755679134,0.441757887587412,0.45489201949569,0.468026151403968,
0.481160283312247,0.494294415220525,0.507428547128803,0.520562679037081,
0.53369681094536,0.546065617798618,0.558434424651876,0.563727526144584,
0.569020627638016,0.586291493360032,0.599454945844031,0.61261839832803,
0.625781850812029,0.638945303296028,0.652108755780027,0.665272208264026,
0.678435660748025,0.691599113232024,0.704762565716023,0.717926018200022,
0.731089470684021,0.74425292316802,0.757416375652019,0.770579828136018,
0.783743280620017,0.796906733104016,0.810070185588015,0.823233638072014,
0.836397090556013,0.849560543040012,0.862723995524011,0.87588744800801,
0.889050900492009,0.902214352976008,0.915377805460007,0.928541257944006,
0.941704710428005,0.954868162912004,0.966151122184003,0.977434081456002,
0.988717040728001,1.),.UNSPECIFIED.);
#76=B_SPLINE_SURFACE_WITH_KNOTS('',1,3,((#12737,#12738,#12739,#12740,#12741,
#12742,#12743,#12744,#12745,#12746,#12747,#12748,#12749,#12750,#12751,#12752,
#12753,#12754,#12755,#12756,#12757,#12758,#12759,#12760,#12761,#12762,#12763,
#12764,#12765,#12766,#12767,#12768,#12769,#12770,#12771,#12772,#12773,#12774,
#12775,#12776,#12777,#12778,#12779,#12780,#12781,#12782,#12783,#12784,#12785,
#12786,#12787,#12788,#12789,#12790,#12791,#12792,#12793,#12794,#12795,#12796,
#12797,#12798,#12799,#12800,#12801,#12802,#12803,#12804,#12805,#12806,#12807,
#12808,#12809,#12810,#12811,#12812,#12813,#12814,#12815,#12816,#12817,#12818,
#12819,#12820,#12821,#12822,#12823,#12824,#12825,#12826,#12827,#12828,#12829,
#12830,#12831,#12832,#12833,#12834,#12835,#12836,#12837,#12838,#12839,#12840,
#12841,#12842,#12843,#12844,#12845,#12846,#12847,#12848,#12849,#12850,#12851,
#12852,#12853,#12854,#12855,#12856,#12857,#12858,#12859,#12860,#12861,#12862,
#12863,#12864,#12865,#12866,#12867,#12868,#12869,#12870,#12871,#12872,#12873,
#12874,#12875,#12876,#12877,#12878,#12879,#12880),(#12881,#12882,#12883,
#12884,#12885,#12886,#12887,#12888,#12889,#12890,#12891,#12892,#12893,#12894,
#12895,#12896,#12897,#12898,#12899,#12900,#12901,#12902,#12903,#12904,#12905,
#12906,#12907,#12908,#12909,#12910,#12911,#12912,#12913,#12914,#12915,#12916,
#12917,#12918,#12919,#12920,#12921,#12922,#12923,#12924,#12925,#12926,#12927,
#12928,#12929,#12930,#12931,#12932,#12933,#12934,#12935,#12936,#12937,#12938,
#12939,#12940,#12941,#12942,#12943,#12944,#12945,#12946,#12947,#12948,#12949,
#12950,#12951,#12952,#12953,#12954,#12955,#12956,#12957,#12958,#12959,#12960,
#12961,#12962,#12963,#12964,#12965,#12966,#12967,#12968,#12969,#12970,#12971,
#12972,#12973,#12974,#12975,#12976,#12977,#12978,#12979,#12980,#12981,#12982,
#12983,#12984,#12985,#12986,#12987,#12988,#12989,#12990,#12991,#12992,#12993,
#12994,#12995,#12996,#12997,#12998,#12999,#13000,#13001,#13002,#13003,#13004,
#13005,#13006,#13007,#13008,#13009,#13010,#13011,#13012,#13013,#13014,#13015,
#13016,#13017,#13018,#13019,#13020,#13021,#13022,#13023,#13024)),
 .UNSPECIFIED.,.F.,.F.,.F.,(2,2),(4,2,2,2,2,2,2,2,2,2,2,2,2,2,2,2,2,2,2,
2,2,2,2,2,2,2,2,2,2,2,2,2,2,2,2,2,2,2,2,2,2,2,2,2,2,2,2,2,2,2,2,2,2,2,2,
2,2,2,2,2,2,2,2,2,2,2,2,2,2,2,2,4),(0.,1.00000065394001),(0.,0.0829705587567842,
0.124455838135176,0.145198477824372,0.15556979766897,0.160755457591269,
0.165941117513568,0.179075249421847,0.192209381330125,0.205343513238403,
0.218477645146682,0.23161177705496,0.244745908963238,0.257880040871516,
0.271014172779795,0.284148304688073,0.297282436596351,0.310416568504629,
0.323550700412908,0.336684832321186,0.349818964229464,0.362953096137742,
0.376087228046021,0.389221359954299,0.402355491862577,0.415489623770855,
0.428623755679134,0.441757887587412,0.45489201949569,0.468026151403968,
0.481160283312247,0.494294415220525,0.507428547128803,0.520562679037081,
0.53369681094536,0.546065617798618,0.558434424651876,0.563727526144584,
0.569020627638016,0.586291493360032,0.599454945844031,0.61261839832803,
0.625781850812029,0.638945303296028,0.652108755780027,0.665272208264026,
0.678435660748025,0.691599113232024,0.704762565716023,0.717926018200022,
0.731089470684021,0.74425292316802,0.757416375652019,0.770579828136018,
0.783743280620017,0.796906733104016,0.810070185588015,0.823233638072014,
0.836397090556013,0.849560543040012,0.862723995524011,0.87588744800801,
0.889050900492009,0.902214352976008,0.915377805460007,0.928541257944006,
0.941704710428005,0.954868162912004,0.966151122184003,0.977434081456002,
0.988717040728001,1.),.UNSPECIFIED.);
#77=B_SPLINE_SURFACE_WITH_KNOTS('',1,3,((#13067,#13068,#13069,#13070,#13071,
#13072,#13073,#13074,#13075,#13076,#13077,#13078,#13079,#13080,#13081,#13082,
#13083,#13084,#13085,#13086,#13087,#13088,#13089,#13090,#13091,#13092,#13093,
#13094,#13095,#13096,#13097,#13098,#13099,#13100,#13101,#13102,#13103,#13104,
#13105,#13106,#13107,#13108,#13109,#13110,#13111,#13112,#13113,#13114,#13115,
#13116,#13117,#13118,#13119,#13120,#13121,#13122,#13123,#13124,#13125,#13126,
#13127,#13128,#13129,#13130,#13131,#13132,#13133,#13134,#13135,#13136,#13137,
#13138,#13139,#13140,#13141,#13142,#13143,#13144,#13145,#13146,#13147,#13148,
#13149,#13150,#13151,#13152,#13153,#13154,#13155,#13156,#13157,#13158,#13159,
#13160,#13161,#13162,#13163,#13164,#13165,#13166,#13167,#13168,#13169,#13170,
#13171,#13172,#13173,#13174,#13175,#13176,#13177,#13178,#13179,#13180,#13181,
#13182,#13183,#13184,#13185,#13186,#13187,#13188,#13189,#13190,#13191,#13192,
#13193,#13194,#13195,#13196,#13197,#13198,#13199,#13200,#13201,#13202,#13203,
#13204,#13205,#13206,#13207,#13208,#13209,#13210),(#13211,#13212,#13213,
#13214,#13215,#13216,#13217,#13218,#13219,#13220,#13221,#13222,#13223,#13224,
#13225,#13226,#13227,#13228,#13229,#13230,#13231,#13232,#13233,#13234,#13235,
#13236,#13237,#13238,#13239,#13240,#13241,#13242,#13243,#13244,#13245,#13246,
#13247,#13248,#13249,#13250,#13251,#13252,#13253,#13254,#13255,#13256,#13257,
#13258,#13259,#13260,#13261,#13262,#13263,#13264,#13265,#13266,#13267,#13268,
#13269,#13270,#13271,#13272,#13273,#13274,#13275,#13276,#13277,#13278,#13279,
#13280,#13281,#13282,#13283,#13284,#13285,#13286,#13287,#13288,#13289,#13290,
#13291,#13292,#13293,#13294,#13295,#13296,#13297,#13298,#13299,#13300,#13301,
#13302,#13303,#13304,#13305,#13306,#13307,#13308,#13309,#13310,#13311,#13312,
#13313,#13314,#13315,#13316,#13317,#13318,#13319,#13320,#13321,#13322,#13323,
#13324,#13325,#13326,#13327,#13328,#13329,#13330,#13331,#13332,#13333,#13334,
#13335,#13336,#13337,#13338,#13339,#13340,#13341,#13342,#13343,#13344,#13345,
#13346,#13347,#13348,#13349,#13350,#13351,#13352,#13353,#13354)),
 .UNSPECIFIED.,.F.,.F.,.F.,(2,2),(4,2,2,2,2,2,2,2,2,2,2,2,2,2,2,2,2,2,2,
2,2,2,2,2,2,2,2,2,2,2,2,2,2,2,2,2,2,2,2,2,2,2,2,2,2,2,2,2,2,2,2,2,2,2,2,
2,2,2,2,2,2,2,2,2,2,2,2,2,2,2,2,4),(0.,1.),(0.,0.0829705587567842,0.124455838135176,
0.145198477824372,0.15556979766897,0.160755457591269,0.165941117513568,
0.179075249421847,0.192209381330125,0.205343513238403,0.218477645146682,
0.23161177705496,0.244745908963238,0.257880040871516,0.271014172779795,
0.284148304688073,0.297282436596351,0.310416568504629,0.323550700412908,
0.336684832321186,0.349818964229464,0.362953096137742,0.376087228046021,
0.389221359954299,0.402355491862577,0.415489623770855,0.428623755679134,
0.441757887587412,0.45489201949569,0.468026151403968,0.481160283312247,
0.494294415220525,0.507428547128803,0.520562679037081,0.53369681094536,
0.546065617798618,0.558434424651876,0.563727526144584,0.569020627638016,
0.586291493360032,0.599454945844031,0.61261839832803,0.625781850812029,
0.638945303296028,0.652108755780027,0.665272208264026,0.678435660748025,
0.691599113232024,0.704762565716023,0.717926018200022,0.731089470684021,
0.74425292316802,0.757416375652019,0.770579828136018,0.783743280620017,
0.796906733104016,0.810070185588015,0.823233638072014,0.836397090556013,
0.849560543040012,0.862723995524011,0.87588744800801,0.889050900492009,
0.902214352976008,0.915377805460007,0.928541257944006,0.941704710428005,
0.954868162912004,0.966151122184003,0.977434081456002,0.988717040728001,
1.),.UNSPECIFIED.);
#78=B_SPLINE_SURFACE_WITH_KNOTS('',1,3,((#13355,#13356,#13357,#13358,#13359,
#13360,#13361,#13362,#13363,#13364,#13365,#13366,#13367,#13368,#13369,#13370,
#13371,#13372,#13373,#13374,#13375,#13376,#13377,#13378,#13379,#13380,#13381,
#13382,#13383,#13384,#13385,#13386,#13387,#13388,#13389,#13390,#13391,#13392,
#13393,#13394,#13395,#13396,#13397,#13398,#13399,#13400,#13401,#13402,#13403,
#13404,#13405,#13406,#13407,#13408,#13409,#13410,#13411,#13412,#13413,#13414,
#13415,#13416,#13417,#13418,#13419,#13420,#13421,#13422,#13423,#13424,#13425,
#13426,#13427,#13428,#13429,#13430,#13431,#13432,#13433,#13434,#13435,#13436,
#13437,#13438,#13439,#13440,#13441,#13442,#13443,#13444,#13445,#13446,#13447,
#13448,#13449,#13450,#13451,#13452,#13453,#13454,#13455,#13456,#13457,#13458,
#13459,#13460,#13461,#13462,#13463,#13464,#13465,#13466,#13467,#13468,#13469,
#13470,#13471,#13472,#13473,#13474,#13475,#13476,#13477,#13478,#13479,#13480,
#13481,#13482,#13483,#13484,#13485,#13486,#13487,#13488,#13489,#13490,#13491,
#13492,#13493,#13494,#13495,#13496,#13497,#13498),(#13499,#13500,#13501,
#13502,#13503,#13504,#13505,#13506,#13507,#13508,#13509,#13510,#13511,#13512,
#13513,#13514,#13515,#13516,#13517,#13518,#13519,#13520,#13521,#13522,#13523,
#13524,#13525,#13526,#13527,#13528,#13529,#13530,#13531,#13532,#13533,#13534,
#13535,#13536,#13537,#13538,#13539,#13540,#13541,#13542,#13543,#13544,#13545,
#13546,#13547,#13548,#13549,#13550,#13551,#13552,#13553,#13554,#13555,#13556,
#13557,#13558,#13559,#13560,#13561,#13562,#13563,#13564,#13565,#13566,#13567,
#13568,#13569,#13570,#13571,#13572,#13573,#13574,#13575,#13576,#13577,#13578,
#13579,#13580,#13581,#13582,#13583,#13584,#13585,#13586,#13587,#13588,#13589,
#13590,#13591,#13592,#13593,#13594,#13595,#13596,#13597,#13598,#13599,#13600,
#13601,#13602,#13603,#13604,#13605,#13606,#13607,#13608,#13609,#13610,#13611,
#13612,#13613,#13614,#13615,#13616,#13617,#13618,#13619,#13620,#13621,#13622,
#13623,#13624,#13625,#13626,#13627,#13628,#13629,#13630,#13631,#13632,#13633,
#13634,#13635,#13636,#13637,#13638,#13639,#13640,#13641,#13642)),
 .UNSPECIFIED.,.F.,.F.,.F.,(2,2),(4,2,2,2,2,2,2,2,2,2,2,2,2,2,2,2,2,2,2,
2,2,2,2,2,2,2,2,2,2,2,2,2,2,2,2,2,2,2,2,2,2,2,2,2,2,2,2,2,2,2,2,2,2,2,2,
2,2,2,2,2,2,2,2,2,2,2,2,2,2,2,2,4),(0.,1.),(0.,0.0829705587567842,0.124455838135176,
0.145198477824372,0.15556979766897,0.160755457591269,0.165941117513568,
0.179075249421847,0.192209381330125,0.205343513238403,0.218477645146682,
0.23161177705496,0.244745908963238,0.257880040871516,0.271014172779795,
0.284148304688073,0.297282436596351,0.310416568504629,0.323550700412908,
0.336684832321186,0.349818964229464,0.362953096137742,0.376087228046021,
0.389221359954299,0.402355491862577,0.415489623770855,0.428623755679134,
0.441757887587412,0.45489201949569,0.468026151403968,0.481160283312247,
0.494294415220525,0.507428547128803,0.520562679037081,0.53369681094536,
0.546065617798618,0.558434424651876,0.563727526144584,0.569020627638016,
0.586291493360032,0.599454945844031,0.61261839832803,0.625781850812029,
0.638945303296028,0.652108755780027,0.665272208264026,0.678435660748025,
0.691599113232024,0.704762565716023,0.717926018200022,0.731089470684021,
0.74425292316802,0.757416375652019,0.770579828136018,0.783743280620017,
0.796906733104016,0.810070185588015,0.823233638072014,0.836397090556013,
0.849560543040012,0.862723995524011,0.87588744800801,0.889050900492009,
0.902214352976008,0.915377805460007,0.928541257944006,0.941704710428005,
0.954868162912004,0.966151122184003,0.977434081456002,0.988717040728001,
1.),.UNSPECIFIED.);
#79=B_SPLINE_CURVE_WITH_KNOTS('',3,(#7783,#7784,#7785,#7786,#7787,#7788,
#7789,#7790,#7791,#7792,#7793,#7794,#7795,#7796,#7797,#7798,#7799,#7800,
#7801,#7802),.UNSPECIFIED.,.F.,.F.,(4,2,2,2,2,2,2,2,2,4),(-0.543801202329126,
-0.428615940719406,-0.39029914072882,-0.339199609037715,-0.271801874797593,
-0.20440427811046,-0.15330521768096,-0.114988334120092,-0.057494966491601,
-1.00000002989376E-6),.UNSPECIFIED.);
#80=B_SPLINE_CURVE_WITH_KNOTS('',3,(#8034,#8035,#8036,#8037,#8038,#8039,
#8040,#8041),.UNSPECIFIED.,.F.,.F.,(4,2,2,4),(19.6042605994234,19.7580641366397,
19.8399862207224,19.9203226324045),.UNSPECIFIED.);
#81=B_SPLINE_CURVE_WITH_KNOTS('',3,(#8044,#8045,#8046,#8047,#8048,#8049,
#8050,#8051,#8052,#8053,#8054,#8055),.UNSPECIFIED.,.F.,.F.,(4,2,2,2,2,4),
(0.,0.147233427846651,0.307546832554139,0.461700448220824,0.621930335212939,
0.630677495945095),.UNSPECIFIED.);
#82=B_SPLINE_CURVE_WITH_KNOTS('',3,(#8060,#8061,#8062,#8063,#8064,#8065,
#8066,#8067,#8068,#8069,#8070,#8071,#8072,#8073,#8074,#8075,#8076,#8077,
#8078,#8079,#8080,#8081,#8082,#8083,#8084,#8085,#8086,#8087,#8088,#8089,
#8090,#8091,#8092,#8093,#8094,#8095),.UNSPECIFIED.,.F.,.F.,(4,2,2,2,2,2,
2,2,2,2,2,2,2,2,2,2,2,4),(17.0694686617017,17.2290593296029,17.384458571697,
17.5457033761106,17.7010691542059,17.8622012627301,18.0175358559441,18.1785520354986,
18.3338578738449,18.4947547117671,18.6500343832533,18.8108082855794,18.9660645431323,
19.1267117344449,19.2819475025565,19.4424640276966,19.5976824086689,19.6042605994234),
 .UNSPECIFIED.);
#83=B_SPLINE_CURVE_WITH_KNOTS('',3,(#8096,#8097,#8098,#8099,#8100,#8101,
#8102,#8103,#8104,#8105,#8106,#8107,#8108,#8109,#8110,#8111,#8112,#8113,
#8114,#8115,#8116,#8117,#8118,#8119,#8120,#8121,#8122,#8123,#8124,#8125,
#8126,#8127,#8128,#8129,#8130,#8131),.UNSPECIFIED.,.F.,.F.,(4,2,2,2,2,2,
2,2,2,2,2,2,2,2,2,2,2,4),(0.630677495945095,0.776013381507216,0.93615846120275,
1.09017139305884,1.25023029348144,1.4041737419361,1.56414500647969,1.71801980802028,
1.87790189371636,2.03170912248325,2.19150039889457,2.34524140166836,2.50494015054876,
2.65861658435404,2.81822100022968,2.97183487226803,3.13134306411007,3.15048553996899),
 .UNSPECIFIED.);
#84=B_SPLINE_CURVE_WITH_KNOTS('',3,(#8136,#8137,#8138,#8139,#8140,#8141,
#8142,#8143,#8144,#8145,#8146,#8147,#8148,#8149,#8150,#8151,#8152,#8153,
#8154,#8155,#8156,#8157,#8158,#8159,#8160,#8161,#8162,#8163,#8164,#8165,
#8166,#8167,#8168,#8169,#8170,#8171,#8172,#8173),.UNSPECIFIED.,.F.,.F.,
(4,2,2,2,2,2,2,2,2,2,2,2,2,2,2,2,2,2,4),(14.5291141396339,14.5303881837848,
14.6919859514756,14.8474016771005,15.0090735425883,15.164558945001,15.3263043634167,
15.4818591695065,15.6436776374925,15.7992736059968,15.9610394148805,16.1165925371249,
16.2782592598126,16.4337711672897,16.595336405401,16.7508088451594,16.9122700443183,
17.0677048858115,17.0694686617017),.UNSPECIFIED.);
#85=B_SPLINE_CURVE_WITH_KNOTS('',3,(#8174,#8175,#8176,#8177,#8178,#8179,
#8180,#8181,#8182,#8183,#8184,#8185,#8186,#8187,#8188,#8189,#8190,#8191,
#8192,#8193,#8194,#8195,#8196,#8197,#8198,#8199,#8200,#8201,#8202,#8203,
#8204,#8205,#8206,#8207,#8208,#8209),.UNSPECIFIED.,.F.,.F.,(4,2,2,2,2,2,
2,2,2,2,2,2,2,2,2,2,2,4),(3.15048553996899,3.28489677359611,3.44430676776857,
3.59780314908592,3.75711289376386,3.91055526018492,4.06976263144616,4.22315481847637,
4.38225762827333,4.53560403549305,4.69460004170846,4.84790567180374,5.00679259058308,
5.16006308409149,5.31883860462432,5.47208026878668,5.63074207067714,5.66647933964934),
 .UNSPECIFIED.);
#86=B_SPLINE_CURVE_WITH_KNOTS('',3,(#8214,#8215,#8216,#8217,#8218,#8219,
#8220,#8221,#8222,#8223,#8224,#8225,#8226,#8227,#8228,#8229,#8230,#8231,
#8232,#8233,#8234,#8235,#8236,#8237,#8238,#8239,#8240,#8241,#8242,#8243,
#8244,#8245,#8246,#8247,#8248,#8249),.UNSPECIFIED.,.F.,.F.,(4,2,2,2,2,2,
2,2,2,2,2,2,2,2,2,2,2,4),(11.9934976474616,11.9995675945179,12.160546988396,
12.3153967370653,12.4764564480631,12.6313775327823,12.7925165721871,12.947508908382,
13.1087263545924,13.2637898023262,13.4250847974408,13.5802191735542,13.741590919969,
13.8967960084702,14.0582437655183,14.2135193264094,14.3750424070687,14.5291141396339),
 .UNSPECIFIED.);
#87=B_SPLINE_CURVE_WITH_KNOTS('',3,(#8250,#8251,#8252,#8253,#8254,#8255,
#8256,#8257,#8258,#8259,#8260,#8261,#8262,#8263,#8264,#8265,#8266,#8267,
#8268,#8269,#8270,#8271,#8272,#8273,#8274,#8275,#8276,#8277,#8278,#8279,
#8280,#8281,#8282,#8283,#8284,#8285),.UNSPECIFIED.,.F.,.F.,(4,2,2,2,2,2,
2,2,2,2,2,2,2,2,2,2,2,4),(5.66647933964934,5.78396190069579,5.9425076740172,
6.09571336499089,6.2541408330602,6.40734078090996,6.56564772574375,6.71885101574675,
6.87462587598706,7.03005354050791,7.18593538885547,7.34116093102206,7.49715412950874,
7.65218288322535,7.80829144383094,7.96312976885998,8.11935732390545,8.18050881166055),
 .UNSPECIFIED.);
#88=B_SPLINE_CURVE_WITH_KNOTS('',3,(#8290,#8291,#8292,#8293,#8294,#8295,
#8296,#8297,#8298,#8299,#8300,#8301,#8302,#8303,#8304,#8305,#8306,#8307,
#8308,#8309,#8310,#8311,#8312,#8313,#8314,#8315,#8316,#8317,#8318,#8319,
#8320,#8321,#8322,#8323,#8324,#8325),.UNSPECIFIED.,.F.,.F.,(4,2,2,2,2,2,
2,2,2,2,2,2,2,2,2,2,2,4),(9.46396054049486,9.48371941077071,9.63916976315569,
9.79805997900299,9.95347963862913,10.1078358490143,10.2683084089916,10.4227335235788,
10.5832939221184,10.737788769743,10.8984355496925,11.053000754529,11.2137325435352,
11.3683685544042,11.5291840626506,11.6838911794749,11.8447891970314,11.9934976474616),
 .UNSPECIFIED.);
#89=B_SPLINE_CURVE_WITH_KNOTS('',3,(#8326,#8327,#8328,#8329,#8330,#8331,
#8332,#8333,#8334,#8335,#8336,#8337,#8338,#8339,#8340,#8341,#8342,#8343,
#8344,#8345,#8346,#8347,#8348,#8349,#8350,#8351,#8352,#8353,#8354,#8355,
#8356,#8357,#8358,#8359,#8360,#8361),.UNSPECIFIED.,.F.,.F.,(4,2,2,2,2,2,
2,2,2,2,2,2,2,2,2,2,2,4),(8.18050881166055,8.27401257821096,8.43036235550459,
8.58484284879175,8.74131765235836,8.89563258115202,9.05223477805004,9.20639414333946,
9.36312565688349,9.51714016603443,9.67400247553624,9.82788346663814,9.98487762108564,
10.1386370695768,10.2957636890741,10.4494137208834,10.6066730136787,10.6940205959077),
 .UNSPECIFIED.);
#90=B_SPLINE_CURVE_WITH_KNOTS('',3,(#8366,#8367,#8368,#8369,#8370,#8371,
#8372,#8373,#8374,#8375,#8376,#8377,#8378,#8379,#8380,#8381,#8382,#8383,
#8384,#8385,#8386,#8387,#8388,#8389,#8390,#8391,#8392,#8393,#8394,#8395,
#8396,#8397,#8398,#8399,#8400,#8401),.UNSPECIFIED.,.F.,.F.,(4,2,2,2,2,2,
2,2,2,2,2,2,2,2,2,2,2,4),(6.93842834781227,6.97436049888668,7.13025819826574,
7.28752971277598,7.44335134751079,7.60083569351075,7.75658702600939,7.91428228016754,
8.06996911218979,8.22787271587854,8.38350085227121,8.54160969073767,8.6971849058435,
8.85549538697881,9.01102339402985,9.16953152522575,9.32501794892355,9.46396054049486),
 .UNSPECIFIED.);
#91=B_SPLINE_CURVE_WITH_KNOTS('',3,(#8402,#8403,#8404,#8405,#8406,#8407,
#8408,#8409,#8410,#8411,#8412,#8413,#8414,#8415,#8416,#8417,#8418,#8419,
#8420,#8421,#8422,#8423,#8424,#8425,#8426,#8427,#8428,#8429,#8430,#8431,
#8432,#8433,#8434,#8435,#8436,#8437),.UNSPECIFIED.,.F.,.F.,(4,2,2,2,2,2,
2,2,2,2,2,2,2,2,2,2,2,4),(10.6940205959077,10.7602259705164,10.9176177600378,
11.0710860656222,11.2286098175567,11.3820058469953,11.5396606997069,11.6929966553316,
11.8507814527154,12.004069249289,12.1619825751604,12.3152337368755,12.4732739500281,
12.6264995211468,12.7846647902836,12.9378752606519,13.0961635984841,13.2078630897983),
 .UNSPECIFIED.);
#92=B_SPLINE_CURVE_WITH_KNOTS('',3,(#8444,#8445,#8446,#8447,#8448,#8449,
#8450,#8451,#8452,#8453,#8454,#8455,#8456,#8457,#8458,#8459,#8460,#8461,
#8462,#8463,#8464,#8465,#8466,#8467,#8468,#8469,#8470,#8471,#8472,#8473,
#8474,#8475,#8476,#8477,#8478,#8479),.UNSPECIFIED.,.F.,.F.,(4,2,2,2,2,2,
2,2,2,2,2,2,2,2,2,2,2,4),(1.89198696202752,1.9765052079454,2.13422348183682,
2.28855167035794,2.44613696836366,2.60058665250478,2.7580395791329,2.91262278637945,
3.06994437695916,3.2246725197382,3.38186424064581,3.5367480934241,3.69381185656474,
3.84886148920411,4.00579965202331,4.16102433071624,4.31783968966863,4.41488971465987),
 .UNSPECIFIED.);
#93=B_SPLINE_CURVE_WITH_KNOTS('',3,(#8483,#8484,#8485,#8486,#8487,#8488,
#8489,#8490,#8491,#8492,#8493,#8494,#8495,#8496,#8497,#8498,#8499,#8500,
#8501,#8502,#8503,#8504,#8505,#8506,#8507,#8508,#8509,#8510),
 .UNSPECIFIED.,.F.,.F.,(4,2,2,2,2,2,2,2,2,2,2,2,2,4),(15.723229048579,15.7462551875098,
15.9055503885185,16.0590411647391,16.218437034589,16.3719845231849,16.5314789951356,
16.6850861221108,16.8446772065446,16.9983464540637,17.1580322432199,17.3117656929428,
17.4619938990615,17.6116833914318),.UNSPECIFIED.);
#94=B_SPLINE_CURVE_WITH_KNOTS('',3,(#8513,#8514,#8515,#8516,#8517,#8518,
#8519,#8520,#8521,#8522,#8523,#8524,#8525,#8526,#8527,#8528,#8529,#8530,
#8531,#8532,#8533,#8534,#8535,#8536,#8537,#8538,#8539,#8540),
 .UNSPECIFIED.,.F.,.F.,(4,2,2,2,2,2,2,2,2,2,2,2,2,4),(0.,0.130181554969465,
0.261818014948308,0.415675848976919,0.574054614221825,0.727960297150422,
0.886208687187052,1.04017416388286,1.19829100673583,1.35232851526069,1.51031293311003,
1.66443488994631,1.82228633218656,1.89198696202752),.UNSPECIFIED.);
#95=B_SPLINE_CURVE_WITH_KNOTS('',3,(#8806,#8807,#8808,#8809,#8810,#8811,
#8812,#8813),.UNSPECIFIED.,.F.,.F.,(4,2,2,4),(-0.312313336980439,-0.234203255194346,
-0.156571504297814,0.),.UNSPECIFIED.);
#96=B_SPLINE_CURVE_WITH_KNOTS('',3,(#9082,#9083,#9084,#9085,#9086,#9087,
#9088,#9089,#9090,#9091,#9092,#9093,#9094,#9095,#9096,#9097,#9098,#9099,
#9100,#9101,#9102,#9103,#9104,#9105),.UNSPECIFIED.,.F.,.F.,(4,2,2,2,2,2,
2,2,2,2,2,4),(-1.08562926666694,-0.967464545149899,-0.876973552198391,-0.755956051921393,
-0.627507479183923,-0.561855180849193,-0.43022551728009,-0.364494136701643,
-0.223243800104558,-0.111987478192459,-0.0561004919534889,-1.00000040537118E-6),
 .UNSPECIFIED.);
#97=B_SPLINE_CURVE_WITH_KNOTS('',3,(#9111,#9112,#9113,#9114,#9115,#9116,
#9117,#9118),.UNSPECIFIED.,.F.,.F.,(4,2,2,4),(0.,0.0819849421684186,0.540992471384773,
1.),.UNSPECIFIED.);
#98=B_SPLINE_CURVE_WITH_KNOTS('',3,(#9122,#9123,#9124,#9125,#9126,#9127),
 .UNSPECIFIED.,.F.,.F.,(4,2,4),(0.,0.506927903449342,1.),.UNSPECIFIED.);
#99=B_SPLINE_CURVE_WITH_KNOTS('',3,(#9129,#9130,#9131,#9132,#9133,#9134,
#9135,#9136),.UNSPECIFIED.,.F.,.F.,(4,2,2,4),(0.,0.0134821717242667,0.50674108516017,
1.),.UNSPECIFIED.);
#100=B_SPLINE_CURVE_WITH_KNOTS('',3,(#9154,#9155,#9156,#9157,#9158,#9159),
 .UNSPECIFIED.,.F.,.F.,(4,2,4),(0.,0.513998267829427,1.),.UNSPECIFIED.);
#101=B_SPLINE_CURVE_WITH_KNOTS('',3,(#9185,#9186,#9187,#9188,#9189,#9190,
#9191,#9192,#9193,#9194,#9195,#9196,#9197,#9198,#9199,#9200,#9201,#9202,
#9203,#9204,#9205,#9206,#9207,#9208,#9209,#9210,#9211,#9212,#9213,#9214,
#9215,#9216,#9217,#9218,#9219,#9220),.UNSPECIFIED.,.F.,.F.,(4,2,2,2,2,2,
2,2,2,2,2,2,2,2,2,2,2,4),(4.41488971465987,4.47324779358016,4.62994357115992,
4.78554252651055,4.94212235215416,5.0979185848034,5.25438647016393,5.41038537706722,
5.56674568632084,5.72295162557237,5.87920904154506,6.03562534012019,6.19178482711039,
6.34841380491033,6.50448056913055,6.66132357752744,6.81730302609511,6.93842834781227),
 .UNSPECIFIED.);
#102=B_SPLINE_CURVE_WITH_KNOTS('',3,(#9221,#9222,#9223,#9224,#9225,#9226,
#9227,#9228,#9229,#9230,#9231,#9232,#9233,#9234,#9235,#9236,#9237,#9238,
#9239,#9240,#9241,#9242,#9243,#9244,#9245,#9246,#9247,#9248,#9249,#9250,
#9251,#9252,#9253,#9254,#9255,#9256),.UNSPECIFIED.,.F.,.F.,(4,2,2,2,2,2,
2,2,2,2,2,2,2,2,2,2,2,4),(13.2078630897983,13.24936884454,13.4077781404586,
13.5609873817707,13.7195154326107,13.8727372034616,14.0313817419969,14.1846238770859,
14.3433825980063,14.4966522310008,14.655522814225,14.8088263876432,14.9678065189127,
15.1211498036702,15.2802371924472,15.4336253153407,15.5928177100934,15.723229048579),
 .UNSPECIFIED.);
#103=B_SPLINE_CURVE_WITH_KNOTS('',3,(#9520,#9521,#9522,#9523,#9524,#9525,
#9526,#9527,#9528,#9529,#9530,#9531,#9532,#9533),.UNSPECIFIED.,.F.,.F.,
(4,2,2,2,2,2,4),(-0.514607598572534,-0.419074827780648,-0.322755896949241,
-0.257805766302285,-0.129338090982253,-0.0648415829421084,-1.00000038438797E-6),
 .UNSPECIFIED.);
#104=B_SPLINE_CURVE_WITH_KNOTS('',3,(#9827,#9828,#9829,#9830,#9831,#9832,
#9833,#9834,#9835,#9836),.UNSPECIFIED.,.F.,.F.,(4,2,2,2,4),(-0.747967056805036,
-0.520805132862072,-0.303432416965496,-0.131856634183315,0.),
 .UNSPECIFIED.);
#105=B_SPLINE_CURVE_WITH_KNOTS('',3,(#10512,#10513,#10514,#10515,#10516,
#10517,#10518,#10519,#10520,#10521,#10522,#10523,#10524,#10525),
 .UNSPECIFIED.,.F.,.F.,(4,2,2,2,2,2,4),(0.,0.0267156748515669,0.0403550132428884,
0.0505064723514907,0.0607555263385909,0.0748829626906723,0.101015284330089),
 .UNSPECIFIED.);
#106=B_SPLINE_CURVE_WITH_KNOTS('',3,(#10527,#10528,#10529,#10530,#10531,
#10532,#10533,#10534,#10535,#10536,#10537,#10538,#10539,#10540,#10541,#10542,
#10543,#10544,#10545,#10546,#10547,#10548),.UNSPECIFIED.,.F.,.F.,(4,3,3,
3,3,3,3,4),(0.,0.000258863808532667,0.000520216598970987,0.000782840977647088,
0.000839854811206309,0.00117148524474411,0.0015038959019296,0.00167970962241262),
 .UNSPECIFIED.);
#107=B_SPLINE_CURVE_WITH_KNOTS('',3,(#10550,#10551,#10552,#10553,#10554,
#10555,#10556,#10557,#10558,#10559,#10560,#10561,#10562,#10563),
 .UNSPECIFIED.,.F.,.F.,(4,2,2,2,2,2,4),(0.,0.0234370264505426,0.0365371980182407,
0.0468190384923288,0.0571081741172151,0.0702467978444464,0.0936383313426477),
 .UNSPECIFIED.);
#108=B_SPLINE_CURVE_WITH_KNOTS('',3,(#10565,#10566,#10567,#10568,#10569,
#10570,#10571,#10572,#10573,#10574,#10575,#10576,#10577,#10578,#10579,#10580,
#10581,#10582,#10583,#10584,#10585,#10586),.UNSPECIFIED.,.F.,.F.,(4,3,3,
3,3,3,3,4),(0.,0.000258756676952623,0.000519945860468175,0.000782310661236323,
0.000838471009706317,0.00116874405603974,0.00149952045533551,0.00167694201941263),
 .UNSPECIFIED.);
#109=B_SPLINE_CURVE_WITH_KNOTS('',3,(#10588,#10589,#10590,#10591,#10592,
#10593,#10594,#10595,#10596,#10597,#10598,#10599,#10600,#10601),
 .UNSPECIFIED.,.F.,.F.,(4,2,2,2,2,2,4),(0.,0.0252324865459518,0.0390190420497666,
0.0493372812650067,0.0595841418818116,0.0730245846649318,0.0986729456981423),
 .UNSPECIFIED.);
#110=B_SPLINE_CURVE_WITH_KNOTS('',3,(#10603,#10604,#10605,#10606,#10607,
#10608,#10609,#10610,#10611,#10612,#10613,#10614,#10615,#10616,#10617,#10618,
#10619,#10620,#10621,#10622,#10623,#10624),.UNSPECIFIED.,.F.,.F.,(4,3,3,
3,3,3,3,4),(0.,0.000258660608165329,0.000519758242161257,0.000782028258548886,
0.000861550282528338,0.00120545060115289,0.00155022544752637,0.00172310056505668),
 .UNSPECIFIED.);
#111=B_SPLINE_CURVE_WITH_KNOTS('',3,(#10626,#10627,#10628,#10629,#10630,
#10631,#10632,#10633,#10634,#10635,#10636,#10637,#10638,#10639),
 .UNSPECIFIED.,.F.,.F.,(4,2,2,2,2,2,4),(0.,0.0288890835892498,0.0435866640169642,
0.0530387725027315,0.0624607896854921,0.0769617720995595,0.106076312211499),
 .UNSPECIFIED.);
#112=B_SPLINE_CURVE_WITH_KNOTS('',3,(#10641,#10642,#10643,#10644,#10645,
#10646,#10647,#10648,#10649,#10650,#10651,#10652,#10653,#10654,#10655,#10656,
#10657,#10658,#10659,#10660,#10661,#10662),.UNSPECIFIED.,.F.,.F.,(4,3,3,
3,3,3,3,4),(0.,0.000258869361306534,0.000520231462927082,0.000782858877375488,
0.000878112154704962,0.00123619674436695,0.00159597960466068,0.00175622430940992),
 .UNSPECIFIED.);
#113=B_SPLINE_CURVE_WITH_KNOTS('',3,(#10664,#10665,#10666,#10667,#10668,
#10669,#10670,#10671,#10672,#10673,#10674,#10675,#10676,#10677),
 .UNSPECIFIED.,.F.,.F.,(4,2,2,2,2,2,4),(-0.101036956158484,-0.0749083208571472,
-0.060777806817277,-0.0505290109019606,-0.0403777067382475,-0.026735486904296,
-2.16386306373342E-5),.UNSPECIFIED.);
#114=B_SPLINE_CURVE_WITH_KNOTS('',3,(#10679,#10680,#10681,#10682,#10683,
#10684,#10685,#10686,#10687,#10688,#10689,#10690,#10691,#10692,#10693,#10694,
#10695,#10696,#10697,#10698,#10699,#10700),.UNSPECIFIED.,.F.,.F.,(4,3,3,
3,3,3,3,4),(0.,0.000258863808527521,0.000520216598958876,0.000782840977619174,
0.000839854811061402,0.00117148524817094,0.00150389590914795,0.0016797096221228),
 .UNSPECIFIED.);
#115=B_SPLINE_CURVE_WITH_KNOTS('',3,(#10702,#10703,#10704,#10705,#10706,
#10707,#10708,#10709,#10710,#10711,#10712,#10713,#10714,#10715),
 .UNSPECIFIED.,.F.,.F.,(4,2,2,2,2,2,4),(0.,0.0234370264541521,0.0365371980391222,
0.0468190385118125,0.0571081741353644,0.0702467978606752,0.0936383313623628),
 .UNSPECIFIED.);
#116=B_SPLINE_CURVE_WITH_KNOTS('',3,(#10717,#10718,#10719,#10720,#10721,
#10722,#10723,#10724,#10725,#10726,#10727,#10728,#10729,#10730,#10731,#10732,
#10733,#10734,#10735,#10736,#10737,#10738),.UNSPECIFIED.,.F.,.F.,(4,3,3,
3,3,3,3,4),(0.,0.000258756676959439,0.0005199458604655,0.00078231066122962,
0.000838471009228591,0.00116874407298187,0.0014995204909021,0.00167694201845718),
 .UNSPECIFIED.);
#117=B_SPLINE_CURVE_WITH_KNOTS('',3,(#10740,#10741,#10742,#10743,#10744,
#10745,#10746,#10747,#10748,#10749,#10750,#10751,#10752,#10753),
 .UNSPECIFIED.,.F.,.F.,(4,2,2,2,2,2,4),(0.,0.0252324865687508,0.0390190420691341,
0.049337281281922,0.0595841418974392,0.0730245846846447,0.0986729457313441),
 .UNSPECIFIED.);
#118=B_SPLINE_CURVE_WITH_KNOTS('',3,(#10755,#10756,#10757,#10758,#10759,
#10760,#10761,#10762,#10763,#10764,#10765,#10766,#10767,#10768,#10769,#10770,
#10771,#10772,#10773,#10774,#10775,#10776),.UNSPECIFIED.,.F.,.F.,(4,3,3,
3,3,3,3,4),(0.,0.000258660608166348,0.000519758242157411,0.000782028258542804,
0.000861550281628496,0.00120545060195173,0.00155022545023836,0.00172310056325699),
 .UNSPECIFIED.);
#119=B_SPLINE_CURVE_WITH_KNOTS('',3,(#10778,#10779,#10780,#10781,#10782,
#10783,#10784,#10785,#10786,#10787,#10788,#10789,#10790,#10791),
 .UNSPECIFIED.,.F.,.F.,(4,2,2,2,2,2,4),(0.,0.0288890835918329,0.0435866639958925,
0.0530387725063873,0.0624607897085627,0.0769617721086259,0.106076312221134),
 .UNSPECIFIED.);
#120=B_SPLINE_CURVE_WITH_KNOTS('',3,(#10793,#10794,#10795,#10796,#10797,
#10798,#10799,#10800,#10801,#10802,#10803,#10804,#10805,#10806,#10807,#10808,
#10809,#10810,#10811,#10812,#10813,#10814),.UNSPECIFIED.,.F.,.F.,(4,3,3,
3,3,3,3,4),(0.,0.000258869361318361,0.000520231462949966,0.000782858877404606,
0.000878112155262731,0.00123619676981536,0.00159597965729907,0.00175622431052546),
 .UNSPECIFIED.);
#121=B_SPLINE_CURVE_WITH_KNOTS('',3,(#10816,#10817,#10818,#10819,#10820,
#10821,#10822,#10823,#10824,#10825,#10826,#10827,#10828,#10829),
 .UNSPECIFIED.,.F.,.F.,(4,2,2,2,2,2,4),(-0.101029133317066,-0.0748975993714337,
-0.0607657479552702,-0.0505150659761115,-0.0403625995842115,-0.0267234708480409,
-1.00017672400796E-6),.UNSPECIFIED.);
#122=B_SPLINE_CURVE_WITH_KNOTS('',3,(#10831,#10832,#10833,#10834,#10835,
#10836),.UNSPECIFIED.,.F.,.F.,(4,2,4),(1.00000001142045E-6,0.0267447379864408,
0.0534885469063421),.UNSPECIFIED.);
#123=B_SPLINE_CURVE_WITH_KNOTS('',3,(#10839,#10840,#10841,#10842,#10843,
#10844,#10845,#10846,#10847,#10848,#10849,#10850,#10851,#10852,#10853,#10854,
#10855,#10856,#10857,#10858,#10859,#10860,#10861,#10862,#10863,#10864,#10865,
#10866,#10867,#10868,#10869,#10870,#10871,#10872,#10873,#10874,#10875,#10876,
#10877,#10878,#10879,#10880,#10881,#10882,#10883,#10884,#10885,#10886,#10887,
#10888,#10889,#10890,#10891,#10892,#10893,#10894,#10895,#10896,#10897,#10898,
#10899,#10900,#10901,#10902,#10903,#10904,#10905,#10906,#10907,#10908,#10909,
#10910,#10911,#10912,#10913,#10914,#10915,#10916,#10917,#10918,#10919,#10920,
#10921,#10922,#10923,#10924,#10925,#10926,#10927,#10928,#10929,#10930,#10931,
#10932,#10933,#10934,#10935,#10936,#10937,#10938,#10939,#10940,#10941,#10942,
#10943,#10944,#10945,#10946,#10947,#10948,#10949,#10950,#10951,#10952,#10953,
#10954,#10955,#10956,#10957,#10958,#10959,#10960,#10961,#10962,#10963,#10964,
#10965,#10966,#10967,#10968,#10969,#10970,#10971,#10972,#10973,#10974,#10975,
#10976,#10977,#10978,#10979,#10980,#10981,#10982,#10983,#10984,#10985,#10986,
#10987,#10988,#10989,#10990),.UNSPECIFIED.,.F.,.F.,(4,2,2,2,2,2,2,2,2,2,
2,2,2,2,2,2,2,2,2,2,2,2,2,2,2,2,2,2,2,2,2,2,2,2,2,2,2,2,2,2,2,2,2,2,2,2,
2,2,2,2,2,2,2,2,2,2,2,2,2,2,2,2,2,2,2,2,2,2,2,2,2,2,2,2,2,4),(-4.8922889760883,
-4.87274835080958,-4.85150958809378,-4.81124902484013,-4.75146767656732,
-4.74069310199146,-4.72981070256784,-4.71059814059401,-4.65795556481872,
-4.6202210397397,-4.60008085091016,-4.57943157233818,-4.54018724732273,
-4.49621257860044,-4.47230387312755,-4.46107060667281,-4.44892347732393,
-4.3905177693451,-4.35230246321085,-4.32940365482937,-4.31067224419672,
-4.28515548343395,-4.22567411394916,-4.19527997198299,-4.1836919169504,
-4.17118345228653,-4.14112861721484,-4.09438738131538,-4.07089204356658,
-4.04900370913003,-4.02748452469234,-3.98544264506136,-3.93748709742003,
-3.92935316868141,-3.91619525048879,-3.90308496919853,-3.85084276980254,
-3.81867731854315,-3.79258834310472,-3.77194494663203,-3.74772099520599,
-3.68957924423977,-3.66933475935114,-3.65381634491603,-3.6428945525458,
-3.62293354602392,-3.57059728355032,-3.53351239340213,-3.51342401060136,
-3.49271180674862,-3.44836224650209,-3.39929907469656,-3.3910294001122,
-3.3779226780912,-3.36732000298513,-3.34727542683728,-3.28820989955786,
-3.26334677500998,-3.24133836326665,-3.22250349069408,-3.19538669721619,
-3.13531898606242,-3.10806032879985,-3.09671573247044,-3.08388228570837,
-3.02863614749999,-2.99679276520317,-2.98457267162922,-2.9626635946237,
-2.94116479342445,-2.89702508290827,-2.844258873403,-2.83056988106794,-2.8195648914111,
-2.7961411962988,-2.75309636450115),.UNSPECIFIED.);
#124=B_SPLINE_CURVE_WITH_KNOTS('',3,(#10996,#10997,#10998,#10999,#11000,
#11001,#11002,#11003,#11004,#11005,#11006,#11007,#11008,#11009,#11010,#11011,
#11012,#11013,#11014,#11015,#11016,#11017,#11018,#11019,#11020,#11021,#11022,
#11023,#11024,#11025,#11026,#11027,#11028,#11029,#11030,#11031,#11032,#11033,
#11034,#11035,#11036,#11037,#11038,#11039,#11040,#11041,#11042,#11043,#11044,
#11045,#11046,#11047,#11048,#11049,#11050,#11051,#11052,#11053,#11054,#11055,
#11056,#11057,#11058,#11059,#11060,#11061,#11062,#11063,#11064,#11065,#11066,
#11067,#11068,#11069,#11070,#11071,#11072,#11073,#11074,#11075,#11076,#11077,
#11078,#11079,#11080,#11081,#11082,#11083,#11084,#11085,#11086,#11087,#11088,
#11089,#11090,#11091,#11092,#11093,#11094,#11095,#11096,#11097,#11098,#11099,
#11100,#11101,#11102,#11103,#11104,#11105,#11106,#11107,#11108,#11109,#11110,
#11111,#11112,#11113,#11114,#11115,#11116,#11117,#11118,#11119,#11120,#11121,
#11122,#11123,#11124,#11125,#11126,#11127,#11128,#11129),.UNSPECIFIED.,
 .F.,.F.,(4,2,2,2,2,2,2,2,2,2,2,2,2,2,2,2,2,2,2,2,2,2,2,2,2,2,2,2,2,2,2,
2,2,2,2,2,2,2,2,2,2,2,2,2,2,2,2,2,2,2,2,2,2,2,2,2,2,2,2,2,2,2,2,2,2,2,4),
(-1.86166102195826,-1.85741882855775,-1.83831455119531,-1.81418209768984,
-1.7854358270999,-1.73238219069792,-1.71479384597937,-1.70430300654837,
-1.69016060266408,-1.67226507653775,-1.62333011885074,-1.58718422538696,
-1.56749202065832,-1.54754657203926,-1.50792955823756,-1.45532133336839,
-1.43705891014601,-1.42644070164125,-1.41131107605383,-1.40118459731279,
-1.36785278475624,-1.32024127123464,-1.29765366973652,-1.27664858504874,
-1.23802954649734,-1.18519875247883,-1.16934602494136,-1.15776148532225,
-1.14031636444317,-1.09169835698603,-1.05104463669174,-1.02947134616137,
-1.00717581483589,-0.959142595108307,-0.910493345974914,-0.897392370454344,
-0.885753650739651,-0.856277186326946,-0.797696834525112,-0.771881791112126,
-0.752766156239619,-0.728900514430463,-0.700692279637815,-0.645955127008896,
-0.628814073051696,-0.618045111401051,-0.601315341623638,-0.553019678842349,
-0.508940359537109,-0.486938523798384,-0.463469158051198,-0.449903948720342,
-0.41148973740007,-0.37144913327166,-0.359619681105612,-0.346416499148766,
-0.329646340097885,-0.262866366221153,-0.243623268687901,-0.222196792386313,
-0.176901775144505,-0.141717550396219,-0.130058821029511,-0.121221779293136,
-0.111330962076103,-0.0633817701809672,-1.35194891149066E-5),
 .UNSPECIFIED.);
#125=B_SPLINE_CURVE_WITH_KNOTS('',3,(#11133,#11134,#11135,#11136,#11137,
#11138,#11139,#11140,#11141,#11142,#11143,#11144,#11145,#11146),
 .UNSPECIFIED.,.F.,.F.,(4,2,2,2,2,2,4),(0.,0.0198481913806374,0.0258126292705746,
0.030766743069678,0.0381650405470017,0.0475220656609874,0.076347109554986),
 .UNSPECIFIED.);
#126=B_SPLINE_CURVE_WITH_KNOTS('',3,(#11148,#11149,#11150,#11151,#11152,
#11153,#11154,#11155,#11156,#11157,#11158,#11159,#11160,#11161,#11162,#11163,
#11164,#11165,#11166,#11167),.UNSPECIFIED.,.F.,.F.,(4,2,2,2,2,2,2,2,2,4),
(0.,0.0605836442958258,0.101112572329357,0.12685120433341,0.136632070815262,
0.143521110215374,0.150552594778204,0.161059062628753,0.19270408913338,
0.287291616411622),.UNSPECIFIED.);
#127=B_SPLINE_CURVE_WITH_KNOTS('',3,(#11169,#11170,#11171,#11172,#11173,
#11174,#11175,#11176,#11177,#11178,#11179,#11180,#11181,#11182,#11183,#11184),
 .UNSPECIFIED.,.F.,.F.,(4,2,2,2,2,2,2,4),(0.,0.0288340887881655,0.0435070772012267,
0.0527975139137424,0.0578522951774893,0.0639546570891573,0.0732295706709577,
0.0870213285181483),.UNSPECIFIED.);
#128=B_SPLINE_CURVE_WITH_KNOTS('',3,(#11185,#11186,#11187,#11188,#11189,
#11190,#11191,#11192,#11193,#11194),.UNSPECIFIED.,.F.,.F.,(4,3,3,4),(0.000721988253025912,
0.00110952703697806,0.001502301874582,0.00175622430972682),
 .UNSPECIFIED.);
#129=B_SPLINE_CURVE_WITH_KNOTS('',3,(#11195,#11196,#11197,#11198,#11199,
#11200,#11201,#11202,#11203,#11204,#11205,#11206,#11207,#11208,#11209,#11210,
#11211,#11212,#11213,#11214,#11215,#11216,#11217,#11218,#11219,#11220,#11221,
#11222,#11223,#11224,#11225,#11226,#11227,#11228,#11229,#11230,#11231,#11232,
#11233,#11234,#11235,#11236,#11237,#11238,#11239,#11240,#11241,#11242,#11243,
#11244,#11245,#11246,#11247,#11248,#11249,#11250,#11251,#11252,#11253,#11254,
#11255,#11256,#11257,#11258,#11259,#11260,#11261,#11262,#11263,#11264,#11265,
#11266,#11267,#11268,#11269,#11270,#11271,#11272,#11273,#11274,#11275,#11276,
#11277,#11278,#11279,#11280,#11281,#11282,#11283,#11284,#11285,#11286,#11287,
#11288,#11289,#11290,#11291,#11292,#11293,#11294,#11295,#11296,#11297,#11298,
#11299,#11300,#11301,#11302,#11303,#11304,#11305,#11306,#11307,#11308,#11309,
#11310,#11311,#11312,#11313,#11314,#11315,#11316,#11317,#11318,#11319,#11320,
#11321,#11322,#11323,#11324,#11325,#11326,#11327,#11328,#11329,#11330,#11331,
#11332,#11333,#11334,#11335,#11336,#11337,#11338,#11339,#11340,#11341,#11342,
#11343,#11344,#11345,#11346,#11347,#11348,#11349,#11350,#11351,#11352,#11353,
#11354,#11355,#11356,#11357,#11358,#11359,#11360,#11361,#11362,#11363,#11364),
 .UNSPECIFIED.,.F.,.F.,(4,2,2,2,2,2,2,2,2,2,2,2,2,2,2,2,2,2,2,2,2,2,2,2,
2,2,2,2,2,2,2,2,2,2,2,2,2,2,2,2,2,2,2,2,2,2,2,2,2,2,2,2,2,2,2,2,2,2,2,2,
2,2,2,2,2,2,2,2,2,2,2,2,2,2,2,2,2,2,2,2,2,2,2,2,4),(-2.75309636450115,-2.74506960894998,
-2.72090155593293,-2.69861513006036,-2.67688911038222,-2.63539889416398,
-2.58654987758012,-2.56915614409165,-2.55831465789711,-2.54102801531928,
-2.48042119731352,-2.44590838708373,-2.42800396864546,-2.40757628023779,
-2.36642325781299,-2.31314103697617,-2.29582995187592,-2.28534920855309,
-2.27096276959949,-2.25261484879874,-2.20047323201935,-2.16697189067236,
-2.14752127956613,-2.1272439205727,-2.08227650380273,-2.02405258913276,
-2.01193546473748,-1.9999430765464,-1.97167836355645,-1.913299659978,-1.88610044201283,
-1.86575326567421,-1.83899845487579,-1.80506375919305,-1.75648696849359,
-1.74339324262532,-1.73022516665258,-1.68901794835383,-1.63425634825186,
-1.61206344299824,-1.5902694419238,-1.53821383735269,-1.49156471877252,
-1.47830305972468,-1.46666527232681,-1.437635291244,-1.37919912332356,-1.35306568251432,
-1.33385851035589,-1.30998479037638,-1.28181883047881,-1.22910635307769,
-1.2105127225617,-1.19992007154069,-1.18622879104932,-1.16918141565961,
-1.12585551660963,-1.08531885267817,-1.06490553623082,-1.04554203136455,
-1.01276102378235,-0.959777054444891,-0.936634120368791,-0.924951167742656,
-0.912558168607149,-0.878655212442139,-0.809582805244649,-0.78821328026087,
-0.766149426921218,-0.753731137643493,-0.720764643190929,-0.670098818654714,
-0.657079314335315,-0.643836746590853,-0.602960024382842,-0.548017360835967,
-0.52584065824934,-0.504036703489038,-0.452383318133248,-0.405305404475895,
-0.39208108723819,-0.380421298809444,-0.351072403295747,-0.292561483143589,
-0.270306331301758),.UNSPECIFIED.);
#130=B_SPLINE_CURVE_WITH_KNOTS('',3,(#11369,#11370,#11371,#11372,#11373,
#11374,#11375,#11376,#11377,#11378,#11379,#11380,#11381,#11382,#11383,#11384,
#11385,#11386,#11387,#11388,#11389,#11390,#11391,#11392,#11393,#11394,#11395,
#11396,#11397,#11398,#11399,#11400,#11401,#11402,#11403,#11404,#11405,#11406,
#11407,#11408,#11409,#11410,#11411,#11412,#11413,#11414,#11415,#11416,#11417,
#11418,#11419,#11420,#11421,#11422,#11423,#11424,#11425,#11426,#11427,#11428,
#11429,#11430,#11431,#11432,#11433,#11434,#11435,#11436,#11437,#11438,#11439,
#11440,#11441,#11442,#11443,#11444,#11445,#11446,#11447,#11448,#11449,#11450,
#11451,#11452,#11453,#11454,#11455,#11456,#11457,#11458,#11459,#11460,#11461,
#11462,#11463,#11464,#11465,#11466,#11467,#11468,#11469,#11470,#11471,#11472,
#11473,#11474,#11475,#11476,#11477,#11478,#11479,#11480,#11481,#11482,#11483,
#11484,#11485,#11486,#11487,#11488,#11489,#11490,#11491,#11492,#11493,#11494,
#11495,#11496,#11497,#11498,#11499,#11500,#11501,#11502,#11503,#11504,#11505,
#11506,#11507,#11508,#11509,#11510,#11511,#11512,#11513,#11514,#11515,#11516,
#11517,#11518,#11519,#11520,#11521,#11522,#11523,#11524,#11525,#11526,#11527,
#11528,#11529,#11530,#11531,#11532,#11533,#11534,#11535,#11536,#11537,#11538,
#11539,#11540,#11541,#11542),.UNSPECIFIED.,.F.,.F.,(4,2,2,2,2,2,2,2,2,2,
2,2,2,2,2,2,2,2,2,2,2,2,2,2,2,2,2,2,2,2,2,2,2,2,2,2,2,2,2,2,2,2,2,2,2,2,
2,2,2,2,2,2,2,2,2,2,2,2,2,2,2,2,2,2,2,2,2,2,2,2,2,2,2,2,2,2,2,2,2,2,2,2,
2,2,2,2,4),(-4.34380692896756,-4.32494626808375,-4.3123073598812,-4.28995400796494,
-4.26842399567227,-4.2018058090749,-4.16668501665327,-4.15418188773931,
-4.14204312575271,-4.11261305441422,-4.0656689695415,-4.03456906403353,
-4.01506643733139,-3.99351763239014,-3.95066701782894,-3.91195980666444,
-3.88949796605012,-3.87847399215332,-3.86606920009652,-3.82765973310907,
-3.78506635468062,-3.7552538404996,-3.73617794885948,-3.71515448223933,
-3.65729683994752,-3.61810463760106,-3.60467859480056,-3.59342522780161,
-3.5763469447435,-3.52286898980786,-3.49573849427927,-3.47203438109693,
-3.45142523728237,-3.41856114315188,-3.36592064306148,-3.34297006619491,
-3.33119570365706,-3.31542756602708,-3.30470465501275,-3.26774196419319,
-3.22763706237502,-3.20495298806343,-3.18362857371143,-3.14280370970624,
-3.08078602518771,-3.0682783344681,-3.05614369419241,-3.0157193042772,-2.95666401734018,
-2.93555717276984,-2.9158648783434,-2.88292412357142,-2.83016441154828,
-2.80586953548406,-2.79410791582031,-2.78263917415729,-2.75550310967817,
-2.69626619732567,-2.66800161146111,-2.64907218777957,-2.62755823416695,
-2.58002052098813,-2.53024857855278,-2.51767350461733,-2.50600545499031,
-2.48087931674537,-2.43181986686261,-2.39734190792506,-2.37679837253385,
-2.35366365668548,-2.3275489903647,-2.27407604641089,-2.25510977232682,
-2.24353425985821,-2.22589398810939,-2.17703631987672,-2.13668234713302,
-2.11516849638321,-2.09279193712018,-2.08015175421068,-2.04637579785724,
-1.99630345210904,-1.98325739956921,-1.97158200725174,-1.94157405066843,
-1.88288835176109,-1.86166102195826),.UNSPECIFIED.);
#131=B_SPLINE_CURVE_WITH_KNOTS('',3,(#11544,#11545,#11546,#11547,#11548,
#11549,#11550,#11551,#11552,#11553,#11554,#11555,#11556,#11557,#11558,#11559,
#11560,#11561,#11562,#11563,#11564,#11565,#11566,#11567),.UNSPECIFIED.,
 .F.,.F.,(4,2,2,2,2,2,2,2,2,2,2,4),(-0.270306331301758,-0.266651040413657,
-0.247453686216733,-0.223420693271203,-0.194933138524797,-0.141972152348533,
-0.124161071598612,-0.114334961102195,-0.107821448354658,-0.09500887127811,
-0.0775373197776638,-5.95705027653221E-6),.UNSPECIFIED.);
#132=B_SPLINE_CURVE_WITH_KNOTS('',3,(#11569,#11570,#11571,#11572),
 .UNSPECIFIED.,.F.,.F.,(4,4),(0.,1.),.UNSPECIFIED.);
#133=B_SPLINE_CURVE_WITH_KNOTS('',3,(#11574,#11575,#11576,#11577,#11578,
#11579,#11580,#11581,#11582,#11583,#11584,#11585,#11586,#11587,#11588,#11589,
#11590,#11591),.UNSPECIFIED.,.F.,.F.,(4,2,2,2,2,2,2,2,4),(0.,0.0657637782021826,
0.098767867648908,0.107037902249398,0.112350073400023,0.118096300573781,
0.127518991621508,0.170617559613904,0.225401494064507),.UNSPECIFIED.);
#134=B_SPLINE_CURVE_WITH_KNOTS('',3,(#11595,#11596,#11597,#11598,#11599,
#11600,#11601,#11602,#11603,#11604,#11605,#11606),.UNSPECIFIED.,.F.,.F.,
(4,2,2,2,2,4),(0.,0.0148743234571748,0.0209807067852715,0.0278809986732625,
0.0353010159914775,0.0557642730296253),.UNSPECIFIED.);
#135=B_SPLINE_CURVE_WITH_KNOTS('',3,(#11608,#11609,#11610,#11611),
 .UNSPECIFIED.,.F.,.F.,(4,4),(0.,1.),.UNSPECIFIED.);
#136=B_SPLINE_CURVE_WITH_KNOTS('',3,(#11613,#11614,#11615,#11616,#11617,
#11618,#11619,#11620,#11621,#11622,#11623,#11624),.UNSPECIFIED.,.F.,.F.,
(4,2,2,2,2,4),(0.,0.012230838143782,0.021760835733443,0.0288267730725195,
0.0354330523111944,0.0435333477131613),.UNSPECIFIED.);
#137=B_SPLINE_CURVE_WITH_KNOTS('',3,(#11626,#11627,#11628,#11629),
 .UNSPECIFIED.,.F.,.F.,(4,4),(0.,1.),.UNSPECIFIED.);
#138=B_SPLINE_CURVE_WITH_KNOTS('',3,(#11631,#11632,#11633,#11634,#11635,
#11636,#11637,#11638,#11639,#11640,#11641,#11642),.UNSPECIFIED.,.F.,.F.,
(4,2,2,2,2,4),(-0.0706998059989825,-0.0461869874643102,-0.0353555809599444,
-0.0244116458948188,-0.0142427061810419,-1.4005387545174E-5),
 .UNSPECIFIED.);
#139=B_SPLINE_CURVE_WITH_KNOTS('',3,(#11644,#11645,#11646,#11647),
 .UNSPECIFIED.,.F.,.F.,(4,4),(0.,1.),.UNSPECIFIED.);
#140=B_SPLINE_CURVE_WITH_KNOTS('',3,(#11649,#11650,#11651,#11652,#11653,
#11654,#11655,#11656,#11657,#11658),.UNSPECIFIED.,.F.,.F.,(4,2,2,2,4),(0.,
0.0197366783641474,0.0297438645749226,0.0397786846382816,0.0594894101368466),
 .UNSPECIFIED.);
#141=B_SPLINE_CURVE_WITH_KNOTS('',3,(#11660,#11661,#11662,#11663),
 .UNSPECIFIED.,.F.,.F.,(4,4),(0.,1.),.UNSPECIFIED.);
#142=B_SPLINE_CURVE_WITH_KNOTS('',3,(#11665,#11666,#11667,#11668,#11669,
#11670,#11671,#11672,#11673,#11674),.UNSPECIFIED.,.F.,.F.,(4,2,2,2,4),(0.,
0.0123862978227729,0.0223729958833241,0.0323586043688401,0.0447460828800955),
 .UNSPECIFIED.);
#143=B_SPLINE_CURVE_WITH_KNOTS('',3,(#11676,#11677,#11678,#11679),
 .UNSPECIFIED.,.F.,.F.,(4,4),(0.,1.),.UNSPECIFIED.);
#144=B_SPLINE_CURVE_WITH_KNOTS('',3,(#11681,#11682,#11683,#11684,#11685,
#11686,#11687,#11688,#11689,#11690),.UNSPECIFIED.,.F.,.F.,(4,2,2,2,4),(0.,
0.0169919802047767,0.0271522435904013,0.0388470857221989,0.0543032556768221),
 .UNSPECIFIED.);
#145=B_SPLINE_CURVE_WITH_KNOTS('',3,(#11692,#11693,#11694,#11695),
 .UNSPECIFIED.,.F.,.F.,(4,4),(0.,1.),.UNSPECIFIED.);
#146=B_SPLINE_CURVE_WITH_KNOTS('',3,(#11697,#11698,#11699,#11700,#11701,
#11702,#11703,#11704,#11705,#11706,#11707,#11708,#11709,#11710),
 .UNSPECIFIED.,.F.,.F.,(4,2,2,2,2,2,4),(0.,0.0142346753254832,0.024399869935601,
0.033808958435433,0.0432047087139411,0.0533469605502027,0.0676169310070193),
 .UNSPECIFIED.);
#147=B_SPLINE_CURVE_WITH_KNOTS('',3,(#11716,#11717,#11718,#11719,#11720,
#11721,#11722,#11723,#11724,#11725,#11726,#11727,#11728,#11729,#11730,#11731,
#11732,#11733,#11734,#11735,#11736,#11737,#11738,#11739,#11740,#11741,#11742,
#11743,#11744,#11745,#11746,#11747,#11748,#11749,#11750,#11751,#11752,#11753,
#11754,#11755,#11756,#11757,#11758,#11759,#11760,#11761,#11762,#11763,#11764,
#11765,#11766,#11767,#11768,#11769,#11770,#11771,#11772,#11773,#11774,#11775,
#11776,#11777,#11778,#11779,#11780,#11781,#11782,#11783,#11784,#11785,#11786,
#11787,#11788,#11789,#11790,#11791,#11792,#11793,#11794,#11795,#11796,#11797,
#11798,#11799,#11800,#11801,#11802,#11803,#11804,#11805,#11806,#11807,#11808,
#11809,#11810,#11811,#11812,#11813,#11814,#11815,#11816,#11817,#11818,#11819,
#11820,#11821,#11822,#11823,#11824,#11825,#11826,#11827,#11828,#11829,#11830,
#11831,#11832,#11833,#11834,#11835,#11836,#11837,#11838,#11839,#11840,#11841,
#11842,#11843,#11844,#11845,#11846,#11847,#11848,#11849,#11850,#11851,#11852,
#11853,#11854,#11855,#11856,#11857,#11858,#11859,#11860,#11861,#11862,#11863,
#11864,#11865,#11866,#11867,#11868,#11869,#11870,#11871,#11872,#11873,#11874,
#11875,#11876,#11877,#11878,#11879,#11880,#11881,#11882,#11883,#11884,#11885,
#11886,#11887,#11888,#11889,#11890,#11891),.UNSPECIFIED.,.F.,.F.,(4,2,2,
2,2,2,2,2,2,2,2,2,2,2,2,2,2,2,2,2,2,2,2,2,2,2,2,2,2,2,2,2,2,2,2,2,2,2,2,
2,2,2,2,2,2,2,2,2,2,2,2,2,2,2,2,2,2,2,2,2,2,2,2,2,2,2,2,2,2,2,2,2,2,2,2,
2,2,2,2,2,2,2,2,2,2,2,2,4),(-6.82585997620129,-6.77931316844992,-6.74260144075737,
-6.72373619127921,-6.70184799300719,-6.64568670838103,-6.60747246237537,
-6.59356243717966,-6.58110112327851,-6.55572608916068,-6.50679074988289,
-6.48298070230122,-6.46090379711188,-6.43915774346415,-6.37545682170775,
-6.33867756453137,-6.32610587259046,-6.31403601691838,-6.2865700790115,
-6.23817798447945,-6.2066561700897,-6.18711515935428,-6.16566877305404,
-6.12206331922431,-6.08363490573418,-6.06125458778019,-6.05024135164004,
-6.03781740382589,-6.00531824622461,-5.95898845873192,-5.92795054408033,
-5.90875243875539,-5.88802964470657,-5.8416436983795,-5.80452279218745,
-5.78253489124626,-5.77166945800303,-5.75806751183423,-5.71567778807294,
-5.67844272938138,-5.66513392608362,-5.64219955055091,-5.62158972690036,
-5.5858268140675,-5.53980830785145,-5.52220767067981,-5.50803169770356,
-5.49571776317812,-5.47137572867602,-5.42138431177676,-5.39741233423553,
-5.37525507234327,-5.35357391936297,-5.30923757120703,-5.25932687158914,
-5.24400464386443,-5.23312443949419,-5.21312312632274,-5.16091523454243,
-5.12377391063013,-5.10374690100308,-5.08318431896685,-5.04426713770245,
-5.00000446109371,-4.98280366988322,-4.96900934476559,-4.958476469806,-4.94015358026429,
-4.88759565435535,-4.84674801491547,-4.82667965352762,-4.8070896643273,
-4.77182574276277,-4.72295327127339,-4.69790285025072,-4.68675849951089,
-4.67360267961237,-4.62613093642959,-4.57622638564311,-4.55412243593173,
-4.53283462995443,-4.48946009554613,-4.44169978541994,-4.43363345911748,
-4.42054973947643,-4.40743903901175,-4.35885372839029,-4.34380692896756),
 .UNSPECIFIED.);
#148=B_SPLINE_CURVE_WITH_KNOTS('',3,(#11893,#11894,#11895,#11896),
 .UNSPECIFIED.,.F.,.F.,(4,4),(0.,0.428397712966175),.UNSPECIFIED.);
#149=B_SPLINE_CURVE_WITH_KNOTS('',3,(#11898,#11899,#11900,#11901,#11902,
#11903,#11904,#11905,#11906,#11907),.UNSPECIFIED.,.F.,.F.,(4,2,2,2,4),(0.,
0.0197366783679545,0.0297438645781607,0.0397786846410859,0.0594894101432681),
 .UNSPECIFIED.);
#150=B_SPLINE_CURVE_WITH_KNOTS('',3,(#11909,#11910,#11911,#11912),
 .UNSPECIFIED.,.F.,.F.,(4,4),(0.,1.),.UNSPECIFIED.);
#151=B_SPLINE_CURVE_WITH_KNOTS('',3,(#11914,#11915,#11916,#11917,#11918,
#11919,#11920,#11921,#11922,#11923),.UNSPECIFIED.,.F.,.F.,(4,2,2,2,4),(0.,
0.0123862978250738,0.0223729958869845,0.0323586043722393,0.0447460828874212),
 .UNSPECIFIED.);
#152=B_SPLINE_CURVE_WITH_KNOTS('',3,(#11925,#11926,#11927,#11928),
 .UNSPECIFIED.,.F.,.F.,(4,4),(0.,1.),.UNSPECIFIED.);
#153=B_SPLINE_CURVE_WITH_KNOTS('',3,(#11930,#11931,#11932,#11933,#11934,
#11935,#11936,#11937,#11938,#11939),.UNSPECIFIED.,.F.,.F.,(4,2,2,2,4),(0.,
0.0169919801954443,0.0271522435806621,0.0388470857095513,0.0543032556572804),
 .UNSPECIFIED.);
#154=B_SPLINE_CURVE_WITH_KNOTS('',3,(#11941,#11942,#11943,#11944),
 .UNSPECIFIED.,.F.,.F.,(4,4),(0.,1.),.UNSPECIFIED.);
#155=B_SPLINE_CURVE_WITH_KNOTS('',3,(#11946,#11947,#11948,#11949,#11950,
#11951,#11952,#11953,#11954,#11955,#11956,#11957,#11958,#11959),
 .UNSPECIFIED.,.F.,.F.,(4,2,2,2,2,2,4),(0.,0.0142346753244221,0.0243998699338705,
0.03380895843675,0.0432047087179178,0.053346960552785,0.0676169310099046),
 .UNSPECIFIED.);
#156=B_SPLINE_CURVE_WITH_KNOTS('',3,(#11961,#11962,#11963,#11964),
 .UNSPECIFIED.,.F.,.F.,(4,4),(0.,1.),.UNSPECIFIED.);
#157=B_SPLINE_CURVE_WITH_KNOTS('',3,(#11966,#11967,#11968,#11969,#11970,
#11971,#11972,#11973,#11974,#11975),.UNSPECIFIED.,.F.,.F.,(4,2,2,2,4),(0.,
0.0197366783608819,0.0297438645680948,0.0397786846280633,0.0594894101231019),
 .UNSPECIFIED.);
#158=B_SPLINE_CURVE_WITH_KNOTS('',3,(#11977,#11978,#11979,#11980),
 .UNSPECIFIED.,.F.,.F.,(4,4),(0.985350509509801,1.),.UNSPECIFIED.);
#159=B_SPLINE_CURVE_WITH_KNOTS('',3,(#11982,#11983,#11984,#11985),
 .UNSPECIFIED.,.F.,.F.,(4,4),(0.,0.985350509509801),.UNSPECIFIED.);
#160=B_SPLINE_CURVE_WITH_KNOTS('',3,(#11987,#11988,#11989,#11990,#11991,
#11992,#11993,#11994,#11995,#11996),.UNSPECIFIED.,.F.,.F.,(4,2,2,2,4),(0.,
0.0123862978055448,0.0223729958361257,0.032358604215722,0.0447460827732072),
 .UNSPECIFIED.);
#161=B_SPLINE_CURVE_WITH_KNOTS('',3,(#11998,#11999,#12000,#12001),
 .UNSPECIFIED.,.F.,.F.,(4,4),(0.,1.),.UNSPECIFIED.);
#162=B_SPLINE_CURVE_WITH_KNOTS('',3,(#12003,#12004,#12005,#12006,#12007,
#12008,#12009,#12010,#12011,#12012),.UNSPECIFIED.,.F.,.F.,(4,2,2,2,4),(0.,
0.0169919802019424,0.0271522435878448,0.0388470857184988,0.0543032556716987),
 .UNSPECIFIED.);
#163=B_SPLINE_CURVE_WITH_KNOTS('',3,(#12014,#12015,#12016,#12017),
 .UNSPECIFIED.,.F.,.F.,(4,4),(0.,1.),.UNSPECIFIED.);
#164=B_SPLINE_CURVE_WITH_KNOTS('',3,(#12019,#12020,#12021,#12022,#12023,
#12024,#12025,#12026,#12027,#12028,#12029,#12030,#12031,#12032),
 .UNSPECIFIED.,.F.,.F.,(4,2,2,2,2,2,4),(0.,0.0142346753239736,0.0243998699329594,
0.0338089584310234,0.0432047087077532,0.0533469605431789,0.0676169309985062),
 .UNSPECIFIED.);
#165=B_SPLINE_CURVE_WITH_KNOTS('',3,(#12034,#12035,#12036,#12037),
 .UNSPECIFIED.,.F.,.F.,(4,4),(0.,1.),.UNSPECIFIED.);
#166=B_SPLINE_CURVE_WITH_KNOTS('',3,(#12039,#12040,#12041,#12042,#12043,
#12044,#12045,#12046,#12047,#12048),.UNSPECIFIED.,.F.,.F.,(4,2,2,2,4),(0.,
0.0197366783626794,0.0297438645673093,0.0397786846244878,0.0594894101216186),
 .UNSPECIFIED.);
#167=B_SPLINE_CURVE_WITH_KNOTS('',3,(#12049,#12050,#12051,#12052),
 .UNSPECIFIED.,.F.,.F.,(4,4),(0.262549392401853,1.),.UNSPECIFIED.);
#168=B_SPLINE_CURVE_WITH_KNOTS('',3,(#12069,#12070,#12071,#12072,#12073,
#12074,#12075,#12076,#12077,#12078,#12079),.UNSPECIFIED.,.F.,.F.,(4,2,3,
2,4),(-0.326417130141862,-0.172558470236196,0.,0.172558470236196,0.326417130141862),
 .UNSPECIFIED.);
#169=B_SPLINE_CURVE_WITH_KNOTS('',3,(#12087,#12088,#12089,#12090,#12091,
#12092,#12093,#12094,#12095,#12096),.UNSPECIFIED.,.F.,.F.,(4,2,2,2,4),(1.05274279587788,
1.20660145578354,1.37915992601974,1.55171839625593,1.7055770561616),
 .UNSPECIFIED.);
#170=B_SPLINE_CURVE_WITH_KNOTS('',3,(#12118,#12119,#12120,#12121),
 .UNSPECIFIED.,.F.,.F.,(4,4),(0.,0.262549392401853),.UNSPECIFIED.);
#171=B_SPLINE_CURVE_WITH_KNOTS('',3,(#12123,#12124,#12125,#12126,#12127,
#12128,#12129,#12130,#12131,#12132),.UNSPECIFIED.,.F.,.F.,(4,2,2,2,4),(0.,
0.0123862978001264,0.0223729958404818,0.0323586042228367,0.0447460827808),
 .UNSPECIFIED.);
#172=B_SPLINE_CURVE_WITH_KNOTS('',3,(#12134,#12135,#12136,#12137),
 .UNSPECIFIED.,.F.,.F.,(4,4),(0.,1.),.UNSPECIFIED.);
#173=B_SPLINE_CURVE_WITH_KNOTS('',3,(#12139,#12140,#12141,#12142,#12143,
#12144),.UNSPECIFIED.,.F.,.F.,(4,2,4),(1.43889832139887E-6,0.00944150610013733,
0.0188725109144735),.UNSPECIFIED.);
#174=B_SPLINE_CURVE_WITH_KNOTS('',3,(#12147,#12148,#12149,#12150,#12151,
#12152,#12153,#12154,#12155,#12156,#12157,#12158),.UNSPECIFIED.,.F.,.F.,
(4,2,2,2,2,4),(-6.90232951539712,-6.8731538457917,-6.8639015348511,-6.85327539743719,
-6.83505141440826,-6.82585997620129),.UNSPECIFIED.);
#175=B_SPLINE_CURVE_WITH_KNOTS('',3,(#12455,#12456,#12457,#12458,#12459,
#12460,#12461,#12462,#12463,#12464,#12465,#12466,#12467,#12468,#12469,#12470,
#12471,#12472),.UNSPECIFIED.,.F.,.F.,(4,2,2,2,2,2,2,2,4),(1.00000015053167E-6,
0.112173590941524,0.222885069473592,0.373969715123516,0.519172724610587,
0.665719097828371,0.814085560082879,0.968029733040198,1.1846620491444),
 .UNSPECIFIED.);
#176=B_SPLINE_CURVE_WITH_KNOTS('',3,(#12474,#12475,#12476,#12477,#12478,
#12479,#12480,#12481,#12482,#12483,#12484,#12485,#12486,#12487,#12488,#12489,
#12490,#12491,#12492,#12493,#12494,#12495,#12496,#12497,#12498,#12499,#12500,
#12501,#12502,#12503,#12504,#12505,#12506,#12507,#12508,#12509,#12510,#12511,
#12512,#12513,#12514,#12515,#12516,#12517,#12518,#12519,#12520,#12521,#12522,
#12523,#12524,#12525,#12526,#12527,#12528,#12529,#12530,#12531,#12532,#12533,
#12534,#12535,#12536,#12537,#12538,#12539,#12540,#12541,#12542,#12543,#12544,
#12545,#12546,#12547,#12548,#12549,#12550,#12551,#12552,#12553,#12554,#12555,
#12556,#12557,#12558,#12559,#12560,#12561,#12562,#12563,#12564,#12565,#12566,
#12567,#12568,#12569,#12570,#12571,#12572,#12573,#12574,#12575,#12576,#12577,
#12578,#12579,#12580,#12581,#12582,#12583,#12584,#12585,#12586,#12587,#12588,
#12589,#12590,#12591),.UNSPECIFIED.,.F.,.F.,(4,3,3,3,3,3,3,3,3,3,3,3,3,
3,3,3,3,3,3,3,3,3,3,3,3,3,3,3,3,3,3,3,3,3,3,3,3,3,3,4),(0.282961888083566,
0.284148304688486,0.297282436596753,0.31041656850502,0.323550700413287,
0.336684832321554,0.349818964229821,0.362953096138088,0.376087228046355,
0.389221359954622,0.402355491862889,0.415489623771156,0.428623755679423,
0.44175788758769,0.454892019495957,0.468026151404224,0.481160283312491,
0.494294415220757,0.507428547129024,0.520562679037291,0.533696810945558,
0.546065617798806,0.558434424652053,0.563727526144757,0.569020627638184,
0.586291493360185,0.599454945844173,0.612618398328161,0.625781850812148,
0.638945303296136,0.652108755780124,0.665272208264111,0.678435660748099,
0.691599113232087,0.704762565716074,0.717926018200062,0.73108947068405,
0.744252923168037,0.757416375652025,0.764432769204269),.UNSPECIFIED.);
#177=B_SPLINE_CURVE_WITH_KNOTS('',3,(#12593,#12594,#12595,#12596,#12597,
#12598,#12599,#12600,#12601,#12602,#12603,#12604,#12605,#12606,#12607,#12608,
#12609,#12610,#12611,#12612,#12613,#12614,#12615,#12616,#12617,#12618,#12619,
#12620,#12621,#12622,#12623,#12624,#12625,#12626,#12627,#12628,#12629,#12630,
#12631,#12632,#12633,#12634,#12635,#12636,#12637,#12638,#12639,#12640,#12641,
#12642,#12643,#12644,#12645,#12646,#12647,#12648,#12649,#12650,#12651,#12652,
#12653,#12654,#12655,#12656,#12657,#12658,#12659,#12660,#12661,#12662,#12663,
#12664,#12665,#12666,#12667,#12668,#12669,#12670,#12671,#12672,#12673,#12674,
#12675,#12676,#12677,#12678,#12679,#12680,#12681,#12682,#12683,#12684,#12685,
#12686,#12687,#12688,#12689,#12690,#12691,#12692,#12693,#12694,#12695,#12696,
#12697,#12698,#12699,#12700,#12701,#12702,#12703,#12704,#12705,#12706,#12707,
#12708,#12709,#12710,#12711,#12712,#12713,#12714,#12715,#12716,#12717,#12718,
#12719,#12720,#12721,#12722,#12723,#12724,#12725,#12726,#12727,#12728,#12729,
#12730,#12731),.UNSPECIFIED.,.F.,.F.,(4,3,3,3,3,3,3,3,3,3,3,3,3,3,3,3,3,
3,3,3,3,3,3,3,3,3,3,3,3,3,3,3,3,3,3,3,3,3,3,3,3,3,3,3,3,3,4),(0.,0.00025977111983362,
0.000522575726647285,0.000784400258321092,0.00104769490270469,0.00131098954708828,
0.00157596089301908,0.00162564959423076,0.00188951177008488,0.00215537825359519,
0.00242136920367046,0.00262197909417656,0.00304535305220543,0.0032774738677207,
0.0035310146400343,0.00378057241671922,0.00393296864126485,0.0041935603232998,
0.00423908245824705,0.00449925085042209,0.00476122775327321,0.00502285492621693,
0.00524395818835313,0.00551398783132495,0.00578587387666105,0.00605646337133447,
0.00632188562541613,0.00655494773544141,0.00676925379127778,0.00701179685158216,
0.00721044250898555,0.00748521041758693,0.00776370990984094,0.00786593728252969,
0.00810952518895119,0.00835360493523751,0.00852143205607383,0.00873738807750977,
0.00895715745356387,0.00917692682961797,0.00921796299408068,0.00945526677059789,
0.00969554251717868,0.00983242160316211,0.0100861182445024,0.0103420233901164,
0.0104879163766419),.UNSPECIFIED.);
#178=B_SPLINE_CURVE_WITH_KNOTS('',3,(#12733,#12734,#12735,#12736),
 .UNSPECIFIED.,.F.,.F.,(4,4),(0.570646800371674,0.584549466337522),
 .UNSPECIFIED.);
#179=B_SPLINE_CURVE_WITH_KNOTS('',3,(#13025,#13026,#13027,#13028,#13029,
#13030,#13031,#13032,#13033,#13034,#13035,#13036,#13037,#13038,#13039,#13040,
#13041,#13042),.UNSPECIFIED.,.F.,.F.,(4,2,2,2,2,2,2,2,4),(0.,0.0899853945458344,
0.181461753532481,0.280294772045631,0.35831639753645,0.458278148660268,
0.601475629633798,0.780894800597002,1.02857909636421),.UNSPECIFIED.);
#180=B_SPLINE_CURVE_WITH_KNOTS('',3,(#13043,#13044,#13045,#13046,#13047,
#13048,#13049,#13050,#13051,#13052,#13053,#13054,#13055,#13056,#13057,#13058,
#13059,#13060),.UNSPECIFIED.,.F.,.F.,(4,2,2,2,2,2,2,2,4),(-1.32252622423665,
-1.08906675077575,-0.852187017176664,-0.670037369171894,-0.522086048829102,
-0.371979479115044,-0.223195794706058,-0.111892253134424,-9.99999997253198E-7),
 .UNSPECIFIED.);
#181=B_SPLINE_CURVE_WITH_KNOTS('',3,(#13062,#13063,#13064,#13065),
 .UNSPECIFIED.,.F.,.F.,(4,4),(0.00614948435437307,0.00618671092954964),
 .UNSPECIFIED.);
#182=(
BOUNDED_CURVE()
B_SPLINE_CURVE(2,(#7775,#7776,#7777,#7778,#7779,#7780,#7781),
 .UNSPECIFIED.,.F.,.F.)
B_SPLINE_CURVE_WITH_KNOTS((3,2,2,3),(0.153480043348035,0.15625,0.171875,
0.1875),.UNSPECIFIED.)
CURVE()
GEOMETRIC_REPRESENTATION_ITEM()
RATIONAL_B_SPLINE_CURVE((0.977795657964263,0.986505574702655,1.,0.923879532511287,
1.,0.923879532511287,1.))
REPRESENTATION_ITEM('')
);
#183=(
BOUNDED_CURVE()
B_SPLINE_CURVE(2,(#7803,#7804,#7805,#7806,#7807,#7808,#7809,#7810,#7811,
#7812,#7813),.UNSPECIFIED.,.F.,.F.)
B_SPLINE_CURVE_WITH_KNOTS((3,2,2,2,2,3),(0.12223004334799,0.125,0.140625,
0.15625,0.171875,0.1875),.UNSPECIFIED.)
CURVE()
GEOMETRIC_REPRESENTATION_ITEM()
RATIONAL_B_SPLINE_CURVE((0.977795657963979,0.986505574702435,1.,0.923879532511287,
1.,0.923879532511287,1.,0.923879532511287,1.,0.923879532511287,1.))
REPRESENTATION_ITEM('')
);
#184=(
BOUNDED_CURVE()
B_SPLINE_CURVE(2,(#7818,#7819,#7820,#7821,#7822,#7823,#7824,#7825,#7826,
#7827,#7828,#7829,#7830,#7831,#7832,#7833,#7834),.UNSPECIFIED.,.F.,.F.)
B_SPLINE_CURVE_WITH_KNOTS((3,2,2,2,2,2,2,2,3),(0.1875,0.203125,0.21875,
0.234375,0.25,0.265625,0.28125,0.296875,0.3125),.UNSPECIFIED.)
CURVE()
GEOMETRIC_REPRESENTATION_ITEM()
RATIONAL_B_SPLINE_CURVE((1.,0.923879532511287,1.,0.923879532511287,1.,0.923879532511287,
1.,0.923879532511287,1.,0.923879532511287,1.,0.923879532511287,1.,0.923879532511287,
1.,0.923879532511287,1.))
REPRESENTATION_ITEM('')
);
#185=(
BOUNDED_CURVE()
B_SPLINE_CURVE(2,(#7835,#7836,#7837,#7838,#7839,#7840,#7841,#7842,#7843,
#7844,#7845,#7846,#7847,#7848,#7849,#7850,#7851),.UNSPECIFIED.,.F.,.F.)
B_SPLINE_CURVE_WITH_KNOTS((3,2,2,2,2,2,2,2,3),(0.1875,0.203125,0.21875,
0.234375,0.25,0.265625,0.28125,0.296875,0.3125),.UNSPECIFIED.)
CURVE()
GEOMETRIC_REPRESENTATION_ITEM()
RATIONAL_B_SPLINE_CURVE((1.,0.923879532511287,1.,0.923879532511287,1.,0.923879532511287,
1.,0.923879532511287,1.,0.923879532511287,1.,0.923879532511287,1.,0.923879532511287,
1.,0.923879532511287,1.))
REPRESENTATION_ITEM('')
);
#186=(
BOUNDED_CURVE()
B_SPLINE_CURVE(2,(#7856,#7857,#7858,#7859,#7860,#7861,#7862,#7863,#7864,
#7865,#7866,#7867,#7868,#7869,#7870,#7871,#7872),.UNSPECIFIED.,.F.,.F.)
B_SPLINE_CURVE_WITH_KNOTS((3,2,2,2,2,2,2,2,3),(0.3125,0.328125,0.34375,
0.359375,0.375,0.390625,0.40625,0.421875,0.4375),.UNSPECIFIED.)
CURVE()
GEOMETRIC_REPRESENTATION_ITEM()
RATIONAL_B_SPLINE_CURVE((1.,0.923879532511287,1.,0.923879532511287,1.,0.923879532511287,
1.,0.923879532511287,1.,0.923879532511287,1.,0.923879532511287,1.,0.923879532511287,
1.,0.923879532511287,1.))
REPRESENTATION_ITEM('')
);
#187=(
BOUNDED_CURVE()
B_SPLINE_CURVE(2,(#7873,#7874,#7875,#7876,#7877,#7878,#7879,#7880,#7881,
#7882,#7883,#7884,#7885,#7886,#7887,#7888,#7889),.UNSPECIFIED.,.F.,.F.)
B_SPLINE_CURVE_WITH_KNOTS((3,2,2,2,2,2,2,2,3),(0.3125,0.328125,0.34375,
0.359375,0.375,0.390625,0.40625,0.421875,0.4375),.UNSPECIFIED.)
CURVE()
GEOMETRIC_REPRESENTATION_ITEM()
RATIONAL_B_SPLINE_CURVE((1.,0.923879532511287,1.,0.923879532511287,1.,0.923879532511287,
1.,0.923879532511287,1.,0.923879532511287,1.,0.923879532511287,1.,0.923879532511287,
1.,0.923879532511287,1.))
REPRESENTATION_ITEM('')
);
#188=(
BOUNDED_CURVE()
B_SPLINE_CURVE(2,(#7894,#7895,#7896,#7897,#7898,#7899,#7900,#7901,#7902,
#7903,#7904,#7905,#7906,#7907,#7908,#7909,#7910),.UNSPECIFIED.,.F.,.F.)
B_SPLINE_CURVE_WITH_KNOTS((3,2,2,2,2,2,2,2,3),(0.4375,0.453125,0.46875,
0.484375,0.5,0.515625,0.53125,0.546875,0.5625),.UNSPECIFIED.)
CURVE()
GEOMETRIC_REPRESENTATION_ITEM()
RATIONAL_B_SPLINE_CURVE((1.,0.923879532511287,1.,0.923879532511287,1.,0.923879532511287,
1.,0.923879532511287,1.,0.923879532511287,1.,0.923879532511287,1.,0.923879532511287,
1.,0.923879532511287,1.))
REPRESENTATION_ITEM('')
);
#189=(
BOUNDED_CURVE()
B_SPLINE_CURVE(2,(#7911,#7912,#7913,#7914,#7915,#7916,#7917,#7918,#7919,
#7920,#7921,#7922,#7923,#7924,#7925,#7926,#7927),.UNSPECIFIED.,.F.,.F.)
B_SPLINE_CURVE_WITH_KNOTS((3,2,2,2,2,2,2,2,3),(0.4375,0.453125,0.46875,
0.484375,0.5,0.515625,0.53125,0.546875,0.5625),.UNSPECIFIED.)
CURVE()
GEOMETRIC_REPRESENTATION_ITEM()
RATIONAL_B_SPLINE_CURVE((1.,0.923879532511287,1.,0.923879532511287,1.,0.923879532511287,
1.,0.923879532511287,1.,0.923879532511287,1.,0.923879532511287,1.,0.923879532511287,
1.,0.923879532511287,1.))
REPRESENTATION_ITEM('')
);
#190=(
BOUNDED_CURVE()
B_SPLINE_CURVE(2,(#7932,#7933,#7934,#7935,#7936,#7937,#7938,#7939,#7940,
#7941,#7942,#7943,#7944,#7945,#7946,#7947,#7948),.UNSPECIFIED.,.F.,.F.)
B_SPLINE_CURVE_WITH_KNOTS((3,2,2,2,2,2,2,2,3),(0.5625,0.578125,0.59375,
0.609375,0.625,0.640625,0.65625,0.671875,0.6875),.UNSPECIFIED.)
CURVE()
GEOMETRIC_REPRESENTATION_ITEM()
RATIONAL_B_SPLINE_CURVE((1.,0.923879532511287,1.,0.923879532511287,1.,0.923879532511287,
1.,0.923879532511287,1.,0.923879532511287,1.,0.923879532511287,1.,0.923879532511287,
1.,0.923879532511287,1.))
REPRESENTATION_ITEM('')
);
#191=(
BOUNDED_CURVE()
B_SPLINE_CURVE(2,(#7949,#7950,#7951,#7952,#7953,#7954,#7955,#7956,#7957,
#7958,#7959,#7960,#7961,#7962,#7963,#7964,#7965),.UNSPECIFIED.,.F.,.F.)
B_SPLINE_CURVE_WITH_KNOTS((3,2,2,2,2,2,2,2,3),(0.5625,0.578125,0.59375,
0.609375,0.625,0.640625,0.65625,0.671875,0.6875),.UNSPECIFIED.)
CURVE()
GEOMETRIC_REPRESENTATION_ITEM()
RATIONAL_B_SPLINE_CURVE((1.,0.923879532511287,1.,0.923879532511287,1.,0.923879532511287,
1.,0.923879532511287,1.,0.923879532511287,1.,0.923879532511287,1.,0.923879532511287,
1.,0.923879532511287,1.))
REPRESENTATION_ITEM('')
);
#192=(
BOUNDED_CURVE()
B_SPLINE_CURVE(2,(#7970,#7971,#7972,#7973,#7974,#7975,#7976,#7977,#7978,
#7979,#7980,#7981,#7982,#7983,#7984,#7985,#7986),.UNSPECIFIED.,.F.,.F.)
B_SPLINE_CURVE_WITH_KNOTS((3,2,2,2,2,2,2,2,3),(0.6875,0.703125,0.71875,
0.734375,0.75,0.765625,0.78125,0.796875,0.8125),.UNSPECIFIED.)
CURVE()
GEOMETRIC_REPRESENTATION_ITEM()
RATIONAL_B_SPLINE_CURVE((1.,0.923879532511287,1.,0.923879532511287,1.,0.923879532511287,
1.,0.923879532511287,1.,0.923879532511287,1.,0.923879532511287,1.,0.923879532511287,
1.,0.923879532511287,1.))
REPRESENTATION_ITEM('')
);
#193=(
BOUNDED_CURVE()
B_SPLINE_CURVE(2,(#7987,#7988,#7989,#7990,#7991,#7992,#7993,#7994,#7995,
#7996,#7997,#7998,#7999,#8000,#8001,#8002,#8003),.UNSPECIFIED.,.F.,.F.)
B_SPLINE_CURVE_WITH_KNOTS((3,2,2,2,2,2,2,2,3),(0.6875,0.703125,0.71875,
0.734375,0.75,0.765625,0.78125,0.796875,0.8125),.UNSPECIFIED.)
CURVE()
GEOMETRIC_REPRESENTATION_ITEM()
RATIONAL_B_SPLINE_CURVE((1.,0.923879532511287,1.,0.923879532511287,1.,0.923879532511287,
1.,0.923879532511287,1.,0.923879532511287,1.,0.923879532511287,1.,0.923879532511287,
1.,0.923879532511287,1.))
REPRESENTATION_ITEM('')
);
#194=(
BOUNDED_CURVE()
B_SPLINE_CURVE(2,(#8009,#8010,#8011,#8012,#8013,#8014,#8015,#8016,#8017),
 .UNSPECIFIED.,.F.,.F.)
B_SPLINE_CURVE_WITH_KNOTS((3,2,2,2,3),(0.9375,0.953125,0.96875,0.984375,
1.),.UNSPECIFIED.)
CURVE()
GEOMETRIC_REPRESENTATION_ITEM()
RATIONAL_B_SPLINE_CURVE((1.,0.923879532511287,1.,0.923879532511287,1.,0.923879532511287,
1.,0.923879532511287,1.))
REPRESENTATION_ITEM('')
);
#195=(
BOUNDED_CURVE()
B_SPLINE_CURVE(2,(#8020,#8021,#8022,#8023,#8024,#8025,#8026,#8027,#8028),
 .UNSPECIFIED.,.F.,.F.)
B_SPLINE_CURVE_WITH_KNOTS((3,2,2,2,3),(0.9375,0.953125,0.96875,0.984375,
1.),.UNSPECIFIED.)
CURVE()
GEOMETRIC_REPRESENTATION_ITEM()
RATIONAL_B_SPLINE_CURVE((1.,0.923879532511287,1.,0.923879532511287,1.,0.923879532511287,
1.,0.923879532511287,1.))
REPRESENTATION_ITEM('')
);
#196=(
BOUNDED_CURVE()
B_SPLINE_CURVE(2,(#9534,#9535,#9536,#9537,#9538,#9539,#9540,#9541,#9542,
#9543,#9544,#9545,#9546,#9547,#9548,#9549,#9550),.UNSPECIFIED.,.F.,.F.)
B_SPLINE_CURVE_WITH_KNOTS((3,2,2,2,2,2,2,2,3),(0.8125,0.828125,0.84375,
0.859375,0.875,0.890625,0.90625,0.921875,0.9375),.UNSPECIFIED.)
CURVE()
GEOMETRIC_REPRESENTATION_ITEM()
RATIONAL_B_SPLINE_CURVE((1.,0.923879532511287,1.,0.923879532511287,1.,0.923879532511287,
1.,0.923879532511287,1.,0.923879532511287,1.,0.923879532511287,1.,0.923879532511287,
1.,0.923879532511287,1.))
REPRESENTATION_ITEM('')
);
#197=(
BOUNDED_CURVE()
B_SPLINE_CURVE(2,(#9552,#9553,#9554,#9555,#9556,#9557,#9558,#9559,#9560,
#9561,#9562,#9563,#9564,#9565,#9566,#9567,#9568),.UNSPECIFIED.,.F.,.F.)
B_SPLINE_CURVE_WITH_KNOTS((3,2,2,2,2,2,2,2,3),(0.8125,0.828125,0.84375,
0.859375,0.875,0.890625,0.90625,0.921875,0.9375),.UNSPECIFIED.)
CURVE()
GEOMETRIC_REPRESENTATION_ITEM()
RATIONAL_B_SPLINE_CURVE((1.,0.923879532511287,1.,0.923879532511287,1.,0.923879532511287,
1.,0.923879532511287,1.,0.923879532511287,1.,0.923879532511287,1.,0.923879532511287,
1.,0.923879532511287,1.))
REPRESENTATION_ITEM('')
);
#198=SHAPE_REPRESENTATION_RELATIONSHIP('SRR','None',#13845,#207);
#199=SHAPE_REPRESENTATION_RELATIONSHIP('SRR','None',#13846,#208);
#200=SHAPE_REPRESENTATION_RELATIONSHIP('SRR','None',#13847,#209);
#201=SHAPE_REPRESENTATION_RELATIONSHIP('SRR','None',#13848,#210);
#202=SHAPE_REPRESENTATION_RELATIONSHIP('SRR','None',#13849,#211);
#203=SHAPE_REPRESENTATION_RELATIONSHIP('SRR','None',#13850,#212);
#204=SHAPE_REPRESENTATION_RELATIONSHIP('SRR','None',#13851,#213);
#205=SHAPE_REPRESENTATION_RELATIONSHIP('SRR','None',#13852,#214);
#206=SHAPE_REPRESENTATION_RELATIONSHIP('SRR','None',#13853,#215);
#207=ADVANCED_BREP_SHAPE_REPRESENTATION('',(#226),#13797);
#208=ADVANCED_BREP_SHAPE_REPRESENTATION('',(#227),#13798);
#209=ADVANCED_BREP_SHAPE_REPRESENTATION('',(#228),#13799);
#210=ADVANCED_BREP_SHAPE_REPRESENTATION('',(#229),#13800);
#211=ADVANCED_BREP_SHAPE_REPRESENTATION('',(#230),#13801);
#212=ADVANCED_BREP_SHAPE_REPRESENTATION('',(#231),#13802);
#213=ADVANCED_BREP_SHAPE_REPRESENTATION('',(#232,#233),#13803);
#214=ADVANCED_BREP_SHAPE_REPRESENTATION('',(#234),#13804);
#215=ADVANCED_BREP_SHAPE_REPRESENTATION('',(#235),#13805);
#216=STYLED_ITEM('',(#13898),#226);
#217=STYLED_ITEM('',(#13898),#227);
#218=STYLED_ITEM('',(#13898),#228);
#219=STYLED_ITEM('',(#13898),#229);
#220=STYLED_ITEM('',(#13898),#230);
#221=STYLED_ITEM('',(#13898),#231);
#222=STYLED_ITEM('',(#13898),#232);
#223=STYLED_ITEM('',(#13898),#233);
#224=STYLED_ITEM('',(#13898),#234);
#225=STYLED_ITEM('',(#13898),#235);
#226=MANIFOLD_SOLID_BREP('Body1',#5178);
#227=MANIFOLD_SOLID_BREP('Body1',#5179);
#228=MANIFOLD_SOLID_BREP('Body1',#5180);
#229=MANIFOLD_SOLID_BREP('Body1',#5181);
#230=MANIFOLD_SOLID_BREP('Body1',#5182);
#231=MANIFOLD_SOLID_BREP('Body1',#5183);
#232=MANIFOLD_SOLID_BREP('Body1',#5184);
#233=MANIFOLD_SOLID_BREP('Body2',#5185);
#234=MANIFOLD_SOLID_BREP('Body1',#5186);
#235=MANIFOLD_SOLID_BREP('Body1',#5187);
#236=ELLIPSE('',#5323,20.0021390890852,8.04999997773654);
#237=ELLIPSE('',#5408,20.0021390283082,8.04999995234039);
#238=ELLIPSE('',#5493,4.88372677829402,4.41686647469042);
#239=ELLIPSE('',#5495,3.47479792928448,3.01414383768585);
#240=ELLIPSE('',#5499,3.98434834819256,3.96797979453713);
#241=ELLIPSE('',#5502,4.79648996332801,4.37706900624594);
#242=ELLIPSE('',#5571,1.63727336217862,1.4999999999999);
#243=ELLIPSE('',#5575,1.63727336217866,1.49999999999995);
#244=ELLIPSE('',#5578,16.5071965173736,4.55000000000021);
#245=ELLIPSE('',#5582,16.5071965173733,4.55000000000018);
#246=ELLIPSE('',#5584,1.63727336217866,1.49999999999995);
#247=ELLIPSE('',#5586,1.6372733682022,1.50000001102317);
#248=ELLIPSE('',#5590,1.63727336804871,1.50000001074081);
#249=ELLIPSE('',#5592,1.63727336217862,1.4999999999999);
#250=ELLIPSE('',#5682,3.52404911149594,3.02871094375092);
#251=ELLIPSE('',#5685,3.72879660545444,3.09877622458919);
#252=ELLIPSE('',#5688,3.51424798710933,3.00912351788978);
#253=ELLIPSE('',#5713,3.49226159531178,3.02254997206028);
#254=FACE_BOUND('',#715,.T.);
#255=FACE_BOUND('',#725,.T.);
#256=FACE_BOUND('',#726,.T.);
#257=FACE_BOUND('',#727,.T.);
#258=FACE_BOUND('',#728,.T.);
#259=FACE_BOUND('',#733,.T.);
#260=FACE_BOUND('',#737,.T.);
#261=FACE_BOUND('',#741,.T.);
#262=FACE_BOUND('',#749,.T.);
#263=FACE_BOUND('',#750,.T.);
#264=FACE_BOUND('',#755,.T.);
#265=FACE_BOUND('',#756,.T.);
#266=FACE_BOUND('',#778,.T.);
#267=FACE_BOUND('',#783,.T.);
#268=FACE_BOUND('',#792,.T.);
#269=FACE_BOUND('',#796,.T.);
#270=FACE_BOUND('',#800,.T.);
#271=FACE_BOUND('',#801,.T.);
#272=FACE_BOUND('',#802,.T.);
#273=FACE_BOUND('',#803,.T.);
#274=FACE_BOUND('',#804,.T.);
#275=FACE_BOUND('',#814,.T.);
#276=FACE_BOUND('',#819,.T.);
#277=FACE_BOUND('',#824,.T.);
#278=FACE_BOUND('',#829,.T.);
#279=FACE_BOUND('',#834,.T.);
#280=FACE_BOUND('',#862,.T.);
#281=FACE_BOUND('',#864,.T.);
#282=FACE_BOUND('',#875,.T.);
#283=FACE_BOUND('',#877,.T.);
#284=FACE_BOUND('',#880,.T.);
#285=FACE_BOUND('',#881,.T.);
#286=FACE_BOUND('',#884,.T.);
#287=FACE_BOUND('',#885,.T.);
#288=FACE_BOUND('',#888,.T.);
#289=FACE_BOUND('',#889,.T.);
#290=FACE_BOUND('',#892,.T.);
#291=FACE_BOUND('',#893,.T.);
#292=FACE_BOUND('',#911,.T.);
#293=FACE_BOUND('',#917,.T.);
#294=FACE_BOUND('',#926,.T.);
#295=FACE_BOUND('',#928,.T.);
#296=FACE_BOUND('',#945,.T.);
#297=FACE_BOUND('',#947,.T.);
#298=FACE_BOUND('',#951,.T.);
#299=FACE_BOUND('',#976,.T.);
#300=FACE_BOUND('',#978,.T.);
#301=FACE_BOUND('',#983,.T.);
#302=FACE_BOUND('',#988,.T.);
#303=FACE_BOUND('',#992,.T.);
#304=FACE_BOUND('',#998,.T.);
#305=FACE_BOUND('',#1000,.T.);
#306=PLANE('',#5311);
#307=PLANE('',#5316);
#308=PLANE('',#5317);
#309=PLANE('',#5318);
#310=PLANE('',#5319);
#311=PLANE('',#5320);
#312=PLANE('',#5321);
#313=PLANE('',#5326);
#314=PLANE('',#5327);
#315=PLANE('',#5332);
#316=PLANE('',#5333);
#317=PLANE('',#5334);
#318=PLANE('',#5335);
#319=PLANE('',#5342);
#320=PLANE('',#5346);
#321=PLANE('',#5347);
#322=PLANE('',#5348);
#323=PLANE('',#5351);
#324=PLANE('',#5352);
#325=PLANE('',#5353);
#326=PLANE('',#5354);
#327=PLANE('',#5357);
#328=PLANE('',#5358);
#329=PLANE('',#5359);
#330=PLANE('',#5360);
#331=PLANE('',#5367);
#332=PLANE('',#5368);
#333=PLANE('',#5369);
#334=PLANE('',#5370);
#335=PLANE('',#5371);
#336=PLANE('',#5372);
#337=PLANE('',#5373);
#338=PLANE('',#5374);
#339=PLANE('',#5400);
#340=PLANE('',#5405);
#341=PLANE('',#5406);
#342=PLANE('',#5411);
#343=PLANE('',#5412);
#344=PLANE('',#5413);
#345=PLANE('',#5419);
#346=PLANE('',#5420);
#347=PLANE('',#5421);
#348=PLANE('',#5422);
#349=PLANE('',#5423);
#350=PLANE('',#5424);
#351=PLANE('',#5431);
#352=PLANE('',#5435);
#353=PLANE('',#5436);
#354=PLANE('',#5437);
#355=PLANE('',#5438);
#356=PLANE('',#5441);
#357=PLANE('',#5444);
#358=PLANE('',#5445);
#359=PLANE('',#5446);
#360=PLANE('',#5449);
#361=PLANE('',#5450);
#362=PLANE('',#5451);
#363=PLANE('',#5454);
#364=PLANE('',#5455);
#365=PLANE('',#5456);
#366=PLANE('',#5459);
#367=PLANE('',#5460);
#368=PLANE('',#5461);
#369=PLANE('',#5464);
#370=PLANE('',#5465);
#371=PLANE('',#5466);
#372=PLANE('',#5467);
#373=PLANE('',#5468);
#374=PLANE('',#5469);
#375=PLANE('',#5470);
#376=PLANE('',#5471);
#377=PLANE('',#5514);
#378=PLANE('',#5515);
#379=PLANE('',#5516);
#380=PLANE('',#5531);
#381=PLANE('',#5542);
#382=PLANE('',#5554);
#383=PLANE('',#5556);
#384=PLANE('',#5557);
#385=PLANE('',#5558);
#386=PLANE('',#5559);
#387=PLANE('',#5560);
#388=PLANE('',#5593);
#389=PLANE('',#5594);
#390=PLANE('',#5595);
#391=PLANE('',#5596);
#392=PLANE('',#5605);
#393=PLANE('',#5608);
#394=PLANE('',#5609);
#395=PLANE('',#5614);
#396=PLANE('',#5615);
#397=PLANE('',#5616);
#398=PLANE('',#5617);
#399=PLANE('',#5618);
#400=PLANE('',#5619);
#401=PLANE('',#5620);
#402=PLANE('',#5621);
#403=PLANE('',#5622);
#404=PLANE('',#5623);
#405=PLANE('',#5624);
#406=PLANE('',#5625);
#407=PLANE('',#5626);
#408=PLANE('',#5641);
#409=PLANE('',#5642);
#410=PLANE('',#5643);
#411=PLANE('',#5644);
#412=PLANE('',#5645);
#413=PLANE('',#5647);
#414=PLANE('',#5648);
#415=PLANE('',#5649);
#416=PLANE('',#5650);
#417=PLANE('',#5653);
#418=PLANE('',#5654);
#419=PLANE('',#5666);
#420=PLANE('',#5667);
#421=PLANE('',#5678);
#422=PLANE('',#5679);
#423=PLANE('',#5708);
#424=PLANE('',#5710);
#425=PLANE('',#5714);
#426=PLANE('',#5715);
#427=PLANE('',#5716);
#428=PLANE('',#5717);
#429=PLANE('',#5718);
#430=PLANE('',#5719);
#431=PLANE('',#5735);
#432=PLANE('',#5740);
#433=PLANE('',#5741);
#434=PLANE('',#5742);
#435=PLANE('',#5743);
#436=PLANE('',#5744);
#437=PLANE('',#5745);
#438=PLANE('',#5746);
#439=PLANE('',#5747);
#440=PLANE('',#5748);
#441=PLANE('',#5749);
#442=PLANE('',#5750);
#443=PLANE('',#5751);
#444=PLANE('',#5752);
#445=PLANE('',#5753);
#446=PLANE('',#5754);
#447=FACE_OUTER_BOUND('',#707,.T.);
#448=FACE_OUTER_BOUND('',#708,.T.);
#449=FACE_OUTER_BOUND('',#709,.T.);
#450=FACE_OUTER_BOUND('',#710,.T.);
#451=FACE_OUTER_BOUND('',#711,.T.);
#452=FACE_OUTER_BOUND('',#712,.T.);
#453=FACE_OUTER_BOUND('',#713,.T.);
#454=FACE_OUTER_BOUND('',#714,.T.);
#455=FACE_OUTER_BOUND('',#716,.T.);
#456=FACE_OUTER_BOUND('',#717,.T.);
#457=FACE_OUTER_BOUND('',#718,.T.);
#458=FACE_OUTER_BOUND('',#719,.T.);
#459=FACE_OUTER_BOUND('',#720,.T.);
#460=FACE_OUTER_BOUND('',#721,.T.);
#461=FACE_OUTER_BOUND('',#722,.T.);
#462=FACE_OUTER_BOUND('',#723,.T.);
#463=FACE_OUTER_BOUND('',#724,.T.);
#464=FACE_OUTER_BOUND('',#729,.T.);
#465=FACE_OUTER_BOUND('',#730,.T.);
#466=FACE_OUTER_BOUND('',#731,.T.);
#467=FACE_OUTER_BOUND('',#732,.T.);
#468=FACE_OUTER_BOUND('',#734,.T.);
#469=FACE_OUTER_BOUND('',#735,.T.);
#470=FACE_OUTER_BOUND('',#736,.T.);
#471=FACE_OUTER_BOUND('',#738,.T.);
#472=FACE_OUTER_BOUND('',#739,.T.);
#473=FACE_OUTER_BOUND('',#740,.T.);
#474=FACE_OUTER_BOUND('',#742,.T.);
#475=FACE_OUTER_BOUND('',#743,.T.);
#476=FACE_OUTER_BOUND('',#744,.T.);
#477=FACE_OUTER_BOUND('',#745,.T.);
#478=FACE_OUTER_BOUND('',#746,.T.);
#479=FACE_OUTER_BOUND('',#747,.T.);
#480=FACE_OUTER_BOUND('',#748,.T.);
#481=FACE_OUTER_BOUND('',#751,.T.);
#482=FACE_OUTER_BOUND('',#752,.T.);
#483=FACE_OUTER_BOUND('',#753,.T.);
#484=FACE_OUTER_BOUND('',#754,.T.);
#485=FACE_OUTER_BOUND('',#757,.T.);
#486=FACE_OUTER_BOUND('',#758,.T.);
#487=FACE_OUTER_BOUND('',#759,.T.);
#488=FACE_OUTER_BOUND('',#760,.T.);
#489=FACE_OUTER_BOUND('',#761,.T.);
#490=FACE_OUTER_BOUND('',#762,.T.);
#491=FACE_OUTER_BOUND('',#763,.T.);
#492=FACE_OUTER_BOUND('',#764,.T.);
#493=FACE_OUTER_BOUND('',#765,.T.);
#494=FACE_OUTER_BOUND('',#766,.T.);
#495=FACE_OUTER_BOUND('',#767,.T.);
#496=FACE_OUTER_BOUND('',#768,.T.);
#497=FACE_OUTER_BOUND('',#769,.T.);
#498=FACE_OUTER_BOUND('',#770,.T.);
#499=FACE_OUTER_BOUND('',#771,.T.);
#500=FACE_OUTER_BOUND('',#772,.T.);
#501=FACE_OUTER_BOUND('',#773,.T.);
#502=FACE_OUTER_BOUND('',#774,.T.);
#503=FACE_OUTER_BOUND('',#775,.T.);
#504=FACE_OUTER_BOUND('',#776,.T.);
#505=FACE_OUTER_BOUND('',#777,.T.);
#506=FACE_OUTER_BOUND('',#779,.T.);
#507=FACE_OUTER_BOUND('',#780,.T.);
#508=FACE_OUTER_BOUND('',#781,.T.);
#509=FACE_OUTER_BOUND('',#782,.T.);
#510=FACE_OUTER_BOUND('',#784,.T.);
#511=FACE_OUTER_BOUND('',#785,.T.);
#512=FACE_OUTER_BOUND('',#786,.T.);
#513=FACE_OUTER_BOUND('',#787,.T.);
#514=FACE_OUTER_BOUND('',#788,.T.);
#515=FACE_OUTER_BOUND('',#789,.T.);
#516=FACE_OUTER_BOUND('',#790,.T.);
#517=FACE_OUTER_BOUND('',#791,.T.);
#518=FACE_OUTER_BOUND('',#793,.T.);
#519=FACE_OUTER_BOUND('',#794,.T.);
#520=FACE_OUTER_BOUND('',#795,.T.);
#521=FACE_OUTER_BOUND('',#797,.T.);
#522=FACE_OUTER_BOUND('',#798,.T.);
#523=FACE_OUTER_BOUND('',#799,.T.);
#524=FACE_OUTER_BOUND('',#805,.T.);
#525=FACE_OUTER_BOUND('',#806,.T.);
#526=FACE_OUTER_BOUND('',#807,.T.);
#527=FACE_OUTER_BOUND('',#808,.T.);
#528=FACE_OUTER_BOUND('',#809,.T.);
#529=FACE_OUTER_BOUND('',#810,.T.);
#530=FACE_OUTER_BOUND('',#811,.T.);
#531=FACE_OUTER_BOUND('',#812,.T.);
#532=FACE_OUTER_BOUND('',#813,.T.);
#533=FACE_OUTER_BOUND('',#815,.T.);
#534=FACE_OUTER_BOUND('',#816,.T.);
#535=FACE_OUTER_BOUND('',#817,.T.);
#536=FACE_OUTER_BOUND('',#818,.T.);
#537=FACE_OUTER_BOUND('',#820,.T.);
#538=FACE_OUTER_BOUND('',#821,.T.);
#539=FACE_OUTER_BOUND('',#822,.T.);
#540=FACE_OUTER_BOUND('',#823,.T.);
#541=FACE_OUTER_BOUND('',#825,.T.);
#542=FACE_OUTER_BOUND('',#826,.T.);
#543=FACE_OUTER_BOUND('',#827,.T.);
#544=FACE_OUTER_BOUND('',#828,.T.);
#545=FACE_OUTER_BOUND('',#830,.T.);
#546=FACE_OUTER_BOUND('',#831,.T.);
#547=FACE_OUTER_BOUND('',#832,.T.);
#548=FACE_OUTER_BOUND('',#833,.T.);
#549=FACE_OUTER_BOUND('',#835,.T.);
#550=FACE_OUTER_BOUND('',#836,.T.);
#551=FACE_OUTER_BOUND('',#837,.T.);
#552=FACE_OUTER_BOUND('',#838,.T.);
#553=FACE_OUTER_BOUND('',#839,.T.);
#554=FACE_OUTER_BOUND('',#840,.T.);
#555=FACE_OUTER_BOUND('',#841,.T.);
#556=FACE_OUTER_BOUND('',#842,.T.);
#557=FACE_OUTER_BOUND('',#843,.T.);
#558=FACE_OUTER_BOUND('',#844,.T.);
#559=FACE_OUTER_BOUND('',#845,.T.);
#560=FACE_OUTER_BOUND('',#846,.T.);
#561=FACE_OUTER_BOUND('',#847,.T.);
#562=FACE_OUTER_BOUND('',#848,.T.);
#563=FACE_OUTER_BOUND('',#849,.T.);
#564=FACE_OUTER_BOUND('',#850,.T.);
#565=FACE_OUTER_BOUND('',#851,.T.);
#566=FACE_OUTER_BOUND('',#852,.T.);
#567=FACE_OUTER_BOUND('',#853,.T.);
#568=FACE_OUTER_BOUND('',#854,.T.);
#569=FACE_OUTER_BOUND('',#855,.T.);
#570=FACE_OUTER_BOUND('',#856,.T.);
#571=FACE_OUTER_BOUND('',#857,.T.);
#572=FACE_OUTER_BOUND('',#858,.T.);
#573=FACE_OUTER_BOUND('',#859,.T.);
#574=FACE_OUTER_BOUND('',#860,.T.);
#575=FACE_OUTER_BOUND('',#861,.T.);
#576=FACE_OUTER_BOUND('',#863,.T.);
#577=FACE_OUTER_BOUND('',#865,.T.);
#578=FACE_OUTER_BOUND('',#866,.T.);
#579=FACE_OUTER_BOUND('',#867,.T.);
#580=FACE_OUTER_BOUND('',#868,.T.);
#581=FACE_OUTER_BOUND('',#869,.T.);
#582=FACE_OUTER_BOUND('',#870,.T.);
#583=FACE_OUTER_BOUND('',#871,.T.);
#584=FACE_OUTER_BOUND('',#872,.T.);
#585=FACE_OUTER_BOUND('',#873,.T.);
#586=FACE_OUTER_BOUND('',#874,.T.);
#587=FACE_OUTER_BOUND('',#876,.T.);
#588=FACE_OUTER_BOUND('',#878,.T.);
#589=FACE_OUTER_BOUND('',#879,.T.);
#590=FACE_OUTER_BOUND('',#882,.T.);
#591=FACE_OUTER_BOUND('',#883,.T.);
#592=FACE_OUTER_BOUND('',#886,.T.);
#593=FACE_OUTER_BOUND('',#887,.T.);
#594=FACE_OUTER_BOUND('',#890,.T.);
#595=FACE_OUTER_BOUND('',#891,.T.);
#596=FACE_OUTER_BOUND('',#894,.T.);
#597=FACE_OUTER_BOUND('',#895,.T.);
#598=FACE_OUTER_BOUND('',#896,.T.);
#599=FACE_OUTER_BOUND('',#897,.T.);
#600=FACE_OUTER_BOUND('',#898,.T.);
#601=FACE_OUTER_BOUND('',#899,.T.);
#602=FACE_OUTER_BOUND('',#900,.T.);
#603=FACE_OUTER_BOUND('',#901,.T.);
#604=FACE_OUTER_BOUND('',#902,.T.);
#605=FACE_OUTER_BOUND('',#903,.T.);
#606=FACE_OUTER_BOUND('',#904,.T.);
#607=FACE_OUTER_BOUND('',#905,.T.);
#608=FACE_OUTER_BOUND('',#906,.T.);
#609=FACE_OUTER_BOUND('',#907,.T.);
#610=FACE_OUTER_BOUND('',#908,.T.);
#611=FACE_OUTER_BOUND('',#909,.T.);
#612=FACE_OUTER_BOUND('',#910,.T.);
#613=FACE_OUTER_BOUND('',#912,.T.);
#614=FACE_OUTER_BOUND('',#913,.T.);
#615=FACE_OUTER_BOUND('',#914,.T.);
#616=FACE_OUTER_BOUND('',#915,.T.);
#617=FACE_OUTER_BOUND('',#916,.T.);
#618=FACE_OUTER_BOUND('',#918,.T.);
#619=FACE_OUTER_BOUND('',#919,.T.);
#620=FACE_OUTER_BOUND('',#920,.T.);
#621=FACE_OUTER_BOUND('',#921,.T.);
#622=FACE_OUTER_BOUND('',#922,.T.);
#623=FACE_OUTER_BOUND('',#923,.T.);
#624=FACE_OUTER_BOUND('',#924,.T.);
#625=FACE_OUTER_BOUND('',#925,.T.);
#626=FACE_OUTER_BOUND('',#927,.T.);
#627=FACE_OUTER_BOUND('',#929,.T.);
#628=FACE_OUTER_BOUND('',#930,.T.);
#629=FACE_OUTER_BOUND('',#931,.T.);
#630=FACE_OUTER_BOUND('',#932,.T.);
#631=FACE_OUTER_BOUND('',#933,.T.);
#632=FACE_OUTER_BOUND('',#934,.T.);
#633=FACE_OUTER_BOUND('',#935,.T.);
#634=FACE_OUTER_BOUND('',#936,.T.);
#635=FACE_OUTER_BOUND('',#937,.T.);
#636=FACE_OUTER_BOUND('',#938,.T.);
#637=FACE_OUTER_BOUND('',#939,.T.);
#638=FACE_OUTER_BOUND('',#940,.T.);
#639=FACE_OUTER_BOUND('',#941,.T.);
#640=FACE_OUTER_BOUND('',#942,.T.);
#641=FACE_OUTER_BOUND('',#943,.T.);
#642=FACE_OUTER_BOUND('',#944,.T.);
#643=FACE_OUTER_BOUND('',#946,.T.);
#644=FACE_OUTER_BOUND('',#948,.T.);
#645=FACE_OUTER_BOUND('',#949,.T.);
#646=FACE_OUTER_BOUND('',#950,.T.);
#647=FACE_OUTER_BOUND('',#952,.T.);
#648=FACE_OUTER_BOUND('',#953,.T.);
#649=FACE_OUTER_BOUND('',#954,.T.);
#650=FACE_OUTER_BOUND('',#955,.T.);
#651=FACE_OUTER_BOUND('',#956,.T.);
#652=FACE_OUTER_BOUND('',#957,.T.);
#653=FACE_OUTER_BOUND('',#958,.T.);
#654=FACE_OUTER_BOUND('',#959,.T.);
#655=FACE_OUTER_BOUND('',#960,.T.);
#656=FACE_OUTER_BOUND('',#961,.T.);
#657=FACE_OUTER_BOUND('',#962,.T.);
#658=FACE_OUTER_BOUND('',#963,.T.);
#659=FACE_OUTER_BOUND('',#964,.T.);
#660=FACE_OUTER_BOUND('',#965,.T.);
#661=FACE_OUTER_BOUND('',#966,.T.);
#662=FACE_OUTER_BOUND('',#967,.T.);
#663=FACE_OUTER_BOUND('',#968,.T.);
#664=FACE_OUTER_BOUND('',#969,.T.);
#665=FACE_OUTER_BOUND('',#970,.T.);
#666=FACE_OUTER_BOUND('',#971,.T.);
#667=FACE_OUTER_BOUND('',#972,.T.);
#668=FACE_OUTER_BOUND('',#973,.T.);
#669=FACE_OUTER_BOUND('',#974,.T.);
#670=FACE_OUTER_BOUND('',#975,.T.);
#671=FACE_OUTER_BOUND('',#977,.T.);
#672=FACE_OUTER_BOUND('',#979,.T.);
#673=FACE_OUTER_BOUND('',#980,.T.);
#674=FACE_OUTER_BOUND('',#981,.T.);
#675=FACE_OUTER_BOUND('',#982,.T.);
#676=FACE_OUTER_BOUND('',#984,.T.);
#677=FACE_OUTER_BOUND('',#985,.T.);
#678=FACE_OUTER_BOUND('',#986,.T.);
#679=FACE_OUTER_BOUND('',#987,.T.);
#680=FACE_OUTER_BOUND('',#989,.T.);
#681=FACE_OUTER_BOUND('',#990,.T.);
#682=FACE_OUTER_BOUND('',#991,.T.);
#683=FACE_OUTER_BOUND('',#993,.T.);
#684=FACE_OUTER_BOUND('',#994,.T.);
#685=FACE_OUTER_BOUND('',#995,.T.);
#686=FACE_OUTER_BOUND('',#996,.T.);
#687=FACE_OUTER_BOUND('',#997,.T.);
#688=FACE_OUTER_BOUND('',#999,.T.);
#689=FACE_OUTER_BOUND('',#1001,.T.);
#690=FACE_OUTER_BOUND('',#1002,.T.);
#691=FACE_OUTER_BOUND('',#1003,.T.);
#692=FACE_OUTER_BOUND('',#1004,.T.);
#693=FACE_OUTER_BOUND('',#1005,.T.);
#694=FACE_OUTER_BOUND('',#1006,.T.);
#695=FACE_OUTER_BOUND('',#1007,.T.);
#696=FACE_OUTER_BOUND('',#1008,.T.);
#697=FACE_OUTER_BOUND('',#1009,.T.);
#698=FACE_OUTER_BOUND('',#1010,.T.);
#699=FACE_OUTER_BOUND('',#1011,.T.);
#700=FACE_OUTER_BOUND('',#1012,.T.);
#701=FACE_OUTER_BOUND('',#1013,.T.);
#702=FACE_OUTER_BOUND('',#1014,.T.);
#703=FACE_OUTER_BOUND('',#1015,.T.);
#704=FACE_OUTER_BOUND('',#1016,.T.);
#705=FACE_OUTER_BOUND('',#1017,.T.);
#706=FACE_OUTER_BOUND('',#1018,.T.);
#707=EDGE_LOOP('',(#3317,#3318,#3319,#3320));
#708=EDGE_LOOP('',(#3321,#3322,#3323,#3324));
#709=EDGE_LOOP('',(#3325,#3326,#3327,#3328));
#710=EDGE_LOOP('',(#3329,#3330,#3331,#3332));
#711=EDGE_LOOP('',(#3333,#3334,#3335,#3336));
#712=EDGE_LOOP('',(#3337,#3338,#3339,#3340));
#713=EDGE_LOOP('',(#3341,#3342,#3343,#3344));
#714=EDGE_LOOP('',(#3345,#3346,#3347,#3348,#3349,#3350,#3351,#3352,#3353,
#3354,#3355,#3356,#3357,#3358,#3359));
#715=EDGE_LOOP('',(#3360));
#716=EDGE_LOOP('',(#3361,#3362,#3363,#3364,#3365,#3366,#3367,#3368,#3369,
#3370));
#717=EDGE_LOOP('',(#3371,#3372,#3373,#3374));
#718=EDGE_LOOP('',(#3375,#3376,#3377,#3378,#3379));
#719=EDGE_LOOP('',(#3380,#3381,#3382,#3383));
#720=EDGE_LOOP('',(#3384,#3385,#3386,#3387,#3388,#3389,#3390,#3391));
#721=EDGE_LOOP('',(#3392,#3393,#3394,#3395,#3396,#3397,#3398,#3399));
#722=EDGE_LOOP('',(#3400,#3401,#3402,#3403,#3404));
#723=EDGE_LOOP('',(#3405,#3406,#3407,#3408,#3409,#3410,#3411,#3412,#3413,
#3414));
#724=EDGE_LOOP('',(#3415,#3416,#3417,#3418,#3419,#3420,#3421,#3422,#3423,
#3424,#3425,#3426,#3427,#3428,#3429,#3430));
#725=EDGE_LOOP('',(#3431));
#726=EDGE_LOOP('',(#3432));
#727=EDGE_LOOP('',(#3433));
#728=EDGE_LOOP('',(#3434));
#729=EDGE_LOOP('',(#3435,#3436,#3437,#3438));
#730=EDGE_LOOP('',(#3439,#3440,#3441,#3442));
#731=EDGE_LOOP('',(#3443,#3444,#3445,#3446));
#732=EDGE_LOOP('',(#3447,#3448,#3449,#3450,#3451,#3452,#3453,#3454));
#733=EDGE_LOOP('',(#3455));
#734=EDGE_LOOP('',(#3456,#3457,#3458,#3459));
#735=EDGE_LOOP('',(#3460,#3461,#3462,#3463));
#736=EDGE_LOOP('',(#3464));
#737=EDGE_LOOP('',(#3465));
#738=EDGE_LOOP('',(#3466,#3467,#3468,#3469));
#739=EDGE_LOOP('',(#3470,#3471,#3472));
#740=EDGE_LOOP('',(#3473,#3474,#3475,#3476,#3477,#3478,#3479,#3480,#3481,
#3482,#3483));
#741=EDGE_LOOP('',(#3484));
#742=EDGE_LOOP('',(#3485));
#743=EDGE_LOOP('',(#3486,#3487,#3488,#3489));
#744=EDGE_LOOP('',(#3490,#3491,#3492,#3493));
#745=EDGE_LOOP('',(#3494,#3495,#3496,#3497));
#746=EDGE_LOOP('',(#3498,#3499,#3500,#3501));
#747=EDGE_LOOP('',(#3502,#3503,#3504,#3505));
#748=EDGE_LOOP('',(#3506,#3507,#3508,#3509,#3510,#3511));
#749=EDGE_LOOP('',(#3512));
#750=EDGE_LOOP('',(#3513));
#751=EDGE_LOOP('',(#3514,#3515,#3516,#3517));
#752=EDGE_LOOP('',(#3518,#3519,#3520,#3521));
#753=EDGE_LOOP('',(#3522,#3523,#3524,#3525));
#754=EDGE_LOOP('',(#3526,#3527,#3528,#3529,#3530,#3531));
#755=EDGE_LOOP('',(#3532));
#756=EDGE_LOOP('',(#3533));
#757=EDGE_LOOP('',(#3534,#3535,#3536,#3537));
#758=EDGE_LOOP('',(#3538,#3539,#3540,#3541));
#759=EDGE_LOOP('',(#3542,#3543,#3544,#3545));
#760=EDGE_LOOP('',(#3546,#3547,#3548,#3549));
#761=EDGE_LOOP('',(#3550,#3551,#3552,#3553));
#762=EDGE_LOOP('',(#3554,#3555,#3556,#3557,#3558,#3559,#3560,#3561));
#763=EDGE_LOOP('',(#3562,#3563,#3564,#3565,#3566));
#764=EDGE_LOOP('',(#3567,#3568,#3569,#3570));
#765=EDGE_LOOP('',(#3571,#3572,#3573,#3574));
#766=EDGE_LOOP('',(#3575,#3576,#3577,#3578));
#767=EDGE_LOOP('',(#3579,#3580,#3581,#3582));
#768=EDGE_LOOP('',(#3583,#3584,#3585,#3586,#3587,#3588,#3589,#3590));
#769=EDGE_LOOP('',(#3591,#3592,#3593,#3594));
#770=EDGE_LOOP('',(#3595,#3596,#3597,#3598));
#771=EDGE_LOOP('',(#3599,#3600,#3601,#3602));
#772=EDGE_LOOP('',(#3603,#3604,#3605,#3606));
#773=EDGE_LOOP('',(#3607,#3608,#3609,#3610));
#774=EDGE_LOOP('',(#3611,#3612,#3613,#3614));
#775=EDGE_LOOP('',(#3615,#3616,#3617,#3618));
#776=EDGE_LOOP('',(#3619,#3620,#3621,#3622));
#777=EDGE_LOOP('',(#3623,#3624,#3625,#3626,#3627,#3628,#3629,#3630,#3631,
#3632,#3633,#3634,#3635,#3636,#3637));
#778=EDGE_LOOP('',(#3638));
#779=EDGE_LOOP('',(#3639,#3640,#3641,#3642,#3643));
#780=EDGE_LOOP('',(#3644,#3645,#3646,#3647));
#781=EDGE_LOOP('',(#3648,#3649,#3650,#3651,#3652));
#782=EDGE_LOOP('',(#3653,#3654,#3655,#3656,#3657,#3658,#3659,#3660));
#783=EDGE_LOOP('',(#3661));
#784=EDGE_LOOP('',(#3662,#3663,#3664,#3665,#3666,#3667,#3668,#3669,#3670,
#3671,#3672,#3673,#3674,#3675));
#785=EDGE_LOOP('',(#3676,#3677,#3678,#3679,#3680,#3681,#3682,#3683,#3684,
#3685,#3686,#3687,#3688,#3689,#3690,#3691,#3692,#3693,#3694,#3695,#3696,
#3697));
#786=EDGE_LOOP('',(#3698,#3699,#3700,#3701,#3702,#3703,#3704,#3705,#3706,
#3707));
#787=EDGE_LOOP('',(#3708,#3709,#3710,#3711,#3712,#3713,#3714,#3715,#3716,
#3717,#3718,#3719,#3720,#3721));
#788=EDGE_LOOP('',(#3722,#3723,#3724,#3725));
#789=EDGE_LOOP('',(#3726,#3727,#3728,#3729));
#790=EDGE_LOOP('',(#3730,#3731,#3732,#3733));
#791=EDGE_LOOP('',(#3734,#3735,#3736,#3737,#3738,#3739,#3740,#3741));
#792=EDGE_LOOP('',(#3742));
#793=EDGE_LOOP('',(#3743,#3744,#3745,#3746));
#794=EDGE_LOOP('',(#3747,#3748,#3749,#3750));
#795=EDGE_LOOP('',(#3751));
#796=EDGE_LOOP('',(#3752));
#797=EDGE_LOOP('',(#3753,#3754,#3755,#3756));
#798=EDGE_LOOP('',(#3757,#3758,#3759));
#799=EDGE_LOOP('',(#3760,#3761,#3762,#3763,#3764,#3765,#3766,#3767,#3768));
#800=EDGE_LOOP('',(#3769));
#801=EDGE_LOOP('',(#3770));
#802=EDGE_LOOP('',(#3771));
#803=EDGE_LOOP('',(#3772));
#804=EDGE_LOOP('',(#3773));
#805=EDGE_LOOP('',(#3774,#3775,#3776,#3777));
#806=EDGE_LOOP('',(#3778));
#807=EDGE_LOOP('',(#3779,#3780,#3781,#3782));
#808=EDGE_LOOP('',(#3783,#3784,#3785,#3786));
#809=EDGE_LOOP('',(#3787,#3788,#3789,#3790,#3791,#3792,#3793,#3794));
#810=EDGE_LOOP('',(#3795,#3796,#3797,#3798));
#811=EDGE_LOOP('',(#3799,#3800,#3801,#3802));
#812=EDGE_LOOP('',(#3803,#3804,#3805,#3806));
#813=EDGE_LOOP('',(#3807,#3808,#3809,#3810,#3811));
#814=EDGE_LOOP('',(#3812));
#815=EDGE_LOOP('',(#3813,#3814,#3815,#3816));
#816=EDGE_LOOP('',(#3817,#3818,#3819,#3820));
#817=EDGE_LOOP('',(#3821,#3822,#3823,#3824));
#818=EDGE_LOOP('',(#3825,#3826,#3827,#3828,#3829));
#819=EDGE_LOOP('',(#3830));
#820=EDGE_LOOP('',(#3831,#3832,#3833,#3834));
#821=EDGE_LOOP('',(#3835,#3836,#3837,#3838));
#822=EDGE_LOOP('',(#3839,#3840,#3841,#3842));
#823=EDGE_LOOP('',(#3843,#3844,#3845,#3846));
#824=EDGE_LOOP('',(#3847));
#825=EDGE_LOOP('',(#3848,#3849,#3850,#3851));
#826=EDGE_LOOP('',(#3852,#3853,#3854,#3855));
#827=EDGE_LOOP('',(#3856,#3857,#3858,#3859));
#828=EDGE_LOOP('',(#3860,#3861,#3862,#3863));
#829=EDGE_LOOP('',(#3864));
#830=EDGE_LOOP('',(#3865,#3866,#3867,#3868));
#831=EDGE_LOOP('',(#3869,#3870,#3871,#3872));
#832=EDGE_LOOP('',(#3873,#3874,#3875,#3876));
#833=EDGE_LOOP('',(#3877,#3878,#3879,#3880));
#834=EDGE_LOOP('',(#3881));
#835=EDGE_LOOP('',(#3882,#3883,#3884,#3885));
#836=EDGE_LOOP('',(#3886,#3887,#3888,#3889,#3890,#3891,#3892,#3893));
#837=EDGE_LOOP('',(#3894,#3895,#3896,#3897,#3898));
#838=EDGE_LOOP('',(#3899,#3900,#3901,#3902));
#839=EDGE_LOOP('',(#3903,#3904,#3905,#3906));
#840=EDGE_LOOP('',(#3907,#3908,#3909,#3910));
#841=EDGE_LOOP('',(#3911,#3912,#3913,#3914));
#842=EDGE_LOOP('',(#3915,#3916,#3917,#3918));
#843=EDGE_LOOP('',(#3919,#3920,#3921,#3922));
#844=EDGE_LOOP('',(#3923,#3924,#3925,#3926));
#845=EDGE_LOOP('',(#3927,#3928,#3929,#3930));
#846=EDGE_LOOP('',(#3931,#3932,#3933,#3934));
#847=EDGE_LOOP('',(#3935,#3936,#3937,#3938));
#848=EDGE_LOOP('',(#3939,#3940,#3941,#3942));
#849=EDGE_LOOP('',(#3943,#3944,#3945,#3946));
#850=EDGE_LOOP('',(#3947,#3948,#3949,#3950));
#851=EDGE_LOOP('',(#3951,#3952,#3953,#3954));
#852=EDGE_LOOP('',(#3955,#3956,#3957,#3958));
#853=EDGE_LOOP('',(#3959,#3960,#3961,#3962,#3963,#3964,#3965,#3966));
#854=EDGE_LOOP('',(#3967,#3968,#3969));
#855=EDGE_LOOP('',(#3970,#3971,#3972,#3973,#3974,#3975,#3976,#3977,#3978,
#3979,#3980,#3981));
#856=EDGE_LOOP('',(#3982,#3983,#3984,#3985,#3986,#3987,#3988,#3989,#3990,
#3991,#3992,#3993,#3994,#3995,#3996,#3997,#3998,#3999,#4000,#4001,#4002,
#4003));
#857=EDGE_LOOP('',(#4004,#4005,#4006,#4007,#4008));
#858=EDGE_LOOP('',(#4009,#4010,#4011,#4012));
#859=EDGE_LOOP('',(#4013,#4014,#4015,#4016,#4017));
#860=EDGE_LOOP('',(#4018,#4019,#4020,#4021));
#861=EDGE_LOOP('',(#4022));
#862=EDGE_LOOP('',(#4023));
#863=EDGE_LOOP('',(#4024));
#864=EDGE_LOOP('',(#4025));
#865=EDGE_LOOP('',(#4026,#4027,#4028,#4029));
#866=EDGE_LOOP('',(#4030,#4031,#4032,#4033,#4034,#4035,#4036,#4037,#4038,
#4039,#4040,#4041,#4042,#4043,#4044,#4045,#4046,#4047,#4048,#4049,#4050));
#867=EDGE_LOOP('',(#4051,#4052,#4053,#4054));
#868=EDGE_LOOP('',(#4055,#4056,#4057,#4058,#4059,#4060,#4061,#4062,#4063,
#4064,#4065,#4066,#4067,#4068,#4069,#4070,#4071,#4072));
#869=EDGE_LOOP('',(#4073,#4074,#4075,#4076,#4077,#4078,#4079,#4080,#4081,
#4082,#4083,#4084));
#870=EDGE_LOOP('',(#4085,#4086,#4087,#4088));
#871=EDGE_LOOP('',(#4089,#4090,#4091,#4092));
#872=EDGE_LOOP('',(#4093,#4094,#4095,#4096));
#873=EDGE_LOOP('',(#4097,#4098,#4099,#4100));
#874=EDGE_LOOP('',(#4101,#4102,#4103,#4104,#4105,#4106,#4107,#4108));
#875=EDGE_LOOP('',(#4109,#4110,#4111,#4112,#4113,#4114,#4115,#4116));
#876=EDGE_LOOP('',(#4117,#4118,#4119,#4120,#4121,#4122,#4123,#4124));
#877=EDGE_LOOP('',(#4125,#4126,#4127,#4128,#4129,#4130,#4131,#4132));
#878=EDGE_LOOP('',(#4133,#4134,#4135,#4136));
#879=EDGE_LOOP('',(#4137,#4138,#4139,#4140));
#880=EDGE_LOOP('',(#4141));
#881=EDGE_LOOP('',(#4142));
#882=EDGE_LOOP('',(#4143,#4144,#4145,#4146));
#883=EDGE_LOOP('',(#4147,#4148,#4149,#4150));
#884=EDGE_LOOP('',(#4151));
#885=EDGE_LOOP('',(#4152));
#886=EDGE_LOOP('',(#4153,#4154,#4155,#4156));
#887=EDGE_LOOP('',(#4157,#4158,#4159,#4160));
#888=EDGE_LOOP('',(#4161));
#889=EDGE_LOOP('',(#4162));
#890=EDGE_LOOP('',(#4163,#4164,#4165,#4166));
#891=EDGE_LOOP('',(#4167,#4168,#4169,#4170));
#892=EDGE_LOOP('',(#4171));
#893=EDGE_LOOP('',(#4172));
#894=EDGE_LOOP('',(#4173,#4174,#4175,#4176));
#895=EDGE_LOOP('',(#4177,#4178,#4179,#4180));
#896=EDGE_LOOP('',(#4181,#4182,#4183,#4184));
#897=EDGE_LOOP('',(#4185,#4186,#4187,#4188));
#898=EDGE_LOOP('',(#4189,#4190,#4191,#4192));
#899=EDGE_LOOP('',(#4193,#4194,#4195,#4196));
#900=EDGE_LOOP('',(#4197,#4198,#4199,#4200));
#901=EDGE_LOOP('',(#4201,#4202,#4203,#4204));
#902=EDGE_LOOP('',(#4205,#4206,#4207));
#903=EDGE_LOOP('',(#4208,#4209,#4210));
#904=EDGE_LOOP('',(#4211,#4212,#4213,#4214,#4215,#4216,#4217,#4218,#4219,
#4220,#4221,#4222));
#905=EDGE_LOOP('',(#4223,#4224,#4225,#4226,#4227));
#906=EDGE_LOOP('',(#4228,#4229,#4230,#4231,#4232));
#907=EDGE_LOOP('',(#4233,#4234,#4235,#4236));
#908=EDGE_LOOP('',(#4237,#4238,#4239,#4240,#4241));
#909=EDGE_LOOP('',(#4242,#4243,#4244,#4245));
#910=EDGE_LOOP('',(#4246,#4247,#4248,#4249,#4250,#4251,#4252,#4253));
#911=EDGE_LOOP('',(#4254,#4255,#4256,#4257));
#912=EDGE_LOOP('',(#4258,#4259,#4260,#4261));
#913=EDGE_LOOP('',(#4262,#4263,#4264,#4265));
#914=EDGE_LOOP('',(#4266,#4267,#4268,#4269));
#915=EDGE_LOOP('',(#4270,#4271,#4272,#4273));
#916=EDGE_LOOP('',(#4274,#4275,#4276,#4277,#4278,#4279,#4280,#4281));
#917=EDGE_LOOP('',(#4282));
#918=EDGE_LOOP('',(#4283,#4284,#4285,#4286));
#919=EDGE_LOOP('',(#4287,#4288,#4289,#4290,#4291,#4292));
#920=EDGE_LOOP('',(#4293,#4294,#4295,#4296));
#921=EDGE_LOOP('',(#4297,#4298,#4299,#4300));
#922=EDGE_LOOP('',(#4301,#4302,#4303,#4304));
#923=EDGE_LOOP('',(#4305,#4306,#4307,#4308,#4309,#4310));
#924=EDGE_LOOP('',(#4311,#4312,#4313,#4314));
#925=EDGE_LOOP('',(#4315,#4316,#4317,#4318,#4319,#4320,#4321,#4322));
#926=EDGE_LOOP('',(#4323,#4324));
#927=EDGE_LOOP('',(#4325,#4326,#4327,#4328,#4329,#4330,#4331,#4332));
#928=EDGE_LOOP('',(#4333,#4334));
#929=EDGE_LOOP('',(#4335,#4336));
#930=EDGE_LOOP('',(#4337,#4338));
#931=EDGE_LOOP('',(#4339,#4340,#4341,#4342));
#932=EDGE_LOOP('',(#4343,#4344,#4345,#4346));
#933=EDGE_LOOP('',(#4347,#4348,#4349,#4350));
#934=EDGE_LOOP('',(#4351,#4352,#4353,#4354));
#935=EDGE_LOOP('',(#4355,#4356,#4357,#4358));
#936=EDGE_LOOP('',(#4359,#4360,#4361,#4362));
#937=EDGE_LOOP('',(#4363,#4364,#4365,#4366));
#938=EDGE_LOOP('',(#4367,#4368,#4369,#4370));
#939=EDGE_LOOP('',(#4371,#4372,#4373,#4374));
#940=EDGE_LOOP('',(#4375,#4376,#4377,#4378));
#941=EDGE_LOOP('',(#4379,#4380,#4381,#4382));
#942=EDGE_LOOP('',(#4383,#4384,#4385,#4386));
#943=EDGE_LOOP('',(#4387,#4388,#4389,#4390));
#944=EDGE_LOOP('',(#4391,#4392,#4393,#4394));
#945=EDGE_LOOP('',(#4395,#4396,#4397,#4398));
#946=EDGE_LOOP('',(#4399,#4400,#4401,#4402));
#947=EDGE_LOOP('',(#4403,#4404,#4405,#4406));
#948=EDGE_LOOP('',(#4407,#4408,#4409,#4410));
#949=EDGE_LOOP('',(#4411,#4412,#4413,#4414));
#950=EDGE_LOOP('',(#4415,#4416,#4417,#4418));
#951=EDGE_LOOP('',(#4419,#4420,#4421,#4422));
#952=EDGE_LOOP('',(#4423,#4424,#4425,#4426));
#953=EDGE_LOOP('',(#4427,#4428,#4429,#4430));
#954=EDGE_LOOP('',(#4431,#4432,#4433,#4434));
#955=EDGE_LOOP('',(#4435,#4436,#4437,#4438,#4439,#4440));
#956=EDGE_LOOP('',(#4441,#4442,#4443,#4444,#4445));
#957=EDGE_LOOP('',(#4446,#4447,#4448,#4449,#4450));
#958=EDGE_LOOP('',(#4451));
#959=EDGE_LOOP('',(#4452));
#960=EDGE_LOOP('',(#4453,#4454,#4455,#4456,#4457,#4458));
#961=EDGE_LOOP('',(#4459,#4460,#4461,#4462,#4463));
#962=EDGE_LOOP('',(#4464,#4465,#4466,#4467,#4468));
#963=EDGE_LOOP('',(#4469));
#964=EDGE_LOOP('',(#4470));
#965=EDGE_LOOP('',(#4471,#4472,#4473,#4474,#4475,#4476,#4477,#4478,#4479,
#4480,#4481,#4482,#4483,#4484,#4485,#4486,#4487,#4488,#4489,#4490,#4491,
#4492));
#966=EDGE_LOOP('',(#4493,#4494,#4495,#4496,#4497,#4498,#4499,#4500,#4501));
#967=EDGE_LOOP('',(#4502,#4503,#4504,#4505,#4506,#4507,#4508,#4509,#4510,
#4511,#4512,#4513,#4514,#4515,#4516,#4517,#4518,#4519,#4520,#4521,#4522));
#968=EDGE_LOOP('',(#4523,#4524,#4525,#4526,#4527,#4528,#4529,#4530,#4531,
#4532,#4533,#4534,#4535,#4536,#4537,#4538,#4539,#4540,#4541,#4542,#4543,
#4544,#4545));
#969=EDGE_LOOP('',(#4546,#4547,#4548,#4549));
#970=EDGE_LOOP('',(#4550,#4551,#4552,#4553,#4554,#4555,#4556,#4557,#4558,
#4559,#4560,#4561));
#971=EDGE_LOOP('',(#4562,#4563,#4564,#4565));
#972=EDGE_LOOP('',(#4566,#4567,#4568,#4569));
#973=EDGE_LOOP('',(#4570,#4571,#4572,#4573));
#974=EDGE_LOOP('',(#4574,#4575,#4576,#4577,#4578,#4579,#4580));
#975=EDGE_LOOP('',(#4581,#4582,#4583,#4584));
#976=EDGE_LOOP('',(#4585));
#977=EDGE_LOOP('',(#4586,#4587,#4588,#4589));
#978=EDGE_LOOP('',(#4590));
#979=EDGE_LOOP('',(#4591,#4592,#4593,#4594));
#980=EDGE_LOOP('',(#4595,#4596,#4597,#4598,#4599,#4600,#4601,#4602,#4603,
#4604,#4605,#4606,#4607,#4608,#4609,#4610,#4611,#4612,#4613,#4614,#4615,
#4616,#4617,#4618,#4619,#4620,#4621,#4622,#4623,#4624,#4625));
#981=EDGE_LOOP('',(#4626,#4627,#4628,#4629,#4630,#4631,#4632,#4633,#4634,
#4635,#4636,#4637,#4638,#4639,#4640,#4641,#4642,#4643,#4644,#4645,#4646,
#4647,#4648,#4649,#4650,#4651,#4652,#4653,#4654,#4655,#4656,#4657,#4658,
#4659,#4660,#4661,#4662,#4663,#4664,#4665,#4666,#4667,#4668,#4669,#4670,
#4671,#4672));
#982=EDGE_LOOP('',(#4673,#4674,#4675,#4676));
#983=EDGE_LOOP('',(#4677));
#984=EDGE_LOOP('',(#4678));
#985=EDGE_LOOP('',(#4679,#4680));
#986=EDGE_LOOP('',(#4681,#4682,#4683));
#987=EDGE_LOOP('',(#4684,#4685,#4686));
#988=EDGE_LOOP('',(#4687));
#989=EDGE_LOOP('',(#4688,#4689,#4690));
#990=EDGE_LOOP('',(#4691,#4692));
#991=EDGE_LOOP('',(#4693));
#992=EDGE_LOOP('',(#4694));
#993=EDGE_LOOP('',(#4695,#4696,#4697,#4698,#4699));
#994=EDGE_LOOP('',(#4700,#4701,#4702,#4703,#4704));
#995=EDGE_LOOP('',(#4705,#4706,#4707,#4708));
#996=EDGE_LOOP('',(#4709,#4710,#4711,#4712,#4713,#4714));
#997=EDGE_LOOP('',(#4715));
#998=EDGE_LOOP('',(#4716,#4717,#4718,#4719,#4720,#4721,#4722,#4723,#4724,
#4725,#4726,#4727,#4728,#4729,#4730,#4731));
#999=EDGE_LOOP('',(#4732));
#1000=EDGE_LOOP('',(#4733));
#1001=EDGE_LOOP('',(#4734));
#1002=EDGE_LOOP('',(#4735,#4736,#4737,#4738));
#1003=EDGE_LOOP('',(#4739,#4740,#4741,#4742));
#1004=EDGE_LOOP('',(#4743,#4744,#4745,#4746));
#1005=EDGE_LOOP('',(#4747,#4748,#4749,#4750));
#1006=EDGE_LOOP('',(#4751,#4752,#4753,#4754));
#1007=EDGE_LOOP('',(#4755,#4756,#4757,#4758));
#1008=EDGE_LOOP('',(#4759,#4760,#4761,#4762));
#1009=EDGE_LOOP('',(#4763,#4764,#4765,#4766));
#1010=EDGE_LOOP('',(#4767,#4768,#4769,#4770));
#1011=EDGE_LOOP('',(#4771,#4772,#4773,#4774));
#1012=EDGE_LOOP('',(#4775,#4776,#4777,#4778));
#1013=EDGE_LOOP('',(#4779,#4780,#4781,#4782));
#1014=EDGE_LOOP('',(#4783,#4784,#4785,#4786,#4787,#4788,#4789,#4790,#4791,
#4792,#4793,#4794,#4795,#4796,#4797,#4798));
#1015=EDGE_LOOP('',(#4799,#4800,#4801,#4802));
#1016=EDGE_LOOP('',(#4803,#4804,#4805,#4806));
#1017=EDGE_LOOP('',(#4807,#4808,#4809,#4810));
#1018=EDGE_LOOP('',(#4811,#4812,#4813,#4814));
#1019=LINE('',#7174,#1435);
#1020=LINE('',#7180,#1436);
#1021=LINE('',#7186,#1437);
#1022=LINE('',#7192,#1438);
#1023=LINE('',#7198,#1439);
#1024=LINE('',#7204,#1440);
#1025=LINE('',#7210,#1441);
#1026=LINE('',#7215,#1442);
#1027=LINE('',#7217,#1443);
#1028=LINE('',#7219,#1444);
#1029=LINE('',#7221,#1445);
#1030=LINE('',#7223,#1446);
#1031=LINE('',#7225,#1447);
#1032=LINE('',#7229,#1448);
#1033=LINE('',#7233,#1449);
#1034=LINE('',#7237,#1450);
#1035=LINE('',#7241,#1451);
#1036=LINE('',#7242,#1452);
#1037=LINE('',#7246,#1453);
#1038=LINE('',#7248,#1454);
#1039=LINE('',#7250,#1455);
#1040=LINE('',#7252,#1456);
#1041=LINE('',#7254,#1457);
#1042=LINE('',#7256,#1458);
#1043=LINE('',#7258,#1459);
#1044=LINE('',#7260,#1460);
#1045=LINE('',#7262,#1461);
#1046=LINE('',#7263,#1462);
#1047=LINE('',#7266,#1463);
#1048=LINE('',#7268,#1464);
#1049=LINE('',#7269,#1465);
#1050=LINE('',#7272,#1466);
#1051=LINE('',#7274,#1467);
#1052=LINE('',#7276,#1468);
#1053=LINE('',#7277,#1469);
#1054=LINE('',#7279,#1470);
#1055=LINE('',#7280,#1471);
#1056=LINE('',#7284,#1472);
#1057=LINE('',#7286,#1473);
#1058=LINE('',#7288,#1474);
#1059=LINE('',#7290,#1475);
#1060=LINE('',#7291,#1476);
#1061=LINE('',#7293,#1477);
#1062=LINE('',#7294,#1478);
#1063=LINE('',#7298,#1479);
#1064=LINE('',#7300,#1480);
#1065=LINE('',#7302,#1481);
#1066=LINE('',#7304,#1482);
#1067=LINE('',#7305,#1483);
#1068=LINE('',#7307,#1484);
#1069=LINE('',#7308,#1485);
#1070=LINE('',#7316,#1486);
#1071=LINE('',#7319,#1487);
#1072=LINE('',#7320,#1488);
#1073=LINE('',#7321,#1489);
#1074=LINE('',#7325,#1490);
#1075=LINE('',#7328,#1491);
#1076=LINE('',#7330,#1492);
#1077=LINE('',#7334,#1493);
#1078=LINE('',#7337,#1494);
#1079=LINE('',#7338,#1495);
#1080=LINE('',#7340,#1496);
#1081=LINE('',#7344,#1497);
#1082=LINE('',#7346,#1498);
#1083=LINE('',#7347,#1499);
#1084=LINE('',#7351,#1500);
#1085=LINE('',#7352,#1501);
#1086=LINE('',#7353,#1502);
#1087=LINE('',#7356,#1503);
#1088=LINE('',#7358,#1504);
#1089=LINE('',#7359,#1505);
#1090=LINE('',#7372,#1506);
#1091=LINE('',#7376,#1507);
#1092=LINE('',#7377,#1508);
#1093=LINE('',#7380,#1509);
#1094=LINE('',#7381,#1510);
#1095=LINE('',#7383,#1511);
#1096=LINE('',#7385,#1512);
#1097=LINE('',#7387,#1513);
#1098=LINE('',#7389,#1514);
#1099=LINE('',#7391,#1515);
#1100=LINE('',#7392,#1516);
#1101=LINE('',#7398,#1517);
#1102=LINE('',#7399,#1518);
#1103=LINE('',#7403,#1519);
#1104=LINE('',#7404,#1520);
#1105=LINE('',#7405,#1521);
#1106=LINE('',#7408,#1522);
#1107=LINE('',#7409,#1523);
#1108=LINE('',#7415,#1524);
#1109=LINE('',#7416,#1525);
#1110=LINE('',#7420,#1526);
#1111=LINE('',#7421,#1527);
#1112=LINE('',#7422,#1528);
#1113=LINE('',#7425,#1529);
#1114=LINE('',#7426,#1530);
#1115=LINE('',#7435,#1531);
#1116=LINE('',#7437,#1532);
#1117=LINE('',#7438,#1533);
#1118=LINE('',#7440,#1534);
#1119=LINE('',#7442,#1535);
#1120=LINE('',#7445,#1536);
#1121=LINE('',#7453,#1537);
#1122=LINE('',#7459,#1538);
#1123=LINE('',#7465,#1539);
#1124=LINE('',#7471,#1540);
#1125=LINE('',#7477,#1541);
#1126=LINE('',#7483,#1542);
#1127=LINE('',#7489,#1543);
#1128=LINE('',#7495,#1544);
#1129=LINE('',#7500,#1545);
#1130=LINE('',#7502,#1546);
#1131=LINE('',#7504,#1547);
#1132=LINE('',#7506,#1548);
#1133=LINE('',#7510,#1549);
#1134=LINE('',#7514,#1550);
#1135=LINE('',#7518,#1551);
#1136=LINE('',#7522,#1552);
#1137=LINE('',#7524,#1553);
#1138=LINE('',#7526,#1554);
#1139=LINE('',#7527,#1555);
#1140=LINE('',#7530,#1556);
#1141=LINE('',#7532,#1557);
#1142=LINE('',#7534,#1558);
#1143=LINE('',#7535,#1559);
#1144=LINE('',#7538,#1560);
#1145=LINE('',#7540,#1561);
#1146=LINE('',#7541,#1562);
#1147=LINE('',#7547,#1563);
#1148=LINE('',#7551,#1564);
#1149=LINE('',#7555,#1565);
#1150=LINE('',#7557,#1566);
#1151=LINE('',#7559,#1567);
#1152=LINE('',#7561,#1568);
#1153=LINE('',#7563,#1569);
#1154=LINE('',#7565,#1570);
#1155=LINE('',#7566,#1571);
#1156=LINE('',#7570,#1572);
#1157=LINE('',#7572,#1573);
#1158=LINE('',#7574,#1574);
#1159=LINE('',#7576,#1575);
#1160=LINE('',#7578,#1576);
#1161=LINE('',#7579,#1577);
#1162=LINE('',#7581,#1578);
#1163=LINE('',#7582,#1579);
#1164=LINE('',#7583,#1580);
#1165=LINE('',#7584,#1581);
#1166=LINE('',#7590,#1582);
#1167=LINE('',#7592,#1583);
#1168=LINE('',#7594,#1584);
#1169=LINE('',#7596,#1585);
#1170=LINE('',#7598,#1586);
#1171=LINE('',#7602,#1587);
#1172=LINE('',#7604,#1588);
#1173=LINE('',#7606,#1589);
#1174=LINE('',#7609,#1590);
#1175=LINE('',#7611,#1591);
#1176=LINE('',#7615,#1592);
#1177=LINE('',#7617,#1593);
#1178=LINE('',#7619,#1594);
#1179=LINE('',#7623,#1595);
#1180=LINE('',#7625,#1596);
#1181=LINE('',#7626,#1597);
#1182=LINE('',#7629,#1598);
#1183=LINE('',#7630,#1599);
#1184=LINE('',#7632,#1600);
#1185=LINE('',#7634,#1601);
#1186=LINE('',#7635,#1602);
#1187=LINE('',#7636,#1603);
#1188=LINE('',#7639,#1604);
#1189=LINE('',#7641,#1605);
#1190=LINE('',#7642,#1606);
#1191=LINE('',#7644,#1607);
#1192=LINE('',#7646,#1608);
#1193=LINE('',#7647,#1609);
#1194=LINE('',#7649,#1610);
#1195=LINE('',#7650,#1611);
#1196=LINE('',#7651,#1612);
#1197=LINE('',#7654,#1613);
#1198=LINE('',#7656,#1614);
#1199=LINE('',#7657,#1615);
#1200=LINE('',#7661,#1616);
#1201=LINE('',#7662,#1617);
#1202=LINE('',#7663,#1618);
#1203=LINE('',#7667,#1619);
#1204=LINE('',#7668,#1620);
#1205=LINE('',#7669,#1621);
#1206=LINE('',#7682,#1622);
#1207=LINE('',#7686,#1623);
#1208=LINE('',#7687,#1624);
#1209=LINE('',#7690,#1625);
#1210=LINE('',#7692,#1626);
#1211=LINE('',#7694,#1627);
#1212=LINE('',#7696,#1628);
#1213=LINE('',#7697,#1629);
#1214=LINE('',#7698,#1630);
#1215=LINE('',#7700,#1631);
#1216=LINE('',#7707,#1632);
#1217=LINE('',#7710,#1633);
#1218=LINE('',#7712,#1634);
#1219=LINE('',#7714,#1635);
#1220=LINE('',#7718,#1636);
#1221=LINE('',#7721,#1637);
#1222=LINE('',#7723,#1638);
#1223=LINE('',#7725,#1639);
#1224=LINE('',#7729,#1640);
#1225=LINE('',#7732,#1641);
#1226=LINE('',#7734,#1642);
#1227=LINE('',#7736,#1643);
#1228=LINE('',#7740,#1644);
#1229=LINE('',#7743,#1645);
#1230=LINE('',#7745,#1646);
#1231=LINE('',#7747,#1647);
#1232=LINE('',#7751,#1648);
#1233=LINE('',#7754,#1649);
#1234=LINE('',#7756,#1650);
#1235=LINE('',#7758,#1651);
#1236=LINE('',#7761,#1652);
#1237=LINE('',#7763,#1653);
#1238=LINE('',#7764,#1654);
#1239=LINE('',#7766,#1655);
#1240=LINE('',#7773,#1656);
#1241=LINE('',#7817,#1657);
#1242=LINE('',#7855,#1658);
#1243=LINE('',#7893,#1659);
#1244=LINE('',#7931,#1660);
#1245=LINE('',#7969,#1661);
#1246=LINE('',#8007,#1662);
#1247=LINE('',#8019,#1663);
#1248=LINE('',#8032,#1664);
#1249=LINE('',#8059,#1665);
#1250=LINE('',#8135,#1666);
#1251=LINE('',#8213,#1667);
#1252=LINE('',#8289,#1668);
#1253=LINE('',#8365,#1669);
#1254=LINE('',#8442,#1670);
#1255=LINE('',#8481,#1671);
#1256=LINE('',#8512,#1672);
#1257=LINE('',#8815,#1673);
#1258=LINE('',#9107,#1674);
#1259=LINE('',#9166,#1675);
#1260=LINE('',#9173,#1676);
#1261=LINE('',#9178,#1677);
#1262=LINE('',#9182,#1678);
#1263=LINE('',#9260,#1679);
#1264=LINE('',#9261,#1680);
#1265=LINE('',#10106,#1681);
#1266=LINE('',#10112,#1682);
#1267=LINE('',#10118,#1683);
#1268=LINE('',#10124,#1684);
#1269=LINE('',#10129,#1685);
#1270=LINE('',#10137,#1686);
#1271=LINE('',#10145,#1687);
#1272=LINE('',#10149,#1688);
#1273=LINE('',#10153,#1689);
#1274=LINE('',#10157,#1690);
#1275=LINE('',#10166,#1691);
#1276=LINE('',#10174,#1692);
#1277=LINE('',#10178,#1693);
#1278=LINE('',#10182,#1694);
#1279=LINE('',#10186,#1695);
#1280=LINE('',#10190,#1696);
#1281=LINE('',#10193,#1697);
#1282=LINE('',#10194,#1698);
#1283=LINE('',#10196,#1699);
#1284=LINE('',#10197,#1700);
#1285=LINE('',#10199,#1701);
#1286=LINE('',#10200,#1702);
#1287=LINE('',#10202,#1703);
#1288=LINE('',#10203,#1704);
#1289=LINE('',#10205,#1705);
#1290=LINE('',#10206,#1706);
#1291=LINE('',#10208,#1707);
#1292=LINE('',#10209,#1708);
#1293=LINE('',#10211,#1709);
#1294=LINE('',#10212,#1710);
#1295=LINE('',#10214,#1711);
#1296=LINE('',#10215,#1712);
#1297=LINE('',#10228,#1713);
#1298=LINE('',#10235,#1714);
#1299=LINE('',#10244,#1715);
#1300=LINE('',#10248,#1716);
#1301=LINE('',#10252,#1717);
#1302=LINE('',#10257,#1718);
#1303=LINE('',#10260,#1719);
#1304=LINE('',#10277,#1720);
#1305=LINE('',#10279,#1721);
#1306=LINE('',#10280,#1722);
#1307=LINE('',#10283,#1723);
#1308=LINE('',#10285,#1724);
#1309=LINE('',#10286,#1725);
#1310=LINE('',#10289,#1726);
#1311=LINE('',#10290,#1727);
#1312=LINE('',#10298,#1728);
#1313=LINE('',#10306,#1729);
#1314=LINE('',#10310,#1730);
#1315=LINE('',#10312,#1731);
#1316=LINE('',#10314,#1732);
#1317=LINE('',#10315,#1733);
#1318=LINE('',#10320,#1734);
#1319=LINE('',#10321,#1735);
#1320=LINE('',#10324,#1736);
#1321=LINE('',#10326,#1737);
#1322=LINE('',#10327,#1738);
#1323=LINE('',#10330,#1739);
#1324=LINE('',#10333,#1740);
#1325=LINE('',#10336,#1741);
#1326=LINE('',#10338,#1742);
#1327=LINE('',#10339,#1743);
#1328=LINE('',#10347,#1744);
#1329=LINE('',#10349,#1745);
#1330=LINE('',#10350,#1746);
#1331=LINE('',#10353,#1747);
#1332=LINE('',#10354,#1748);
#1333=LINE('',#10355,#1749);
#1334=LINE('',#10357,#1750);
#1335=LINE('',#10360,#1751);
#1336=LINE('',#10361,#1752);
#1337=LINE('',#10364,#1753);
#1338=LINE('',#10365,#1754);
#1339=LINE('',#10368,#1755);
#1340=LINE('',#10370,#1756);
#1341=LINE('',#10371,#1757);
#1342=LINE('',#10373,#1758);
#1343=LINE('',#10374,#1759);
#1344=LINE('',#10378,#1760);
#1345=LINE('',#10380,#1761);
#1346=LINE('',#10393,#1762);
#1347=LINE('',#10396,#1763);
#1348=LINE('',#10402,#1764);
#1349=LINE('',#10408,#1765);
#1350=LINE('',#10412,#1766);
#1351=LINE('',#10414,#1767);
#1352=LINE('',#10416,#1768);
#1353=LINE('',#10417,#1769);
#1354=LINE('',#10420,#1770);
#1355=LINE('',#10422,#1771);
#1356=LINE('',#10423,#1772);
#1357=LINE('',#10426,#1773);
#1358=LINE('',#10428,#1774);
#1359=LINE('',#10429,#1775);
#1360=LINE('',#10431,#1776);
#1361=LINE('',#10432,#1777);
#1362=LINE('',#10438,#1778);
#1363=LINE('',#10440,#1779);
#1364=LINE('',#10442,#1780);
#1365=LINE('',#10443,#1781);
#1366=LINE('',#10446,#1782);
#1367=LINE('',#10448,#1783);
#1368=LINE('',#10449,#1784);
#1369=LINE('',#10452,#1785);
#1370=LINE('',#10454,#1786);
#1371=LINE('',#10455,#1787);
#1372=LINE('',#10457,#1788);
#1373=LINE('',#10458,#1789);
#1374=LINE('',#10476,#1790);
#1375=LINE('',#10481,#1791);
#1376=LINE('',#10496,#1792);
#1377=LINE('',#10501,#1793);
#1378=LINE('',#10508,#1794);
#1379=LINE('',#10994,#1795);
#1380=LINE('',#11368,#1796);
#1381=LINE('',#11715,#1797);
#1382=LINE('',#12057,#1798);
#1383=LINE('',#12063,#1799);
#1384=LINE('',#12067,#1800);
#1385=LINE('',#12081,#1801);
#1386=LINE('',#12085,#1802);
#1387=LINE('',#12098,#1803);
#1388=LINE('',#12104,#1804);
#1389=LINE('',#12110,#1805);
#1390=LINE('',#12114,#1806);
#1391=LINE('',#12161,#1807);
#1392=LINE('',#12164,#1808);
#1393=LINE('',#13668,#1809);
#1394=LINE('',#13671,#1810);
#1395=LINE('',#13675,#1811);
#1396=LINE('',#13679,#1812);
#1397=LINE('',#13681,#1813);
#1398=LINE('',#13683,#1814);
#1399=LINE('',#13687,#1815);
#1400=LINE('',#13689,#1816);
#1401=LINE('',#13691,#1817);
#1402=LINE('',#13695,#1818);
#1403=LINE('',#13697,#1819);
#1404=LINE('',#13699,#1820);
#1405=LINE('',#13703,#1821);
#1406=LINE('',#13704,#1822);
#1407=LINE('',#13710,#1823);
#1408=LINE('',#13711,#1824);
#1409=LINE('',#13712,#1825);
#1410=LINE('',#13715,#1826);
#1411=LINE('',#13717,#1827);
#1412=LINE('',#13718,#1828);
#1413=LINE('',#13721,#1829);
#1414=LINE('',#13722,#1830);
#1415=LINE('',#13725,#1831);
#1416=LINE('',#13726,#1832);
#1417=LINE('',#13729,#1833);
#1418=LINE('',#13731,#1834);
#1419=LINE('',#13732,#1835);
#1420=LINE('',#13735,#1836);
#1421=LINE('',#13736,#1837);
#1422=LINE('',#13739,#1838);
#1423=LINE('',#13740,#1839);
#1424=LINE('',#13743,#1840);
#1425=LINE('',#13745,#1841);
#1426=LINE('',#13746,#1842);
#1427=LINE('',#13749,#1843);
#1428=LINE('',#13750,#1844);
#1429=LINE('',#13753,#1845);
#1430=LINE('',#13754,#1846);
#1431=LINE('',#13757,#1847);
#1432=LINE('',#13759,#1848);
#1433=LINE('',#13760,#1849);
#1434=LINE('',#13762,#1850);
#1435=VECTOR('',#5784,2.5);
#1436=VECTOR('',#5791,2.5);
#1437=VECTOR('',#5798,2.5);
#1438=VECTOR('',#5805,2.5);
#1439=VECTOR('',#5812,1.5);
#1440=VECTOR('',#5819,3.5);
#1441=VECTOR('',#5826,2.1);
#1442=VECTOR('',#5831,1000.);
#1443=VECTOR('',#5832,1000.);
#1444=VECTOR('',#5833,1000.);
#1445=VECTOR('',#5834,1000.);
#1446=VECTOR('',#5835,1000.);
#1447=VECTOR('',#5836,1000.);
#1448=VECTOR('',#5839,1000.);
#1449=VECTOR('',#5842,1000.);
#1450=VECTOR('',#5845,1000.);
#1451=VECTOR('',#5848,1000.);
#1452=VECTOR('',#5849,1000.);
#1453=VECTOR('',#5852,1000.);
#1454=VECTOR('',#5853,1000.);
#1455=VECTOR('',#5854,1000.);
#1456=VECTOR('',#5855,1000.);
#1457=VECTOR('',#5856,1000.);
#1458=VECTOR('',#5857,1000.);
#1459=VECTOR('',#5858,1000.);
#1460=VECTOR('',#5859,1000.);
#1461=VECTOR('',#5860,1000.);
#1462=VECTOR('',#5861,1000.);
#1463=VECTOR('',#5864,1000.);
#1464=VECTOR('',#5865,1000.);
#1465=VECTOR('',#5866,1000.);
#1466=VECTOR('',#5869,1000.);
#1467=VECTOR('',#5870,1000.);
#1468=VECTOR('',#5871,1000.);
#1469=VECTOR('',#5872,1000.);
#1470=VECTOR('',#5875,1000.);
#1471=VECTOR('',#5876,1000.);
#1472=VECTOR('',#5879,1000.);
#1473=VECTOR('',#5880,1000.);
#1474=VECTOR('',#5881,1000.);
#1475=VECTOR('',#5882,1000.);
#1476=VECTOR('',#5883,1000.);
#1477=VECTOR('',#5884,1000.);
#1478=VECTOR('',#5885,1000.);
#1479=VECTOR('',#5888,1000.);
#1480=VECTOR('',#5889,1000.);
#1481=VECTOR('',#5890,1000.);
#1482=VECTOR('',#5891,1000.);
#1483=VECTOR('',#5892,1000.);
#1484=VECTOR('',#5893,1000.);
#1485=VECTOR('',#5894,1000.);
#1486=VECTOR('',#5903,1000.);
#1487=VECTOR('',#5906,1000.);
#1488=VECTOR('',#5907,1000.);
#1489=VECTOR('',#5908,1000.);
#1490=VECTOR('',#5911,1000.);
#1491=VECTOR('',#5914,1000.);
#1492=VECTOR('',#5915,1000.);
#1493=VECTOR('',#5918,1000.);
#1494=VECTOR('',#5921,1000.);
#1495=VECTOR('',#5922,1000.);
#1496=VECTOR('',#5923,1000.);
#1497=VECTOR('',#5928,1000.);
#1498=VECTOR('',#5929,1000.);
#1499=VECTOR('',#5930,1000.);
#1500=VECTOR('',#5933,1000.);
#1501=VECTOR('',#5934,1000.);
#1502=VECTOR('',#5935,1000.);
#1503=VECTOR('',#5938,1000.);
#1504=VECTOR('',#5939,1000.);
#1505=VECTOR('',#5940,1000.);
#1506=VECTOR('',#5961,1000.);
#1507=VECTOR('',#5966,1000.);
#1508=VECTOR('',#5967,1000.);
#1509=VECTOR('',#5970,1000.);
#1510=VECTOR('',#5971,1000.);
#1511=VECTOR('',#5972,1000.);
#1512=VECTOR('',#5973,1000.);
#1513=VECTOR('',#5974,1000.);
#1514=VECTOR('',#5975,1000.);
#1515=VECTOR('',#5976,1000.);
#1516=VECTOR('',#5977,1000.);
#1517=VECTOR('',#5986,1000.);
#1518=VECTOR('',#5987,1000.);
#1519=VECTOR('',#5990,1000.);
#1520=VECTOR('',#5991,1000.);
#1521=VECTOR('',#5992,1000.);
#1522=VECTOR('',#5995,1000.);
#1523=VECTOR('',#5996,1000.);
#1524=VECTOR('',#6005,1000.);
#1525=VECTOR('',#6006,1000.);
#1526=VECTOR('',#6009,1000.);
#1527=VECTOR('',#6010,1000.);
#1528=VECTOR('',#6011,1000.);
#1529=VECTOR('',#6014,1000.);
#1530=VECTOR('',#6015,1000.);
#1531=VECTOR('',#6032,1000.);
#1532=VECTOR('',#6035,1000.);
#1533=VECTOR('',#6036,1000.);
#1534=VECTOR('',#6039,1000.);
#1535=VECTOR('',#6042,1000.);
#1536=VECTOR('',#6047,1000.);
#1537=VECTOR('',#6058,0.5);
#1538=VECTOR('',#6065,1.5);
#1539=VECTOR('',#6072,3.4);
#1540=VECTOR('',#6079,2.1);
#1541=VECTOR('',#6086,0.5);
#1542=VECTOR('',#6093,0.499999999999999);
#1543=VECTOR('',#6100,0.5);
#1544=VECTOR('',#6107,0.5);
#1545=VECTOR('',#6112,1000.);
#1546=VECTOR('',#6113,1000.);
#1547=VECTOR('',#6114,1000.);
#1548=VECTOR('',#6115,1000.);
#1549=VECTOR('',#6118,1000.);
#1550=VECTOR('',#6121,1000.);
#1551=VECTOR('',#6124,1000.);
#1552=VECTOR('',#6127,1000.);
#1553=VECTOR('',#6128,1000.);
#1554=VECTOR('',#6129,1000.);
#1555=VECTOR('',#6130,1000.);
#1556=VECTOR('',#6133,1000.);
#1557=VECTOR('',#6134,1000.);
#1558=VECTOR('',#6135,1000.);
#1559=VECTOR('',#6136,1000.);
#1560=VECTOR('',#6139,1000.);
#1561=VECTOR('',#6140,1000.);
#1562=VECTOR('',#6141,1000.);
#1563=VECTOR('',#6146,1000.);
#1564=VECTOR('',#6149,1000.);
#1565=VECTOR('',#6154,1000.);
#1566=VECTOR('',#6155,1000.);
#1567=VECTOR('',#6156,1000.);
#1568=VECTOR('',#6157,1000.);
#1569=VECTOR('',#6158,1000.);
#1570=VECTOR('',#6159,1000.);
#1571=VECTOR('',#6160,1000.);
#1572=VECTOR('',#6163,1000.);
#1573=VECTOR('',#6164,1000.);
#1574=VECTOR('',#6165,1000.);
#1575=VECTOR('',#6166,1000.);
#1576=VECTOR('',#6167,1000.);
#1577=VECTOR('',#6168,1000.);
#1578=VECTOR('',#6169,1000.);
#1579=VECTOR('',#6170,1000.);
#1580=VECTOR('',#6171,1000.);
#1581=VECTOR('',#6172,1000.);
#1582=VECTOR('',#6177,1000.);
#1583=VECTOR('',#6178,1000.);
#1584=VECTOR('',#6179,1000.);
#1585=VECTOR('',#6180,1000.);
#1586=VECTOR('',#6181,1000.);
#1587=VECTOR('',#6184,1000.);
#1588=VECTOR('',#6185,1000.);
#1589=VECTOR('',#6186,1000.);
#1590=VECTOR('',#6189,1000.);
#1591=VECTOR('',#6190,1000.);
#1592=VECTOR('',#6193,1000.);
#1593=VECTOR('',#6194,1000.);
#1594=VECTOR('',#6195,1000.);
#1595=VECTOR('',#6198,1000.);
#1596=VECTOR('',#6199,1000.);
#1597=VECTOR('',#6200,1000.);
#1598=VECTOR('',#6203,1000.);
#1599=VECTOR('',#6204,1000.);
#1600=VECTOR('',#6205,1000.);
#1601=VECTOR('',#6206,1000.);
#1602=VECTOR('',#6207,1000.);
#1603=VECTOR('',#6208,1000.);
#1604=VECTOR('',#6211,1000.);
#1605=VECTOR('',#6212,1000.);
#1606=VECTOR('',#6213,1000.);
#1607=VECTOR('',#6214,1000.);
#1608=VECTOR('',#6215,1000.);
#1609=VECTOR('',#6216,1000.);
#1610=VECTOR('',#6217,1000.);
#1611=VECTOR('',#6218,1000.);
#1612=VECTOR('',#6219,1000.);
#1613=VECTOR('',#6222,1000.);
#1614=VECTOR('',#6223,1000.);
#1615=VECTOR('',#6224,1000.);
#1616=VECTOR('',#6227,1000.);
#1617=VECTOR('',#6228,1000.);
#1618=VECTOR('',#6229,1000.);
#1619=VECTOR('',#6232,1000.);
#1620=VECTOR('',#6233,1000.);
#1621=VECTOR('',#6234,1000.);
#1622=VECTOR('',#6255,1000.);
#1623=VECTOR('',#6260,1000.);
#1624=VECTOR('',#6261,1000.);
#1625=VECTOR('',#6264,1000.);
#1626=VECTOR('',#6265,1000.);
#1627=VECTOR('',#6266,1000.);
#1628=VECTOR('',#6267,1000.);
#1629=VECTOR('',#6268,1000.);
#1630=VECTOR('',#6269,1000.);
#1631=VECTOR('',#6272,1000.);
#1632=VECTOR('',#6283,1000.);
#1633=VECTOR('',#6286,1000.);
#1634=VECTOR('',#6289,1000.);
#1635=VECTOR('',#6292,1000.);
#1636=VECTOR('',#6297,1000.);
#1637=VECTOR('',#6300,1000.);
#1638=VECTOR('',#6303,1000.);
#1639=VECTOR('',#6306,1000.);
#1640=VECTOR('',#6311,1000.);
#1641=VECTOR('',#6314,1000.);
#1642=VECTOR('',#6317,1000.);
#1643=VECTOR('',#6320,1000.);
#1644=VECTOR('',#6325,1000.);
#1645=VECTOR('',#6328,1000.);
#1646=VECTOR('',#6331,1000.);
#1647=VECTOR('',#6334,1000.);
#1648=VECTOR('',#6339,1000.);
#1649=VECTOR('',#6342,1000.);
#1650=VECTOR('',#6345,1000.);
#1651=VECTOR('',#6348,1000.);
#1652=VECTOR('',#6353,1000.);
#1653=VECTOR('',#6356,1000.);
#1654=VECTOR('',#6357,1000.);
#1655=VECTOR('',#6360,1000.);
#1656=VECTOR('',#6369,3.45873412499999);
#1657=VECTOR('',#6372,3.45873412499999);
#1658=VECTOR('',#6375,3.45873412499999);
#1659=VECTOR('',#6378,3.45873412499999);
#1660=VECTOR('',#6381,3.45873412499999);
#1661=VECTOR('',#6384,3.45873412499999);
#1662=VECTOR('',#6387,3.45873412499999);
#1663=VECTOR('',#6388,1000.);
#1664=VECTOR('',#6391,4.);
#1665=VECTOR('',#6396,4.);
#1666=VECTOR('',#6399,4.);
#1667=VECTOR('',#6402,4.);
#1668=VECTOR('',#6405,4.);
#1669=VECTOR('',#6408,4.);
#1670=VECTOR('',#6413,4.);
#1671=VECTOR('',#6414,4.);
#1672=VECTOR('',#6415,1000.);
#1673=VECTOR('',#6416,10.);
#1674=VECTOR('',#6419,10.);
#1675=VECTOR('',#6448,4.);
#1676=VECTOR('',#6457,3.35);
#1677=VECTOR('',#6462,4.5);
#1678=VECTOR('',#6467,3.35);
#1679=VECTOR('',#6478,1000.);
#1680=VECTOR('',#6479,1000.);
#1681=VECTOR('',#6488,1.525);
#1682=VECTOR('',#6495,1.52500000000001);
#1683=VECTOR('',#6502,1.525);
#1684=VECTOR('',#6509,1.52500000000001);
#1685=VECTOR('',#6514,1000.);
#1686=VECTOR('',#6521,1000.);
#1687=VECTOR('',#6528,1000.);
#1688=VECTOR('',#6531,1000.);
#1689=VECTOR('',#6534,1000.);
#1690=VECTOR('',#6537,1000.);
#1691=VECTOR('',#6546,1000.);
#1692=VECTOR('',#6553,1000.);
#1693=VECTOR('',#6556,1000.);
#1694=VECTOR('',#6559,1000.);
#1695=VECTOR('',#6562,1000.);
#1696=VECTOR('',#6565,1000.);
#1697=VECTOR('',#6570,1000.);
#1698=VECTOR('',#6571,1000.);
#1699=VECTOR('',#6574,1000.);
#1700=VECTOR('',#6575,1000.);
#1701=VECTOR('',#6578,1000.);
#1702=VECTOR('',#6579,1000.);
#1703=VECTOR('',#6582,1000.);
#1704=VECTOR('',#6583,1000.);
#1705=VECTOR('',#6586,1000.);
#1706=VECTOR('',#6587,1000.);
#1707=VECTOR('',#6590,1000.);
#1708=VECTOR('',#6591,1000.);
#1709=VECTOR('',#6594,1000.);
#1710=VECTOR('',#6595,1000.);
#1711=VECTOR('',#6598,1000.);
#1712=VECTOR('',#6599,1000.);
#1713=VECTOR('',#6620,1.5);
#1714=VECTOR('',#6627,1.5);
#1715=VECTOR('',#6636,1000.);
#1716=VECTOR('',#6639,1000.);
#1717=VECTOR('',#6642,4.55);
#1718=VECTOR('',#6647,1000.);
#1719=VECTOR('',#6650,1000.);
#1720=VECTOR('',#6673,1000.);
#1721=VECTOR('',#6674,1000.);
#1722=VECTOR('',#6675,1000.);
#1723=VECTOR('',#6678,1000.);
#1724=VECTOR('',#6679,1000.);
#1725=VECTOR('',#6680,1000.);
#1726=VECTOR('',#6683,1000.);
#1727=VECTOR('',#6684,1000.);
#1728=VECTOR('',#6691,1000.);
#1729=VECTOR('',#6698,1000.);
#1730=VECTOR('',#6701,1000.);
#1731=VECTOR('',#6702,1000.);
#1732=VECTOR('',#6703,1000.);
#1733=VECTOR('',#6704,1000.);
#1734=VECTOR('',#6709,1000.);
#1735=VECTOR('',#6710,1000.);
#1736=VECTOR('',#6713,1000.);
#1737=VECTOR('',#6714,1000.);
#1738=VECTOR('',#6715,1000.);
#1739=VECTOR('',#6718,1000.);
#1740=VECTOR('',#6721,1000.);
#1741=VECTOR('',#6724,1000.);
#1742=VECTOR('',#6725,1000.);
#1743=VECTOR('',#6726,1000.);
#1744=VECTOR('',#6739,1000.);
#1745=VECTOR('',#6740,1000.);
#1746=VECTOR('',#6741,1000.);
#1747=VECTOR('',#6744,1000.);
#1748=VECTOR('',#6745,1000.);
#1749=VECTOR('',#6746,1000.);
#1750=VECTOR('',#6749,1000.);
#1751=VECTOR('',#6752,1000.);
#1752=VECTOR('',#6753,1000.);
#1753=VECTOR('',#6756,1000.);
#1754=VECTOR('',#6757,1000.);
#1755=VECTOR('',#6760,1000.);
#1756=VECTOR('',#6761,1000.);
#1757=VECTOR('',#6762,1000.);
#1758=VECTOR('',#6765,1000.);
#1759=VECTOR('',#6766,1000.);
#1760=VECTOR('',#6773,1000.);
#1761=VECTOR('',#6776,1000.);
#1762=VECTOR('',#6795,1000.);
#1763=VECTOR('',#6798,1000.);
#1764=VECTOR('',#6805,1000.);
#1765=VECTOR('',#6812,1000.);
#1766=VECTOR('',#6815,1000.);
#1767=VECTOR('',#6816,1000.);
#1768=VECTOR('',#6817,1000.);
#1769=VECTOR('',#6818,1000.);
#1770=VECTOR('',#6821,1000.);
#1771=VECTOR('',#6822,1000.);
#1772=VECTOR('',#6823,1000.);
#1773=VECTOR('',#6826,1000.);
#1774=VECTOR('',#6827,1000.);
#1775=VECTOR('',#6828,1000.);
#1776=VECTOR('',#6831,1000.);
#1777=VECTOR('',#6832,1000.);
#1778=VECTOR('',#6839,1000.);
#1779=VECTOR('',#6840,1000.);
#1780=VECTOR('',#6841,1000.);
#1781=VECTOR('',#6842,1000.);
#1782=VECTOR('',#6845,1000.);
#1783=VECTOR('',#6846,1000.);
#1784=VECTOR('',#6847,1000.);
#1785=VECTOR('',#6850,1000.);
#1786=VECTOR('',#6851,1000.);
#1787=VECTOR('',#6852,1000.);
#1788=VECTOR('',#6855,1000.);
#1789=VECTOR('',#6856,1000.);
#1790=VECTOR('',#6881,0.65);
#1791=VECTOR('',#6888,0.65);
#1792=VECTOR('',#6907,0.65);
#1793=VECTOR('',#6914,0.65);
#1794=VECTOR('',#6923,3.95);
#1795=VECTOR('',#6930,3.95);
#1796=VECTOR('',#6935,3.95);
#1797=VECTOR('',#6942,3.95);
#1798=VECTOR('',#6947,0.602864621179363);
#1799=VECTOR('',#6954,4.5);
#1800=VECTOR('',#6957,1000.);
#1801=VECTOR('',#6958,1000.);
#1802=VECTOR('',#6961,1000.);
#1803=VECTOR('',#6962,1000.);
#1804=VECTOR('',#6969,2.1);
#1805=VECTOR('',#6976,3.25);
#1806=VECTOR('',#6981,2.6);
#1807=VECTOR('',#6992,1000.);
#1808=VECTOR('',#6997,1000.);
#1809=VECTOR('',#7040,0.7);
#1810=VECTOR('',#7045,1.25);
#1811=VECTOR('',#7048,1000.);
#1812=VECTOR('',#7051,1000.);
#1813=VECTOR('',#7052,1000.);
#1814=VECTOR('',#7053,1000.);
#1815=VECTOR('',#7056,1000.);
#1816=VECTOR('',#7057,1000.);
#1817=VECTOR('',#7058,1000.);
#1818=VECTOR('',#7061,1000.);
#1819=VECTOR('',#7062,1000.);
#1820=VECTOR('',#7063,1000.);
#1821=VECTOR('',#7066,1000.);
#1822=VECTOR('',#7067,1000.);
#1823=VECTOR('',#7074,1000.);
#1824=VECTOR('',#7075,1000.);
#1825=VECTOR('',#7076,1000.);
#1826=VECTOR('',#7079,1000.);
#1827=VECTOR('',#7080,1000.);
#1828=VECTOR('',#7081,1000.);
#1829=VECTOR('',#7084,1000.);
#1830=VECTOR('',#7085,1000.);
#1831=VECTOR('',#7088,1000.);
#1832=VECTOR('',#7089,1000.);
#1833=VECTOR('',#7092,1000.);
#1834=VECTOR('',#7093,1000.);
#1835=VECTOR('',#7094,1000.);
#1836=VECTOR('',#7097,1000.);
#1837=VECTOR('',#7098,1000.);
#1838=VECTOR('',#7101,1000.);
#1839=VECTOR('',#7102,1000.);
#1840=VECTOR('',#7105,1000.);
#1841=VECTOR('',#7106,1000.);
#1842=VECTOR('',#7107,1000.);
#1843=VECTOR('',#7110,1000.);
#1844=VECTOR('',#7111,1000.);
#1845=VECTOR('',#7114,1000.);
#1846=VECTOR('',#7115,1000.);
#1847=VECTOR('',#7118,1000.);
#1848=VECTOR('',#7119,1000.);
#1849=VECTOR('',#7120,1000.);
#1850=VECTOR('',#7123,1000.);
#1851=CIRCLE('',#5291,2.5);
#1852=CIRCLE('',#5292,2.5);
#1853=CIRCLE('',#5294,2.5);
#1854=CIRCLE('',#5295,2.5);
#1855=CIRCLE('',#5297,2.5);
#1856=CIRCLE('',#5298,2.5);
#1857=CIRCLE('',#5300,2.5);
#1858=CIRCLE('',#5301,2.5);
#1859=CIRCLE('',#5303,1.5);
#1860=CIRCLE('',#5304,1.5);
#1861=CIRCLE('',#5306,3.5);
#1862=CIRCLE('',#5307,3.5);
#1863=CIRCLE('',#5309,2.1);
#1864=CIRCLE('',#5310,2.1);
#1865=CIRCLE('',#5312,0.6);
#1866=CIRCLE('',#5313,3.);
#1867=CIRCLE('',#5314,3.);
#1868=CIRCLE('',#5315,0.6);
#1869=CIRCLE('',#5324,8.05);
#1870=CIRCLE('',#5325,8.05);
#1871=CIRCLE('',#5328,5.);
#1872=CIRCLE('',#5329,5.);
#1873=CIRCLE('',#5330,5.);
#1874=CIRCLE('',#5331,5.);
#1875=CIRCLE('',#5336,3.);
#1876=CIRCLE('',#5337,0.6);
#1877=CIRCLE('',#5338,0.6);
#1878=CIRCLE('',#5339,3.);
#1879=CIRCLE('',#5344,8.05);
#1880=CIRCLE('',#5345,8.05);
#1881=CIRCLE('',#5355,5.);
#1882=CIRCLE('',#5356,5.);
#1883=CIRCLE('',#5361,5.);
#1884=CIRCLE('',#5362,5.);
#1885=CIRCLE('',#5377,0.5);
#1886=CIRCLE('',#5378,0.5);
#1887=CIRCLE('',#5380,1.5);
#1888=CIRCLE('',#5381,1.5);
#1889=CIRCLE('',#5383,3.4);
#1890=CIRCLE('',#5384,3.4);
#1891=CIRCLE('',#5386,2.1);
#1892=CIRCLE('',#5387,2.1);
#1893=CIRCLE('',#5389,0.5);
#1894=CIRCLE('',#5390,0.5);
#1895=CIRCLE('',#5392,0.5);
#1896=CIRCLE('',#5393,0.499999999999999);
#1897=CIRCLE('',#5395,0.5);
#1898=CIRCLE('',#5396,0.5);
#1899=CIRCLE('',#5398,0.5);
#1900=CIRCLE('',#5399,0.5);
#1901=CIRCLE('',#5401,0.6);
#1902=CIRCLE('',#5402,3.);
#1903=CIRCLE('',#5403,3.);
#1904=CIRCLE('',#5404,0.6);
#1905=CIRCLE('',#5409,8.05);
#1906=CIRCLE('',#5410,8.05);
#1907=CIRCLE('',#5414,1.5);
#1908=CIRCLE('',#5415,1.49999999999999);
#1909=CIRCLE('',#5416,1.5);
#1910=CIRCLE('',#5417,1.5);
#1911=CIRCLE('',#5418,1.5);
#1912=CIRCLE('',#5425,3.);
#1913=CIRCLE('',#5426,3.);
#1914=CIRCLE('',#5427,0.6);
#1915=CIRCLE('',#5428,0.6);
#1916=CIRCLE('',#5433,8.05);
#1917=CIRCLE('',#5434,8.05);
#1918=CIRCLE('',#5443,1.5);
#1919=CIRCLE('',#5448,1.5);
#1920=CIRCLE('',#5453,1.49999999999999);
#1921=CIRCLE('',#5458,1.5);
#1922=CIRCLE('',#5463,1.5);
#1923=CIRCLE('',#5481,4.);
#1924=CIRCLE('',#5488,4.);
#1925=CIRCLE('',#5489,3.99998539136188);
#1926=CIRCLE('',#5490,4.00009428494311);
#1927=CIRCLE('',#5491,4.00199591059196);
#1928=CIRCLE('',#5492,4.00003421402531);
#1929=CIRCLE('',#5494,4.00166268710556);
#1930=CIRCLE('',#5497,4.0020300624803);
#1931=CIRCLE('',#5498,4.);
#1932=CIRCLE('',#5500,4.);
#1933=CIRCLE('',#5501,4.);
#1934=CIRCLE('',#5503,4.);
#1935=CIRCLE('',#5504,4.20000000000002);
#1936=CIRCLE('',#5506,3.35);
#1937=CIRCLE('',#5507,3.35);
#1938=CIRCLE('',#5509,4.5);
#1939=CIRCLE('',#5510,4.5);
#1940=CIRCLE('',#5512,3.35);
#1941=CIRCLE('',#5520,1.525);
#1942=CIRCLE('',#5521,1.525);
#1943=CIRCLE('',#5523,1.52500000000001);
#1944=CIRCLE('',#5524,1.52500000000001);
#1945=CIRCLE('',#5526,1.525);
#1946=CIRCLE('',#5527,1.525);
#1947=CIRCLE('',#5529,1.52500000000001);
#1948=CIRCLE('',#5530,1.52500000000001);
#1949=CIRCLE('',#5532,1.);
#1950=CIRCLE('',#5533,8.);
#1951=CIRCLE('',#5534,1.);
#1952=CIRCLE('',#5535,1.);
#1953=CIRCLE('',#5536,8.);
#1954=CIRCLE('',#5537,1.);
#1955=CIRCLE('',#5538,0.1);
#1956=CIRCLE('',#5539,0.1);
#1957=CIRCLE('',#5540,0.1);
#1958=CIRCLE('',#5541,0.1);
#1959=CIRCLE('',#5543,8.);
#1960=CIRCLE('',#5544,1.);
#1961=CIRCLE('',#5545,1.);
#1962=CIRCLE('',#5546,8.);
#1963=CIRCLE('',#5547,1.);
#1964=CIRCLE('',#5548,1.);
#1965=CIRCLE('',#5549,0.1);
#1966=CIRCLE('',#5550,0.1);
#1967=CIRCLE('',#5551,0.1);
#1968=CIRCLE('',#5552,0.1);
#1969=CIRCLE('',#5572,1.5);
#1970=CIRCLE('',#5574,1.5);
#1971=CIRCLE('',#5577,4.55);
#1972=CIRCLE('',#5579,4.55);
#1973=CIRCLE('',#5580,4.55);
#1974=CIRCLE('',#5581,4.55);
#1975=CIRCLE('',#5585,1.5);
#1976=CIRCLE('',#5587,1.5);
#1977=CIRCLE('',#5589,1.5);
#1978=CIRCLE('',#5591,1.5);
#1979=CIRCLE('',#5597,8.);
#1980=CIRCLE('',#5598,1.);
#1981=CIRCLE('',#5599,1.);
#1982=CIRCLE('',#5600,8.);
#1983=CIRCLE('',#5601,1.);
#1984=CIRCLE('',#5602,1.);
#1985=CIRCLE('',#5604,8.);
#1986=CIRCLE('',#5607,8.);
#1987=CIRCLE('',#5610,1.);
#1988=CIRCLE('',#5611,1.);
#1989=CIRCLE('',#5612,1.);
#1990=CIRCLE('',#5613,1.);
#1991=CIRCLE('',#5633,0.65);
#1992=CIRCLE('',#5634,0.65);
#1993=CIRCLE('',#5636,0.390625);
#1994=CIRCLE('',#5637,0.390625);
#1995=CIRCLE('',#5639,0.65);
#1996=CIRCLE('',#5640,0.65);
#1997=CIRCLE('',#5646,0.390625);
#1998=CIRCLE('',#5651,0.390625);
#1999=CIRCLE('',#5657,0.65);
#2000=CIRCLE('',#5658,14.35);
#2001=CIRCLE('',#5659,0.65);
#2002=CIRCLE('',#5660,0.65);
#2003=CIRCLE('',#5661,0.65);
#2004=CIRCLE('',#5663,0.65);
#2005=CIRCLE('',#5665,0.65);
#2006=CIRCLE('',#5669,0.65);
#2007=CIRCLE('',#5670,14.35);
#2008=CIRCLE('',#5671,0.65);
#2009=CIRCLE('',#5672,0.65);
#2010=CIRCLE('',#5673,0.65);
#2011=CIRCLE('',#5675,0.65);
#2012=CIRCLE('',#5677,0.65);
#2013=CIRCLE('',#5683,3.95);
#2014=CIRCLE('',#5687,3.95641767837127);
#2015=CIRCLE('',#5691,0.602864621179363);
#2016=CIRCLE('',#5692,2.6);
#2017=CIRCLE('',#5694,4.5);
#2018=CIRCLE('',#5695,4.5);
#2019=CIRCLE('',#5696,4.5);
#2020=CIRCLE('',#5697,4.5);
#2021=CIRCLE('',#5699,2.1);
#2022=CIRCLE('',#5700,2.1);
#2023=CIRCLE('',#5702,3.25);
#2024=CIRCLE('',#5703,3.25);
#2025=CIRCLE('',#5705,2.6);
#2026=CIRCLE('',#5707,3.95);
#2027=CIRCLE('',#5709,9.75454545454547);
#2028=CIRCLE('',#5711,9.75454545454547);
#2029=CIRCLE('',#5722,1.05);
#2030=CIRCLE('',#5723,0.2);
#2031=CIRCLE('',#5724,1.25);
#2032=CIRCLE('',#5725,1.25);
#2033=CIRCLE('',#5727,1.25);
#2034=CIRCLE('',#5728,1.25);
#2035=CIRCLE('',#5729,0.2);
#2036=CIRCLE('',#5730,1.05);
#2037=CIRCLE('',#5732,0.7);
#2038=CIRCLE('',#5733,0.7);
#2039=CIRCLE('',#5736,0.1);
#2040=CIRCLE('',#5737,0.1);
#2041=CIRCLE('',#5738,0.1);
#2042=CIRCLE('',#5739,0.1);
#2043=CIRCLE('',#5755,0.1);
#2044=CIRCLE('',#5756,0.1);
#2045=CIRCLE('',#5757,0.1);
#2046=CIRCLE('',#5758,0.1);
#2047=VERTEX_POINT('',#7171);
#2048=VERTEX_POINT('',#7173);
#2049=VERTEX_POINT('',#7177);
#2050=VERTEX_POINT('',#7179);
#2051=VERTEX_POINT('',#7183);
#2052=VERTEX_POINT('',#7185);
#2053=VERTEX_POINT('',#7189);
#2054=VERTEX_POINT('',#7191);
#2055=VERTEX_POINT('',#7195);
#2056=VERTEX_POINT('',#7197);
#2057=VERTEX_POINT('',#7201);
#2058=VERTEX_POINT('',#7203);
#2059=VERTEX_POINT('',#7207);
#2060=VERTEX_POINT('',#7209);
#2061=VERTEX_POINT('',#7213);
#2062=VERTEX_POINT('',#7214);
#2063=VERTEX_POINT('',#7216);
#2064=VERTEX_POINT('',#7218);
#2065=VERTEX_POINT('',#7220);
#2066=VERTEX_POINT('',#7222);
#2067=VERTEX_POINT('',#7224);
#2068=VERTEX_POINT('',#7226);
#2069=VERTEX_POINT('',#7228);
#2070=VERTEX_POINT('',#7230);
#2071=VERTEX_POINT('',#7232);
#2072=VERTEX_POINT('',#7234);
#2073=VERTEX_POINT('',#7236);
#2074=VERTEX_POINT('',#7238);
#2075=VERTEX_POINT('',#7240);
#2076=VERTEX_POINT('',#7244);
#2077=VERTEX_POINT('',#7245);
#2078=VERTEX_POINT('',#7247);
#2079=VERTEX_POINT('',#7249);
#2080=VERTEX_POINT('',#7251);
#2081=VERTEX_POINT('',#7253);
#2082=VERTEX_POINT('',#7255);
#2083=VERTEX_POINT('',#7257);
#2084=VERTEX_POINT('',#7259);
#2085=VERTEX_POINT('',#7261);
#2086=VERTEX_POINT('',#7265);
#2087=VERTEX_POINT('',#7267);
#2088=VERTEX_POINT('',#7271);
#2089=VERTEX_POINT('',#7273);
#2090=VERTEX_POINT('',#7275);
#2091=VERTEX_POINT('',#7282);
#2092=VERTEX_POINT('',#7283);
#2093=VERTEX_POINT('',#7285);
#2094=VERTEX_POINT('',#7287);
#2095=VERTEX_POINT('',#7289);
#2096=VERTEX_POINT('',#7292);
#2097=VERTEX_POINT('',#7296);
#2098=VERTEX_POINT('',#7297);
#2099=VERTEX_POINT('',#7299);
#2100=VERTEX_POINT('',#7301);
#2101=VERTEX_POINT('',#7303);
#2102=VERTEX_POINT('',#7306);
#2103=VERTEX_POINT('',#7310);
#2104=VERTEX_POINT('',#7311);
#2105=VERTEX_POINT('',#7314);
#2106=VERTEX_POINT('',#7318);
#2107=VERTEX_POINT('',#7323);
#2108=VERTEX_POINT('',#7324);
#2109=VERTEX_POINT('',#7326);
#2110=VERTEX_POINT('',#7329);
#2111=VERTEX_POINT('',#7331);
#2112=VERTEX_POINT('',#7333);
#2113=VERTEX_POINT('',#7335);
#2114=VERTEX_POINT('',#7339);
#2115=VERTEX_POINT('',#7343);
#2116=VERTEX_POINT('',#7345);
#2117=VERTEX_POINT('',#7349);
#2118=VERTEX_POINT('',#7350);
#2119=VERTEX_POINT('',#7355);
#2120=VERTEX_POINT('',#7357);
#2121=VERTEX_POINT('',#7369);
#2122=VERTEX_POINT('',#7371);
#2123=VERTEX_POINT('',#7375);
#2124=VERTEX_POINT('',#7379);
#2125=VERTEX_POINT('',#7382);
#2126=VERTEX_POINT('',#7384);
#2127=VERTEX_POINT('',#7386);
#2128=VERTEX_POINT('',#7388);
#2129=VERTEX_POINT('',#7390);
#2130=VERTEX_POINT('',#7397);
#2131=VERTEX_POINT('',#7401);
#2132=VERTEX_POINT('',#7402);
#2133=VERTEX_POINT('',#7407);
#2134=VERTEX_POINT('',#7414);
#2135=VERTEX_POINT('',#7418);
#2136=VERTEX_POINT('',#7419);
#2137=VERTEX_POINT('',#7424);
#2138=VERTEX_POINT('',#7450);
#2139=VERTEX_POINT('',#7452);
#2140=VERTEX_POINT('',#7456);
#2141=VERTEX_POINT('',#7458);
#2142=VERTEX_POINT('',#7462);
#2143=VERTEX_POINT('',#7464);
#2144=VERTEX_POINT('',#7468);
#2145=VERTEX_POINT('',#7470);
#2146=VERTEX_POINT('',#7474);
#2147=VERTEX_POINT('',#7476);
#2148=VERTEX_POINT('',#7480);
#2149=VERTEX_POINT('',#7482);
#2150=VERTEX_POINT('',#7486);
#2151=VERTEX_POINT('',#7488);
#2152=VERTEX_POINT('',#7492);
#2153=VERTEX_POINT('',#7494);
#2154=VERTEX_POINT('',#7498);
#2155=VERTEX_POINT('',#7499);
#2156=VERTEX_POINT('',#7501);
#2157=VERTEX_POINT('',#7503);
#2158=VERTEX_POINT('',#7505);
#2159=VERTEX_POINT('',#7507);
#2160=VERTEX_POINT('',#7509);
#2161=VERTEX_POINT('',#7511);
#2162=VERTEX_POINT('',#7513);
#2163=VERTEX_POINT('',#7515);
#2164=VERTEX_POINT('',#7517);
#2165=VERTEX_POINT('',#7519);
#2166=VERTEX_POINT('',#7521);
#2167=VERTEX_POINT('',#7523);
#2168=VERTEX_POINT('',#7525);
#2169=VERTEX_POINT('',#7529);
#2170=VERTEX_POINT('',#7531);
#2171=VERTEX_POINT('',#7533);
#2172=VERTEX_POINT('',#7537);
#2173=VERTEX_POINT('',#7539);
#2174=VERTEX_POINT('',#7543);
#2175=VERTEX_POINT('',#7544);
#2176=VERTEX_POINT('',#7546);
#2177=VERTEX_POINT('',#7548);
#2178=VERTEX_POINT('',#7550);
#2179=VERTEX_POINT('',#7554);
#2180=VERTEX_POINT('',#7556);
#2181=VERTEX_POINT('',#7558);
#2182=VERTEX_POINT('',#7560);
#2183=VERTEX_POINT('',#7562);
#2184=VERTEX_POINT('',#7564);
#2185=VERTEX_POINT('',#7568);
#2186=VERTEX_POINT('',#7569);
#2187=VERTEX_POINT('',#7571);
#2188=VERTEX_POINT('',#7573);
#2189=VERTEX_POINT('',#7575);
#2190=VERTEX_POINT('',#7577);
#2191=VERTEX_POINT('',#7580);
#2192=VERTEX_POINT('',#7586);
#2193=VERTEX_POINT('',#7587);
#2194=VERTEX_POINT('',#7589);
#2195=VERTEX_POINT('',#7591);
#2196=VERTEX_POINT('',#7593);
#2197=VERTEX_POINT('',#7595);
#2198=VERTEX_POINT('',#7597);
#2199=VERTEX_POINT('',#7599);
#2200=VERTEX_POINT('',#7601);
#2201=VERTEX_POINT('',#7603);
#2202=VERTEX_POINT('',#7605);
#2203=VERTEX_POINT('',#7607);
#2204=VERTEX_POINT('',#7610);
#2205=VERTEX_POINT('',#7612);
#2206=VERTEX_POINT('',#7614);
#2207=VERTEX_POINT('',#7616);
#2208=VERTEX_POINT('',#7618);
#2209=VERTEX_POINT('',#7620);
#2210=VERTEX_POINT('',#7622);
#2211=VERTEX_POINT('',#7624);
#2212=VERTEX_POINT('',#7628);
#2213=VERTEX_POINT('',#7631);
#2214=VERTEX_POINT('',#7633);
#2215=VERTEX_POINT('',#7638);
#2216=VERTEX_POINT('',#7640);
#2217=VERTEX_POINT('',#7643);
#2218=VERTEX_POINT('',#7645);
#2219=VERTEX_POINT('',#7648);
#2220=VERTEX_POINT('',#7653);
#2221=VERTEX_POINT('',#7655);
#2222=VERTEX_POINT('',#7659);
#2223=VERTEX_POINT('',#7660);
#2224=VERTEX_POINT('',#7665);
#2225=VERTEX_POINT('',#7666);
#2226=VERTEX_POINT('',#7679);
#2227=VERTEX_POINT('',#7681);
#2228=VERTEX_POINT('',#7685);
#2229=VERTEX_POINT('',#7689);
#2230=VERTEX_POINT('',#7691);
#2231=VERTEX_POINT('',#7693);
#2232=VERTEX_POINT('',#7695);
#2233=VERTEX_POINT('',#7706);
#2234=VERTEX_POINT('',#7708);
#2235=VERTEX_POINT('',#7717);
#2236=VERTEX_POINT('',#7719);
#2237=VERTEX_POINT('',#7728);
#2238=VERTEX_POINT('',#7730);
#2239=VERTEX_POINT('',#7739);
#2240=VERTEX_POINT('',#7741);
#2241=VERTEX_POINT('',#7750);
#2242=VERTEX_POINT('',#7752);
#2243=VERTEX_POINT('',#7771);
#2244=VERTEX_POINT('',#7772);
#2245=VERTEX_POINT('',#7774);
#2246=VERTEX_POINT('',#7782);
#2247=VERTEX_POINT('',#7815);
#2248=VERTEX_POINT('',#7816);
#2249=VERTEX_POINT('',#7853);
#2250=VERTEX_POINT('',#7854);
#2251=VERTEX_POINT('',#7891);
#2252=VERTEX_POINT('',#7892);
#2253=VERTEX_POINT('',#7929);
#2254=VERTEX_POINT('',#7930);
#2255=VERTEX_POINT('',#7967);
#2256=VERTEX_POINT('',#7968);
#2257=VERTEX_POINT('',#8005);
#2258=VERTEX_POINT('',#8006);
#2259=VERTEX_POINT('',#8008);
#2260=VERTEX_POINT('',#8018);
#2261=VERTEX_POINT('',#8030);
#2262=VERTEX_POINT('',#8031);
#2263=VERTEX_POINT('',#8033);
#2264=VERTEX_POINT('',#8042);
#2265=VERTEX_POINT('',#8057);
#2266=VERTEX_POINT('',#8058);
#2267=VERTEX_POINT('',#8133);
#2268=VERTEX_POINT('',#8134);
#2269=VERTEX_POINT('',#8211);
#2270=VERTEX_POINT('',#8212);
#2271=VERTEX_POINT('',#8287);
#2272=VERTEX_POINT('',#8288);
#2273=VERTEX_POINT('',#8363);
#2274=VERTEX_POINT('',#8364);
#2275=VERTEX_POINT('',#8439);
#2276=VERTEX_POINT('',#8441);
#2277=VERTEX_POINT('',#8443);
#2278=VERTEX_POINT('',#8480);
#2279=VERTEX_POINT('',#8482);
#2280=VERTEX_POINT('',#8511);
#2281=VERTEX_POINT('',#8805);
#2282=VERTEX_POINT('',#8814);
#2283=VERTEX_POINT('',#9081);
#2284=VERTEX_POINT('',#9106);
#2285=VERTEX_POINT('',#9108);
#2286=VERTEX_POINT('',#9110);
#2287=VERTEX_POINT('',#9119);
#2288=VERTEX_POINT('',#9121);
#2289=VERTEX_POINT('',#9128);
#2290=VERTEX_POINT('',#9137);
#2291=VERTEX_POINT('',#9139);
#2292=VERTEX_POINT('',#9141);
#2293=VERTEX_POINT('',#9145);
#2294=VERTEX_POINT('',#9147);
#2295=VERTEX_POINT('',#9149);
#2296=VERTEX_POINT('',#9151);
#2297=VERTEX_POINT('',#9153);
#2298=VERTEX_POINT('',#9160);
#2299=VERTEX_POINT('',#9162);
#2300=VERTEX_POINT('',#9165);
#2301=VERTEX_POINT('',#9169);
#2302=VERTEX_POINT('',#9170);
#2303=VERTEX_POINT('',#9175);
#2304=VERTEX_POINT('',#9177);
#2305=VERTEX_POINT('',#9181);
#2306=VERTEX_POINT('',#10103);
#2307=VERTEX_POINT('',#10105);
#2308=VERTEX_POINT('',#10109);
#2309=VERTEX_POINT('',#10111);
#2310=VERTEX_POINT('',#10115);
#2311=VERTEX_POINT('',#10117);
#2312=VERTEX_POINT('',#10121);
#2313=VERTEX_POINT('',#10123);
#2314=VERTEX_POINT('',#10127);
#2315=VERTEX_POINT('',#10128);
#2316=VERTEX_POINT('',#10130);
#2317=VERTEX_POINT('',#10132);
#2318=VERTEX_POINT('',#10134);
#2319=VERTEX_POINT('',#10136);
#2320=VERTEX_POINT('',#10138);
#2321=VERTEX_POINT('',#10140);
#2322=VERTEX_POINT('',#10143);
#2323=VERTEX_POINT('',#10144);
#2324=VERTEX_POINT('',#10146);
#2325=VERTEX_POINT('',#10148);
#2326=VERTEX_POINT('',#10150);
#2327=VERTEX_POINT('',#10152);
#2328=VERTEX_POINT('',#10154);
#2329=VERTEX_POINT('',#10156);
#2330=VERTEX_POINT('',#10160);
#2331=VERTEX_POINT('',#10161);
#2332=VERTEX_POINT('',#10163);
#2333=VERTEX_POINT('',#10165);
#2334=VERTEX_POINT('',#10167);
#2335=VERTEX_POINT('',#10169);
#2336=VERTEX_POINT('',#10171);
#2337=VERTEX_POINT('',#10173);
#2338=VERTEX_POINT('',#10176);
#2339=VERTEX_POINT('',#10177);
#2340=VERTEX_POINT('',#10179);
#2341=VERTEX_POINT('',#10181);
#2342=VERTEX_POINT('',#10183);
#2343=VERTEX_POINT('',#10185);
#2344=VERTEX_POINT('',#10187);
#2345=VERTEX_POINT('',#10189);
#2346=VERTEX_POINT('',#10226);
#2347=VERTEX_POINT('',#10227);
#2348=VERTEX_POINT('',#10229);
#2349=VERTEX_POINT('',#10233);
#2350=VERTEX_POINT('',#10234);
#2351=VERTEX_POINT('',#10236);
#2352=VERTEX_POINT('',#10240);
#2353=VERTEX_POINT('',#10241);
#2354=VERTEX_POINT('',#10243);
#2355=VERTEX_POINT('',#10245);
#2356=VERTEX_POINT('',#10247);
#2357=VERTEX_POINT('',#10249);
#2358=VERTEX_POINT('',#10251);
#2359=VERTEX_POINT('',#10254);
#2360=VERTEX_POINT('',#10256);
#2361=VERTEX_POINT('',#10258);
#2362=VERTEX_POINT('',#10262);
#2363=VERTEX_POINT('',#10264);
#2364=VERTEX_POINT('',#10270);
#2365=VERTEX_POINT('',#10272);
#2366=VERTEX_POINT('',#10276);
#2367=VERTEX_POINT('',#10278);
#2368=VERTEX_POINT('',#10282);
#2369=VERTEX_POINT('',#10284);
#2370=VERTEX_POINT('',#10288);
#2371=VERTEX_POINT('',#10292);
#2372=VERTEX_POINT('',#10293);
#2373=VERTEX_POINT('',#10295);
#2374=VERTEX_POINT('',#10297);
#2375=VERTEX_POINT('',#10299);
#2376=VERTEX_POINT('',#10301);
#2377=VERTEX_POINT('',#10303);
#2378=VERTEX_POINT('',#10305);
#2379=VERTEX_POINT('',#10308);
#2380=VERTEX_POINT('',#10309);
#2381=VERTEX_POINT('',#10311);
#2382=VERTEX_POINT('',#10313);
#2383=VERTEX_POINT('',#10317);
#2384=VERTEX_POINT('',#10318);
#2385=VERTEX_POINT('',#10323);
#2386=VERTEX_POINT('',#10325);
#2387=VERTEX_POINT('',#10329);
#2388=VERTEX_POINT('',#10331);
#2389=VERTEX_POINT('',#10335);
#2390=VERTEX_POINT('',#10337);
#2391=VERTEX_POINT('',#10346);
#2392=VERTEX_POINT('',#10348);
#2393=VERTEX_POINT('',#10352);
#2394=VERTEX_POINT('',#10359);
#2395=VERTEX_POINT('',#10363);
#2396=VERTEX_POINT('',#10367);
#2397=VERTEX_POINT('',#10369);
#2398=VERTEX_POINT('',#10389);
#2399=VERTEX_POINT('',#10390);
#2400=VERTEX_POINT('',#10392);
#2401=VERTEX_POINT('',#10394);
#2402=VERTEX_POINT('',#10398);
#2403=VERTEX_POINT('',#10400);
#2404=VERTEX_POINT('',#10404);
#2405=VERTEX_POINT('',#10406);
#2406=VERTEX_POINT('',#10410);
#2407=VERTEX_POINT('',#10411);
#2408=VERTEX_POINT('',#10413);
#2409=VERTEX_POINT('',#10415);
#2410=VERTEX_POINT('',#10419);
#2411=VERTEX_POINT('',#10421);
#2412=VERTEX_POINT('',#10425);
#2413=VERTEX_POINT('',#10427);
#2414=VERTEX_POINT('',#10436);
#2415=VERTEX_POINT('',#10437);
#2416=VERTEX_POINT('',#10439);
#2417=VERTEX_POINT('',#10441);
#2418=VERTEX_POINT('',#10445);
#2419=VERTEX_POINT('',#10447);
#2420=VERTEX_POINT('',#10451);
#2421=VERTEX_POINT('',#10453);
#2422=VERTEX_POINT('',#10465);
#2423=VERTEX_POINT('',#10466);
#2424=VERTEX_POINT('',#10468);
#2425=VERTEX_POINT('',#10470);
#2426=VERTEX_POINT('',#10475);
#2427=VERTEX_POINT('',#10479);
#2428=VERTEX_POINT('',#10485);
#2429=VERTEX_POINT('',#10486);
#2430=VERTEX_POINT('',#10488);
#2431=VERTEX_POINT('',#10490);
#2432=VERTEX_POINT('',#10495);
#2433=VERTEX_POINT('',#10499);
#2434=VERTEX_POINT('',#10506);
#2435=VERTEX_POINT('',#10507);
#2436=VERTEX_POINT('',#10509);
#2437=VERTEX_POINT('',#10511);
#2438=VERTEX_POINT('',#10526);
#2439=VERTEX_POINT('',#10549);
#2440=VERTEX_POINT('',#10564);
#2441=VERTEX_POINT('',#10587);
#2442=VERTEX_POINT('',#10602);
#2443=VERTEX_POINT('',#10625);
#2444=VERTEX_POINT('',#10640);
#2445=VERTEX_POINT('',#10663);
#2446=VERTEX_POINT('',#10678);
#2447=VERTEX_POINT('',#10701);
#2448=VERTEX_POINT('',#10716);
#2449=VERTEX_POINT('',#10739);
#2450=VERTEX_POINT('',#10754);
#2451=VERTEX_POINT('',#10777);
#2452=VERTEX_POINT('',#10792);
#2453=VERTEX_POINT('',#10815);
#2454=VERTEX_POINT('',#10830);
#2455=VERTEX_POINT('',#10837);
#2456=VERTEX_POINT('',#10992);
#2457=VERTEX_POINT('',#10993);
#2458=VERTEX_POINT('',#10995);
#2459=VERTEX_POINT('',#11130);
#2460=VERTEX_POINT('',#11132);
#2461=VERTEX_POINT('',#11147);
#2462=VERTEX_POINT('',#11168);
#2463=VERTEX_POINT('',#11366);
#2464=VERTEX_POINT('',#11367);
#2465=VERTEX_POINT('',#11543);
#2466=VERTEX_POINT('',#11568);
#2467=VERTEX_POINT('',#11573);
#2468=VERTEX_POINT('',#11592);
#2469=VERTEX_POINT('',#11594);
#2470=VERTEX_POINT('',#11607);
#2471=VERTEX_POINT('',#11612);
#2472=VERTEX_POINT('',#11625);
#2473=VERTEX_POINT('',#11630);
#2474=VERTEX_POINT('',#11643);
#2475=VERTEX_POINT('',#11648);
#2476=VERTEX_POINT('',#11659);
#2477=VERTEX_POINT('',#11664);
#2478=VERTEX_POINT('',#11675);
#2479=VERTEX_POINT('',#11680);
#2480=VERTEX_POINT('',#11691);
#2481=VERTEX_POINT('',#11696);
#2482=VERTEX_POINT('',#11713);
#2483=VERTEX_POINT('',#11714);
#2484=VERTEX_POINT('',#11892);
#2485=VERTEX_POINT('',#11897);
#2486=VERTEX_POINT('',#11908);
#2487=VERTEX_POINT('',#11913);
#2488=VERTEX_POINT('',#11924);
#2489=VERTEX_POINT('',#11929);
#2490=VERTEX_POINT('',#11940);
#2491=VERTEX_POINT('',#11945);
#2492=VERTEX_POINT('',#11960);
#2493=VERTEX_POINT('',#11965);
#2494=VERTEX_POINT('',#11976);
#2495=VERTEX_POINT('',#11981);
#2496=VERTEX_POINT('',#11986);
#2497=VERTEX_POINT('',#11997);
#2498=VERTEX_POINT('',#12002);
#2499=VERTEX_POINT('',#12013);
#2500=VERTEX_POINT('',#12018);
#2501=VERTEX_POINT('',#12033);
#2502=VERTEX_POINT('',#12038);
#2503=VERTEX_POINT('',#12054);
#2504=VERTEX_POINT('',#12056);
#2505=VERTEX_POINT('',#12060);
#2506=VERTEX_POINT('',#12062);
#2507=VERTEX_POINT('',#12064);
#2508=VERTEX_POINT('',#12066);
#2509=VERTEX_POINT('',#12068);
#2510=VERTEX_POINT('',#12080);
#2511=VERTEX_POINT('',#12082);
#2512=VERTEX_POINT('',#12084);
#2513=VERTEX_POINT('',#12086);
#2514=VERTEX_POINT('',#12097);
#2515=VERTEX_POINT('',#12101);
#2516=VERTEX_POINT('',#12103);
#2517=VERTEX_POINT('',#12107);
#2518=VERTEX_POINT('',#12109);
#2519=VERTEX_POINT('',#12113);
#2520=VERTEX_POINT('',#12117);
#2521=VERTEX_POINT('',#12122);
#2522=VERTEX_POINT('',#12133);
#2523=VERTEX_POINT('',#12138);
#2524=VERTEX_POINT('',#12145);
#2525=VERTEX_POINT('',#12454);
#2526=VERTEX_POINT('',#12473);
#2527=VERTEX_POINT('',#12592);
#2528=VERTEX_POINT('',#13649);
#2529=VERTEX_POINT('',#13651);
#2530=VERTEX_POINT('',#13653);
#2531=VERTEX_POINT('',#13657);
#2532=VERTEX_POINT('',#13658);
#2533=VERTEX_POINT('',#13661);
#2534=VERTEX_POINT('',#13665);
#2535=VERTEX_POINT('',#13667);
#2536=VERTEX_POINT('',#13673);
#2537=VERTEX_POINT('',#13674);
#2538=VERTEX_POINT('',#13676);
#2539=VERTEX_POINT('',#13678);
#2540=VERTEX_POINT('',#13680);
#2541=VERTEX_POINT('',#13682);
#2542=VERTEX_POINT('',#13684);
#2543=VERTEX_POINT('',#13686);
#2544=VERTEX_POINT('',#13688);
#2545=VERTEX_POINT('',#13690);
#2546=VERTEX_POINT('',#13692);
#2547=VERTEX_POINT('',#13694);
#2548=VERTEX_POINT('',#13696);
#2549=VERTEX_POINT('',#13698);
#2550=VERTEX_POINT('',#13700);
#2551=VERTEX_POINT('',#13702);
#2552=VERTEX_POINT('',#13708);
#2553=VERTEX_POINT('',#13709);
#2554=VERTEX_POINT('',#13714);
#2555=VERTEX_POINT('',#13716);
#2556=VERTEX_POINT('',#13720);
#2557=VERTEX_POINT('',#13724);
#2558=VERTEX_POINT('',#13728);
#2559=VERTEX_POINT('',#13730);
#2560=VERTEX_POINT('',#13734);
#2561=VERTEX_POINT('',#13738);
#2562=VERTEX_POINT('',#13742);
#2563=VERTEX_POINT('',#13744);
#2564=VERTEX_POINT('',#13748);
#2565=VERTEX_POINT('',#13752);
#2566=VERTEX_POINT('',#13756);
#2567=VERTEX_POINT('',#13758);
#2568=EDGE_CURVE('',#2047,#2047,#1851,.T.);
#2569=EDGE_CURVE('',#2047,#2048,#1019,.T.);
#2570=EDGE_CURVE('',#2048,#2048,#1852,.T.);
#2571=EDGE_CURVE('',#2049,#2049,#1853,.T.);
#2572=EDGE_CURVE('',#2049,#2050,#1020,.T.);
#2573=EDGE_CURVE('',#2050,#2050,#1854,.T.);
#2574=EDGE_CURVE('',#2051,#2051,#1855,.T.);
#2575=EDGE_CURVE('',#2051,#2052,#1021,.T.);
#2576=EDGE_CURVE('',#2052,#2052,#1856,.T.);
#2577=EDGE_CURVE('',#2053,#2053,#1857,.T.);
#2578=EDGE_CURVE('',#2053,#2054,#1022,.T.);
#2579=EDGE_CURVE('',#2054,#2054,#1858,.T.);
#2580=EDGE_CURVE('',#2055,#2055,#1859,.T.);
#2581=EDGE_CURVE('',#2055,#2056,#1023,.T.);
#2582=EDGE_CURVE('',#2056,#2056,#1860,.T.);
#2583=EDGE_CURVE('',#2057,#2057,#1861,.T.);
#2584=EDGE_CURVE('',#2057,#2058,#1024,.T.);
#2585=EDGE_CURVE('',#2058,#2058,#1862,.T.);
#2586=EDGE_CURVE('',#2059,#2059,#1863,.T.);
#2587=EDGE_CURVE('',#2059,#2060,#1025,.T.);
#2588=EDGE_CURVE('',#2060,#2060,#1864,.T.);
#2589=EDGE_CURVE('',#2061,#2062,#1026,.T.);
#2590=EDGE_CURVE('',#2063,#2061,#1027,.T.);
#2591=EDGE_CURVE('',#2064,#2063,#1028,.T.);
#2592=EDGE_CURVE('',#2065,#2064,#1029,.T.);
#2593=EDGE_CURVE('',#2065,#2066,#1030,.T.);
#2594=EDGE_CURVE('',#2066,#2067,#1031,.T.);
#2595=EDGE_CURVE('',#2067,#2068,#1865,.T.);
#2596=EDGE_CURVE('',#2068,#2069,#1032,.T.);
#2597=EDGE_CURVE('',#2069,#2070,#1866,.T.);
#2598=EDGE_CURVE('',#2070,#2071,#1033,.T.);
#2599=EDGE_CURVE('',#2071,#2072,#1867,.T.);
#2600=EDGE_CURVE('',#2072,#2073,#1034,.T.);
#2601=EDGE_CURVE('',#2073,#2074,#1868,.T.);
#2602=EDGE_CURVE('',#2075,#2074,#1035,.T.);
#2603=EDGE_CURVE('',#2062,#2075,#1036,.T.);
#2604=EDGE_CURVE('',#2076,#2077,#1037,.T.);
#2605=EDGE_CURVE('',#2078,#2076,#1038,.T.);
#2606=EDGE_CURVE('',#2079,#2078,#1039,.T.);
#2607=EDGE_CURVE('',#2080,#2079,#1040,.T.);
#2608=EDGE_CURVE('',#2081,#2080,#1041,.T.);
#2609=EDGE_CURVE('',#2082,#2081,#1042,.T.);
#2610=EDGE_CURVE('',#2083,#2082,#1043,.T.);
#2611=EDGE_CURVE('',#2083,#2084,#1044,.T.);
#2612=EDGE_CURVE('',#2084,#2085,#1045,.T.);
#2613=EDGE_CURVE('',#2077,#2085,#1046,.T.);
#2614=EDGE_CURVE('',#2086,#2082,#1047,.T.);
#2615=EDGE_CURVE('',#2087,#2086,#1048,.T.);
#2616=EDGE_CURVE('',#2087,#2083,#1049,.T.);
#2617=EDGE_CURVE('',#2075,#2088,#1050,.T.);
#2618=EDGE_CURVE('',#2089,#2074,#1051,.T.);
#2619=EDGE_CURVE('',#2090,#2089,#1052,.T.);
#2620=EDGE_CURVE('',#2088,#2090,#1053,.T.);
#2621=EDGE_CURVE('',#2086,#2088,#1054,.T.);
#2622=EDGE_CURVE('',#2090,#2087,#1055,.T.);
#2623=EDGE_CURVE('',#2091,#2092,#1056,.T.);
#2624=EDGE_CURVE('',#2091,#2093,#1057,.T.);
#2625=EDGE_CURVE('',#2093,#2094,#1058,.T.);
#2626=EDGE_CURVE('',#2094,#2095,#1059,.T.);
#2627=EDGE_CURVE('',#2066,#2095,#1060,.T.);
#2628=EDGE_CURVE('',#2096,#2065,#1061,.T.);
#2629=EDGE_CURVE('',#2096,#2092,#1062,.T.);
#2630=EDGE_CURVE('',#2097,#2098,#1063,.T.);
#2631=EDGE_CURVE('',#2097,#2099,#1064,.T.);
#2632=EDGE_CURVE('',#2099,#2100,#1065,.T.);
#2633=EDGE_CURVE('',#2100,#2101,#1066,.T.);
#2634=EDGE_CURVE('',#2101,#2085,#1067,.T.);
#2635=EDGE_CURVE('',#2084,#2102,#1068,.T.);
#2636=EDGE_CURVE('',#2102,#2098,#1069,.T.);
#2637=EDGE_CURVE('',#2103,#2104,#236,.T.);
#2638=EDGE_CURVE('',#2076,#2103,#1869,.T.);
#2639=EDGE_CURVE('',#2105,#2077,#1870,.T.);
#2640=EDGE_CURVE('',#2104,#2105,#1070,.T.);
#2641=EDGE_CURVE('',#2089,#2106,#1071,.T.);
#2642=EDGE_CURVE('',#2106,#2067,#1072,.T.);
#2643=EDGE_CURVE('',#2095,#2102,#1073,.T.);
#2644=EDGE_CURVE('',#2107,#2108,#1074,.T.);
#2645=EDGE_CURVE('',#2108,#2109,#1871,.T.);
#2646=EDGE_CURVE('',#2109,#2098,#1075,.T.);
#2647=EDGE_CURVE('',#2094,#2110,#1076,.T.);
#2648=EDGE_CURVE('',#2110,#2111,#1872,.T.);
#2649=EDGE_CURVE('',#2111,#2112,#1077,.T.);
#2650=EDGE_CURVE('',#2112,#2113,#1873,.T.);
#2651=EDGE_CURVE('',#2113,#2092,#1078,.T.);
#2652=EDGE_CURVE('',#2101,#2096,#1079,.T.);
#2653=EDGE_CURVE('',#2100,#2114,#1080,.T.);
#2654=EDGE_CURVE('',#2114,#2107,#1874,.T.);
#2655=EDGE_CURVE('',#2068,#2115,#1081,.T.);
#2656=EDGE_CURVE('',#2115,#2116,#1082,.T.);
#2657=EDGE_CURVE('',#2116,#2069,#1083,.T.);
#2658=EDGE_CURVE('',#2117,#2118,#1084,.T.);
#2659=EDGE_CURVE('',#2118,#2073,#1085,.T.);
#2660=EDGE_CURVE('',#2072,#2117,#1086,.T.);
#2661=EDGE_CURVE('',#2070,#2119,#1087,.T.);
#2662=EDGE_CURVE('',#2119,#2120,#1088,.T.);
#2663=EDGE_CURVE('',#2120,#2071,#1089,.T.);
#2664=EDGE_CURVE('',#2119,#2116,#1875,.T.);
#2665=EDGE_CURVE('',#2115,#2106,#1876,.T.);
#2666=EDGE_CURVE('',#2089,#2118,#1877,.T.);
#2667=EDGE_CURVE('',#2117,#2120,#1878,.T.);
#2668=EDGE_CURVE('',#2121,#2063,#1879,.T.);
#2669=EDGE_CURVE('',#2121,#2122,#1090,.T.);
#2670=EDGE_CURVE('',#2064,#2122,#1880,.T.);
#2671=EDGE_CURVE('',#2123,#2104,#1091,.T.);
#2672=EDGE_CURVE('',#2103,#2123,#1092,.T.);
#2673=EDGE_CURVE('',#2124,#2123,#1093,.T.);
#2674=EDGE_CURVE('',#2122,#2105,#1094,.T.);
#2675=EDGE_CURVE('',#2121,#2125,#1095,.T.);
#2676=EDGE_CURVE('',#2125,#2126,#1096,.T.);
#2677=EDGE_CURVE('',#2126,#2127,#1097,.T.);
#2678=EDGE_CURVE('',#2127,#2128,#1098,.T.);
#2679=EDGE_CURVE('',#2128,#2129,#1099,.T.);
#2680=EDGE_CURVE('',#2129,#2124,#1100,.T.);
#2681=EDGE_CURVE('',#2109,#2130,#1101,.T.);
#2682=EDGE_CURVE('',#2130,#2097,#1102,.T.);
#2683=EDGE_CURVE('',#2131,#2132,#1103,.T.);
#2684=EDGE_CURVE('',#2132,#2108,#1104,.T.);
#2685=EDGE_CURVE('',#2107,#2131,#1105,.T.);
#2686=EDGE_CURVE('',#2099,#2133,#1106,.T.);
#2687=EDGE_CURVE('',#2133,#2114,#1107,.T.);
#2688=EDGE_CURVE('',#2130,#2132,#1881,.T.);
#2689=EDGE_CURVE('',#2131,#2133,#1882,.T.);
#2690=EDGE_CURVE('',#2113,#2134,#1108,.T.);
#2691=EDGE_CURVE('',#2134,#2091,#1109,.T.);
#2692=EDGE_CURVE('',#2135,#2136,#1110,.T.);
#2693=EDGE_CURVE('',#2136,#2112,#1111,.T.);
#2694=EDGE_CURVE('',#2111,#2135,#1112,.T.);
#2695=EDGE_CURVE('',#2093,#2137,#1113,.T.);
#2696=EDGE_CURVE('',#2137,#2110,#1114,.T.);
#2697=EDGE_CURVE('',#2134,#2136,#1883,.T.);
#2698=EDGE_CURVE('',#2135,#2137,#1884,.T.);
#2699=EDGE_CURVE('',#2061,#2125,#1115,.T.);
#2700=EDGE_CURVE('',#2081,#2127,#1116,.T.);
#2701=EDGE_CURVE('',#2062,#2126,#1117,.T.);
#2702=EDGE_CURVE('',#2078,#2124,#1118,.T.);
#2703=EDGE_CURVE('',#2079,#2129,#1119,.T.);
#2704=EDGE_CURVE('',#2080,#2128,#1120,.T.);
#2705=EDGE_CURVE('',#2138,#2138,#1885,.T.);
#2706=EDGE_CURVE('',#2138,#2139,#1121,.T.);
#2707=EDGE_CURVE('',#2139,#2139,#1886,.T.);
#2708=EDGE_CURVE('',#2140,#2140,#1887,.T.);
#2709=EDGE_CURVE('',#2140,#2141,#1122,.T.);
#2710=EDGE_CURVE('',#2141,#2141,#1888,.T.);
#2711=EDGE_CURVE('',#2142,#2142,#1889,.T.);
#2712=EDGE_CURVE('',#2142,#2143,#1123,.T.);
#2713=EDGE_CURVE('',#2143,#2143,#1890,.T.);
#2714=EDGE_CURVE('',#2144,#2144,#1891,.T.);
#2715=EDGE_CURVE('',#2144,#2145,#1124,.T.);
#2716=EDGE_CURVE('',#2145,#2145,#1892,.T.);
#2717=EDGE_CURVE('',#2146,#2146,#1893,.T.);
#2718=EDGE_CURVE('',#2146,#2147,#1125,.T.);
#2719=EDGE_CURVE('',#2147,#2147,#1894,.T.);
#2720=EDGE_CURVE('',#2148,#2148,#1895,.T.);
#2721=EDGE_CURVE('',#2148,#2149,#1126,.T.);
#2722=EDGE_CURVE('',#2149,#2149,#1896,.T.);
#2723=EDGE_CURVE('',#2150,#2150,#1897,.T.);
#2724=EDGE_CURVE('',#2150,#2151,#1127,.T.);
#2725=EDGE_CURVE('',#2151,#2151,#1898,.T.);
#2726=EDGE_CURVE('',#2152,#2152,#1899,.T.);
#2727=EDGE_CURVE('',#2152,#2153,#1128,.T.);
#2728=EDGE_CURVE('',#2153,#2153,#1900,.T.);
#2729=EDGE_CURVE('',#2154,#2155,#1129,.T.);
#2730=EDGE_CURVE('',#2156,#2154,#1130,.T.);
#2731=EDGE_CURVE('',#2157,#2156,#1131,.T.);
#2732=EDGE_CURVE('',#2158,#2157,#1132,.T.);
#2733=EDGE_CURVE('',#2158,#2159,#1901,.T.);
#2734=EDGE_CURVE('',#2159,#2160,#1133,.T.);
#2735=EDGE_CURVE('',#2160,#2161,#1902,.T.);
#2736=EDGE_CURVE('',#2161,#2162,#1134,.T.);
#2737=EDGE_CURVE('',#2162,#2163,#1903,.T.);
#2738=EDGE_CURVE('',#2163,#2164,#1135,.T.);
#2739=EDGE_CURVE('',#2164,#2165,#1904,.T.);
#2740=EDGE_CURVE('',#2165,#2166,#1136,.T.);
#2741=EDGE_CURVE('',#2166,#2167,#1137,.T.);
#2742=EDGE_CURVE('',#2168,#2167,#1138,.T.);
#2743=EDGE_CURVE('',#2155,#2168,#1139,.T.);
#2744=EDGE_CURVE('',#2157,#2169,#1140,.T.);
#2745=EDGE_CURVE('',#2170,#2169,#1141,.T.);
#2746=EDGE_CURVE('',#2170,#2171,#1142,.T.);
#2747=EDGE_CURVE('',#2171,#2158,#1143,.T.);
#2748=EDGE_CURVE('',#2172,#2169,#1144,.T.);
#2749=EDGE_CURVE('',#2172,#2173,#1145,.T.);
#2750=EDGE_CURVE('',#2173,#2170,#1146,.T.);
#2751=EDGE_CURVE('',#2174,#2175,#237,.T.);
#2752=EDGE_CURVE('',#2174,#2176,#1147,.T.);
#2753=EDGE_CURVE('',#2177,#2176,#1905,.T.);
#2754=EDGE_CURVE('',#2177,#2178,#1148,.T.);
#2755=EDGE_CURVE('',#2175,#2178,#1906,.T.);
#2756=EDGE_CURVE('',#2178,#2179,#1149,.T.);
#2757=EDGE_CURVE('',#2180,#2177,#1150,.T.);
#2758=EDGE_CURVE('',#2180,#2181,#1151,.T.);
#2759=EDGE_CURVE('',#2181,#2182,#1152,.T.);
#2760=EDGE_CURVE('',#2183,#2182,#1153,.T.);
#2761=EDGE_CURVE('',#2184,#2183,#1154,.T.);
#2762=EDGE_CURVE('',#2179,#2184,#1155,.T.);
#2763=EDGE_CURVE('',#2185,#2186,#1156,.T.);
#2764=EDGE_CURVE('',#2185,#2187,#1157,.T.);
#2765=EDGE_CURVE('',#2187,#2188,#1158,.T.);
#2766=EDGE_CURVE('',#2189,#2188,#1159,.T.);
#2767=EDGE_CURVE('',#2190,#2189,#1160,.T.);
#2768=EDGE_CURVE('',#2166,#2190,#1161,.T.);
#2769=EDGE_CURVE('',#2165,#2191,#1162,.T.);
#2770=EDGE_CURVE('',#2191,#2171,#1163,.T.);
#2771=EDGE_CURVE('',#2173,#2182,#1164,.T.);
#2772=EDGE_CURVE('',#2181,#2186,#1165,.T.);
#2773=EDGE_CURVE('',#2192,#2193,#1907,.T.);
#2774=EDGE_CURVE('',#2194,#2192,#1166,.T.);
#2775=EDGE_CURVE('',#2195,#2194,#1167,.T.);
#2776=EDGE_CURVE('',#2196,#2195,#1168,.T.);
#2777=EDGE_CURVE('',#2197,#2196,#1169,.T.);
#2778=EDGE_CURVE('',#2198,#2197,#1170,.T.);
#2779=EDGE_CURVE('',#2199,#2198,#1908,.T.);
#2780=EDGE_CURVE('',#2200,#2199,#1171,.T.);
#2781=EDGE_CURVE('',#2201,#2200,#1172,.T.);
#2782=EDGE_CURVE('',#2202,#2201,#1173,.T.);
#2783=EDGE_CURVE('',#2203,#2202,#1909,.T.);
#2784=EDGE_CURVE('',#2188,#2203,#1174,.T.);
#2785=EDGE_CURVE('',#2204,#2187,#1175,.T.);
#2786=EDGE_CURVE('',#2205,#2204,#1910,.T.);
#2787=EDGE_CURVE('',#2206,#2205,#1176,.T.);
#2788=EDGE_CURVE('',#2207,#2206,#1177,.T.);
#2789=EDGE_CURVE('',#2208,#2207,#1178,.T.);
#2790=EDGE_CURVE('',#2209,#2208,#1911,.T.);
#2791=EDGE_CURVE('',#2210,#2209,#1179,.T.);
#2792=EDGE_CURVE('',#2211,#2210,#1180,.T.);
#2793=EDGE_CURVE('',#2193,#2211,#1181,.T.);
#2794=EDGE_CURVE('',#2212,#2190,#1182,.T.);
#2795=EDGE_CURVE('',#2212,#2201,#1183,.T.);
#2796=EDGE_CURVE('',#2213,#2200,#1184,.T.);
#2797=EDGE_CURVE('',#2214,#2213,#1185,.T.);
#2798=EDGE_CURVE('',#2214,#2197,#1186,.T.);
#2799=EDGE_CURVE('',#2167,#2196,#1187,.T.);
#2800=EDGE_CURVE('',#2215,#2194,#1188,.T.);
#2801=EDGE_CURVE('',#2216,#2215,#1189,.T.);
#2802=EDGE_CURVE('',#2216,#2211,#1190,.T.);
#2803=EDGE_CURVE('',#2217,#2210,#1191,.T.);
#2804=EDGE_CURVE('',#2218,#2217,#1192,.T.);
#2805=EDGE_CURVE('',#2218,#2207,#1193,.T.);
#2806=EDGE_CURVE('',#2219,#2206,#1194,.T.);
#2807=EDGE_CURVE('',#2186,#2219,#1195,.T.);
#2808=EDGE_CURVE('',#2195,#2180,#1196,.T.);
#2809=EDGE_CURVE('',#2159,#2220,#1197,.T.);
#2810=EDGE_CURVE('',#2220,#2221,#1198,.T.);
#2811=EDGE_CURVE('',#2221,#2160,#1199,.T.);
#2812=EDGE_CURVE('',#2222,#2223,#1200,.T.);
#2813=EDGE_CURVE('',#2223,#2164,#1201,.T.);
#2814=EDGE_CURVE('',#2163,#2222,#1202,.T.);
#2815=EDGE_CURVE('',#2224,#2225,#1203,.T.);
#2816=EDGE_CURVE('',#2225,#2162,#1204,.T.);
#2817=EDGE_CURVE('',#2161,#2224,#1205,.T.);
#2818=EDGE_CURVE('',#2222,#2225,#1912,.T.);
#2819=EDGE_CURVE('',#2224,#2221,#1913,.T.);
#2820=EDGE_CURVE('',#2220,#2171,#1914,.T.);
#2821=EDGE_CURVE('',#2191,#2223,#1915,.T.);
#2822=EDGE_CURVE('',#2226,#2168,#1916,.T.);
#2823=EDGE_CURVE('',#2227,#2226,#1206,.T.);
#2824=EDGE_CURVE('',#2155,#2227,#1917,.T.);
#2825=EDGE_CURVE('',#2228,#2175,#1207,.T.);
#2826=EDGE_CURVE('',#2174,#2228,#1208,.T.);
#2827=EDGE_CURVE('',#2228,#2229,#1209,.T.);
#2828=EDGE_CURVE('',#2229,#2230,#1210,.T.);
#2829=EDGE_CURVE('',#2230,#2231,#1211,.T.);
#2830=EDGE_CURVE('',#2231,#2232,#1212,.T.);
#2831=EDGE_CURVE('',#2232,#2227,#1213,.T.);
#2832=EDGE_CURVE('',#2176,#2226,#1214,.T.);
#2833=EDGE_CURVE('',#2172,#2183,#1215,.T.);
#2834=EDGE_CURVE('',#2233,#2202,#1216,.T.);
#2835=EDGE_CURVE('',#2234,#2233,#1918,.T.);
#2836=EDGE_CURVE('',#2234,#2203,#1217,.T.);
#2837=EDGE_CURVE('',#2189,#2234,#1218,.T.);
#2838=EDGE_CURVE('',#2233,#2212,#1219,.T.);
#2839=EDGE_CURVE('',#2235,#2204,#1220,.T.);
#2840=EDGE_CURVE('',#2236,#2235,#1919,.T.);
#2841=EDGE_CURVE('',#2236,#2205,#1221,.T.);
#2842=EDGE_CURVE('',#2219,#2236,#1222,.T.);
#2843=EDGE_CURVE('',#2235,#2185,#1223,.T.);
#2844=EDGE_CURVE('',#2237,#2198,#1224,.T.);
#2845=EDGE_CURVE('',#2238,#2237,#1920,.T.);
#2846=EDGE_CURVE('',#2238,#2199,#1225,.T.);
#2847=EDGE_CURVE('',#2213,#2238,#1226,.T.);
#2848=EDGE_CURVE('',#2237,#2214,#1227,.T.);
#2849=EDGE_CURVE('',#2239,#2208,#1228,.T.);
#2850=EDGE_CURVE('',#2240,#2239,#1921,.T.);
#2851=EDGE_CURVE('',#2240,#2209,#1229,.T.);
#2852=EDGE_CURVE('',#2217,#2240,#1230,.T.);
#2853=EDGE_CURVE('',#2239,#2218,#1231,.T.);
#2854=EDGE_CURVE('',#2241,#2193,#1232,.T.);
#2855=EDGE_CURVE('',#2242,#2241,#1922,.T.);
#2856=EDGE_CURVE('',#2242,#2192,#1233,.T.);
#2857=EDGE_CURVE('',#2215,#2242,#1234,.T.);
#2858=EDGE_CURVE('',#2241,#2216,#1235,.T.);
#2859=EDGE_CURVE('',#2232,#2154,#1236,.T.);
#2860=EDGE_CURVE('',#2231,#2156,#1237,.T.);
#2861=EDGE_CURVE('',#2230,#2184,#1238,.T.);
#2862=EDGE_CURVE('',#2229,#2179,#1239,.T.);
#2863=EDGE_CURVE('',#2243,#2244,#1240,.T.);
#2864=EDGE_CURVE('',#2245,#2244,#182,.T.);
#2865=EDGE_CURVE('',#2245,#2246,#79,.T.);
#2866=EDGE_CURVE('',#2246,#2243,#183,.T.);
#2867=EDGE_CURVE('',#2247,#2248,#1241,.T.);
#2868=EDGE_CURVE('',#2244,#2248,#184,.T.);
#2869=EDGE_CURVE('',#2243,#2247,#185,.T.);
#2870=EDGE_CURVE('',#2249,#2250,#1242,.T.);
#2871=EDGE_CURVE('',#2248,#2250,#186,.T.);
#2872=EDGE_CURVE('',#2247,#2249,#187,.T.);
#2873=EDGE_CURVE('',#2251,#2252,#1243,.T.);
#2874=EDGE_CURVE('',#2250,#2252,#188,.T.);
#2875=EDGE_CURVE('',#2249,#2251,#189,.T.);
#2876=EDGE_CURVE('',#2253,#2254,#1244,.T.);
#2877=EDGE_CURVE('',#2252,#2254,#190,.T.);
#2878=EDGE_CURVE('',#2251,#2253,#191,.T.);
#2879=EDGE_CURVE('',#2255,#2256,#1245,.T.);
#2880=EDGE_CURVE('',#2254,#2256,#192,.T.);
#2881=EDGE_CURVE('',#2253,#2255,#193,.T.);
#2882=EDGE_CURVE('',#2257,#2258,#1246,.T.);
#2883=EDGE_CURVE('',#2257,#2259,#194,.T.);
#2884=EDGE_CURVE('',#2260,#2259,#1247,.T.);
#2885=EDGE_CURVE('',#2258,#2260,#195,.T.);
#2886=EDGE_CURVE('',#2261,#2262,#1248,.T.);
#2887=EDGE_CURVE('',#2263,#2262,#80,.F.);
#2888=EDGE_CURVE('',#2263,#2264,#1923,.T.);
#2889=EDGE_CURVE('',#2264,#2261,#81,.T.);
#2890=EDGE_CURVE('',#2265,#2266,#1249,.T.);
#2891=EDGE_CURVE('',#2262,#2266,#82,.F.);
#2892=EDGE_CURVE('',#2261,#2265,#83,.T.);
#2893=EDGE_CURVE('',#2267,#2268,#1250,.T.);
#2894=EDGE_CURVE('',#2266,#2268,#84,.F.);
#2895=EDGE_CURVE('',#2265,#2267,#85,.T.);
#2896=EDGE_CURVE('',#2269,#2270,#1251,.T.);
#2897=EDGE_CURVE('',#2268,#2270,#86,.F.);
#2898=EDGE_CURVE('',#2267,#2269,#87,.T.);
#2899=EDGE_CURVE('',#2271,#2272,#1252,.T.);
#2900=EDGE_CURVE('',#2270,#2272,#88,.F.);
#2901=EDGE_CURVE('',#2269,#2271,#89,.T.);
#2902=EDGE_CURVE('',#2273,#2274,#1253,.T.);
#2903=EDGE_CURVE('',#2272,#2274,#90,.F.);
#2904=EDGE_CURVE('',#2271,#2273,#91,.T.);
#2905=EDGE_CURVE('',#2275,#2275,#1924,.T.);
#2906=EDGE_CURVE('',#2275,#2276,#1254,.T.);
#2907=EDGE_CURVE('',#2277,#2276,#92,.F.);
#2908=EDGE_CURVE('',#2278,#2277,#1255,.T.);
#2909=EDGE_CURVE('',#2278,#2279,#93,.T.);
#2910=EDGE_CURVE('',#2280,#2279,#1256,.T.);
#2911=EDGE_CURVE('',#2276,#2280,#94,.F.);
#2912=EDGE_CURVE('',#2281,#2263,#95,.T.);
#2913=EDGE_CURVE('',#2281,#2282,#1257,.T.);
#2914=EDGE_CURVE('',#2282,#2263,#1925,.T.);
#2915=EDGE_CURVE('',#2283,#2281,#96,.T.);
#2916=EDGE_CURVE('',#2283,#2284,#1258,.T.);
#2917=EDGE_CURVE('',#2284,#2285,#1926,.T.);
#2918=EDGE_CURVE('',#2285,#2286,#97,.T.);
#2919=EDGE_CURVE('',#2286,#2287,#1927,.T.);
#2920=EDGE_CURVE('',#2287,#2288,#98,.T.);
#2921=EDGE_CURVE('',#2288,#2289,#99,.T.);
#2922=EDGE_CURVE('',#2289,#2290,#1928,.T.);
#2923=EDGE_CURVE('',#2290,#2291,#238,.T.);
#2924=EDGE_CURVE('',#2291,#2292,#1929,.T.);
#2925=EDGE_CURVE('',#2292,#2282,#239,.T.);
#2926=EDGE_CURVE('',#2293,#2284,#1930,.T.);
#2927=EDGE_CURVE('',#2294,#2293,#1931,.T.);
#2928=EDGE_CURVE('',#2295,#2294,#240,.T.);
#2929=EDGE_CURVE('',#2296,#2295,#1932,.T.);
#2930=EDGE_CURVE('',#2297,#2296,#100,.T.);
#2931=EDGE_CURVE('',#2298,#2297,#1933,.T.);
#2932=EDGE_CURVE('',#2299,#2298,#241,.T.);
#2933=EDGE_CURVE('',#2264,#2299,#1934,.T.);
#2934=EDGE_CURVE('',#2282,#2300,#1259,.T.);
#2935=EDGE_CURVE('',#2300,#2300,#1935,.T.);
#2936=EDGE_CURVE('',#2301,#2302,#1936,.T.);
#2937=EDGE_CURVE('',#2302,#2301,#1937,.T.);
#2938=EDGE_CURVE('',#2302,#2275,#1260,.T.);
#2939=EDGE_CURVE('',#2303,#2303,#1938,.T.);
#2940=EDGE_CURVE('',#2303,#2304,#1261,.T.);
#2941=EDGE_CURVE('',#2304,#2304,#1939,.T.);
#2942=EDGE_CURVE('',#2301,#2305,#1262,.T.);
#2943=EDGE_CURVE('',#2305,#2305,#1940,.T.);
#2944=EDGE_CURVE('',#2274,#2277,#101,.F.);
#2945=EDGE_CURVE('',#2273,#2278,#102,.T.);
#2946=EDGE_CURVE('',#2279,#2260,#1263,.T.);
#2947=EDGE_CURVE('',#2259,#2280,#1264,.T.);
#2948=EDGE_CURVE('',#2246,#2283,#103,.T.);
#2949=EDGE_CURVE('',#2255,#2257,#196,.T.);
#2950=EDGE_CURVE('',#2256,#2258,#197,.T.);
#2951=EDGE_CURVE('',#2264,#2245,#104,.T.);
#2952=EDGE_CURVE('',#2306,#2306,#1941,.T.);
#2953=EDGE_CURVE('',#2306,#2307,#1265,.T.);
#2954=EDGE_CURVE('',#2307,#2307,#1942,.T.);
#2955=EDGE_CURVE('',#2308,#2308,#1943,.T.);
#2956=EDGE_CURVE('',#2308,#2309,#1266,.T.);
#2957=EDGE_CURVE('',#2309,#2309,#1944,.T.);
#2958=EDGE_CURVE('',#2310,#2310,#1945,.T.);
#2959=EDGE_CURVE('',#2310,#2311,#1267,.T.);
#2960=EDGE_CURVE('',#2311,#2311,#1946,.T.);
#2961=EDGE_CURVE('',#2312,#2312,#1947,.T.);
#2962=EDGE_CURVE('',#2312,#2313,#1268,.T.);
#2963=EDGE_CURVE('',#2313,#2313,#1948,.T.);
#2964=EDGE_CURVE('',#2314,#2315,#1269,.T.);
#2965=EDGE_CURVE('',#2315,#2316,#1949,.T.);
#2966=EDGE_CURVE('',#2316,#2317,#1950,.T.);
#2967=EDGE_CURVE('',#2317,#2318,#1951,.T.);
#2968=EDGE_CURVE('',#2318,#2319,#1270,.T.);
#2969=EDGE_CURVE('',#2319,#2320,#1952,.T.);
#2970=EDGE_CURVE('',#2320,#2321,#1953,.T.);
#2971=EDGE_CURVE('',#2321,#2314,#1954,.T.);
#2972=EDGE_CURVE('',#2322,#2323,#1271,.T.);
#2973=EDGE_CURVE('',#2322,#2324,#1955,.T.);
#2974=EDGE_CURVE('',#2325,#2324,#1272,.T.);
#2975=EDGE_CURVE('',#2325,#2326,#1956,.T.);
#2976=EDGE_CURVE('',#2327,#2326,#1273,.T.);
#2977=EDGE_CURVE('',#2327,#2328,#1957,.T.);
#2978=EDGE_CURVE('',#2329,#2328,#1274,.T.);
#2979=EDGE_CURVE('',#2329,#2323,#1958,.T.);
#2980=EDGE_CURVE('',#2330,#2331,#1959,.T.);
#2981=EDGE_CURVE('',#2330,#2332,#1960,.T.);
#2982=EDGE_CURVE('',#2333,#2332,#1275,.T.);
#2983=EDGE_CURVE('',#2333,#2334,#1961,.T.);
#2984=EDGE_CURVE('',#2335,#2334,#1962,.T.);
#2985=EDGE_CURVE('',#2335,#2336,#1963,.T.);
#2986=EDGE_CURVE('',#2337,#2336,#1276,.T.);
#2987=EDGE_CURVE('',#2337,#2331,#1964,.T.);
#2988=EDGE_CURVE('',#2338,#2339,#1277,.T.);
#2989=EDGE_CURVE('',#2339,#2340,#1965,.T.);
#2990=EDGE_CURVE('',#2340,#2341,#1278,.T.);
#2991=EDGE_CURVE('',#2341,#2342,#1966,.T.);
#2992=EDGE_CURVE('',#2342,#2343,#1279,.T.);
#2993=EDGE_CURVE('',#2343,#2344,#1967,.T.);
#2994=EDGE_CURVE('',#2344,#2345,#1280,.T.);
#2995=EDGE_CURVE('',#2345,#2338,#1968,.T.);
#2996=EDGE_CURVE('',#2316,#2330,#1281,.T.);
#2997=EDGE_CURVE('',#2331,#2317,#1282,.T.);
#2998=EDGE_CURVE('',#2336,#2319,#1283,.T.);
#2999=EDGE_CURVE('',#2318,#2337,#1284,.T.);
#3000=EDGE_CURVE('',#2334,#2321,#1285,.T.);
#3001=EDGE_CURVE('',#2320,#2335,#1286,.T.);
#3002=EDGE_CURVE('',#2332,#2315,#1287,.T.);
#3003=EDGE_CURVE('',#2314,#2333,#1288,.T.);
#3004=EDGE_CURVE('',#2324,#2341,#1289,.T.);
#3005=EDGE_CURVE('',#2340,#2325,#1290,.T.);
#3006=EDGE_CURVE('',#2342,#2322,#1291,.T.);
#3007=EDGE_CURVE('',#2323,#2343,#1292,.T.);
#3008=EDGE_CURVE('',#2344,#2329,#1293,.T.);
#3009=EDGE_CURVE('',#2328,#2345,#1294,.T.);
#3010=EDGE_CURVE('',#2338,#2327,#1295,.T.);
#3011=EDGE_CURVE('',#2326,#2339,#1296,.T.);
#3012=EDGE_CURVE('',#2346,#2347,#1297,.T.);
#3013=EDGE_CURVE('',#2346,#2348,#242,.T.);
#3014=EDGE_CURVE('',#2347,#2348,#1969,.T.);
#3015=EDGE_CURVE('',#2349,#2350,#1298,.T.);
#3016=EDGE_CURVE('',#2349,#2351,#1970,.T.);
#3017=EDGE_CURVE('',#2351,#2350,#243,.T.);
#3018=EDGE_CURVE('',#2352,#2353,#1971,.T.);
#3019=EDGE_CURVE('',#2354,#2352,#1299,.T.);
#3020=EDGE_CURVE('',#2355,#2354,#244,.T.);
#3021=EDGE_CURVE('',#2356,#2355,#1300,.T.);
#3022=EDGE_CURVE('',#2357,#2356,#1972,.T.);
#3023=EDGE_CURVE('',#2357,#2358,#1301,.T.);
#3024=EDGE_CURVE('',#2358,#2358,#1973,.T.);
#3025=EDGE_CURVE('',#2359,#2357,#1974,.T.);
#3026=EDGE_CURVE('',#2360,#2359,#1302,.T.);
#3027=EDGE_CURVE('',#2361,#2360,#245,.T.);
#3028=EDGE_CURVE('',#2353,#2361,#1303,.T.);
#3029=EDGE_CURVE('',#2350,#2362,#246,.T.);
#3030=EDGE_CURVE('',#2363,#2362,#1975,.T.);
#3031=EDGE_CURVE('',#2363,#2351,#247,.T.);
#3032=EDGE_CURVE('',#2351,#2349,#1976,.T.);
#3033=EDGE_CURVE('',#2348,#2347,#1977,.T.);
#3034=EDGE_CURVE('',#2348,#2364,#248,.T.);
#3035=EDGE_CURVE('',#2364,#2365,#1978,.T.);
#3036=EDGE_CURVE('',#2365,#2346,#249,.T.);
#3037=EDGE_CURVE('',#2353,#2366,#1304,.T.);
#3038=EDGE_CURVE('',#2361,#2367,#1305,.T.);
#3039=EDGE_CURVE('',#2367,#2366,#1306,.T.);
#3040=EDGE_CURVE('',#2368,#2359,#1307,.T.);
#3041=EDGE_CURVE('',#2369,#2356,#1308,.T.);
#3042=EDGE_CURVE('',#2368,#2369,#1309,.T.);
#3043=EDGE_CURVE('',#2370,#2355,#1310,.T.);
#3044=EDGE_CURVE('',#2369,#2370,#1311,.T.);
#3045=EDGE_CURVE('',#2371,#2372,#1979,.T.);
#3046=EDGE_CURVE('',#2372,#2373,#1980,.T.);
#3047=EDGE_CURVE('',#2373,#2374,#1312,.T.);
#3048=EDGE_CURVE('',#2374,#2375,#1981,.T.);
#3049=EDGE_CURVE('',#2375,#2376,#1982,.T.);
#3050=EDGE_CURVE('',#2376,#2377,#1983,.T.);
#3051=EDGE_CURVE('',#2377,#2378,#1313,.T.);
#3052=EDGE_CURVE('',#2378,#2371,#1984,.T.);
#3053=EDGE_CURVE('',#2379,#2380,#1314,.T.);
#3054=EDGE_CURVE('',#2380,#2381,#1315,.T.);
#3055=EDGE_CURVE('',#2382,#2381,#1316,.T.);
#3056=EDGE_CURVE('',#2379,#2382,#1317,.T.);
#3057=EDGE_CURVE('',#2383,#2384,#1985,.T.);
#3058=EDGE_CURVE('',#2384,#2372,#1318,.T.);
#3059=EDGE_CURVE('',#2371,#2383,#1319,.T.);
#3060=EDGE_CURVE('',#2373,#2385,#1320,.T.);
#3061=EDGE_CURVE('',#2385,#2386,#1321,.T.);
#3062=EDGE_CURVE('',#2386,#2374,#1322,.T.);
#3063=EDGE_CURVE('',#2375,#2387,#1323,.T.);
#3064=EDGE_CURVE('',#2387,#2388,#1986,.T.);
#3065=EDGE_CURVE('',#2388,#2376,#1324,.T.);
#3066=EDGE_CURVE('',#2377,#2389,#1325,.T.);
#3067=EDGE_CURVE('',#2389,#2390,#1326,.T.);
#3068=EDGE_CURVE('',#2390,#2378,#1327,.T.);
#3069=EDGE_CURVE('',#2385,#2384,#1987,.T.);
#3070=EDGE_CURVE('',#2383,#2390,#1988,.T.);
#3071=EDGE_CURVE('',#2389,#2388,#1989,.T.);
#3072=EDGE_CURVE('',#2387,#2386,#1990,.T.);
#3073=EDGE_CURVE('',#2381,#2391,#1328,.T.);
#3074=EDGE_CURVE('',#2392,#2391,#1329,.T.);
#3075=EDGE_CURVE('',#2382,#2392,#1330,.T.);
#3076=EDGE_CURVE('',#2393,#2360,#1331,.T.);
#3077=EDGE_CURVE('',#2392,#2393,#1332,.T.);
#3078=EDGE_CURVE('',#2391,#2367,#1333,.T.);
#3079=EDGE_CURVE('',#2393,#2368,#1334,.T.);
#3080=EDGE_CURVE('',#2352,#2394,#1335,.T.);
#3081=EDGE_CURVE('',#2366,#2394,#1336,.T.);
#3082=EDGE_CURVE('',#2354,#2395,#1337,.T.);
#3083=EDGE_CURVE('',#2394,#2395,#1338,.T.);
#3084=EDGE_CURVE('',#2395,#2396,#1339,.T.);
#3085=EDGE_CURVE('',#2397,#2396,#1340,.T.);
#3086=EDGE_CURVE('',#2370,#2397,#1341,.T.);
#3087=EDGE_CURVE('',#2396,#2380,#1342,.T.);
#3088=EDGE_CURVE('',#2397,#2379,#1343,.T.);
#3089=EDGE_CURVE('',#2364,#2365,#1344,.T.);
#3090=EDGE_CURVE('',#2363,#2362,#1345,.T.);
#3091=EDGE_CURVE('',#2398,#2399,#1991,.T.);
#3092=EDGE_CURVE('',#2398,#2400,#1346,.T.);
#3093=EDGE_CURVE('',#2400,#2401,#1992,.T.);
#3094=EDGE_CURVE('',#2399,#2401,#1347,.T.);
#3095=EDGE_CURVE('',#2399,#2402,#1993,.T.);
#3096=EDGE_CURVE('',#2401,#2403,#1994,.T.);
#3097=EDGE_CURVE('',#2402,#2403,#1348,.T.);
#3098=EDGE_CURVE('',#2402,#2404,#1995,.T.);
#3099=EDGE_CURVE('',#2403,#2405,#1996,.T.);
#3100=EDGE_CURVE('',#2404,#2405,#1349,.T.);
#3101=EDGE_CURVE('',#2406,#2407,#1350,.T.);
#3102=EDGE_CURVE('',#2406,#2408,#1351,.T.);
#3103=EDGE_CURVE('',#2408,#2409,#1352,.T.);
#3104=EDGE_CURVE('',#2407,#2409,#1353,.T.);
#3105=EDGE_CURVE('',#2407,#2410,#1354,.T.);
#3106=EDGE_CURVE('',#2409,#2411,#1355,.T.);
#3107=EDGE_CURVE('',#2410,#2411,#1356,.T.);
#3108=EDGE_CURVE('',#2410,#2412,#1357,.T.);
#3109=EDGE_CURVE('',#2411,#2413,#1358,.T.);
#3110=EDGE_CURVE('',#2412,#2413,#1359,.T.);
#3111=EDGE_CURVE('',#2412,#2406,#1360,.T.);
#3112=EDGE_CURVE('',#2413,#2408,#1361,.T.);
#3113=EDGE_CURVE('',#2404,#2398,#1997,.T.);
#3114=EDGE_CURVE('',#2414,#2415,#1362,.T.);
#3115=EDGE_CURVE('',#2416,#2414,#1363,.T.);
#3116=EDGE_CURVE('',#2417,#2416,#1364,.T.);
#3117=EDGE_CURVE('',#2415,#2417,#1365,.T.);
#3118=EDGE_CURVE('',#2414,#2418,#1366,.T.);
#3119=EDGE_CURVE('',#2419,#2418,#1367,.T.);
#3120=EDGE_CURVE('',#2416,#2419,#1368,.T.);
#3121=EDGE_CURVE('',#2415,#2420,#1369,.T.);
#3122=EDGE_CURVE('',#2417,#2421,#1370,.T.);
#3123=EDGE_CURVE('',#2420,#2421,#1371,.T.);
#3124=EDGE_CURVE('',#2420,#2418,#1372,.T.);
#3125=EDGE_CURVE('',#2419,#2421,#1373,.T.);
#3126=EDGE_CURVE('',#2405,#2400,#1998,.T.);
#3127=EDGE_CURVE('',#2422,#2423,#1999,.T.);
#3128=EDGE_CURVE('',#2423,#2424,#2000,.T.);
#3129=EDGE_CURVE('',#2425,#2424,#2001,.T.);
#3130=EDGE_CURVE('',#2424,#2425,#2002,.T.);
#3131=EDGE_CURVE('',#2423,#2422,#2003,.T.);
#3132=EDGE_CURVE('',#2425,#2426,#1374,.T.);
#3133=EDGE_CURVE('',#2426,#2426,#2004,.T.);
#3134=EDGE_CURVE('',#2427,#2427,#2005,.T.);
#3135=EDGE_CURVE('',#2427,#2422,#1375,.T.);
#3136=EDGE_CURVE('',#2428,#2429,#2006,.T.);
#3137=EDGE_CURVE('',#2429,#2430,#2007,.T.);
#3138=EDGE_CURVE('',#2431,#2430,#2008,.T.);
#3139=EDGE_CURVE('',#2430,#2431,#2009,.T.);
#3140=EDGE_CURVE('',#2429,#2428,#2010,.T.);
#3141=EDGE_CURVE('',#2431,#2432,#1376,.T.);
#3142=EDGE_CURVE('',#2432,#2432,#2011,.T.);
#3143=EDGE_CURVE('',#2433,#2433,#2012,.T.);
#3144=EDGE_CURVE('',#2433,#2428,#1377,.T.);
#3145=EDGE_CURVE('',#2434,#2435,#1378,.T.);
#3146=EDGE_CURVE('',#2436,#2434,#250,.T.);
#3147=EDGE_CURVE('',#2437,#2436,#105,.T.);
#3148=EDGE_CURVE('',#2438,#2437,#106,.T.);
#3149=EDGE_CURVE('',#2439,#2438,#107,.T.);
#3150=EDGE_CURVE('',#2440,#2439,#108,.T.);
#3151=EDGE_CURVE('',#2441,#2440,#109,.T.);
#3152=EDGE_CURVE('',#2442,#2441,#110,.T.);
#3153=EDGE_CURVE('',#2443,#2442,#111,.T.);
#3154=EDGE_CURVE('',#2444,#2443,#112,.T.);
#3155=EDGE_CURVE('',#2445,#2444,#113,.F.);
#3156=EDGE_CURVE('',#2446,#2445,#114,.T.);
#3157=EDGE_CURVE('',#2447,#2446,#115,.T.);
#3158=EDGE_CURVE('',#2448,#2447,#116,.T.);
#3159=EDGE_CURVE('',#2449,#2448,#117,.T.);
#3160=EDGE_CURVE('',#2450,#2449,#118,.T.);
#3161=EDGE_CURVE('',#2451,#2450,#119,.T.);
#3162=EDGE_CURVE('',#2452,#2451,#120,.T.);
#3163=EDGE_CURVE('',#2453,#2452,#121,.F.);
#3164=EDGE_CURVE('',#2454,#2453,#122,.T.);
#3165=EDGE_CURVE('',#2455,#2454,#2013,.T.);
#3166=EDGE_CURVE('',#2435,#2455,#123,.F.);
#3167=EDGE_CURVE('',#2456,#2457,#1379,.T.);
#3168=EDGE_CURVE('',#2458,#2456,#124,.F.);
#3169=EDGE_CURVE('',#2459,#2458,#251,.T.);
#3170=EDGE_CURVE('',#2460,#2459,#125,.T.);
#3171=EDGE_CURVE('',#2461,#2460,#126,.T.);
#3172=EDGE_CURVE('',#2462,#2461,#127,.T.);
#3173=EDGE_CURVE('',#2434,#2462,#128,.T.);
#3174=EDGE_CURVE('',#2457,#2435,#129,.F.);
#3175=EDGE_CURVE('',#2463,#2464,#1380,.T.);
#3176=EDGE_CURVE('',#2456,#2463,#130,.F.);
#3177=EDGE_CURVE('',#2465,#2457,#131,.F.);
#3178=EDGE_CURVE('',#2466,#2465,#132,.T.);
#3179=EDGE_CURVE('',#2467,#2466,#133,.T.);
#3180=EDGE_CURVE('',#2468,#2467,#2014,.T.);
#3181=EDGE_CURVE('',#2469,#2468,#134,.T.);
#3182=EDGE_CURVE('',#2470,#2469,#135,.T.);
#3183=EDGE_CURVE('',#2471,#2470,#136,.T.);
#3184=EDGE_CURVE('',#2472,#2471,#137,.T.);
#3185=EDGE_CURVE('',#2473,#2472,#138,.F.);
#3186=EDGE_CURVE('',#2474,#2473,#139,.T.);
#3187=EDGE_CURVE('',#2475,#2474,#140,.T.);
#3188=EDGE_CURVE('',#2476,#2475,#141,.T.);
#3189=EDGE_CURVE('',#2477,#2476,#142,.T.);
#3190=EDGE_CURVE('',#2478,#2477,#143,.T.);
#3191=EDGE_CURVE('',#2479,#2478,#144,.T.);
#3192=EDGE_CURVE('',#2480,#2479,#145,.T.);
#3193=EDGE_CURVE('',#2481,#2480,#146,.T.);
#3194=EDGE_CURVE('',#2464,#2481,#252,.T.);
#3195=EDGE_CURVE('',#2482,#2483,#1381,.T.);
#3196=EDGE_CURVE('',#2463,#2482,#147,.F.);
#3197=EDGE_CURVE('',#2484,#2464,#148,.T.);
#3198=EDGE_CURVE('',#2485,#2484,#149,.T.);
#3199=EDGE_CURVE('',#2486,#2485,#150,.T.);
#3200=EDGE_CURVE('',#2487,#2486,#151,.T.);
#3201=EDGE_CURVE('',#2488,#2487,#152,.T.);
#3202=EDGE_CURVE('',#2489,#2488,#153,.T.);
#3203=EDGE_CURVE('',#2490,#2489,#154,.T.);
#3204=EDGE_CURVE('',#2491,#2490,#155,.T.);
#3205=EDGE_CURVE('',#2492,#2491,#156,.T.);
#3206=EDGE_CURVE('',#2493,#2492,#157,.T.);
#3207=EDGE_CURVE('',#2494,#2493,#158,.T.);
#3208=EDGE_CURVE('',#2495,#2494,#159,.T.);
#3209=EDGE_CURVE('',#2496,#2495,#160,.T.);
#3210=EDGE_CURVE('',#2497,#2496,#161,.T.);
#3211=EDGE_CURVE('',#2498,#2497,#162,.T.);
#3212=EDGE_CURVE('',#2499,#2498,#163,.T.);
#3213=EDGE_CURVE('',#2500,#2499,#164,.T.);
#3214=EDGE_CURVE('',#2501,#2500,#165,.T.);
#3215=EDGE_CURVE('',#2502,#2501,#166,.T.);
#3216=EDGE_CURVE('',#2483,#2502,#167,.T.);
#3217=EDGE_CURVE('',#2503,#2503,#2015,.T.);
#3218=EDGE_CURVE('',#2503,#2504,#1382,.T.);
#3219=EDGE_CURVE('',#2504,#2504,#2016,.T.);
#3220=EDGE_CURVE('',#2505,#2505,#2017,.T.);
#3221=EDGE_CURVE('',#2505,#2506,#1383,.T.);
#3222=EDGE_CURVE('',#2506,#2507,#2018,.T.);
#3223=EDGE_CURVE('',#2508,#2507,#1384,.T.);
#3224=EDGE_CURVE('',#2508,#2509,#168,.T.);
#3225=EDGE_CURVE('',#2509,#2510,#1385,.T.);
#3226=EDGE_CURVE('',#2510,#2511,#2019,.T.);
#3227=EDGE_CURVE('',#2512,#2511,#1386,.T.);
#3228=EDGE_CURVE('',#2512,#2513,#169,.T.);
#3229=EDGE_CURVE('',#2513,#2514,#1387,.T.);
#3230=EDGE_CURVE('',#2514,#2506,#2020,.T.);
#3231=EDGE_CURVE('',#2515,#2515,#2021,.T.);
#3232=EDGE_CURVE('',#2515,#2516,#1388,.T.);
#3233=EDGE_CURVE('',#2516,#2516,#2022,.T.);
#3234=EDGE_CURVE('',#2517,#2517,#2023,.T.);
#3235=EDGE_CURVE('',#2517,#2518,#1389,.T.);
#3236=EDGE_CURVE('',#2518,#2518,#2024,.T.);
#3237=EDGE_CURVE('',#2504,#2519,#1390,.T.);
#3238=EDGE_CURVE('',#2519,#2519,#2025,.T.);
#3239=EDGE_CURVE('',#2520,#2483,#170,.T.);
#3240=EDGE_CURVE('',#2521,#2520,#171,.T.);
#3241=EDGE_CURVE('',#2522,#2521,#172,.T.);
#3242=EDGE_CURVE('',#2523,#2522,#173,.T.);
#3243=EDGE_CURVE('',#2524,#2523,#2026,.T.);
#3244=EDGE_CURVE('',#2482,#2524,#174,.F.);
#3245=EDGE_CURVE('',#2513,#2508,#2027,.T.);
#3246=EDGE_CURVE('',#2514,#2507,#1391,.T.);
#3247=EDGE_CURVE('',#2512,#2509,#2028,.T.);
#3248=EDGE_CURVE('',#2510,#2511,#1392,.T.);
#3249=EDGE_CURVE('',#2524,#2525,#175,.T.);
#3250=EDGE_CURVE('',#2525,#2526,#176,.T.);
#3251=EDGE_CURVE('',#2527,#2526,#177,.T.);
#3252=EDGE_CURVE('',#2453,#2527,#253,.T.);
#3253=EDGE_CURVE('',#2460,#2461,#178,.T.);
#3254=EDGE_CURVE('',#2525,#2523,#179,.T.);
#3255=EDGE_CURVE('',#2526,#2455,#180,.T.);
#3256=EDGE_CURVE('',#2454,#2527,#181,.T.);
#3257=EDGE_CURVE('',#2528,#2528,#2029,.T.);
#3258=EDGE_CURVE('',#2528,#2529,#2030,.T.);
#3259=EDGE_CURVE('',#2530,#2529,#2031,.T.);
#3260=EDGE_CURVE('',#2529,#2530,#2032,.T.);
#3261=EDGE_CURVE('',#2531,#2532,#2033,.T.);
#3262=EDGE_CURVE('',#2532,#2531,#2034,.T.);
#3263=EDGE_CURVE('',#2532,#2533,#2035,.T.);
#3264=EDGE_CURVE('',#2533,#2533,#2036,.T.);
#3265=EDGE_CURVE('',#2534,#2534,#2037,.T.);
#3266=EDGE_CURVE('',#2534,#2535,#1393,.T.);
#3267=EDGE_CURVE('',#2535,#2535,#2038,.T.);
#3268=EDGE_CURVE('',#2531,#2530,#1394,.T.);
#3269=EDGE_CURVE('',#2536,#2537,#1395,.T.);
#3270=EDGE_CURVE('',#2536,#2538,#2039,.T.);
#3271=EDGE_CURVE('',#2539,#2538,#1396,.T.);
#3272=EDGE_CURVE('',#2540,#2539,#1397,.T.);
#3273=EDGE_CURVE('',#2541,#2540,#1398,.T.);
#3274=EDGE_CURVE('',#2541,#2542,#2040,.T.);
#3275=EDGE_CURVE('',#2543,#2542,#1399,.T.);
#3276=EDGE_CURVE('',#2544,#2543,#1400,.T.);
#3277=EDGE_CURVE('',#2545,#2544,#1401,.T.);
#3278=EDGE_CURVE('',#2545,#2546,#2041,.T.);
#3279=EDGE_CURVE('',#2547,#2546,#1402,.T.);
#3280=EDGE_CURVE('',#2548,#2547,#1403,.T.);
#3281=EDGE_CURVE('',#2549,#2548,#1404,.T.);
#3282=EDGE_CURVE('',#2549,#2550,#2042,.T.);
#3283=EDGE_CURVE('',#2551,#2550,#1405,.T.);
#3284=EDGE_CURVE('',#2537,#2551,#1406,.T.);
#3285=EDGE_CURVE('',#2552,#2553,#1407,.T.);
#3286=EDGE_CURVE('',#2552,#2536,#1408,.T.);
#3287=EDGE_CURVE('',#2553,#2537,#1409,.T.);
#3288=EDGE_CURVE('',#2538,#2554,#1410,.T.);
#3289=EDGE_CURVE('',#2555,#2554,#1411,.T.);
#3290=EDGE_CURVE('',#2555,#2539,#1412,.T.);
#3291=EDGE_CURVE('',#2556,#2555,#1413,.T.);
#3292=EDGE_CURVE('',#2556,#2540,#1414,.T.);
#3293=EDGE_CURVE('',#2557,#2556,#1415,.T.);
#3294=EDGE_CURVE('',#2557,#2541,#1416,.T.);
#3295=EDGE_CURVE('',#2542,#2558,#1417,.T.);
#3296=EDGE_CURVE('',#2559,#2558,#1418,.T.);
#3297=EDGE_CURVE('',#2559,#2543,#1419,.T.);
#3298=EDGE_CURVE('',#2560,#2559,#1420,.T.);
#3299=EDGE_CURVE('',#2560,#2544,#1421,.T.);
#3300=EDGE_CURVE('',#2561,#2560,#1422,.T.);
#3301=EDGE_CURVE('',#2561,#2545,#1423,.T.);
#3302=EDGE_CURVE('',#2546,#2562,#1424,.T.);
#3303=EDGE_CURVE('',#2563,#2562,#1425,.T.);
#3304=EDGE_CURVE('',#2563,#2547,#1426,.T.);
#3305=EDGE_CURVE('',#2564,#2563,#1427,.T.);
#3306=EDGE_CURVE('',#2564,#2548,#1428,.T.);
#3307=EDGE_CURVE('',#2565,#2564,#1429,.T.);
#3308=EDGE_CURVE('',#2565,#2549,#1430,.T.);
#3309=EDGE_CURVE('',#2550,#2566,#1431,.T.);
#3310=EDGE_CURVE('',#2567,#2566,#1432,.T.);
#3311=EDGE_CURVE('',#2567,#2551,#1433,.T.);
#3312=EDGE_CURVE('',#2553,#2567,#1434,.T.);
#3313=EDGE_CURVE('',#2554,#2552,#2043,.T.);
#3314=EDGE_CURVE('',#2566,#2565,#2044,.T.);
#3315=EDGE_CURVE('',#2562,#2561,#2045,.T.);
#3316=EDGE_CURVE('',#2558,#2557,#2046,.T.);
#3317=ORIENTED_EDGE('',*,*,#2568,.F.);
#3318=ORIENTED_EDGE('',*,*,#2569,.T.);
#3319=ORIENTED_EDGE('',*,*,#2570,.T.);
#3320=ORIENTED_EDGE('',*,*,#2569,.F.);
#3321=ORIENTED_EDGE('',*,*,#2571,.F.);
#3322=ORIENTED_EDGE('',*,*,#2572,.T.);
#3323=ORIENTED_EDGE('',*,*,#2573,.T.);
#3324=ORIENTED_EDGE('',*,*,#2572,.F.);
#3325=ORIENTED_EDGE('',*,*,#2574,.F.);
#3326=ORIENTED_EDGE('',*,*,#2575,.T.);
#3327=ORIENTED_EDGE('',*,*,#2576,.T.);
#3328=ORIENTED_EDGE('',*,*,#2575,.F.);
#3329=ORIENTED_EDGE('',*,*,#2577,.F.);
#3330=ORIENTED_EDGE('',*,*,#2578,.T.);
#3331=ORIENTED_EDGE('',*,*,#2579,.T.);
#3332=ORIENTED_EDGE('',*,*,#2578,.F.);
#3333=ORIENTED_EDGE('',*,*,#2580,.T.);
#3334=ORIENTED_EDGE('',*,*,#2581,.T.);
#3335=ORIENTED_EDGE('',*,*,#2582,.F.);
#3336=ORIENTED_EDGE('',*,*,#2581,.F.);
#3337=ORIENTED_EDGE('',*,*,#2583,.F.);
#3338=ORIENTED_EDGE('',*,*,#2584,.T.);
#3339=ORIENTED_EDGE('',*,*,#2585,.T.);
#3340=ORIENTED_EDGE('',*,*,#2584,.F.);
#3341=ORIENTED_EDGE('',*,*,#2586,.F.);
#3342=ORIENTED_EDGE('',*,*,#2587,.T.);
#3343=ORIENTED_EDGE('',*,*,#2588,.F.);
#3344=ORIENTED_EDGE('',*,*,#2587,.F.);
#3345=ORIENTED_EDGE('',*,*,#2589,.F.);
#3346=ORIENTED_EDGE('',*,*,#2590,.F.);
#3347=ORIENTED_EDGE('',*,*,#2591,.F.);
#3348=ORIENTED_EDGE('',*,*,#2592,.F.);
#3349=ORIENTED_EDGE('',*,*,#2593,.T.);
#3350=ORIENTED_EDGE('',*,*,#2594,.T.);
#3351=ORIENTED_EDGE('',*,*,#2595,.T.);
#3352=ORIENTED_EDGE('',*,*,#2596,.T.);
#3353=ORIENTED_EDGE('',*,*,#2597,.T.);
#3354=ORIENTED_EDGE('',*,*,#2598,.T.);
#3355=ORIENTED_EDGE('',*,*,#2599,.T.);
#3356=ORIENTED_EDGE('',*,*,#2600,.T.);
#3357=ORIENTED_EDGE('',*,*,#2601,.T.);
#3358=ORIENTED_EDGE('',*,*,#2602,.F.);
#3359=ORIENTED_EDGE('',*,*,#2603,.F.);
#3360=ORIENTED_EDGE('',*,*,#2585,.F.);
#3361=ORIENTED_EDGE('',*,*,#2604,.F.);
#3362=ORIENTED_EDGE('',*,*,#2605,.F.);
#3363=ORIENTED_EDGE('',*,*,#2606,.F.);
#3364=ORIENTED_EDGE('',*,*,#2607,.F.);
#3365=ORIENTED_EDGE('',*,*,#2608,.F.);
#3366=ORIENTED_EDGE('',*,*,#2609,.F.);
#3367=ORIENTED_EDGE('',*,*,#2610,.F.);
#3368=ORIENTED_EDGE('',*,*,#2611,.T.);
#3369=ORIENTED_EDGE('',*,*,#2612,.T.);
#3370=ORIENTED_EDGE('',*,*,#2613,.F.);
#3371=ORIENTED_EDGE('',*,*,#2614,.F.);
#3372=ORIENTED_EDGE('',*,*,#2615,.F.);
#3373=ORIENTED_EDGE('',*,*,#2616,.T.);
#3374=ORIENTED_EDGE('',*,*,#2610,.T.);
#3375=ORIENTED_EDGE('',*,*,#2617,.F.);
#3376=ORIENTED_EDGE('',*,*,#2602,.T.);
#3377=ORIENTED_EDGE('',*,*,#2618,.F.);
#3378=ORIENTED_EDGE('',*,*,#2619,.F.);
#3379=ORIENTED_EDGE('',*,*,#2620,.F.);
#3380=ORIENTED_EDGE('',*,*,#2615,.T.);
#3381=ORIENTED_EDGE('',*,*,#2621,.T.);
#3382=ORIENTED_EDGE('',*,*,#2620,.T.);
#3383=ORIENTED_EDGE('',*,*,#2622,.T.);
#3384=ORIENTED_EDGE('',*,*,#2623,.F.);
#3385=ORIENTED_EDGE('',*,*,#2624,.T.);
#3386=ORIENTED_EDGE('',*,*,#2625,.T.);
#3387=ORIENTED_EDGE('',*,*,#2626,.T.);
#3388=ORIENTED_EDGE('',*,*,#2627,.F.);
#3389=ORIENTED_EDGE('',*,*,#2593,.F.);
#3390=ORIENTED_EDGE('',*,*,#2628,.F.);
#3391=ORIENTED_EDGE('',*,*,#2629,.T.);
#3392=ORIENTED_EDGE('',*,*,#2630,.F.);
#3393=ORIENTED_EDGE('',*,*,#2631,.T.);
#3394=ORIENTED_EDGE('',*,*,#2632,.T.);
#3395=ORIENTED_EDGE('',*,*,#2633,.T.);
#3396=ORIENTED_EDGE('',*,*,#2634,.T.);
#3397=ORIENTED_EDGE('',*,*,#2612,.F.);
#3398=ORIENTED_EDGE('',*,*,#2635,.T.);
#3399=ORIENTED_EDGE('',*,*,#2636,.T.);
#3400=ORIENTED_EDGE('',*,*,#2637,.F.);
#3401=ORIENTED_EDGE('',*,*,#2638,.F.);
#3402=ORIENTED_EDGE('',*,*,#2604,.T.);
#3403=ORIENTED_EDGE('',*,*,#2639,.F.);
#3404=ORIENTED_EDGE('',*,*,#2640,.F.);
#3405=ORIENTED_EDGE('',*,*,#2641,.T.);
#3406=ORIENTED_EDGE('',*,*,#2642,.T.);
#3407=ORIENTED_EDGE('',*,*,#2594,.F.);
#3408=ORIENTED_EDGE('',*,*,#2627,.T.);
#3409=ORIENTED_EDGE('',*,*,#2643,.T.);
#3410=ORIENTED_EDGE('',*,*,#2635,.F.);
#3411=ORIENTED_EDGE('',*,*,#2611,.F.);
#3412=ORIENTED_EDGE('',*,*,#2616,.F.);
#3413=ORIENTED_EDGE('',*,*,#2622,.F.);
#3414=ORIENTED_EDGE('',*,*,#2619,.T.);
#3415=ORIENTED_EDGE('',*,*,#2644,.T.);
#3416=ORIENTED_EDGE('',*,*,#2645,.T.);
#3417=ORIENTED_EDGE('',*,*,#2646,.T.);
#3418=ORIENTED_EDGE('',*,*,#2636,.F.);
#3419=ORIENTED_EDGE('',*,*,#2643,.F.);
#3420=ORIENTED_EDGE('',*,*,#2626,.F.);
#3421=ORIENTED_EDGE('',*,*,#2647,.T.);
#3422=ORIENTED_EDGE('',*,*,#2648,.T.);
#3423=ORIENTED_EDGE('',*,*,#2649,.T.);
#3424=ORIENTED_EDGE('',*,*,#2650,.T.);
#3425=ORIENTED_EDGE('',*,*,#2651,.T.);
#3426=ORIENTED_EDGE('',*,*,#2629,.F.);
#3427=ORIENTED_EDGE('',*,*,#2652,.F.);
#3428=ORIENTED_EDGE('',*,*,#2633,.F.);
#3429=ORIENTED_EDGE('',*,*,#2653,.T.);
#3430=ORIENTED_EDGE('',*,*,#2654,.T.);
#3431=ORIENTED_EDGE('',*,*,#2574,.T.);
#3432=ORIENTED_EDGE('',*,*,#2568,.T.);
#3433=ORIENTED_EDGE('',*,*,#2571,.T.);
#3434=ORIENTED_EDGE('',*,*,#2577,.T.);
#3435=ORIENTED_EDGE('',*,*,#2596,.F.);
#3436=ORIENTED_EDGE('',*,*,#2655,.T.);
#3437=ORIENTED_EDGE('',*,*,#2656,.T.);
#3438=ORIENTED_EDGE('',*,*,#2657,.T.);
#3439=ORIENTED_EDGE('',*,*,#2658,.T.);
#3440=ORIENTED_EDGE('',*,*,#2659,.T.);
#3441=ORIENTED_EDGE('',*,*,#2600,.F.);
#3442=ORIENTED_EDGE('',*,*,#2660,.T.);
#3443=ORIENTED_EDGE('',*,*,#2598,.F.);
#3444=ORIENTED_EDGE('',*,*,#2661,.T.);
#3445=ORIENTED_EDGE('',*,*,#2662,.T.);
#3446=ORIENTED_EDGE('',*,*,#2663,.T.);
#3447=ORIENTED_EDGE('',*,*,#2662,.F.);
#3448=ORIENTED_EDGE('',*,*,#2664,.T.);
#3449=ORIENTED_EDGE('',*,*,#2656,.F.);
#3450=ORIENTED_EDGE('',*,*,#2665,.T.);
#3451=ORIENTED_EDGE('',*,*,#2641,.F.);
#3452=ORIENTED_EDGE('',*,*,#2666,.T.);
#3453=ORIENTED_EDGE('',*,*,#2658,.F.);
#3454=ORIENTED_EDGE('',*,*,#2667,.T.);
#3455=ORIENTED_EDGE('',*,*,#2586,.T.);
#3456=ORIENTED_EDGE('',*,*,#2664,.F.);
#3457=ORIENTED_EDGE('',*,*,#2661,.F.);
#3458=ORIENTED_EDGE('',*,*,#2597,.F.);
#3459=ORIENTED_EDGE('',*,*,#2657,.F.);
#3460=ORIENTED_EDGE('',*,*,#2667,.F.);
#3461=ORIENTED_EDGE('',*,*,#2660,.F.);
#3462=ORIENTED_EDGE('',*,*,#2599,.F.);
#3463=ORIENTED_EDGE('',*,*,#2663,.F.);
#3464=ORIENTED_EDGE('',*,*,#2583,.T.);
#3465=ORIENTED_EDGE('',*,*,#2588,.T.);
#3466=ORIENTED_EDGE('',*,*,#2591,.T.);
#3467=ORIENTED_EDGE('',*,*,#2668,.F.);
#3468=ORIENTED_EDGE('',*,*,#2669,.T.);
#3469=ORIENTED_EDGE('',*,*,#2670,.F.);
#3470=ORIENTED_EDGE('',*,*,#2637,.T.);
#3471=ORIENTED_EDGE('',*,*,#2671,.F.);
#3472=ORIENTED_EDGE('',*,*,#2672,.F.);
#3473=ORIENTED_EDGE('',*,*,#2673,.T.);
#3474=ORIENTED_EDGE('',*,*,#2671,.T.);
#3475=ORIENTED_EDGE('',*,*,#2640,.T.);
#3476=ORIENTED_EDGE('',*,*,#2674,.F.);
#3477=ORIENTED_EDGE('',*,*,#2669,.F.);
#3478=ORIENTED_EDGE('',*,*,#2675,.T.);
#3479=ORIENTED_EDGE('',*,*,#2676,.T.);
#3480=ORIENTED_EDGE('',*,*,#2677,.T.);
#3481=ORIENTED_EDGE('',*,*,#2678,.T.);
#3482=ORIENTED_EDGE('',*,*,#2679,.T.);
#3483=ORIENTED_EDGE('',*,*,#2680,.T.);
#3484=ORIENTED_EDGE('',*,*,#2580,.F.);
#3485=ORIENTED_EDGE('',*,*,#2582,.T.);
#3486=ORIENTED_EDGE('',*,*,#2665,.F.);
#3487=ORIENTED_EDGE('',*,*,#2655,.F.);
#3488=ORIENTED_EDGE('',*,*,#2595,.F.);
#3489=ORIENTED_EDGE('',*,*,#2642,.F.);
#3490=ORIENTED_EDGE('',*,*,#2666,.F.);
#3491=ORIENTED_EDGE('',*,*,#2618,.T.);
#3492=ORIENTED_EDGE('',*,*,#2601,.F.);
#3493=ORIENTED_EDGE('',*,*,#2659,.F.);
#3494=ORIENTED_EDGE('',*,*,#2646,.F.);
#3495=ORIENTED_EDGE('',*,*,#2681,.T.);
#3496=ORIENTED_EDGE('',*,*,#2682,.T.);
#3497=ORIENTED_EDGE('',*,*,#2630,.T.);
#3498=ORIENTED_EDGE('',*,*,#2683,.T.);
#3499=ORIENTED_EDGE('',*,*,#2684,.T.);
#3500=ORIENTED_EDGE('',*,*,#2644,.F.);
#3501=ORIENTED_EDGE('',*,*,#2685,.T.);
#3502=ORIENTED_EDGE('',*,*,#2686,.T.);
#3503=ORIENTED_EDGE('',*,*,#2687,.T.);
#3504=ORIENTED_EDGE('',*,*,#2653,.F.);
#3505=ORIENTED_EDGE('',*,*,#2632,.F.);
#3506=ORIENTED_EDGE('',*,*,#2682,.F.);
#3507=ORIENTED_EDGE('',*,*,#2688,.T.);
#3508=ORIENTED_EDGE('',*,*,#2683,.F.);
#3509=ORIENTED_EDGE('',*,*,#2689,.T.);
#3510=ORIENTED_EDGE('',*,*,#2686,.F.);
#3511=ORIENTED_EDGE('',*,*,#2631,.F.);
#3512=ORIENTED_EDGE('',*,*,#2570,.F.);
#3513=ORIENTED_EDGE('',*,*,#2573,.F.);
#3514=ORIENTED_EDGE('',*,*,#2651,.F.);
#3515=ORIENTED_EDGE('',*,*,#2690,.T.);
#3516=ORIENTED_EDGE('',*,*,#2691,.T.);
#3517=ORIENTED_EDGE('',*,*,#2623,.T.);
#3518=ORIENTED_EDGE('',*,*,#2692,.T.);
#3519=ORIENTED_EDGE('',*,*,#2693,.T.);
#3520=ORIENTED_EDGE('',*,*,#2649,.F.);
#3521=ORIENTED_EDGE('',*,*,#2694,.T.);
#3522=ORIENTED_EDGE('',*,*,#2695,.T.);
#3523=ORIENTED_EDGE('',*,*,#2696,.T.);
#3524=ORIENTED_EDGE('',*,*,#2647,.F.);
#3525=ORIENTED_EDGE('',*,*,#2625,.F.);
#3526=ORIENTED_EDGE('',*,*,#2691,.F.);
#3527=ORIENTED_EDGE('',*,*,#2697,.T.);
#3528=ORIENTED_EDGE('',*,*,#2692,.F.);
#3529=ORIENTED_EDGE('',*,*,#2698,.T.);
#3530=ORIENTED_EDGE('',*,*,#2695,.F.);
#3531=ORIENTED_EDGE('',*,*,#2624,.F.);
#3532=ORIENTED_EDGE('',*,*,#2576,.F.);
#3533=ORIENTED_EDGE('',*,*,#2579,.F.);
#3534=ORIENTED_EDGE('',*,*,#2688,.F.);
#3535=ORIENTED_EDGE('',*,*,#2681,.F.);
#3536=ORIENTED_EDGE('',*,*,#2645,.F.);
#3537=ORIENTED_EDGE('',*,*,#2684,.F.);
#3538=ORIENTED_EDGE('',*,*,#2689,.F.);
#3539=ORIENTED_EDGE('',*,*,#2685,.F.);
#3540=ORIENTED_EDGE('',*,*,#2654,.F.);
#3541=ORIENTED_EDGE('',*,*,#2687,.F.);
#3542=ORIENTED_EDGE('',*,*,#2697,.F.);
#3543=ORIENTED_EDGE('',*,*,#2690,.F.);
#3544=ORIENTED_EDGE('',*,*,#2650,.F.);
#3545=ORIENTED_EDGE('',*,*,#2693,.F.);
#3546=ORIENTED_EDGE('',*,*,#2698,.F.);
#3547=ORIENTED_EDGE('',*,*,#2694,.F.);
#3548=ORIENTED_EDGE('',*,*,#2648,.F.);
#3549=ORIENTED_EDGE('',*,*,#2696,.F.);
#3550=ORIENTED_EDGE('',*,*,#2668,.T.);
#3551=ORIENTED_EDGE('',*,*,#2590,.T.);
#3552=ORIENTED_EDGE('',*,*,#2699,.T.);
#3553=ORIENTED_EDGE('',*,*,#2675,.F.);
#3554=ORIENTED_EDGE('',*,*,#2614,.T.);
#3555=ORIENTED_EDGE('',*,*,#2609,.T.);
#3556=ORIENTED_EDGE('',*,*,#2700,.T.);
#3557=ORIENTED_EDGE('',*,*,#2677,.F.);
#3558=ORIENTED_EDGE('',*,*,#2701,.F.);
#3559=ORIENTED_EDGE('',*,*,#2603,.T.);
#3560=ORIENTED_EDGE('',*,*,#2617,.T.);
#3561=ORIENTED_EDGE('',*,*,#2621,.F.);
#3562=ORIENTED_EDGE('',*,*,#2638,.T.);
#3563=ORIENTED_EDGE('',*,*,#2672,.T.);
#3564=ORIENTED_EDGE('',*,*,#2673,.F.);
#3565=ORIENTED_EDGE('',*,*,#2702,.F.);
#3566=ORIENTED_EDGE('',*,*,#2605,.T.);
#3567=ORIENTED_EDGE('',*,*,#2680,.F.);
#3568=ORIENTED_EDGE('',*,*,#2703,.F.);
#3569=ORIENTED_EDGE('',*,*,#2606,.T.);
#3570=ORIENTED_EDGE('',*,*,#2702,.T.);
#3571=ORIENTED_EDGE('',*,*,#2676,.F.);
#3572=ORIENTED_EDGE('',*,*,#2699,.F.);
#3573=ORIENTED_EDGE('',*,*,#2589,.T.);
#3574=ORIENTED_EDGE('',*,*,#2701,.T.);
#3575=ORIENTED_EDGE('',*,*,#2678,.F.);
#3576=ORIENTED_EDGE('',*,*,#2700,.F.);
#3577=ORIENTED_EDGE('',*,*,#2608,.T.);
#3578=ORIENTED_EDGE('',*,*,#2704,.T.);
#3579=ORIENTED_EDGE('',*,*,#2679,.F.);
#3580=ORIENTED_EDGE('',*,*,#2704,.F.);
#3581=ORIENTED_EDGE('',*,*,#2607,.T.);
#3582=ORIENTED_EDGE('',*,*,#2703,.T.);
#3583=ORIENTED_EDGE('',*,*,#2628,.T.);
#3584=ORIENTED_EDGE('',*,*,#2592,.T.);
#3585=ORIENTED_EDGE('',*,*,#2670,.T.);
#3586=ORIENTED_EDGE('',*,*,#2674,.T.);
#3587=ORIENTED_EDGE('',*,*,#2639,.T.);
#3588=ORIENTED_EDGE('',*,*,#2613,.T.);
#3589=ORIENTED_EDGE('',*,*,#2634,.F.);
#3590=ORIENTED_EDGE('',*,*,#2652,.T.);
#3591=ORIENTED_EDGE('',*,*,#2705,.T.);
#3592=ORIENTED_EDGE('',*,*,#2706,.T.);
#3593=ORIENTED_EDGE('',*,*,#2707,.T.);
#3594=ORIENTED_EDGE('',*,*,#2706,.F.);
#3595=ORIENTED_EDGE('',*,*,#2708,.T.);
#3596=ORIENTED_EDGE('',*,*,#2709,.T.);
#3597=ORIENTED_EDGE('',*,*,#2710,.F.);
#3598=ORIENTED_EDGE('',*,*,#2709,.F.);
#3599=ORIENTED_EDGE('',*,*,#2711,.T.);
#3600=ORIENTED_EDGE('',*,*,#2712,.T.);
#3601=ORIENTED_EDGE('',*,*,#2713,.F.);
#3602=ORIENTED_EDGE('',*,*,#2712,.F.);
#3603=ORIENTED_EDGE('',*,*,#2714,.F.);
#3604=ORIENTED_EDGE('',*,*,#2715,.T.);
#3605=ORIENTED_EDGE('',*,*,#2716,.T.);
#3606=ORIENTED_EDGE('',*,*,#2715,.F.);
#3607=ORIENTED_EDGE('',*,*,#2717,.F.);
#3608=ORIENTED_EDGE('',*,*,#2718,.T.);
#3609=ORIENTED_EDGE('',*,*,#2719,.T.);
#3610=ORIENTED_EDGE('',*,*,#2718,.F.);
#3611=ORIENTED_EDGE('',*,*,#2720,.F.);
#3612=ORIENTED_EDGE('',*,*,#2721,.T.);
#3613=ORIENTED_EDGE('',*,*,#2722,.T.);
#3614=ORIENTED_EDGE('',*,*,#2721,.F.);
#3615=ORIENTED_EDGE('',*,*,#2723,.F.);
#3616=ORIENTED_EDGE('',*,*,#2724,.T.);
#3617=ORIENTED_EDGE('',*,*,#2725,.T.);
#3618=ORIENTED_EDGE('',*,*,#2724,.F.);
#3619=ORIENTED_EDGE('',*,*,#2726,.F.);
#3620=ORIENTED_EDGE('',*,*,#2727,.T.);
#3621=ORIENTED_EDGE('',*,*,#2728,.T.);
#3622=ORIENTED_EDGE('',*,*,#2727,.F.);
#3623=ORIENTED_EDGE('',*,*,#2729,.F.);
#3624=ORIENTED_EDGE('',*,*,#2730,.F.);
#3625=ORIENTED_EDGE('',*,*,#2731,.F.);
#3626=ORIENTED_EDGE('',*,*,#2732,.F.);
#3627=ORIENTED_EDGE('',*,*,#2733,.T.);
#3628=ORIENTED_EDGE('',*,*,#2734,.T.);
#3629=ORIENTED_EDGE('',*,*,#2735,.T.);
#3630=ORIENTED_EDGE('',*,*,#2736,.T.);
#3631=ORIENTED_EDGE('',*,*,#2737,.T.);
#3632=ORIENTED_EDGE('',*,*,#2738,.T.);
#3633=ORIENTED_EDGE('',*,*,#2739,.T.);
#3634=ORIENTED_EDGE('',*,*,#2740,.T.);
#3635=ORIENTED_EDGE('',*,*,#2741,.T.);
#3636=ORIENTED_EDGE('',*,*,#2742,.F.);
#3637=ORIENTED_EDGE('',*,*,#2743,.F.);
#3638=ORIENTED_EDGE('',*,*,#2711,.F.);
#3639=ORIENTED_EDGE('',*,*,#2732,.T.);
#3640=ORIENTED_EDGE('',*,*,#2744,.T.);
#3641=ORIENTED_EDGE('',*,*,#2745,.F.);
#3642=ORIENTED_EDGE('',*,*,#2746,.T.);
#3643=ORIENTED_EDGE('',*,*,#2747,.T.);
#3644=ORIENTED_EDGE('',*,*,#2748,.F.);
#3645=ORIENTED_EDGE('',*,*,#2749,.T.);
#3646=ORIENTED_EDGE('',*,*,#2750,.T.);
#3647=ORIENTED_EDGE('',*,*,#2745,.T.);
#3648=ORIENTED_EDGE('',*,*,#2751,.F.);
#3649=ORIENTED_EDGE('',*,*,#2752,.T.);
#3650=ORIENTED_EDGE('',*,*,#2753,.F.);
#3651=ORIENTED_EDGE('',*,*,#2754,.T.);
#3652=ORIENTED_EDGE('',*,*,#2755,.F.);
#3653=ORIENTED_EDGE('',*,*,#2756,.F.);
#3654=ORIENTED_EDGE('',*,*,#2754,.F.);
#3655=ORIENTED_EDGE('',*,*,#2757,.F.);
#3656=ORIENTED_EDGE('',*,*,#2758,.T.);
#3657=ORIENTED_EDGE('',*,*,#2759,.T.);
#3658=ORIENTED_EDGE('',*,*,#2760,.F.);
#3659=ORIENTED_EDGE('',*,*,#2761,.F.);
#3660=ORIENTED_EDGE('',*,*,#2762,.F.);
#3661=ORIENTED_EDGE('',*,*,#2705,.F.);
#3662=ORIENTED_EDGE('',*,*,#2763,.F.);
#3663=ORIENTED_EDGE('',*,*,#2764,.T.);
#3664=ORIENTED_EDGE('',*,*,#2765,.T.);
#3665=ORIENTED_EDGE('',*,*,#2766,.F.);
#3666=ORIENTED_EDGE('',*,*,#2767,.F.);
#3667=ORIENTED_EDGE('',*,*,#2768,.F.);
#3668=ORIENTED_EDGE('',*,*,#2740,.F.);
#3669=ORIENTED_EDGE('',*,*,#2769,.T.);
#3670=ORIENTED_EDGE('',*,*,#2770,.T.);
#3671=ORIENTED_EDGE('',*,*,#2746,.F.);
#3672=ORIENTED_EDGE('',*,*,#2750,.F.);
#3673=ORIENTED_EDGE('',*,*,#2771,.T.);
#3674=ORIENTED_EDGE('',*,*,#2759,.F.);
#3675=ORIENTED_EDGE('',*,*,#2772,.T.);
#3676=ORIENTED_EDGE('',*,*,#2773,.F.);
#3677=ORIENTED_EDGE('',*,*,#2774,.F.);
#3678=ORIENTED_EDGE('',*,*,#2775,.F.);
#3679=ORIENTED_EDGE('',*,*,#2776,.F.);
#3680=ORIENTED_EDGE('',*,*,#2777,.F.);
#3681=ORIENTED_EDGE('',*,*,#2778,.F.);
#3682=ORIENTED_EDGE('',*,*,#2779,.F.);
#3683=ORIENTED_EDGE('',*,*,#2780,.F.);
#3684=ORIENTED_EDGE('',*,*,#2781,.F.);
#3685=ORIENTED_EDGE('',*,*,#2782,.F.);
#3686=ORIENTED_EDGE('',*,*,#2783,.F.);
#3687=ORIENTED_EDGE('',*,*,#2784,.F.);
#3688=ORIENTED_EDGE('',*,*,#2765,.F.);
#3689=ORIENTED_EDGE('',*,*,#2785,.F.);
#3690=ORIENTED_EDGE('',*,*,#2786,.F.);
#3691=ORIENTED_EDGE('',*,*,#2787,.F.);
#3692=ORIENTED_EDGE('',*,*,#2788,.F.);
#3693=ORIENTED_EDGE('',*,*,#2789,.F.);
#3694=ORIENTED_EDGE('',*,*,#2790,.F.);
#3695=ORIENTED_EDGE('',*,*,#2791,.F.);
#3696=ORIENTED_EDGE('',*,*,#2792,.F.);
#3697=ORIENTED_EDGE('',*,*,#2793,.F.);
#3698=ORIENTED_EDGE('',*,*,#2794,.F.);
#3699=ORIENTED_EDGE('',*,*,#2795,.T.);
#3700=ORIENTED_EDGE('',*,*,#2781,.T.);
#3701=ORIENTED_EDGE('',*,*,#2796,.F.);
#3702=ORIENTED_EDGE('',*,*,#2797,.F.);
#3703=ORIENTED_EDGE('',*,*,#2798,.T.);
#3704=ORIENTED_EDGE('',*,*,#2777,.T.);
#3705=ORIENTED_EDGE('',*,*,#2799,.F.);
#3706=ORIENTED_EDGE('',*,*,#2741,.F.);
#3707=ORIENTED_EDGE('',*,*,#2768,.T.);
#3708=ORIENTED_EDGE('',*,*,#2775,.T.);
#3709=ORIENTED_EDGE('',*,*,#2800,.F.);
#3710=ORIENTED_EDGE('',*,*,#2801,.F.);
#3711=ORIENTED_EDGE('',*,*,#2802,.T.);
#3712=ORIENTED_EDGE('',*,*,#2792,.T.);
#3713=ORIENTED_EDGE('',*,*,#2803,.F.);
#3714=ORIENTED_EDGE('',*,*,#2804,.F.);
#3715=ORIENTED_EDGE('',*,*,#2805,.T.);
#3716=ORIENTED_EDGE('',*,*,#2788,.T.);
#3717=ORIENTED_EDGE('',*,*,#2806,.F.);
#3718=ORIENTED_EDGE('',*,*,#2807,.F.);
#3719=ORIENTED_EDGE('',*,*,#2772,.F.);
#3720=ORIENTED_EDGE('',*,*,#2758,.F.);
#3721=ORIENTED_EDGE('',*,*,#2808,.F.);
#3722=ORIENTED_EDGE('',*,*,#2734,.F.);
#3723=ORIENTED_EDGE('',*,*,#2809,.T.);
#3724=ORIENTED_EDGE('',*,*,#2810,.T.);
#3725=ORIENTED_EDGE('',*,*,#2811,.T.);
#3726=ORIENTED_EDGE('',*,*,#2812,.T.);
#3727=ORIENTED_EDGE('',*,*,#2813,.T.);
#3728=ORIENTED_EDGE('',*,*,#2738,.F.);
#3729=ORIENTED_EDGE('',*,*,#2814,.T.);
#3730=ORIENTED_EDGE('',*,*,#2815,.T.);
#3731=ORIENTED_EDGE('',*,*,#2816,.T.);
#3732=ORIENTED_EDGE('',*,*,#2736,.F.);
#3733=ORIENTED_EDGE('',*,*,#2817,.T.);
#3734=ORIENTED_EDGE('',*,*,#2812,.F.);
#3735=ORIENTED_EDGE('',*,*,#2818,.T.);
#3736=ORIENTED_EDGE('',*,*,#2815,.F.);
#3737=ORIENTED_EDGE('',*,*,#2819,.T.);
#3738=ORIENTED_EDGE('',*,*,#2810,.F.);
#3739=ORIENTED_EDGE('',*,*,#2820,.T.);
#3740=ORIENTED_EDGE('',*,*,#2770,.F.);
#3741=ORIENTED_EDGE('',*,*,#2821,.T.);
#3742=ORIENTED_EDGE('',*,*,#2714,.T.);
#3743=ORIENTED_EDGE('',*,*,#2818,.F.);
#3744=ORIENTED_EDGE('',*,*,#2814,.F.);
#3745=ORIENTED_EDGE('',*,*,#2737,.F.);
#3746=ORIENTED_EDGE('',*,*,#2816,.F.);
#3747=ORIENTED_EDGE('',*,*,#2819,.F.);
#3748=ORIENTED_EDGE('',*,*,#2817,.F.);
#3749=ORIENTED_EDGE('',*,*,#2735,.F.);
#3750=ORIENTED_EDGE('',*,*,#2811,.F.);
#3751=ORIENTED_EDGE('',*,*,#2713,.T.);
#3752=ORIENTED_EDGE('',*,*,#2716,.F.);
#3753=ORIENTED_EDGE('',*,*,#2743,.T.);
#3754=ORIENTED_EDGE('',*,*,#2822,.F.);
#3755=ORIENTED_EDGE('',*,*,#2823,.F.);
#3756=ORIENTED_EDGE('',*,*,#2824,.F.);
#3757=ORIENTED_EDGE('',*,*,#2751,.T.);
#3758=ORIENTED_EDGE('',*,*,#2825,.F.);
#3759=ORIENTED_EDGE('',*,*,#2826,.F.);
#3760=ORIENTED_EDGE('',*,*,#2826,.T.);
#3761=ORIENTED_EDGE('',*,*,#2827,.T.);
#3762=ORIENTED_EDGE('',*,*,#2828,.T.);
#3763=ORIENTED_EDGE('',*,*,#2829,.T.);
#3764=ORIENTED_EDGE('',*,*,#2830,.T.);
#3765=ORIENTED_EDGE('',*,*,#2831,.T.);
#3766=ORIENTED_EDGE('',*,*,#2823,.T.);
#3767=ORIENTED_EDGE('',*,*,#2832,.F.);
#3768=ORIENTED_EDGE('',*,*,#2752,.F.);
#3769=ORIENTED_EDGE('',*,*,#2708,.F.);
#3770=ORIENTED_EDGE('',*,*,#2726,.T.);
#3771=ORIENTED_EDGE('',*,*,#2723,.T.);
#3772=ORIENTED_EDGE('',*,*,#2720,.T.);
#3773=ORIENTED_EDGE('',*,*,#2717,.T.);
#3774=ORIENTED_EDGE('',*,*,#2749,.F.);
#3775=ORIENTED_EDGE('',*,*,#2833,.T.);
#3776=ORIENTED_EDGE('',*,*,#2760,.T.);
#3777=ORIENTED_EDGE('',*,*,#2771,.F.);
#3778=ORIENTED_EDGE('',*,*,#2710,.T.);
#3779=ORIENTED_EDGE('',*,*,#2821,.F.);
#3780=ORIENTED_EDGE('',*,*,#2769,.F.);
#3781=ORIENTED_EDGE('',*,*,#2739,.F.);
#3782=ORIENTED_EDGE('',*,*,#2813,.F.);
#3783=ORIENTED_EDGE('',*,*,#2820,.F.);
#3784=ORIENTED_EDGE('',*,*,#2809,.F.);
#3785=ORIENTED_EDGE('',*,*,#2733,.F.);
#3786=ORIENTED_EDGE('',*,*,#2747,.F.);
#3787=ORIENTED_EDGE('',*,*,#2776,.T.);
#3788=ORIENTED_EDGE('',*,*,#2808,.T.);
#3789=ORIENTED_EDGE('',*,*,#2757,.T.);
#3790=ORIENTED_EDGE('',*,*,#2753,.T.);
#3791=ORIENTED_EDGE('',*,*,#2832,.T.);
#3792=ORIENTED_EDGE('',*,*,#2822,.T.);
#3793=ORIENTED_EDGE('',*,*,#2742,.T.);
#3794=ORIENTED_EDGE('',*,*,#2799,.T.);
#3795=ORIENTED_EDGE('',*,*,#2783,.T.);
#3796=ORIENTED_EDGE('',*,*,#2834,.F.);
#3797=ORIENTED_EDGE('',*,*,#2835,.F.);
#3798=ORIENTED_EDGE('',*,*,#2836,.T.);
#3799=ORIENTED_EDGE('',*,*,#2784,.T.);
#3800=ORIENTED_EDGE('',*,*,#2836,.F.);
#3801=ORIENTED_EDGE('',*,*,#2837,.F.);
#3802=ORIENTED_EDGE('',*,*,#2766,.T.);
#3803=ORIENTED_EDGE('',*,*,#2782,.T.);
#3804=ORIENTED_EDGE('',*,*,#2795,.F.);
#3805=ORIENTED_EDGE('',*,*,#2838,.F.);
#3806=ORIENTED_EDGE('',*,*,#2834,.T.);
#3807=ORIENTED_EDGE('',*,*,#2835,.T.);
#3808=ORIENTED_EDGE('',*,*,#2838,.T.);
#3809=ORIENTED_EDGE('',*,*,#2794,.T.);
#3810=ORIENTED_EDGE('',*,*,#2767,.T.);
#3811=ORIENTED_EDGE('',*,*,#2837,.T.);
#3812=ORIENTED_EDGE('',*,*,#2719,.F.);
#3813=ORIENTED_EDGE('',*,*,#2786,.T.);
#3814=ORIENTED_EDGE('',*,*,#2839,.F.);
#3815=ORIENTED_EDGE('',*,*,#2840,.F.);
#3816=ORIENTED_EDGE('',*,*,#2841,.T.);
#3817=ORIENTED_EDGE('',*,*,#2787,.T.);
#3818=ORIENTED_EDGE('',*,*,#2841,.F.);
#3819=ORIENTED_EDGE('',*,*,#2842,.F.);
#3820=ORIENTED_EDGE('',*,*,#2806,.T.);
#3821=ORIENTED_EDGE('',*,*,#2785,.T.);
#3822=ORIENTED_EDGE('',*,*,#2764,.F.);
#3823=ORIENTED_EDGE('',*,*,#2843,.F.);
#3824=ORIENTED_EDGE('',*,*,#2839,.T.);
#3825=ORIENTED_EDGE('',*,*,#2840,.T.);
#3826=ORIENTED_EDGE('',*,*,#2843,.T.);
#3827=ORIENTED_EDGE('',*,*,#2763,.T.);
#3828=ORIENTED_EDGE('',*,*,#2807,.T.);
#3829=ORIENTED_EDGE('',*,*,#2842,.T.);
#3830=ORIENTED_EDGE('',*,*,#2722,.F.);
#3831=ORIENTED_EDGE('',*,*,#2779,.T.);
#3832=ORIENTED_EDGE('',*,*,#2844,.F.);
#3833=ORIENTED_EDGE('',*,*,#2845,.F.);
#3834=ORIENTED_EDGE('',*,*,#2846,.T.);
#3835=ORIENTED_EDGE('',*,*,#2780,.T.);
#3836=ORIENTED_EDGE('',*,*,#2846,.F.);
#3837=ORIENTED_EDGE('',*,*,#2847,.F.);
#3838=ORIENTED_EDGE('',*,*,#2796,.T.);
#3839=ORIENTED_EDGE('',*,*,#2778,.T.);
#3840=ORIENTED_EDGE('',*,*,#2798,.F.);
#3841=ORIENTED_EDGE('',*,*,#2848,.F.);
#3842=ORIENTED_EDGE('',*,*,#2844,.T.);
#3843=ORIENTED_EDGE('',*,*,#2845,.T.);
#3844=ORIENTED_EDGE('',*,*,#2848,.T.);
#3845=ORIENTED_EDGE('',*,*,#2797,.T.);
#3846=ORIENTED_EDGE('',*,*,#2847,.T.);
#3847=ORIENTED_EDGE('',*,*,#2725,.F.);
#3848=ORIENTED_EDGE('',*,*,#2790,.T.);
#3849=ORIENTED_EDGE('',*,*,#2849,.F.);
#3850=ORIENTED_EDGE('',*,*,#2850,.F.);
#3851=ORIENTED_EDGE('',*,*,#2851,.T.);
#3852=ORIENTED_EDGE('',*,*,#2791,.T.);
#3853=ORIENTED_EDGE('',*,*,#2851,.F.);
#3854=ORIENTED_EDGE('',*,*,#2852,.F.);
#3855=ORIENTED_EDGE('',*,*,#2803,.T.);
#3856=ORIENTED_EDGE('',*,*,#2789,.T.);
#3857=ORIENTED_EDGE('',*,*,#2805,.F.);
#3858=ORIENTED_EDGE('',*,*,#2853,.F.);
#3859=ORIENTED_EDGE('',*,*,#2849,.T.);
#3860=ORIENTED_EDGE('',*,*,#2850,.T.);
#3861=ORIENTED_EDGE('',*,*,#2853,.T.);
#3862=ORIENTED_EDGE('',*,*,#2804,.T.);
#3863=ORIENTED_EDGE('',*,*,#2852,.T.);
#3864=ORIENTED_EDGE('',*,*,#2728,.F.);
#3865=ORIENTED_EDGE('',*,*,#2773,.T.);
#3866=ORIENTED_EDGE('',*,*,#2854,.F.);
#3867=ORIENTED_EDGE('',*,*,#2855,.F.);
#3868=ORIENTED_EDGE('',*,*,#2856,.T.);
#3869=ORIENTED_EDGE('',*,*,#2774,.T.);
#3870=ORIENTED_EDGE('',*,*,#2856,.F.);
#3871=ORIENTED_EDGE('',*,*,#2857,.F.);
#3872=ORIENTED_EDGE('',*,*,#2800,.T.);
#3873=ORIENTED_EDGE('',*,*,#2793,.T.);
#3874=ORIENTED_EDGE('',*,*,#2802,.F.);
#3875=ORIENTED_EDGE('',*,*,#2858,.F.);
#3876=ORIENTED_EDGE('',*,*,#2854,.T.);
#3877=ORIENTED_EDGE('',*,*,#2855,.T.);
#3878=ORIENTED_EDGE('',*,*,#2858,.T.);
#3879=ORIENTED_EDGE('',*,*,#2801,.T.);
#3880=ORIENTED_EDGE('',*,*,#2857,.T.);
#3881=ORIENTED_EDGE('',*,*,#2707,.F.);
#3882=ORIENTED_EDGE('',*,*,#2824,.T.);
#3883=ORIENTED_EDGE('',*,*,#2831,.F.);
#3884=ORIENTED_EDGE('',*,*,#2859,.T.);
#3885=ORIENTED_EDGE('',*,*,#2729,.T.);
#3886=ORIENTED_EDGE('',*,*,#2731,.T.);
#3887=ORIENTED_EDGE('',*,*,#2860,.F.);
#3888=ORIENTED_EDGE('',*,*,#2829,.F.);
#3889=ORIENTED_EDGE('',*,*,#2861,.T.);
#3890=ORIENTED_EDGE('',*,*,#2761,.T.);
#3891=ORIENTED_EDGE('',*,*,#2833,.F.);
#3892=ORIENTED_EDGE('',*,*,#2748,.T.);
#3893=ORIENTED_EDGE('',*,*,#2744,.F.);
#3894=ORIENTED_EDGE('',*,*,#2756,.T.);
#3895=ORIENTED_EDGE('',*,*,#2862,.F.);
#3896=ORIENTED_EDGE('',*,*,#2827,.F.);
#3897=ORIENTED_EDGE('',*,*,#2825,.T.);
#3898=ORIENTED_EDGE('',*,*,#2755,.T.);
#3899=ORIENTED_EDGE('',*,*,#2860,.T.);
#3900=ORIENTED_EDGE('',*,*,#2730,.T.);
#3901=ORIENTED_EDGE('',*,*,#2859,.F.);
#3902=ORIENTED_EDGE('',*,*,#2830,.F.);
#3903=ORIENTED_EDGE('',*,*,#2862,.T.);
#3904=ORIENTED_EDGE('',*,*,#2762,.T.);
#3905=ORIENTED_EDGE('',*,*,#2861,.F.);
#3906=ORIENTED_EDGE('',*,*,#2828,.F.);
#3907=ORIENTED_EDGE('',*,*,#2863,.T.);
#3908=ORIENTED_EDGE('',*,*,#2864,.F.);
#3909=ORIENTED_EDGE('',*,*,#2865,.T.);
#3910=ORIENTED_EDGE('',*,*,#2866,.T.);
#3911=ORIENTED_EDGE('',*,*,#2867,.T.);
#3912=ORIENTED_EDGE('',*,*,#2868,.F.);
#3913=ORIENTED_EDGE('',*,*,#2863,.F.);
#3914=ORIENTED_EDGE('',*,*,#2869,.T.);
#3915=ORIENTED_EDGE('',*,*,#2870,.T.);
#3916=ORIENTED_EDGE('',*,*,#2871,.F.);
#3917=ORIENTED_EDGE('',*,*,#2867,.F.);
#3918=ORIENTED_EDGE('',*,*,#2872,.T.);
#3919=ORIENTED_EDGE('',*,*,#2873,.T.);
#3920=ORIENTED_EDGE('',*,*,#2874,.F.);
#3921=ORIENTED_EDGE('',*,*,#2870,.F.);
#3922=ORIENTED_EDGE('',*,*,#2875,.T.);
#3923=ORIENTED_EDGE('',*,*,#2876,.T.);
#3924=ORIENTED_EDGE('',*,*,#2877,.F.);
#3925=ORIENTED_EDGE('',*,*,#2873,.F.);
#3926=ORIENTED_EDGE('',*,*,#2878,.T.);
#3927=ORIENTED_EDGE('',*,*,#2879,.T.);
#3928=ORIENTED_EDGE('',*,*,#2880,.F.);
#3929=ORIENTED_EDGE('',*,*,#2876,.F.);
#3930=ORIENTED_EDGE('',*,*,#2881,.T.);
#3931=ORIENTED_EDGE('',*,*,#2882,.F.);
#3932=ORIENTED_EDGE('',*,*,#2883,.T.);
#3933=ORIENTED_EDGE('',*,*,#2884,.F.);
#3934=ORIENTED_EDGE('',*,*,#2885,.F.);
#3935=ORIENTED_EDGE('',*,*,#2886,.T.);
#3936=ORIENTED_EDGE('',*,*,#2887,.F.);
#3937=ORIENTED_EDGE('',*,*,#2888,.T.);
#3938=ORIENTED_EDGE('',*,*,#2889,.T.);
#3939=ORIENTED_EDGE('',*,*,#2890,.T.);
#3940=ORIENTED_EDGE('',*,*,#2891,.F.);
#3941=ORIENTED_EDGE('',*,*,#2886,.F.);
#3942=ORIENTED_EDGE('',*,*,#2892,.T.);
#3943=ORIENTED_EDGE('',*,*,#2893,.T.);
#3944=ORIENTED_EDGE('',*,*,#2894,.F.);
#3945=ORIENTED_EDGE('',*,*,#2890,.F.);
#3946=ORIENTED_EDGE('',*,*,#2895,.T.);
#3947=ORIENTED_EDGE('',*,*,#2896,.T.);
#3948=ORIENTED_EDGE('',*,*,#2897,.F.);
#3949=ORIENTED_EDGE('',*,*,#2893,.F.);
#3950=ORIENTED_EDGE('',*,*,#2898,.T.);
#3951=ORIENTED_EDGE('',*,*,#2899,.T.);
#3952=ORIENTED_EDGE('',*,*,#2900,.F.);
#3953=ORIENTED_EDGE('',*,*,#2896,.F.);
#3954=ORIENTED_EDGE('',*,*,#2901,.T.);
#3955=ORIENTED_EDGE('',*,*,#2902,.T.);
#3956=ORIENTED_EDGE('',*,*,#2903,.F.);
#3957=ORIENTED_EDGE('',*,*,#2899,.F.);
#3958=ORIENTED_EDGE('',*,*,#2904,.T.);
#3959=ORIENTED_EDGE('',*,*,#2905,.T.);
#3960=ORIENTED_EDGE('',*,*,#2906,.T.);
#3961=ORIENTED_EDGE('',*,*,#2907,.F.);
#3962=ORIENTED_EDGE('',*,*,#2908,.F.);
#3963=ORIENTED_EDGE('',*,*,#2909,.T.);
#3964=ORIENTED_EDGE('',*,*,#2910,.F.);
#3965=ORIENTED_EDGE('',*,*,#2911,.F.);
#3966=ORIENTED_EDGE('',*,*,#2906,.F.);
#3967=ORIENTED_EDGE('',*,*,#2912,.F.);
#3968=ORIENTED_EDGE('',*,*,#2913,.T.);
#3969=ORIENTED_EDGE('',*,*,#2914,.T.);
#3970=ORIENTED_EDGE('',*,*,#2913,.F.);
#3971=ORIENTED_EDGE('',*,*,#2915,.F.);
#3972=ORIENTED_EDGE('',*,*,#2916,.T.);
#3973=ORIENTED_EDGE('',*,*,#2917,.T.);
#3974=ORIENTED_EDGE('',*,*,#2918,.T.);
#3975=ORIENTED_EDGE('',*,*,#2919,.T.);
#3976=ORIENTED_EDGE('',*,*,#2920,.T.);
#3977=ORIENTED_EDGE('',*,*,#2921,.T.);
#3978=ORIENTED_EDGE('',*,*,#2922,.T.);
#3979=ORIENTED_EDGE('',*,*,#2923,.T.);
#3980=ORIENTED_EDGE('',*,*,#2924,.T.);
#3981=ORIENTED_EDGE('',*,*,#2925,.T.);
#3982=ORIENTED_EDGE('',*,*,#2926,.F.);
#3983=ORIENTED_EDGE('',*,*,#2927,.F.);
#3984=ORIENTED_EDGE('',*,*,#2928,.F.);
#3985=ORIENTED_EDGE('',*,*,#2929,.F.);
#3986=ORIENTED_EDGE('',*,*,#2930,.F.);
#3987=ORIENTED_EDGE('',*,*,#2931,.F.);
#3988=ORIENTED_EDGE('',*,*,#2932,.F.);
#3989=ORIENTED_EDGE('',*,*,#2933,.F.);
#3990=ORIENTED_EDGE('',*,*,#2888,.F.);
#3991=ORIENTED_EDGE('',*,*,#2914,.F.);
#3992=ORIENTED_EDGE('',*,*,#2934,.T.);
#3993=ORIENTED_EDGE('',*,*,#2935,.F.);
#3994=ORIENTED_EDGE('',*,*,#2934,.F.);
#3995=ORIENTED_EDGE('',*,*,#2925,.F.);
#3996=ORIENTED_EDGE('',*,*,#2924,.F.);
#3997=ORIENTED_EDGE('',*,*,#2923,.F.);
#3998=ORIENTED_EDGE('',*,*,#2922,.F.);
#3999=ORIENTED_EDGE('',*,*,#2921,.F.);
#4000=ORIENTED_EDGE('',*,*,#2920,.F.);
#4001=ORIENTED_EDGE('',*,*,#2919,.F.);
#4002=ORIENTED_EDGE('',*,*,#2918,.F.);
#4003=ORIENTED_EDGE('',*,*,#2917,.F.);
#4004=ORIENTED_EDGE('',*,*,#2936,.F.);
#4005=ORIENTED_EDGE('',*,*,#2937,.F.);
#4006=ORIENTED_EDGE('',*,*,#2938,.T.);
#4007=ORIENTED_EDGE('',*,*,#2905,.F.);
#4008=ORIENTED_EDGE('',*,*,#2938,.F.);
#4009=ORIENTED_EDGE('',*,*,#2939,.T.);
#4010=ORIENTED_EDGE('',*,*,#2940,.T.);
#4011=ORIENTED_EDGE('',*,*,#2941,.F.);
#4012=ORIENTED_EDGE('',*,*,#2940,.F.);
#4013=ORIENTED_EDGE('',*,*,#2936,.T.);
#4014=ORIENTED_EDGE('',*,*,#2937,.T.);
#4015=ORIENTED_EDGE('',*,*,#2942,.T.);
#4016=ORIENTED_EDGE('',*,*,#2943,.F.);
#4017=ORIENTED_EDGE('',*,*,#2942,.F.);
#4018=ORIENTED_EDGE('',*,*,#2908,.T.);
#4019=ORIENTED_EDGE('',*,*,#2944,.F.);
#4020=ORIENTED_EDGE('',*,*,#2902,.F.);
#4021=ORIENTED_EDGE('',*,*,#2945,.T.);
#4022=ORIENTED_EDGE('',*,*,#2941,.T.);
#4023=ORIENTED_EDGE('',*,*,#2935,.T.);
#4024=ORIENTED_EDGE('',*,*,#2939,.F.);
#4025=ORIENTED_EDGE('',*,*,#2943,.T.);
#4026=ORIENTED_EDGE('',*,*,#2946,.T.);
#4027=ORIENTED_EDGE('',*,*,#2884,.T.);
#4028=ORIENTED_EDGE('',*,*,#2947,.T.);
#4029=ORIENTED_EDGE('',*,*,#2910,.T.);
#4030=ORIENTED_EDGE('',*,*,#2866,.F.);
#4031=ORIENTED_EDGE('',*,*,#2948,.T.);
#4032=ORIENTED_EDGE('',*,*,#2915,.T.);
#4033=ORIENTED_EDGE('',*,*,#2912,.T.);
#4034=ORIENTED_EDGE('',*,*,#2887,.T.);
#4035=ORIENTED_EDGE('',*,*,#2891,.T.);
#4036=ORIENTED_EDGE('',*,*,#2894,.T.);
#4037=ORIENTED_EDGE('',*,*,#2897,.T.);
#4038=ORIENTED_EDGE('',*,*,#2900,.T.);
#4039=ORIENTED_EDGE('',*,*,#2903,.T.);
#4040=ORIENTED_EDGE('',*,*,#2944,.T.);
#4041=ORIENTED_EDGE('',*,*,#2907,.T.);
#4042=ORIENTED_EDGE('',*,*,#2911,.T.);
#4043=ORIENTED_EDGE('',*,*,#2947,.F.);
#4044=ORIENTED_EDGE('',*,*,#2883,.F.);
#4045=ORIENTED_EDGE('',*,*,#2949,.F.);
#4046=ORIENTED_EDGE('',*,*,#2881,.F.);
#4047=ORIENTED_EDGE('',*,*,#2878,.F.);
#4048=ORIENTED_EDGE('',*,*,#2875,.F.);
#4049=ORIENTED_EDGE('',*,*,#2872,.F.);
#4050=ORIENTED_EDGE('',*,*,#2869,.F.);
#4051=ORIENTED_EDGE('',*,*,#2882,.T.);
#4052=ORIENTED_EDGE('',*,*,#2950,.F.);
#4053=ORIENTED_EDGE('',*,*,#2879,.F.);
#4054=ORIENTED_EDGE('',*,*,#2949,.T.);
#4055=ORIENTED_EDGE('',*,*,#2889,.F.);
#4056=ORIENTED_EDGE('',*,*,#2951,.T.);
#4057=ORIENTED_EDGE('',*,*,#2864,.T.);
#4058=ORIENTED_EDGE('',*,*,#2868,.T.);
#4059=ORIENTED_EDGE('',*,*,#2871,.T.);
#4060=ORIENTED_EDGE('',*,*,#2874,.T.);
#4061=ORIENTED_EDGE('',*,*,#2877,.T.);
#4062=ORIENTED_EDGE('',*,*,#2880,.T.);
#4063=ORIENTED_EDGE('',*,*,#2950,.T.);
#4064=ORIENTED_EDGE('',*,*,#2885,.T.);
#4065=ORIENTED_EDGE('',*,*,#2946,.F.);
#4066=ORIENTED_EDGE('',*,*,#2909,.F.);
#4067=ORIENTED_EDGE('',*,*,#2945,.F.);
#4068=ORIENTED_EDGE('',*,*,#2904,.F.);
#4069=ORIENTED_EDGE('',*,*,#2901,.F.);
#4070=ORIENTED_EDGE('',*,*,#2898,.F.);
#4071=ORIENTED_EDGE('',*,*,#2895,.F.);
#4072=ORIENTED_EDGE('',*,*,#2892,.F.);
#4073=ORIENTED_EDGE('',*,*,#2916,.F.);
#4074=ORIENTED_EDGE('',*,*,#2948,.F.);
#4075=ORIENTED_EDGE('',*,*,#2865,.F.);
#4076=ORIENTED_EDGE('',*,*,#2951,.F.);
#4077=ORIENTED_EDGE('',*,*,#2933,.T.);
#4078=ORIENTED_EDGE('',*,*,#2932,.T.);
#4079=ORIENTED_EDGE('',*,*,#2931,.T.);
#4080=ORIENTED_EDGE('',*,*,#2930,.T.);
#4081=ORIENTED_EDGE('',*,*,#2929,.T.);
#4082=ORIENTED_EDGE('',*,*,#2928,.T.);
#4083=ORIENTED_EDGE('',*,*,#2927,.T.);
#4084=ORIENTED_EDGE('',*,*,#2926,.T.);
#4085=ORIENTED_EDGE('',*,*,#2952,.F.);
#4086=ORIENTED_EDGE('',*,*,#2953,.T.);
#4087=ORIENTED_EDGE('',*,*,#2954,.T.);
#4088=ORIENTED_EDGE('',*,*,#2953,.F.);
#4089=ORIENTED_EDGE('',*,*,#2955,.F.);
#4090=ORIENTED_EDGE('',*,*,#2956,.T.);
#4091=ORIENTED_EDGE('',*,*,#2957,.T.);
#4092=ORIENTED_EDGE('',*,*,#2956,.F.);
#4093=ORIENTED_EDGE('',*,*,#2958,.T.);
#4094=ORIENTED_EDGE('',*,*,#2959,.T.);
#4095=ORIENTED_EDGE('',*,*,#2960,.F.);
#4096=ORIENTED_EDGE('',*,*,#2959,.F.);
#4097=ORIENTED_EDGE('',*,*,#2961,.T.);
#4098=ORIENTED_EDGE('',*,*,#2962,.T.);
#4099=ORIENTED_EDGE('',*,*,#2963,.F.);
#4100=ORIENTED_EDGE('',*,*,#2962,.F.);
#4101=ORIENTED_EDGE('',*,*,#2964,.T.);
#4102=ORIENTED_EDGE('',*,*,#2965,.T.);
#4103=ORIENTED_EDGE('',*,*,#2966,.T.);
#4104=ORIENTED_EDGE('',*,*,#2967,.T.);
#4105=ORIENTED_EDGE('',*,*,#2968,.T.);
#4106=ORIENTED_EDGE('',*,*,#2969,.T.);
#4107=ORIENTED_EDGE('',*,*,#2970,.T.);
#4108=ORIENTED_EDGE('',*,*,#2971,.T.);
#4109=ORIENTED_EDGE('',*,*,#2972,.F.);
#4110=ORIENTED_EDGE('',*,*,#2973,.T.);
#4111=ORIENTED_EDGE('',*,*,#2974,.F.);
#4112=ORIENTED_EDGE('',*,*,#2975,.T.);
#4113=ORIENTED_EDGE('',*,*,#2976,.F.);
#4114=ORIENTED_EDGE('',*,*,#2977,.T.);
#4115=ORIENTED_EDGE('',*,*,#2978,.F.);
#4116=ORIENTED_EDGE('',*,*,#2979,.T.);
#4117=ORIENTED_EDGE('',*,*,#2980,.F.);
#4118=ORIENTED_EDGE('',*,*,#2981,.T.);
#4119=ORIENTED_EDGE('',*,*,#2982,.F.);
#4120=ORIENTED_EDGE('',*,*,#2983,.T.);
#4121=ORIENTED_EDGE('',*,*,#2984,.F.);
#4122=ORIENTED_EDGE('',*,*,#2985,.T.);
#4123=ORIENTED_EDGE('',*,*,#2986,.F.);
#4124=ORIENTED_EDGE('',*,*,#2987,.T.);
#4125=ORIENTED_EDGE('',*,*,#2988,.T.);
#4126=ORIENTED_EDGE('',*,*,#2989,.T.);
#4127=ORIENTED_EDGE('',*,*,#2990,.T.);
#4128=ORIENTED_EDGE('',*,*,#2991,.T.);
#4129=ORIENTED_EDGE('',*,*,#2992,.T.);
#4130=ORIENTED_EDGE('',*,*,#2993,.T.);
#4131=ORIENTED_EDGE('',*,*,#2994,.T.);
#4132=ORIENTED_EDGE('',*,*,#2995,.T.);
#4133=ORIENTED_EDGE('',*,*,#2966,.F.);
#4134=ORIENTED_EDGE('',*,*,#2996,.T.);
#4135=ORIENTED_EDGE('',*,*,#2980,.T.);
#4136=ORIENTED_EDGE('',*,*,#2997,.T.);
#4137=ORIENTED_EDGE('',*,*,#2986,.T.);
#4138=ORIENTED_EDGE('',*,*,#2998,.T.);
#4139=ORIENTED_EDGE('',*,*,#2968,.F.);
#4140=ORIENTED_EDGE('',*,*,#2999,.T.);
#4141=ORIENTED_EDGE('',*,*,#2960,.T.);
#4142=ORIENTED_EDGE('',*,*,#2963,.T.);
#4143=ORIENTED_EDGE('',*,*,#2984,.T.);
#4144=ORIENTED_EDGE('',*,*,#3000,.T.);
#4145=ORIENTED_EDGE('',*,*,#2970,.F.);
#4146=ORIENTED_EDGE('',*,*,#3001,.T.);
#4147=ORIENTED_EDGE('',*,*,#2982,.T.);
#4148=ORIENTED_EDGE('',*,*,#3002,.T.);
#4149=ORIENTED_EDGE('',*,*,#2964,.F.);
#4150=ORIENTED_EDGE('',*,*,#3003,.T.);
#4151=ORIENTED_EDGE('',*,*,#2952,.T.);
#4152=ORIENTED_EDGE('',*,*,#2955,.T.);
#4153=ORIENTED_EDGE('',*,*,#2974,.T.);
#4154=ORIENTED_EDGE('',*,*,#3004,.T.);
#4155=ORIENTED_EDGE('',*,*,#2990,.F.);
#4156=ORIENTED_EDGE('',*,*,#3005,.T.);
#4157=ORIENTED_EDGE('',*,*,#2992,.F.);
#4158=ORIENTED_EDGE('',*,*,#3006,.T.);
#4159=ORIENTED_EDGE('',*,*,#2972,.T.);
#4160=ORIENTED_EDGE('',*,*,#3007,.T.);
#4161=ORIENTED_EDGE('',*,*,#2954,.F.);
#4162=ORIENTED_EDGE('',*,*,#2957,.F.);
#4163=ORIENTED_EDGE('',*,*,#2994,.F.);
#4164=ORIENTED_EDGE('',*,*,#3008,.T.);
#4165=ORIENTED_EDGE('',*,*,#2978,.T.);
#4166=ORIENTED_EDGE('',*,*,#3009,.T.);
#4167=ORIENTED_EDGE('',*,*,#2988,.F.);
#4168=ORIENTED_EDGE('',*,*,#3010,.T.);
#4169=ORIENTED_EDGE('',*,*,#2976,.T.);
#4170=ORIENTED_EDGE('',*,*,#3011,.T.);
#4171=ORIENTED_EDGE('',*,*,#2958,.F.);
#4172=ORIENTED_EDGE('',*,*,#2961,.F.);
#4173=ORIENTED_EDGE('',*,*,#2965,.F.);
#4174=ORIENTED_EDGE('',*,*,#3002,.F.);
#4175=ORIENTED_EDGE('',*,*,#2981,.F.);
#4176=ORIENTED_EDGE('',*,*,#2996,.F.);
#4177=ORIENTED_EDGE('',*,*,#2971,.F.);
#4178=ORIENTED_EDGE('',*,*,#3000,.F.);
#4179=ORIENTED_EDGE('',*,*,#2983,.F.);
#4180=ORIENTED_EDGE('',*,*,#3003,.F.);
#4181=ORIENTED_EDGE('',*,*,#2969,.F.);
#4182=ORIENTED_EDGE('',*,*,#2998,.F.);
#4183=ORIENTED_EDGE('',*,*,#2985,.F.);
#4184=ORIENTED_EDGE('',*,*,#3001,.F.);
#4185=ORIENTED_EDGE('',*,*,#2967,.F.);
#4186=ORIENTED_EDGE('',*,*,#2997,.F.);
#4187=ORIENTED_EDGE('',*,*,#2987,.F.);
#4188=ORIENTED_EDGE('',*,*,#2999,.F.);
#4189=ORIENTED_EDGE('',*,*,#2973,.F.);
#4190=ORIENTED_EDGE('',*,*,#3006,.F.);
#4191=ORIENTED_EDGE('',*,*,#2991,.F.);
#4192=ORIENTED_EDGE('',*,*,#3004,.F.);
#4193=ORIENTED_EDGE('',*,*,#2979,.F.);
#4194=ORIENTED_EDGE('',*,*,#3008,.F.);
#4195=ORIENTED_EDGE('',*,*,#2993,.F.);
#4196=ORIENTED_EDGE('',*,*,#3007,.F.);
#4197=ORIENTED_EDGE('',*,*,#2977,.F.);
#4198=ORIENTED_EDGE('',*,*,#3010,.F.);
#4199=ORIENTED_EDGE('',*,*,#2995,.F.);
#4200=ORIENTED_EDGE('',*,*,#3009,.F.);
#4201=ORIENTED_EDGE('',*,*,#2975,.F.);
#4202=ORIENTED_EDGE('',*,*,#3005,.F.);
#4203=ORIENTED_EDGE('',*,*,#2989,.F.);
#4204=ORIENTED_EDGE('',*,*,#3011,.F.);
#4205=ORIENTED_EDGE('',*,*,#3012,.F.);
#4206=ORIENTED_EDGE('',*,*,#3013,.T.);
#4207=ORIENTED_EDGE('',*,*,#3014,.F.);
#4208=ORIENTED_EDGE('',*,*,#3015,.F.);
#4209=ORIENTED_EDGE('',*,*,#3016,.T.);
#4210=ORIENTED_EDGE('',*,*,#3017,.T.);
#4211=ORIENTED_EDGE('',*,*,#3018,.F.);
#4212=ORIENTED_EDGE('',*,*,#3019,.F.);
#4213=ORIENTED_EDGE('',*,*,#3020,.F.);
#4214=ORIENTED_EDGE('',*,*,#3021,.F.);
#4215=ORIENTED_EDGE('',*,*,#3022,.F.);
#4216=ORIENTED_EDGE('',*,*,#3023,.T.);
#4217=ORIENTED_EDGE('',*,*,#3024,.T.);
#4218=ORIENTED_EDGE('',*,*,#3023,.F.);
#4219=ORIENTED_EDGE('',*,*,#3025,.F.);
#4220=ORIENTED_EDGE('',*,*,#3026,.F.);
#4221=ORIENTED_EDGE('',*,*,#3027,.F.);
#4222=ORIENTED_EDGE('',*,*,#3028,.F.);
#4223=ORIENTED_EDGE('',*,*,#3015,.T.);
#4224=ORIENTED_EDGE('',*,*,#3029,.T.);
#4225=ORIENTED_EDGE('',*,*,#3030,.F.);
#4226=ORIENTED_EDGE('',*,*,#3031,.T.);
#4227=ORIENTED_EDGE('',*,*,#3032,.T.);
#4228=ORIENTED_EDGE('',*,*,#3012,.T.);
#4229=ORIENTED_EDGE('',*,*,#3033,.F.);
#4230=ORIENTED_EDGE('',*,*,#3034,.T.);
#4231=ORIENTED_EDGE('',*,*,#3035,.T.);
#4232=ORIENTED_EDGE('',*,*,#3036,.T.);
#4233=ORIENTED_EDGE('',*,*,#3037,.F.);
#4234=ORIENTED_EDGE('',*,*,#3028,.T.);
#4235=ORIENTED_EDGE('',*,*,#3038,.T.);
#4236=ORIENTED_EDGE('',*,*,#3039,.T.);
#4237=ORIENTED_EDGE('',*,*,#3040,.T.);
#4238=ORIENTED_EDGE('',*,*,#3025,.T.);
#4239=ORIENTED_EDGE('',*,*,#3022,.T.);
#4240=ORIENTED_EDGE('',*,*,#3041,.F.);
#4241=ORIENTED_EDGE('',*,*,#3042,.F.);
#4242=ORIENTED_EDGE('',*,*,#3041,.T.);
#4243=ORIENTED_EDGE('',*,*,#3021,.T.);
#4244=ORIENTED_EDGE('',*,*,#3043,.F.);
#4245=ORIENTED_EDGE('',*,*,#3044,.F.);
#4246=ORIENTED_EDGE('',*,*,#3045,.T.);
#4247=ORIENTED_EDGE('',*,*,#3046,.T.);
#4248=ORIENTED_EDGE('',*,*,#3047,.T.);
#4249=ORIENTED_EDGE('',*,*,#3048,.T.);
#4250=ORIENTED_EDGE('',*,*,#3049,.T.);
#4251=ORIENTED_EDGE('',*,*,#3050,.T.);
#4252=ORIENTED_EDGE('',*,*,#3051,.T.);
#4253=ORIENTED_EDGE('',*,*,#3052,.T.);
#4254=ORIENTED_EDGE('',*,*,#3053,.T.);
#4255=ORIENTED_EDGE('',*,*,#3054,.T.);
#4256=ORIENTED_EDGE('',*,*,#3055,.F.);
#4257=ORIENTED_EDGE('',*,*,#3056,.F.);
#4258=ORIENTED_EDGE('',*,*,#3057,.T.);
#4259=ORIENTED_EDGE('',*,*,#3058,.T.);
#4260=ORIENTED_EDGE('',*,*,#3045,.F.);
#4261=ORIENTED_EDGE('',*,*,#3059,.T.);
#4262=ORIENTED_EDGE('',*,*,#3047,.F.);
#4263=ORIENTED_EDGE('',*,*,#3060,.T.);
#4264=ORIENTED_EDGE('',*,*,#3061,.T.);
#4265=ORIENTED_EDGE('',*,*,#3062,.T.);
#4266=ORIENTED_EDGE('',*,*,#3049,.F.);
#4267=ORIENTED_EDGE('',*,*,#3063,.T.);
#4268=ORIENTED_EDGE('',*,*,#3064,.T.);
#4269=ORIENTED_EDGE('',*,*,#3065,.T.);
#4270=ORIENTED_EDGE('',*,*,#3051,.F.);
#4271=ORIENTED_EDGE('',*,*,#3066,.T.);
#4272=ORIENTED_EDGE('',*,*,#3067,.T.);
#4273=ORIENTED_EDGE('',*,*,#3068,.T.);
#4274=ORIENTED_EDGE('',*,*,#3061,.F.);
#4275=ORIENTED_EDGE('',*,*,#3069,.T.);
#4276=ORIENTED_EDGE('',*,*,#3057,.F.);
#4277=ORIENTED_EDGE('',*,*,#3070,.T.);
#4278=ORIENTED_EDGE('',*,*,#3067,.F.);
#4279=ORIENTED_EDGE('',*,*,#3071,.T.);
#4280=ORIENTED_EDGE('',*,*,#3064,.F.);
#4281=ORIENTED_EDGE('',*,*,#3072,.T.);
#4282=ORIENTED_EDGE('',*,*,#3024,.F.);
#4283=ORIENTED_EDGE('',*,*,#3073,.T.);
#4284=ORIENTED_EDGE('',*,*,#3074,.F.);
#4285=ORIENTED_EDGE('',*,*,#3075,.F.);
#4286=ORIENTED_EDGE('',*,*,#3055,.T.);
#4287=ORIENTED_EDGE('',*,*,#3038,.F.);
#4288=ORIENTED_EDGE('',*,*,#3027,.T.);
#4289=ORIENTED_EDGE('',*,*,#3076,.F.);
#4290=ORIENTED_EDGE('',*,*,#3077,.F.);
#4291=ORIENTED_EDGE('',*,*,#3074,.T.);
#4292=ORIENTED_EDGE('',*,*,#3078,.T.);
#4293=ORIENTED_EDGE('',*,*,#3076,.T.);
#4294=ORIENTED_EDGE('',*,*,#3026,.T.);
#4295=ORIENTED_EDGE('',*,*,#3040,.F.);
#4296=ORIENTED_EDGE('',*,*,#3079,.F.);
#4297=ORIENTED_EDGE('',*,*,#3080,.F.);
#4298=ORIENTED_EDGE('',*,*,#3018,.T.);
#4299=ORIENTED_EDGE('',*,*,#3037,.T.);
#4300=ORIENTED_EDGE('',*,*,#3081,.T.);
#4301=ORIENTED_EDGE('',*,*,#3082,.F.);
#4302=ORIENTED_EDGE('',*,*,#3019,.T.);
#4303=ORIENTED_EDGE('',*,*,#3080,.T.);
#4304=ORIENTED_EDGE('',*,*,#3083,.T.);
#4305=ORIENTED_EDGE('',*,*,#3043,.T.);
#4306=ORIENTED_EDGE('',*,*,#3020,.T.);
#4307=ORIENTED_EDGE('',*,*,#3082,.T.);
#4308=ORIENTED_EDGE('',*,*,#3084,.T.);
#4309=ORIENTED_EDGE('',*,*,#3085,.F.);
#4310=ORIENTED_EDGE('',*,*,#3086,.F.);
#4311=ORIENTED_EDGE('',*,*,#3087,.T.);
#4312=ORIENTED_EDGE('',*,*,#3053,.F.);
#4313=ORIENTED_EDGE('',*,*,#3088,.F.);
#4314=ORIENTED_EDGE('',*,*,#3085,.T.);
#4315=ORIENTED_EDGE('',*,*,#3079,.T.);
#4316=ORIENTED_EDGE('',*,*,#3042,.T.);
#4317=ORIENTED_EDGE('',*,*,#3044,.T.);
#4318=ORIENTED_EDGE('',*,*,#3086,.T.);
#4319=ORIENTED_EDGE('',*,*,#3088,.T.);
#4320=ORIENTED_EDGE('',*,*,#3056,.T.);
#4321=ORIENTED_EDGE('',*,*,#3075,.T.);
#4322=ORIENTED_EDGE('',*,*,#3077,.T.);
#4323=ORIENTED_EDGE('',*,*,#3032,.F.);
#4324=ORIENTED_EDGE('',*,*,#3016,.F.);
#4325=ORIENTED_EDGE('',*,*,#3081,.F.);
#4326=ORIENTED_EDGE('',*,*,#3039,.F.);
#4327=ORIENTED_EDGE('',*,*,#3078,.F.);
#4328=ORIENTED_EDGE('',*,*,#3073,.F.);
#4329=ORIENTED_EDGE('',*,*,#3054,.F.);
#4330=ORIENTED_EDGE('',*,*,#3087,.F.);
#4331=ORIENTED_EDGE('',*,*,#3084,.F.);
#4332=ORIENTED_EDGE('',*,*,#3083,.F.);
#4333=ORIENTED_EDGE('',*,*,#3033,.T.);
#4334=ORIENTED_EDGE('',*,*,#3014,.T.);
#4335=ORIENTED_EDGE('',*,*,#3035,.F.);
#4336=ORIENTED_EDGE('',*,*,#3089,.T.);
#4337=ORIENTED_EDGE('',*,*,#3090,.F.);
#4338=ORIENTED_EDGE('',*,*,#3030,.T.);
#4339=ORIENTED_EDGE('',*,*,#3031,.F.);
#4340=ORIENTED_EDGE('',*,*,#3090,.T.);
#4341=ORIENTED_EDGE('',*,*,#3029,.F.);
#4342=ORIENTED_EDGE('',*,*,#3017,.F.);
#4343=ORIENTED_EDGE('',*,*,#3089,.F.);
#4344=ORIENTED_EDGE('',*,*,#3034,.F.);
#4345=ORIENTED_EDGE('',*,*,#3013,.F.);
#4346=ORIENTED_EDGE('',*,*,#3036,.F.);
#4347=ORIENTED_EDGE('',*,*,#3046,.F.);
#4348=ORIENTED_EDGE('',*,*,#3058,.F.);
#4349=ORIENTED_EDGE('',*,*,#3069,.F.);
#4350=ORIENTED_EDGE('',*,*,#3060,.F.);
#4351=ORIENTED_EDGE('',*,*,#3048,.F.);
#4352=ORIENTED_EDGE('',*,*,#3062,.F.);
#4353=ORIENTED_EDGE('',*,*,#3072,.F.);
#4354=ORIENTED_EDGE('',*,*,#3063,.F.);
#4355=ORIENTED_EDGE('',*,*,#3050,.F.);
#4356=ORIENTED_EDGE('',*,*,#3065,.F.);
#4357=ORIENTED_EDGE('',*,*,#3071,.F.);
#4358=ORIENTED_EDGE('',*,*,#3066,.F.);
#4359=ORIENTED_EDGE('',*,*,#3052,.F.);
#4360=ORIENTED_EDGE('',*,*,#3068,.F.);
#4361=ORIENTED_EDGE('',*,*,#3070,.F.);
#4362=ORIENTED_EDGE('',*,*,#3059,.F.);
#4363=ORIENTED_EDGE('',*,*,#3091,.F.);
#4364=ORIENTED_EDGE('',*,*,#3092,.T.);
#4365=ORIENTED_EDGE('',*,*,#3093,.T.);
#4366=ORIENTED_EDGE('',*,*,#3094,.F.);
#4367=ORIENTED_EDGE('',*,*,#3095,.F.);
#4368=ORIENTED_EDGE('',*,*,#3094,.T.);
#4369=ORIENTED_EDGE('',*,*,#3096,.T.);
#4370=ORIENTED_EDGE('',*,*,#3097,.F.);
#4371=ORIENTED_EDGE('',*,*,#3098,.F.);
#4372=ORIENTED_EDGE('',*,*,#3097,.T.);
#4373=ORIENTED_EDGE('',*,*,#3099,.T.);
#4374=ORIENTED_EDGE('',*,*,#3100,.F.);
#4375=ORIENTED_EDGE('',*,*,#3101,.F.);
#4376=ORIENTED_EDGE('',*,*,#3102,.T.);
#4377=ORIENTED_EDGE('',*,*,#3103,.T.);
#4378=ORIENTED_EDGE('',*,*,#3104,.F.);
#4379=ORIENTED_EDGE('',*,*,#3105,.F.);
#4380=ORIENTED_EDGE('',*,*,#3104,.T.);
#4381=ORIENTED_EDGE('',*,*,#3106,.T.);
#4382=ORIENTED_EDGE('',*,*,#3107,.F.);
#4383=ORIENTED_EDGE('',*,*,#3108,.F.);
#4384=ORIENTED_EDGE('',*,*,#3107,.T.);
#4385=ORIENTED_EDGE('',*,*,#3109,.T.);
#4386=ORIENTED_EDGE('',*,*,#3110,.F.);
#4387=ORIENTED_EDGE('',*,*,#3111,.F.);
#4388=ORIENTED_EDGE('',*,*,#3110,.T.);
#4389=ORIENTED_EDGE('',*,*,#3112,.T.);
#4390=ORIENTED_EDGE('',*,*,#3102,.F.);
#4391=ORIENTED_EDGE('',*,*,#3103,.F.);
#4392=ORIENTED_EDGE('',*,*,#3112,.F.);
#4393=ORIENTED_EDGE('',*,*,#3109,.F.);
#4394=ORIENTED_EDGE('',*,*,#3106,.F.);
#4395=ORIENTED_EDGE('',*,*,#3098,.T.);
#4396=ORIENTED_EDGE('',*,*,#3113,.T.);
#4397=ORIENTED_EDGE('',*,*,#3091,.T.);
#4398=ORIENTED_EDGE('',*,*,#3095,.T.);
#4399=ORIENTED_EDGE('',*,*,#3101,.T.);
#4400=ORIENTED_EDGE('',*,*,#3105,.T.);
#4401=ORIENTED_EDGE('',*,*,#3108,.T.);
#4402=ORIENTED_EDGE('',*,*,#3111,.T.);
#4403=ORIENTED_EDGE('',*,*,#3114,.F.);
#4404=ORIENTED_EDGE('',*,*,#3115,.F.);
#4405=ORIENTED_EDGE('',*,*,#3116,.F.);
#4406=ORIENTED_EDGE('',*,*,#3117,.F.);
#4407=ORIENTED_EDGE('',*,*,#3118,.T.);
#4408=ORIENTED_EDGE('',*,*,#3119,.F.);
#4409=ORIENTED_EDGE('',*,*,#3120,.F.);
#4410=ORIENTED_EDGE('',*,*,#3115,.T.);
#4411=ORIENTED_EDGE('',*,*,#3121,.F.);
#4412=ORIENTED_EDGE('',*,*,#3117,.T.);
#4413=ORIENTED_EDGE('',*,*,#3122,.T.);
#4414=ORIENTED_EDGE('',*,*,#3123,.F.);
#4415=ORIENTED_EDGE('',*,*,#3124,.F.);
#4416=ORIENTED_EDGE('',*,*,#3123,.T.);
#4417=ORIENTED_EDGE('',*,*,#3125,.F.);
#4418=ORIENTED_EDGE('',*,*,#3119,.T.);
#4419=ORIENTED_EDGE('',*,*,#3126,.F.);
#4420=ORIENTED_EDGE('',*,*,#3099,.F.);
#4421=ORIENTED_EDGE('',*,*,#3096,.F.);
#4422=ORIENTED_EDGE('',*,*,#3093,.F.);
#4423=ORIENTED_EDGE('',*,*,#3126,.T.);
#4424=ORIENTED_EDGE('',*,*,#3092,.F.);
#4425=ORIENTED_EDGE('',*,*,#3113,.F.);
#4426=ORIENTED_EDGE('',*,*,#3100,.T.);
#4427=ORIENTED_EDGE('',*,*,#3116,.T.);
#4428=ORIENTED_EDGE('',*,*,#3120,.T.);
#4429=ORIENTED_EDGE('',*,*,#3125,.T.);
#4430=ORIENTED_EDGE('',*,*,#3122,.F.);
#4431=ORIENTED_EDGE('',*,*,#3114,.T.);
#4432=ORIENTED_EDGE('',*,*,#3121,.T.);
#4433=ORIENTED_EDGE('',*,*,#3124,.T.);
#4434=ORIENTED_EDGE('',*,*,#3118,.F.);
#4435=ORIENTED_EDGE('',*,*,#3127,.T.);
#4436=ORIENTED_EDGE('',*,*,#3128,.T.);
#4437=ORIENTED_EDGE('',*,*,#3129,.F.);
#4438=ORIENTED_EDGE('',*,*,#3130,.F.);
#4439=ORIENTED_EDGE('',*,*,#3128,.F.);
#4440=ORIENTED_EDGE('',*,*,#3131,.T.);
#4441=ORIENTED_EDGE('',*,*,#3130,.T.);
#4442=ORIENTED_EDGE('',*,*,#3132,.T.);
#4443=ORIENTED_EDGE('',*,*,#3133,.F.);
#4444=ORIENTED_EDGE('',*,*,#3132,.F.);
#4445=ORIENTED_EDGE('',*,*,#3129,.T.);
#4446=ORIENTED_EDGE('',*,*,#3134,.T.);
#4447=ORIENTED_EDGE('',*,*,#3135,.T.);
#4448=ORIENTED_EDGE('',*,*,#3131,.F.);
#4449=ORIENTED_EDGE('',*,*,#3127,.F.);
#4450=ORIENTED_EDGE('',*,*,#3135,.F.);
#4451=ORIENTED_EDGE('',*,*,#3134,.F.);
#4452=ORIENTED_EDGE('',*,*,#3133,.T.);
#4453=ORIENTED_EDGE('',*,*,#3136,.T.);
#4454=ORIENTED_EDGE('',*,*,#3137,.T.);
#4455=ORIENTED_EDGE('',*,*,#3138,.F.);
#4456=ORIENTED_EDGE('',*,*,#3139,.F.);
#4457=ORIENTED_EDGE('',*,*,#3137,.F.);
#4458=ORIENTED_EDGE('',*,*,#3140,.T.);
#4459=ORIENTED_EDGE('',*,*,#3139,.T.);
#4460=ORIENTED_EDGE('',*,*,#3141,.T.);
#4461=ORIENTED_EDGE('',*,*,#3142,.F.);
#4462=ORIENTED_EDGE('',*,*,#3141,.F.);
#4463=ORIENTED_EDGE('',*,*,#3138,.T.);
#4464=ORIENTED_EDGE('',*,*,#3143,.T.);
#4465=ORIENTED_EDGE('',*,*,#3144,.T.);
#4466=ORIENTED_EDGE('',*,*,#3140,.F.);
#4467=ORIENTED_EDGE('',*,*,#3136,.F.);
#4468=ORIENTED_EDGE('',*,*,#3144,.F.);
#4469=ORIENTED_EDGE('',*,*,#3143,.F.);
#4470=ORIENTED_EDGE('',*,*,#3142,.T.);
#4471=ORIENTED_EDGE('',*,*,#3145,.F.);
#4472=ORIENTED_EDGE('',*,*,#3146,.F.);
#4473=ORIENTED_EDGE('',*,*,#3147,.F.);
#4474=ORIENTED_EDGE('',*,*,#3148,.F.);
#4475=ORIENTED_EDGE('',*,*,#3149,.F.);
#4476=ORIENTED_EDGE('',*,*,#3150,.F.);
#4477=ORIENTED_EDGE('',*,*,#3151,.F.);
#4478=ORIENTED_EDGE('',*,*,#3152,.F.);
#4479=ORIENTED_EDGE('',*,*,#3153,.F.);
#4480=ORIENTED_EDGE('',*,*,#3154,.F.);
#4481=ORIENTED_EDGE('',*,*,#3155,.F.);
#4482=ORIENTED_EDGE('',*,*,#3156,.F.);
#4483=ORIENTED_EDGE('',*,*,#3157,.F.);
#4484=ORIENTED_EDGE('',*,*,#3158,.F.);
#4485=ORIENTED_EDGE('',*,*,#3159,.F.);
#4486=ORIENTED_EDGE('',*,*,#3160,.F.);
#4487=ORIENTED_EDGE('',*,*,#3161,.F.);
#4488=ORIENTED_EDGE('',*,*,#3162,.F.);
#4489=ORIENTED_EDGE('',*,*,#3163,.F.);
#4490=ORIENTED_EDGE('',*,*,#3164,.F.);
#4491=ORIENTED_EDGE('',*,*,#3165,.F.);
#4492=ORIENTED_EDGE('',*,*,#3166,.F.);
#4493=ORIENTED_EDGE('',*,*,#3167,.F.);
#4494=ORIENTED_EDGE('',*,*,#3168,.F.);
#4495=ORIENTED_EDGE('',*,*,#3169,.F.);
#4496=ORIENTED_EDGE('',*,*,#3170,.F.);
#4497=ORIENTED_EDGE('',*,*,#3171,.F.);
#4498=ORIENTED_EDGE('',*,*,#3172,.F.);
#4499=ORIENTED_EDGE('',*,*,#3173,.F.);
#4500=ORIENTED_EDGE('',*,*,#3145,.T.);
#4501=ORIENTED_EDGE('',*,*,#3174,.F.);
#4502=ORIENTED_EDGE('',*,*,#3175,.F.);
#4503=ORIENTED_EDGE('',*,*,#3176,.F.);
#4504=ORIENTED_EDGE('',*,*,#3167,.T.);
#4505=ORIENTED_EDGE('',*,*,#3177,.F.);
#4506=ORIENTED_EDGE('',*,*,#3178,.F.);
#4507=ORIENTED_EDGE('',*,*,#3179,.F.);
#4508=ORIENTED_EDGE('',*,*,#3180,.F.);
#4509=ORIENTED_EDGE('',*,*,#3181,.F.);
#4510=ORIENTED_EDGE('',*,*,#3182,.F.);
#4511=ORIENTED_EDGE('',*,*,#3183,.F.);
#4512=ORIENTED_EDGE('',*,*,#3184,.F.);
#4513=ORIENTED_EDGE('',*,*,#3185,.F.);
#4514=ORIENTED_EDGE('',*,*,#3186,.F.);
#4515=ORIENTED_EDGE('',*,*,#3187,.F.);
#4516=ORIENTED_EDGE('',*,*,#3188,.F.);
#4517=ORIENTED_EDGE('',*,*,#3189,.F.);
#4518=ORIENTED_EDGE('',*,*,#3190,.F.);
#4519=ORIENTED_EDGE('',*,*,#3191,.F.);
#4520=ORIENTED_EDGE('',*,*,#3192,.F.);
#4521=ORIENTED_EDGE('',*,*,#3193,.F.);
#4522=ORIENTED_EDGE('',*,*,#3194,.F.);
#4523=ORIENTED_EDGE('',*,*,#3195,.F.);
#4524=ORIENTED_EDGE('',*,*,#3196,.F.);
#4525=ORIENTED_EDGE('',*,*,#3175,.T.);
#4526=ORIENTED_EDGE('',*,*,#3197,.F.);
#4527=ORIENTED_EDGE('',*,*,#3198,.F.);
#4528=ORIENTED_EDGE('',*,*,#3199,.F.);
#4529=ORIENTED_EDGE('',*,*,#3200,.F.);
#4530=ORIENTED_EDGE('',*,*,#3201,.F.);
#4531=ORIENTED_EDGE('',*,*,#3202,.F.);
#4532=ORIENTED_EDGE('',*,*,#3203,.F.);
#4533=ORIENTED_EDGE('',*,*,#3204,.F.);
#4534=ORIENTED_EDGE('',*,*,#3205,.F.);
#4535=ORIENTED_EDGE('',*,*,#3206,.F.);
#4536=ORIENTED_EDGE('',*,*,#3207,.F.);
#4537=ORIENTED_EDGE('',*,*,#3208,.F.);
#4538=ORIENTED_EDGE('',*,*,#3209,.F.);
#4539=ORIENTED_EDGE('',*,*,#3210,.F.);
#4540=ORIENTED_EDGE('',*,*,#3211,.F.);
#4541=ORIENTED_EDGE('',*,*,#3212,.F.);
#4542=ORIENTED_EDGE('',*,*,#3213,.F.);
#4543=ORIENTED_EDGE('',*,*,#3214,.F.);
#4544=ORIENTED_EDGE('',*,*,#3215,.F.);
#4545=ORIENTED_EDGE('',*,*,#3216,.F.);
#4546=ORIENTED_EDGE('',*,*,#3217,.F.);
#4547=ORIENTED_EDGE('',*,*,#3218,.T.);
#4548=ORIENTED_EDGE('',*,*,#3219,.F.);
#4549=ORIENTED_EDGE('',*,*,#3218,.F.);
#4550=ORIENTED_EDGE('',*,*,#3220,.T.);
#4551=ORIENTED_EDGE('',*,*,#3221,.T.);
#4552=ORIENTED_EDGE('',*,*,#3222,.T.);
#4553=ORIENTED_EDGE('',*,*,#3223,.F.);
#4554=ORIENTED_EDGE('',*,*,#3224,.T.);
#4555=ORIENTED_EDGE('',*,*,#3225,.T.);
#4556=ORIENTED_EDGE('',*,*,#3226,.T.);
#4557=ORIENTED_EDGE('',*,*,#3227,.F.);
#4558=ORIENTED_EDGE('',*,*,#3228,.T.);
#4559=ORIENTED_EDGE('',*,*,#3229,.T.);
#4560=ORIENTED_EDGE('',*,*,#3230,.T.);
#4561=ORIENTED_EDGE('',*,*,#3221,.F.);
#4562=ORIENTED_EDGE('',*,*,#3231,.F.);
#4563=ORIENTED_EDGE('',*,*,#3232,.T.);
#4564=ORIENTED_EDGE('',*,*,#3233,.T.);
#4565=ORIENTED_EDGE('',*,*,#3232,.F.);
#4566=ORIENTED_EDGE('',*,*,#3234,.F.);
#4567=ORIENTED_EDGE('',*,*,#3235,.T.);
#4568=ORIENTED_EDGE('',*,*,#3236,.T.);
#4569=ORIENTED_EDGE('',*,*,#3235,.F.);
#4570=ORIENTED_EDGE('',*,*,#3219,.T.);
#4571=ORIENTED_EDGE('',*,*,#3237,.T.);
#4572=ORIENTED_EDGE('',*,*,#3238,.T.);
#4573=ORIENTED_EDGE('',*,*,#3237,.F.);
#4574=ORIENTED_EDGE('',*,*,#3195,.T.);
#4575=ORIENTED_EDGE('',*,*,#3239,.F.);
#4576=ORIENTED_EDGE('',*,*,#3240,.F.);
#4577=ORIENTED_EDGE('',*,*,#3241,.F.);
#4578=ORIENTED_EDGE('',*,*,#3242,.F.);
#4579=ORIENTED_EDGE('',*,*,#3243,.F.);
#4580=ORIENTED_EDGE('',*,*,#3244,.F.);
#4581=ORIENTED_EDGE('',*,*,#3229,.F.);
#4582=ORIENTED_EDGE('',*,*,#3245,.T.);
#4583=ORIENTED_EDGE('',*,*,#3223,.T.);
#4584=ORIENTED_EDGE('',*,*,#3246,.F.);
#4585=ORIENTED_EDGE('',*,*,#3233,.F.);
#4586=ORIENTED_EDGE('',*,*,#3225,.F.);
#4587=ORIENTED_EDGE('',*,*,#3247,.F.);
#4588=ORIENTED_EDGE('',*,*,#3227,.T.);
#4589=ORIENTED_EDGE('',*,*,#3248,.F.);
#4590=ORIENTED_EDGE('',*,*,#3231,.T.);
#4591=ORIENTED_EDGE('',*,*,#3224,.F.);
#4592=ORIENTED_EDGE('',*,*,#3245,.F.);
#4593=ORIENTED_EDGE('',*,*,#3228,.F.);
#4594=ORIENTED_EDGE('',*,*,#3247,.T.);
#4595=ORIENTED_EDGE('',*,*,#3168,.T.);
#4596=ORIENTED_EDGE('',*,*,#3176,.T.);
#4597=ORIENTED_EDGE('',*,*,#3196,.T.);
#4598=ORIENTED_EDGE('',*,*,#3244,.T.);
#4599=ORIENTED_EDGE('',*,*,#3249,.T.);
#4600=ORIENTED_EDGE('',*,*,#3250,.T.);
#4601=ORIENTED_EDGE('',*,*,#3251,.F.);
#4602=ORIENTED_EDGE('',*,*,#3252,.F.);
#4603=ORIENTED_EDGE('',*,*,#3163,.T.);
#4604=ORIENTED_EDGE('',*,*,#3162,.T.);
#4605=ORIENTED_EDGE('',*,*,#3161,.T.);
#4606=ORIENTED_EDGE('',*,*,#3160,.T.);
#4607=ORIENTED_EDGE('',*,*,#3159,.T.);
#4608=ORIENTED_EDGE('',*,*,#3158,.T.);
#4609=ORIENTED_EDGE('',*,*,#3157,.T.);
#4610=ORIENTED_EDGE('',*,*,#3156,.T.);
#4611=ORIENTED_EDGE('',*,*,#3155,.T.);
#4612=ORIENTED_EDGE('',*,*,#3154,.T.);
#4613=ORIENTED_EDGE('',*,*,#3153,.T.);
#4614=ORIENTED_EDGE('',*,*,#3152,.T.);
#4615=ORIENTED_EDGE('',*,*,#3151,.T.);
#4616=ORIENTED_EDGE('',*,*,#3150,.T.);
#4617=ORIENTED_EDGE('',*,*,#3149,.T.);
#4618=ORIENTED_EDGE('',*,*,#3148,.T.);
#4619=ORIENTED_EDGE('',*,*,#3147,.T.);
#4620=ORIENTED_EDGE('',*,*,#3146,.T.);
#4621=ORIENTED_EDGE('',*,*,#3173,.T.);
#4622=ORIENTED_EDGE('',*,*,#3172,.T.);
#4623=ORIENTED_EDGE('',*,*,#3253,.F.);
#4624=ORIENTED_EDGE('',*,*,#3170,.T.);
#4625=ORIENTED_EDGE('',*,*,#3169,.T.);
#4626=ORIENTED_EDGE('',*,*,#3250,.F.);
#4627=ORIENTED_EDGE('',*,*,#3254,.T.);
#4628=ORIENTED_EDGE('',*,*,#3242,.T.);
#4629=ORIENTED_EDGE('',*,*,#3241,.T.);
#4630=ORIENTED_EDGE('',*,*,#3240,.T.);
#4631=ORIENTED_EDGE('',*,*,#3239,.T.);
#4632=ORIENTED_EDGE('',*,*,#3216,.T.);
#4633=ORIENTED_EDGE('',*,*,#3215,.T.);
#4634=ORIENTED_EDGE('',*,*,#3214,.T.);
#4635=ORIENTED_EDGE('',*,*,#3213,.T.);
#4636=ORIENTED_EDGE('',*,*,#3212,.T.);
#4637=ORIENTED_EDGE('',*,*,#3211,.T.);
#4638=ORIENTED_EDGE('',*,*,#3210,.T.);
#4639=ORIENTED_EDGE('',*,*,#3209,.T.);
#4640=ORIENTED_EDGE('',*,*,#3208,.T.);
#4641=ORIENTED_EDGE('',*,*,#3207,.T.);
#4642=ORIENTED_EDGE('',*,*,#3206,.T.);
#4643=ORIENTED_EDGE('',*,*,#3205,.T.);
#4644=ORIENTED_EDGE('',*,*,#3204,.T.);
#4645=ORIENTED_EDGE('',*,*,#3203,.T.);
#4646=ORIENTED_EDGE('',*,*,#3202,.T.);
#4647=ORIENTED_EDGE('',*,*,#3201,.T.);
#4648=ORIENTED_EDGE('',*,*,#3200,.T.);
#4649=ORIENTED_EDGE('',*,*,#3199,.T.);
#4650=ORIENTED_EDGE('',*,*,#3198,.T.);
#4651=ORIENTED_EDGE('',*,*,#3197,.T.);
#4652=ORIENTED_EDGE('',*,*,#3194,.T.);
#4653=ORIENTED_EDGE('',*,*,#3193,.T.);
#4654=ORIENTED_EDGE('',*,*,#3192,.T.);
#4655=ORIENTED_EDGE('',*,*,#3191,.T.);
#4656=ORIENTED_EDGE('',*,*,#3190,.T.);
#4657=ORIENTED_EDGE('',*,*,#3189,.T.);
#4658=ORIENTED_EDGE('',*,*,#3188,.T.);
#4659=ORIENTED_EDGE('',*,*,#3187,.T.);
#4660=ORIENTED_EDGE('',*,*,#3186,.T.);
#4661=ORIENTED_EDGE('',*,*,#3185,.T.);
#4662=ORIENTED_EDGE('',*,*,#3184,.T.);
#4663=ORIENTED_EDGE('',*,*,#3183,.T.);
#4664=ORIENTED_EDGE('',*,*,#3182,.T.);
#4665=ORIENTED_EDGE('',*,*,#3181,.T.);
#4666=ORIENTED_EDGE('',*,*,#3180,.T.);
#4667=ORIENTED_EDGE('',*,*,#3179,.T.);
#4668=ORIENTED_EDGE('',*,*,#3178,.T.);
#4669=ORIENTED_EDGE('',*,*,#3177,.T.);
#4670=ORIENTED_EDGE('',*,*,#3174,.T.);
#4671=ORIENTED_EDGE('',*,*,#3166,.T.);
#4672=ORIENTED_EDGE('',*,*,#3255,.F.);
#4673=ORIENTED_EDGE('',*,*,#3165,.T.);
#4674=ORIENTED_EDGE('',*,*,#3256,.T.);
#4675=ORIENTED_EDGE('',*,*,#3251,.T.);
#4676=ORIENTED_EDGE('',*,*,#3255,.T.);
#4677=ORIENTED_EDGE('',*,*,#3238,.F.);
#4678=ORIENTED_EDGE('',*,*,#3217,.T.);
#4679=ORIENTED_EDGE('',*,*,#3171,.T.);
#4680=ORIENTED_EDGE('',*,*,#3253,.T.);
#4681=ORIENTED_EDGE('',*,*,#3164,.T.);
#4682=ORIENTED_EDGE('',*,*,#3252,.T.);
#4683=ORIENTED_EDGE('',*,*,#3256,.F.);
#4684=ORIENTED_EDGE('',*,*,#3243,.T.);
#4685=ORIENTED_EDGE('',*,*,#3254,.F.);
#4686=ORIENTED_EDGE('',*,*,#3249,.F.);
#4687=ORIENTED_EDGE('',*,*,#3234,.T.);
#4688=ORIENTED_EDGE('',*,*,#3230,.F.);
#4689=ORIENTED_EDGE('',*,*,#3246,.T.);
#4690=ORIENTED_EDGE('',*,*,#3222,.F.);
#4691=ORIENTED_EDGE('',*,*,#3226,.F.);
#4692=ORIENTED_EDGE('',*,*,#3248,.T.);
#4693=ORIENTED_EDGE('',*,*,#3220,.F.);
#4694=ORIENTED_EDGE('',*,*,#3236,.F.);
#4695=ORIENTED_EDGE('',*,*,#3257,.F.);
#4696=ORIENTED_EDGE('',*,*,#3258,.T.);
#4697=ORIENTED_EDGE('',*,*,#3259,.F.);
#4698=ORIENTED_EDGE('',*,*,#3260,.F.);
#4699=ORIENTED_EDGE('',*,*,#3258,.F.);
#4700=ORIENTED_EDGE('',*,*,#3261,.F.);
#4701=ORIENTED_EDGE('',*,*,#3262,.F.);
#4702=ORIENTED_EDGE('',*,*,#3263,.T.);
#4703=ORIENTED_EDGE('',*,*,#3264,.F.);
#4704=ORIENTED_EDGE('',*,*,#3263,.F.);
#4705=ORIENTED_EDGE('',*,*,#3265,.T.);
#4706=ORIENTED_EDGE('',*,*,#3266,.T.);
#4707=ORIENTED_EDGE('',*,*,#3267,.F.);
#4708=ORIENTED_EDGE('',*,*,#3266,.F.);
#4709=ORIENTED_EDGE('',*,*,#3261,.T.);
#4710=ORIENTED_EDGE('',*,*,#3262,.T.);
#4711=ORIENTED_EDGE('',*,*,#3268,.T.);
#4712=ORIENTED_EDGE('',*,*,#3259,.T.);
#4713=ORIENTED_EDGE('',*,*,#3260,.T.);
#4714=ORIENTED_EDGE('',*,*,#3268,.F.);
#4715=ORIENTED_EDGE('',*,*,#3257,.T.);
#4716=ORIENTED_EDGE('',*,*,#3269,.F.);
#4717=ORIENTED_EDGE('',*,*,#3270,.T.);
#4718=ORIENTED_EDGE('',*,*,#3271,.F.);
#4719=ORIENTED_EDGE('',*,*,#3272,.F.);
#4720=ORIENTED_EDGE('',*,*,#3273,.F.);
#4721=ORIENTED_EDGE('',*,*,#3274,.T.);
#4722=ORIENTED_EDGE('',*,*,#3275,.F.);
#4723=ORIENTED_EDGE('',*,*,#3276,.F.);
#4724=ORIENTED_EDGE('',*,*,#3277,.F.);
#4725=ORIENTED_EDGE('',*,*,#3278,.T.);
#4726=ORIENTED_EDGE('',*,*,#3279,.F.);
#4727=ORIENTED_EDGE('',*,*,#3280,.F.);
#4728=ORIENTED_EDGE('',*,*,#3281,.F.);
#4729=ORIENTED_EDGE('',*,*,#3282,.T.);
#4730=ORIENTED_EDGE('',*,*,#3283,.F.);
#4731=ORIENTED_EDGE('',*,*,#3284,.F.);
#4732=ORIENTED_EDGE('',*,*,#3264,.T.);
#4733=ORIENTED_EDGE('',*,*,#3265,.F.);
#4734=ORIENTED_EDGE('',*,*,#3267,.T.);
#4735=ORIENTED_EDGE('',*,*,#3285,.F.);
#4736=ORIENTED_EDGE('',*,*,#3286,.T.);
#4737=ORIENTED_EDGE('',*,*,#3269,.T.);
#4738=ORIENTED_EDGE('',*,*,#3287,.F.);
#4739=ORIENTED_EDGE('',*,*,#3271,.T.);
#4740=ORIENTED_EDGE('',*,*,#3288,.T.);
#4741=ORIENTED_EDGE('',*,*,#3289,.F.);
#4742=ORIENTED_EDGE('',*,*,#3290,.T.);
#4743=ORIENTED_EDGE('',*,*,#3272,.T.);
#4744=ORIENTED_EDGE('',*,*,#3290,.F.);
#4745=ORIENTED_EDGE('',*,*,#3291,.F.);
#4746=ORIENTED_EDGE('',*,*,#3292,.T.);
#4747=ORIENTED_EDGE('',*,*,#3293,.F.);
#4748=ORIENTED_EDGE('',*,*,#3294,.T.);
#4749=ORIENTED_EDGE('',*,*,#3273,.T.);
#4750=ORIENTED_EDGE('',*,*,#3292,.F.);
#4751=ORIENTED_EDGE('',*,*,#3275,.T.);
#4752=ORIENTED_EDGE('',*,*,#3295,.T.);
#4753=ORIENTED_EDGE('',*,*,#3296,.F.);
#4754=ORIENTED_EDGE('',*,*,#3297,.T.);
#4755=ORIENTED_EDGE('',*,*,#3276,.T.);
#4756=ORIENTED_EDGE('',*,*,#3297,.F.);
#4757=ORIENTED_EDGE('',*,*,#3298,.F.);
#4758=ORIENTED_EDGE('',*,*,#3299,.T.);
#4759=ORIENTED_EDGE('',*,*,#3300,.F.);
#4760=ORIENTED_EDGE('',*,*,#3301,.T.);
#4761=ORIENTED_EDGE('',*,*,#3277,.T.);
#4762=ORIENTED_EDGE('',*,*,#3299,.F.);
#4763=ORIENTED_EDGE('',*,*,#3279,.T.);
#4764=ORIENTED_EDGE('',*,*,#3302,.T.);
#4765=ORIENTED_EDGE('',*,*,#3303,.F.);
#4766=ORIENTED_EDGE('',*,*,#3304,.T.);
#4767=ORIENTED_EDGE('',*,*,#3280,.T.);
#4768=ORIENTED_EDGE('',*,*,#3304,.F.);
#4769=ORIENTED_EDGE('',*,*,#3305,.F.);
#4770=ORIENTED_EDGE('',*,*,#3306,.T.);
#4771=ORIENTED_EDGE('',*,*,#3307,.F.);
#4772=ORIENTED_EDGE('',*,*,#3308,.T.);
#4773=ORIENTED_EDGE('',*,*,#3281,.T.);
#4774=ORIENTED_EDGE('',*,*,#3306,.F.);
#4775=ORIENTED_EDGE('',*,*,#3283,.T.);
#4776=ORIENTED_EDGE('',*,*,#3309,.T.);
#4777=ORIENTED_EDGE('',*,*,#3310,.F.);
#4778=ORIENTED_EDGE('',*,*,#3311,.T.);
#4779=ORIENTED_EDGE('',*,*,#3284,.T.);
#4780=ORIENTED_EDGE('',*,*,#3311,.F.);
#4781=ORIENTED_EDGE('',*,*,#3312,.F.);
#4782=ORIENTED_EDGE('',*,*,#3287,.T.);
#4783=ORIENTED_EDGE('',*,*,#3289,.T.);
#4784=ORIENTED_EDGE('',*,*,#3313,.T.);
#4785=ORIENTED_EDGE('',*,*,#3285,.T.);
#4786=ORIENTED_EDGE('',*,*,#3312,.T.);
#4787=ORIENTED_EDGE('',*,*,#3310,.T.);
#4788=ORIENTED_EDGE('',*,*,#3314,.T.);
#4789=ORIENTED_EDGE('',*,*,#3307,.T.);
#4790=ORIENTED_EDGE('',*,*,#3305,.T.);
#4791=ORIENTED_EDGE('',*,*,#3303,.T.);
#4792=ORIENTED_EDGE('',*,*,#3315,.T.);
#4793=ORIENTED_EDGE('',*,*,#3300,.T.);
#4794=ORIENTED_EDGE('',*,*,#3298,.T.);
#4795=ORIENTED_EDGE('',*,*,#3296,.T.);
#4796=ORIENTED_EDGE('',*,*,#3316,.T.);
#4797=ORIENTED_EDGE('',*,*,#3293,.T.);
#4798=ORIENTED_EDGE('',*,*,#3291,.T.);
#4799=ORIENTED_EDGE('',*,*,#3313,.F.);
#4800=ORIENTED_EDGE('',*,*,#3288,.F.);
#4801=ORIENTED_EDGE('',*,*,#3270,.F.);
#4802=ORIENTED_EDGE('',*,*,#3286,.F.);
#4803=ORIENTED_EDGE('',*,*,#3314,.F.);
#4804=ORIENTED_EDGE('',*,*,#3309,.F.);
#4805=ORIENTED_EDGE('',*,*,#3282,.F.);
#4806=ORIENTED_EDGE('',*,*,#3308,.F.);
#4807=ORIENTED_EDGE('',*,*,#3316,.F.);
#4808=ORIENTED_EDGE('',*,*,#3295,.F.);
#4809=ORIENTED_EDGE('',*,*,#3274,.F.);
#4810=ORIENTED_EDGE('',*,*,#3294,.F.);
#4811=ORIENTED_EDGE('',*,*,#3315,.F.);
#4812=ORIENTED_EDGE('',*,*,#3302,.F.);
#4813=ORIENTED_EDGE('',*,*,#3278,.F.);
#4814=ORIENTED_EDGE('',*,*,#3301,.F.);
#4815=CYLINDRICAL_SURFACE('',#5290,2.5);
#4816=CYLINDRICAL_SURFACE('',#5293,2.5);
#4817=CYLINDRICAL_SURFACE('',#5296,2.5);
#4818=CYLINDRICAL_SURFACE('',#5299,2.5);
#4819=CYLINDRICAL_SURFACE('',#5302,1.5);
#4820=CYLINDRICAL_SURFACE('',#5305,3.5);
#4821=CYLINDRICAL_SURFACE('',#5308,2.1);
#4822=CYLINDRICAL_SURFACE('',#5322,8.05);
#4823=CYLINDRICAL_SURFACE('',#5340,3.);
#4824=CYLINDRICAL_SURFACE('',#5341,3.);
#4825=CYLINDRICAL_SURFACE('',#5343,8.05);
#4826=CYLINDRICAL_SURFACE('',#5349,0.6);
#4827=CYLINDRICAL_SURFACE('',#5350,0.6);
#4828=CYLINDRICAL_SURFACE('',#5363,5.);
#4829=CYLINDRICAL_SURFACE('',#5364,5.);
#4830=CYLINDRICAL_SURFACE('',#5365,5.);
#4831=CYLINDRICAL_SURFACE('',#5366,5.);
#4832=CYLINDRICAL_SURFACE('',#5376,0.5);
#4833=CYLINDRICAL_SURFACE('',#5379,1.5);
#4834=CYLINDRICAL_SURFACE('',#5382,3.4);
#4835=CYLINDRICAL_SURFACE('',#5385,2.1);
#4836=CYLINDRICAL_SURFACE('',#5388,0.5);
#4837=CYLINDRICAL_SURFACE('',#5391,0.499999999999999);
#4838=CYLINDRICAL_SURFACE('',#5394,0.5);
#4839=CYLINDRICAL_SURFACE('',#5397,0.5);
#4840=CYLINDRICAL_SURFACE('',#5407,8.05);
#4841=CYLINDRICAL_SURFACE('',#5429,3.);
#4842=CYLINDRICAL_SURFACE('',#5430,3.);
#4843=CYLINDRICAL_SURFACE('',#5432,8.05);
#4844=CYLINDRICAL_SURFACE('',#5439,0.6);
#4845=CYLINDRICAL_SURFACE('',#5440,0.6);
#4846=CYLINDRICAL_SURFACE('',#5442,1.5);
#4847=CYLINDRICAL_SURFACE('',#5447,1.5);
#4848=CYLINDRICAL_SURFACE('',#5452,1.49999999999999);
#4849=CYLINDRICAL_SURFACE('',#5457,1.5);
#4850=CYLINDRICAL_SURFACE('',#5462,1.5);
#4851=CYLINDRICAL_SURFACE('',#5473,3.45873412499999);
#4852=CYLINDRICAL_SURFACE('',#5474,3.45873412499999);
#4853=CYLINDRICAL_SURFACE('',#5475,3.45873412499999);
#4854=CYLINDRICAL_SURFACE('',#5476,3.45873412499999);
#4855=CYLINDRICAL_SURFACE('',#5477,3.45873412499999);
#4856=CYLINDRICAL_SURFACE('',#5478,3.45873412499999);
#4857=CYLINDRICAL_SURFACE('',#5479,3.45873412499999);
#4858=CYLINDRICAL_SURFACE('',#5480,4.);
#4859=CYLINDRICAL_SURFACE('',#5482,4.);
#4860=CYLINDRICAL_SURFACE('',#5483,4.);
#4861=CYLINDRICAL_SURFACE('',#5484,4.);
#4862=CYLINDRICAL_SURFACE('',#5485,4.);
#4863=CYLINDRICAL_SURFACE('',#5486,4.);
#4864=CYLINDRICAL_SURFACE('',#5487,4.);
#4865=CYLINDRICAL_SURFACE('',#5508,4.5);
#4866=CYLINDRICAL_SURFACE('',#5511,3.35);
#4867=CYLINDRICAL_SURFACE('',#5513,4.);
#4868=CYLINDRICAL_SURFACE('',#5517,3.45873412499999);
#4869=CYLINDRICAL_SURFACE('',#5519,1.525);
#4870=CYLINDRICAL_SURFACE('',#5522,1.52500000000001);
#4871=CYLINDRICAL_SURFACE('',#5525,1.525);
#4872=CYLINDRICAL_SURFACE('',#5528,1.52500000000001);
#4873=CYLINDRICAL_SURFACE('',#5553,8.);
#4874=CYLINDRICAL_SURFACE('',#5555,8.);
#4875=CYLINDRICAL_SURFACE('',#5561,1.);
#4876=CYLINDRICAL_SURFACE('',#5562,1.);
#4877=CYLINDRICAL_SURFACE('',#5563,1.);
#4878=CYLINDRICAL_SURFACE('',#5564,1.);
#4879=CYLINDRICAL_SURFACE('',#5565,0.1);
#4880=CYLINDRICAL_SURFACE('',#5566,0.1);
#4881=CYLINDRICAL_SURFACE('',#5567,0.1);
#4882=CYLINDRICAL_SURFACE('',#5568,0.1);
#4883=CYLINDRICAL_SURFACE('',#5570,1.5);
#4884=CYLINDRICAL_SURFACE('',#5573,1.5);
#4885=CYLINDRICAL_SURFACE('',#5576,4.55);
#4886=CYLINDRICAL_SURFACE('',#5583,1.5);
#4887=CYLINDRICAL_SURFACE('',#5588,1.5);
#4888=CYLINDRICAL_SURFACE('',#5603,8.);
#4889=CYLINDRICAL_SURFACE('',#5606,8.);
#4890=CYLINDRICAL_SURFACE('',#5627,1.);
#4891=CYLINDRICAL_SURFACE('',#5628,1.);
#4892=CYLINDRICAL_SURFACE('',#5629,1.);
#4893=CYLINDRICAL_SURFACE('',#5630,1.);
#4894=CYLINDRICAL_SURFACE('',#5632,0.65);
#4895=CYLINDRICAL_SURFACE('',#5635,0.390625);
#4896=CYLINDRICAL_SURFACE('',#5638,0.65);
#4897=CYLINDRICAL_SURFACE('',#5652,0.390625);
#4898=CYLINDRICAL_SURFACE('',#5662,0.65);
#4899=CYLINDRICAL_SURFACE('',#5664,0.65);
#4900=CYLINDRICAL_SURFACE('',#5674,0.65);
#4901=CYLINDRICAL_SURFACE('',#5676,0.65);
#4902=CYLINDRICAL_SURFACE('',#5681,3.95);
#4903=CYLINDRICAL_SURFACE('',#5684,3.95);
#4904=CYLINDRICAL_SURFACE('',#5686,3.95);
#4905=CYLINDRICAL_SURFACE('',#5689,3.95);
#4906=CYLINDRICAL_SURFACE('',#5693,4.5);
#4907=CYLINDRICAL_SURFACE('',#5698,2.1);
#4908=CYLINDRICAL_SURFACE('',#5701,3.25);
#4909=CYLINDRICAL_SURFACE('',#5704,2.6);
#4910=CYLINDRICAL_SURFACE('',#5706,3.95);
#4911=CYLINDRICAL_SURFACE('',#5712,9.75454545454547);
#4912=CYLINDRICAL_SURFACE('',#5731,0.7);
#4913=CYLINDRICAL_SURFACE('',#5734,1.25);
#4914=CYLINDRICAL_SURFACE('',#5759,0.1);
#4915=CYLINDRICAL_SURFACE('',#5760,0.1);
#4916=CYLINDRICAL_SURFACE('',#5761,0.1);
#4917=CYLINDRICAL_SURFACE('',#5762,0.1);
#4918=ADVANCED_FACE('',(#447),#4815,.F.);
#4919=ADVANCED_FACE('',(#448),#4816,.F.);
#4920=ADVANCED_FACE('',(#449),#4817,.F.);
#4921=ADVANCED_FACE('',(#450),#4818,.F.);
#4922=ADVANCED_FACE('',(#451),#4819,.T.);
#4923=ADVANCED_FACE('',(#452),#4820,.F.);
#4924=ADVANCED_FACE('',(#453),#4821,.F.);
#4925=ADVANCED_FACE('',(#454,#254),#306,.T.);
#4926=ADVANCED_FACE('',(#455),#307,.T.);
#4927=ADVANCED_FACE('',(#456),#308,.F.);
#4928=ADVANCED_FACE('',(#457),#309,.F.);
#4929=ADVANCED_FACE('',(#458),#310,.T.);
#4930=ADVANCED_FACE('',(#459),#311,.F.);
#4931=ADVANCED_FACE('',(#460),#312,.F.);
#4932=ADVANCED_FACE('',(#461),#4822,.F.);
#4933=ADVANCED_FACE('',(#462),#313,.F.);
#4934=ADVANCED_FACE('',(#463,#255,#256,#257,#258),#314,.F.);
#4935=ADVANCED_FACE('',(#464),#315,.T.);
#4936=ADVANCED_FACE('',(#465),#316,.T.);
#4937=ADVANCED_FACE('',(#466),#317,.T.);
#4938=ADVANCED_FACE('',(#467,#259),#318,.F.);
#4939=ADVANCED_FACE('',(#468),#4823,.T.);
#4940=ADVANCED_FACE('',(#469),#4824,.T.);
#4941=ADVANCED_FACE('',(#470,#260),#319,.T.);
#4942=ADVANCED_FACE('',(#471),#4825,.F.);
#4943=ADVANCED_FACE('',(#472),#320,.T.);
#4944=ADVANCED_FACE('',(#473,#261),#321,.F.);
#4945=ADVANCED_FACE('',(#474),#322,.T.);
#4946=ADVANCED_FACE('',(#475),#4826,.F.);
#4947=ADVANCED_FACE('',(#476),#4827,.F.);
#4948=ADVANCED_FACE('',(#477),#323,.T.);
#4949=ADVANCED_FACE('',(#478),#324,.T.);
#4950=ADVANCED_FACE('',(#479),#325,.T.);
#4951=ADVANCED_FACE('',(#480,#262,#263),#326,.F.);
#4952=ADVANCED_FACE('',(#481),#327,.T.);
#4953=ADVANCED_FACE('',(#482),#328,.T.);
#4954=ADVANCED_FACE('',(#483),#329,.T.);
#4955=ADVANCED_FACE('',(#484,#264,#265),#330,.T.);
#4956=ADVANCED_FACE('',(#485),#4828,.T.);
#4957=ADVANCED_FACE('',(#486),#4829,.T.);
#4958=ADVANCED_FACE('',(#487),#4830,.T.);
#4959=ADVANCED_FACE('',(#488),#4831,.T.);
#4960=ADVANCED_FACE('',(#489),#331,.T.);
#4961=ADVANCED_FACE('',(#490),#332,.T.);
#4962=ADVANCED_FACE('',(#491),#333,.T.);
#4963=ADVANCED_FACE('',(#492),#334,.T.);
#4964=ADVANCED_FACE('',(#493),#335,.T.);
#4965=ADVANCED_FACE('',(#494),#336,.T.);
#4966=ADVANCED_FACE('',(#495),#337,.T.);
#4967=ADVANCED_FACE('',(#496),#338,.T.);
#4968=ADVANCED_FACE('',(#497),#4832,.F.);
#4969=ADVANCED_FACE('',(#498),#4833,.T.);
#4970=ADVANCED_FACE('',(#499),#4834,.T.);
#4971=ADVANCED_FACE('',(#500),#4835,.F.);
#4972=ADVANCED_FACE('',(#501),#4836,.F.);
#4973=ADVANCED_FACE('',(#502),#4837,.F.);
#4974=ADVANCED_FACE('',(#503),#4838,.F.);
#4975=ADVANCED_FACE('',(#504),#4839,.F.);
#4976=ADVANCED_FACE('',(#505,#266),#339,.T.);
#4977=ADVANCED_FACE('',(#506),#340,.F.);
#4978=ADVANCED_FACE('',(#507),#341,.T.);
#4979=ADVANCED_FACE('',(#508),#4840,.F.);
#4980=ADVANCED_FACE('',(#509,#267),#342,.T.);
#4981=ADVANCED_FACE('',(#510),#343,.F.);
#4982=ADVANCED_FACE('',(#511),#344,.F.);
#4983=ADVANCED_FACE('',(#512),#345,.F.);
#4984=ADVANCED_FACE('',(#513),#346,.F.);
#4985=ADVANCED_FACE('',(#514),#347,.T.);
#4986=ADVANCED_FACE('',(#515),#348,.T.);
#4987=ADVANCED_FACE('',(#516),#349,.T.);
#4988=ADVANCED_FACE('',(#517,#268),#350,.F.);
#4989=ADVANCED_FACE('',(#518),#4841,.T.);
#4990=ADVANCED_FACE('',(#519),#4842,.T.);
#4991=ADVANCED_FACE('',(#520,#269),#351,.T.);
#4992=ADVANCED_FACE('',(#521),#4843,.F.);
#4993=ADVANCED_FACE('',(#522),#352,.T.);
#4994=ADVANCED_FACE('',(#523,#270,#271,#272,#273,#274),#353,.F.);
#4995=ADVANCED_FACE('',(#524),#354,.F.);
#4996=ADVANCED_FACE('',(#525),#355,.T.);
#4997=ADVANCED_FACE('',(#526),#4844,.F.);
#4998=ADVANCED_FACE('',(#527),#4845,.F.);
#4999=ADVANCED_FACE('',(#528),#356,.T.);
#5000=ADVANCED_FACE('',(#529),#4846,.F.);
#5001=ADVANCED_FACE('',(#530),#357,.F.);
#5002=ADVANCED_FACE('',(#531),#358,.F.);
#5003=ADVANCED_FACE('',(#532,#275),#359,.T.);
#5004=ADVANCED_FACE('',(#533),#4847,.F.);
#5005=ADVANCED_FACE('',(#534),#360,.F.);
#5006=ADVANCED_FACE('',(#535),#361,.F.);
#5007=ADVANCED_FACE('',(#536,#276),#362,.T.);
#5008=ADVANCED_FACE('',(#537),#4848,.F.);
#5009=ADVANCED_FACE('',(#538),#363,.F.);
#5010=ADVANCED_FACE('',(#539),#364,.F.);
#5011=ADVANCED_FACE('',(#540,#277),#365,.T.);
#5012=ADVANCED_FACE('',(#541),#4849,.F.);
#5013=ADVANCED_FACE('',(#542),#366,.F.);
#5014=ADVANCED_FACE('',(#543),#367,.F.);
#5015=ADVANCED_FACE('',(#544,#278),#368,.T.);
#5016=ADVANCED_FACE('',(#545),#4850,.F.);
#5017=ADVANCED_FACE('',(#546),#369,.F.);
#5018=ADVANCED_FACE('',(#547),#370,.F.);
#5019=ADVANCED_FACE('',(#548,#279),#371,.T.);
#5020=ADVANCED_FACE('',(#549),#372,.T.);
#5021=ADVANCED_FACE('',(#550),#373,.F.);
#5022=ADVANCED_FACE('',(#551),#374,.F.);
#5023=ADVANCED_FACE('',(#552),#375,.F.);
#5024=ADVANCED_FACE('',(#553),#376,.F.);
#5025=ADVANCED_FACE('',(#554),#4851,.F.);
#5026=ADVANCED_FACE('',(#555),#4852,.F.);
#5027=ADVANCED_FACE('',(#556),#4853,.F.);
#5028=ADVANCED_FACE('',(#557),#4854,.F.);
#5029=ADVANCED_FACE('',(#558),#4855,.F.);
#5030=ADVANCED_FACE('',(#559),#4856,.F.);
#5031=ADVANCED_FACE('',(#560),#4857,.F.);
#5032=ADVANCED_FACE('',(#561),#4858,.F.);
#5033=ADVANCED_FACE('',(#562),#4859,.F.);
#5034=ADVANCED_FACE('',(#563),#4860,.F.);
#5035=ADVANCED_FACE('',(#564),#4861,.F.);
#5036=ADVANCED_FACE('',(#565),#4862,.F.);
#5037=ADVANCED_FACE('',(#566),#4863,.F.);
#5038=ADVANCED_FACE('',(#567),#4864,.F.);
#5039=ADVANCED_FACE('',(#568),#72,.F.);
#5040=ADVANCED_FACE('',(#569),#73,.F.);
#5041=ADVANCED_FACE('',(#570),#69,.F.);
#5042=ADVANCED_FACE('',(#571),#70,.F.);
#5043=ADVANCED_FACE('',(#572),#4865,.T.);
#5044=ADVANCED_FACE('',(#573),#4866,.F.);
#5045=ADVANCED_FACE('',(#574),#4867,.F.);
#5046=ADVANCED_FACE('',(#575,#280),#377,.T.);
#5047=ADVANCED_FACE('',(#576,#281),#378,.F.);
#5048=ADVANCED_FACE('',(#577),#379,.T.);
#5049=ADVANCED_FACE('',(#578),#67,.F.);
#5050=ADVANCED_FACE('',(#579),#4868,.F.);
#5051=ADVANCED_FACE('',(#580),#68,.F.);
#5052=ADVANCED_FACE('',(#581),#74,.F.);
#5053=ADVANCED_FACE('',(#582),#4869,.F.);
#5054=ADVANCED_FACE('',(#583),#4870,.F.);
#5055=ADVANCED_FACE('',(#584),#4871,.F.);
#5056=ADVANCED_FACE('',(#585),#4872,.F.);
#5057=ADVANCED_FACE('',(#586,#282),#380,.T.);
#5058=ADVANCED_FACE('',(#587,#283),#381,.F.);
#5059=ADVANCED_FACE('',(#588),#4873,.T.);
#5060=ADVANCED_FACE('',(#589,#284,#285),#382,.F.);
#5061=ADVANCED_FACE('',(#590),#4874,.T.);
#5062=ADVANCED_FACE('',(#591,#286,#287),#383,.F.);
#5063=ADVANCED_FACE('',(#592),#384,.T.);
#5064=ADVANCED_FACE('',(#593,#288,#289),#385,.T.);
#5065=ADVANCED_FACE('',(#594),#386,.T.);
#5066=ADVANCED_FACE('',(#595,#290,#291),#387,.T.);
#5067=ADVANCED_FACE('',(#596),#4875,.T.);
#5068=ADVANCED_FACE('',(#597),#4876,.T.);
#5069=ADVANCED_FACE('',(#598),#4877,.T.);
#5070=ADVANCED_FACE('',(#599),#4878,.T.);
#5071=ADVANCED_FACE('',(#600),#4879,.F.);
#5072=ADVANCED_FACE('',(#601),#4880,.F.);
#5073=ADVANCED_FACE('',(#602),#4881,.F.);
#5074=ADVANCED_FACE('',(#603),#4882,.F.);
#5075=ADVANCED_FACE('',(#604),#4883,.T.);
#5076=ADVANCED_FACE('',(#605),#4884,.T.);
#5077=ADVANCED_FACE('',(#606),#4885,.F.);
#5078=ADVANCED_FACE('',(#607),#4886,.T.);
#5079=ADVANCED_FACE('',(#608),#4887,.T.);
#5080=ADVANCED_FACE('',(#609),#388,.F.);
#5081=ADVANCED_FACE('',(#610),#389,.F.);
#5082=ADVANCED_FACE('',(#611),#390,.F.);
#5083=ADVANCED_FACE('',(#612,#292),#391,.T.);
#5084=ADVANCED_FACE('',(#613),#4888,.T.);
#5085=ADVANCED_FACE('',(#614),#392,.F.);
#5086=ADVANCED_FACE('',(#615),#4889,.T.);
#5087=ADVANCED_FACE('',(#616),#393,.F.);
#5088=ADVANCED_FACE('',(#617,#293),#394,.F.);
#5089=ADVANCED_FACE('',(#618),#395,.F.);
#5090=ADVANCED_FACE('',(#619),#396,.F.);
#5091=ADVANCED_FACE('',(#620),#397,.F.);
#5092=ADVANCED_FACE('',(#621),#398,.F.);
#5093=ADVANCED_FACE('',(#622),#399,.F.);
#5094=ADVANCED_FACE('',(#623),#400,.F.);
#5095=ADVANCED_FACE('',(#624),#401,.F.);
#5096=ADVANCED_FACE('',(#625,#294),#402,.F.);
#5097=ADVANCED_FACE('',(#626,#295),#403,.T.);
#5098=ADVANCED_FACE('',(#627),#404,.F.);
#5099=ADVANCED_FACE('',(#628),#405,.T.);
#5100=ADVANCED_FACE('',(#629),#406,.F.);
#5101=ADVANCED_FACE('',(#630),#407,.F.);
#5102=ADVANCED_FACE('',(#631),#4890,.T.);
#5103=ADVANCED_FACE('',(#632),#4891,.T.);
#5104=ADVANCED_FACE('',(#633),#4892,.T.);
#5105=ADVANCED_FACE('',(#634),#4893,.T.);
#5106=ADVANCED_FACE('',(#635),#4894,.F.);
#5107=ADVANCED_FACE('',(#636),#4895,.T.);
#5108=ADVANCED_FACE('',(#637),#4896,.F.);
#5109=ADVANCED_FACE('',(#638),#408,.F.);
#5110=ADVANCED_FACE('',(#639),#409,.F.);
#5111=ADVANCED_FACE('',(#640),#410,.F.);
#5112=ADVANCED_FACE('',(#641),#411,.F.);
#5113=ADVANCED_FACE('',(#642,#296),#412,.F.);
#5114=ADVANCED_FACE('',(#643,#297),#413,.T.);
#5115=ADVANCED_FACE('',(#644),#414,.T.);
#5116=ADVANCED_FACE('',(#645),#415,.T.);
#5117=ADVANCED_FACE('',(#646,#298),#416,.T.);
#5118=ADVANCED_FACE('',(#647),#4897,.T.);
#5119=ADVANCED_FACE('',(#648),#417,.F.);
#5120=ADVANCED_FACE('',(#649),#418,.F.);
#5121=ADVANCED_FACE('',(#650),#63,.T.);
#5122=ADVANCED_FACE('',(#651),#4898,.T.);
#5123=ADVANCED_FACE('',(#652),#4899,.T.);
#5124=ADVANCED_FACE('',(#653),#419,.F.);
#5125=ADVANCED_FACE('',(#654),#420,.T.);
#5126=ADVANCED_FACE('',(#655),#64,.T.);
#5127=ADVANCED_FACE('',(#656),#4900,.T.);
#5128=ADVANCED_FACE('',(#657),#4901,.T.);
#5129=ADVANCED_FACE('',(#658),#421,.F.);
#5130=ADVANCED_FACE('',(#659),#422,.T.);
#5131=ADVANCED_FACE('',(#660),#4902,.T.);
#5132=ADVANCED_FACE('',(#661),#4903,.T.);
#5133=ADVANCED_FACE('',(#662),#4904,.T.);
#5134=ADVANCED_FACE('',(#663),#4905,.T.);
#5135=ADVANCED_FACE('',(#664),#71,.F.);
#5136=ADVANCED_FACE('',(#665),#4906,.T.);
#5137=ADVANCED_FACE('',(#666),#4907,.F.);
#5138=ADVANCED_FACE('',(#667),#4908,.T.);
#5139=ADVANCED_FACE('',(#668),#4909,.F.);
#5140=ADVANCED_FACE('',(#669),#4910,.T.);
#5141=ADVANCED_FACE('',(#670,#299),#423,.F.);
#5142=ADVANCED_FACE('',(#671,#300),#424,.F.);
#5143=ADVANCED_FACE('',(#672),#4911,.T.);
#5144=ADVANCED_FACE('',(#673),#75,.T.);
#5145=ADVANCED_FACE('',(#674),#76,.T.);
#5146=ADVANCED_FACE('',(#675,#301),#425,.T.);
#5147=ADVANCED_FACE('',(#676),#426,.T.);
#5148=ADVANCED_FACE('',(#677),#77,.T.);
#5149=ADVANCED_FACE('',(#678),#78,.T.);
#5150=ADVANCED_FACE('',(#679,#302),#427,.T.);
#5151=ADVANCED_FACE('',(#680),#428,.F.);
#5152=ADVANCED_FACE('',(#681),#429,.F.);
#5153=ADVANCED_FACE('',(#682,#303),#430,.F.);
#5154=ADVANCED_FACE('',(#683),#65,.T.);
#5155=ADVANCED_FACE('',(#684),#66,.T.);
#5156=ADVANCED_FACE('',(#685),#4912,.T.);
#5157=ADVANCED_FACE('',(#686),#4913,.T.);
#5158=ADVANCED_FACE('',(#687,#304),#431,.T.);
#5159=ADVANCED_FACE('',(#688,#305),#432,.F.);
#5160=ADVANCED_FACE('',(#689),#433,.T.);
#5161=ADVANCED_FACE('',(#690),#434,.F.);
#5162=ADVANCED_FACE('',(#691),#435,.F.);
#5163=ADVANCED_FACE('',(#692),#436,.F.);
#5164=ADVANCED_FACE('',(#693),#437,.F.);
#5165=ADVANCED_FACE('',(#694),#438,.F.);
#5166=ADVANCED_FACE('',(#695),#439,.F.);
#5167=ADVANCED_FACE('',(#696),#440,.F.);
#5168=ADVANCED_FACE('',(#697),#441,.F.);
#5169=ADVANCED_FACE('',(#698),#442,.F.);
#5170=ADVANCED_FACE('',(#699),#443,.F.);
#5171=ADVANCED_FACE('',(#700),#444,.F.);
#5172=ADVANCED_FACE('',(#701),#445,.F.);
#5173=ADVANCED_FACE('',(#702),#446,.F.);
#5174=ADVANCED_FACE('',(#703),#4914,.T.);
#5175=ADVANCED_FACE('',(#704),#4915,.T.);
#5176=ADVANCED_FACE('',(#705),#4916,.T.);
#5177=ADVANCED_FACE('',(#706),#4917,.T.);
#5178=CLOSED_SHELL('',(#4918,#4919,#4920,#4921,#4922,#4923,#4924,#4925,
#4926,#4927,#4928,#4929,#4930,#4931,#4932,#4933,#4934,#4935,#4936,#4937,
#4938,#4939,#4940,#4941,#4942,#4943,#4944,#4945,#4946,#4947,#4948,#4949,
#4950,#4951,#4952,#4953,#4954,#4955,#4956,#4957,#4958,#4959,#4960,#4961,
#4962,#4963,#4964,#4965,#4966,#4967));
#5179=CLOSED_SHELL('',(#4968,#4969,#4970,#4971,#4972,#4973,#4974,#4975,
#4976,#4977,#4978,#4979,#4980,#4981,#4982,#4983,#4984,#4985,#4986,#4987,
#4988,#4989,#4990,#4991,#4992,#4993,#4994,#4995,#4996,#4997,#4998,#4999,
#5000,#5001,#5002,#5003,#5004,#5005,#5006,#5007,#5008,#5009,#5010,#5011,
#5012,#5013,#5014,#5015,#5016,#5017,#5018,#5019,#5020,#5021,#5022,#5023,
#5024));
#5180=CLOSED_SHELL('',(#5025,#5026,#5027,#5028,#5029,#5030,#5031,#5032,
#5033,#5034,#5035,#5036,#5037,#5038,#5039,#5040,#5041,#5042,#5043,#5044,
#5045,#5046,#5047,#5048,#5049,#5050,#5051,#5052));
#5181=CLOSED_SHELL('',(#5053,#5054,#5055,#5056,#5057,#5058,#5059,#5060,
#5061,#5062,#5063,#5064,#5065,#5066,#5067,#5068,#5069,#5070,#5071,#5072,
#5073,#5074));
#5182=CLOSED_SHELL('',(#5075,#5076,#5077,#5078,#5079,#5080,#5081,#5082,
#5083,#5084,#5085,#5086,#5087,#5088,#5089,#5090,#5091,#5092,#5093,#5094,
#5095,#5096,#5097,#5098,#5099,#5100,#5101,#5102,#5103,#5104,#5105));
#5183=CLOSED_SHELL('',(#5106,#5107,#5108,#5109,#5110,#5111,#5112,#5113,
#5114,#5115,#5116,#5117,#5118,#5119,#5120));
#5184=CLOSED_SHELL('',(#5121,#5122,#5123,#5124,#5125));
#5185=CLOSED_SHELL('',(#5126,#5127,#5128,#5129,#5130));
#5186=CLOSED_SHELL('',(#5131,#5132,#5133,#5134,#5135,#5136,#5137,#5138,
#5139,#5140,#5141,#5142,#5143,#5144,#5145,#5146,#5147,#5148,#5149,#5150,
#5151,#5152,#5153));
#5187=CLOSED_SHELL('',(#5154,#5155,#5156,#5157,#5158,#5159,#5160,#5161,
#5162,#5163,#5164,#5165,#5166,#5167,#5168,#5169,#5170,#5171,#5172,#5173,
#5174,#5175,#5176,#5177));
#5188=DERIVED_UNIT_ELEMENT(#5206,1.);
#5189=DERIVED_UNIT_ELEMENT(#13808,-3.);
#5190=DERIVED_UNIT_ELEMENT(#5206,1.);
#5191=DERIVED_UNIT_ELEMENT(#13808,-3.);
#5192=DERIVED_UNIT_ELEMENT(#5206,1.);
#5193=DERIVED_UNIT_ELEMENT(#13808,-3.);
#5194=DERIVED_UNIT_ELEMENT(#5206,1.);
#5195=DERIVED_UNIT_ELEMENT(#13808,-3.);
#5196=DERIVED_UNIT_ELEMENT(#5206,1.);
#5197=DERIVED_UNIT_ELEMENT(#13808,-3.);
#5198=DERIVED_UNIT_ELEMENT(#5206,1.);
#5199=DERIVED_UNIT_ELEMENT(#13808,-3.);
#5200=DERIVED_UNIT_ELEMENT(#5206,1.);
#5201=DERIVED_UNIT_ELEMENT(#13808,-3.);
#5202=DERIVED_UNIT_ELEMENT(#5206,1.);
#5203=DERIVED_UNIT_ELEMENT(#13808,-3.);
#5204=DERIVED_UNIT_ELEMENT(#5206,1.);
#5205=DERIVED_UNIT_ELEMENT(#13808,-3.);
#5206=(
MASS_UNIT()
NAMED_UNIT(*)
SI_UNIT(.KILO.,.GRAM.)
);
#5207=DERIVED_UNIT((#5188,#5189));
#5208=DERIVED_UNIT((#5190,#5191));
#5209=DERIVED_UNIT((#5192,#5193));
#5210=DERIVED_UNIT((#5194,#5195));
#5211=DERIVED_UNIT((#5196,#5197));
#5212=DERIVED_UNIT((#5198,#5199));
#5213=DERIVED_UNIT((#5200,#5201));
#5214=DERIVED_UNIT((#5202,#5203));
#5215=DERIVED_UNIT((#5204,#5205));
#5216=MEASURE_REPRESENTATION_ITEM('density measure',
POSITIVE_RATIO_MEASURE(7850.),#5207);
#5217=MEASURE_REPRESENTATION_ITEM('density measure',
POSITIVE_RATIO_MEASURE(7850.),#5208);
#5218=MEASURE_REPRESENTATION_ITEM('density measure',
POSITIVE_RATIO_MEASURE(7850.),#5209);
#5219=MEASURE_REPRESENTATION_ITEM('density measure',
POSITIVE_RATIO_MEASURE(7850.),#5210);
#5220=MEASURE_REPRESENTATION_ITEM('density measure',
POSITIVE_RATIO_MEASURE(7850.),#5211);
#5221=MEASURE_REPRESENTATION_ITEM('density measure',
POSITIVE_RATIO_MEASURE(7850.),#5212);
#5222=MEASURE_REPRESENTATION_ITEM('density measure',
POSITIVE_RATIO_MEASURE(7850.),#5213);
#5223=MEASURE_REPRESENTATION_ITEM('density measure',
POSITIVE_RATIO_MEASURE(7850.),#5214);
#5224=MEASURE_REPRESENTATION_ITEM('density measure',
POSITIVE_RATIO_MEASURE(7850.),#5215);
#5225=PROPERTY_DEFINITION_REPRESENTATION(#5270,#5243);
#5226=PROPERTY_DEFINITION_REPRESENTATION(#5271,#5244);
#5227=PROPERTY_DEFINITION_REPRESENTATION(#5272,#5245);
#5228=PROPERTY_DEFINITION_REPRESENTATION(#5273,#5246);
#5229=PROPERTY_DEFINITION_REPRESENTATION(#5274,#5247);
#5230=PROPERTY_DEFINITION_REPRESENTATION(#5275,#5248);
#5231=PROPERTY_DEFINITION_REPRESENTATION(#5276,#5249);
#5232=PROPERTY_DEFINITION_REPRESENTATION(#5277,#5250);
#5233=PROPERTY_DEFINITION_REPRESENTATION(#5278,#5251);
#5234=PROPERTY_DEFINITION_REPRESENTATION(#5279,#5252);
#5235=PROPERTY_DEFINITION_REPRESENTATION(#5280,#5253);
#5236=PROPERTY_DEFINITION_REPRESENTATION(#5281,#5254);
#5237=PROPERTY_DEFINITION_REPRESENTATION(#5282,#5255);
#5238=PROPERTY_DEFINITION_REPRESENTATION(#5283,#5256);
#5239=PROPERTY_DEFINITION_REPRESENTATION(#5284,#5257);
#5240=PROPERTY_DEFINITION_REPRESENTATION(#5285,#5258);
#5241=PROPERTY_DEFINITION_REPRESENTATION(#5286,#5259);
#5242=PROPERTY_DEFINITION_REPRESENTATION(#5287,#5260);
#5243=REPRESENTATION('material name',(#5261),#13797);
#5244=REPRESENTATION('density',(#5216),#13797);
#5245=REPRESENTATION('material name',(#5262),#13798);
#5246=REPRESENTATION('density',(#5217),#13798);
#5247=REPRESENTATION('material name',(#5263),#13799);
#5248=REPRESENTATION('density',(#5218),#13799);
#5249=REPRESENTATION('material name',(#5264),#13800);
#5250=REPRESENTATION('density',(#5219),#13800);
#5251=REPRESENTATION('material name',(#5265),#13801);
#5252=REPRESENTATION('density',(#5220),#13801);
#5253=REPRESENTATION('material name',(#5266),#13802);
#5254=REPRESENTATION('density',(#5221),#13802);
#5255=REPRESENTATION('material name',(#5267),#13803);
#5256=REPRESENTATION('density',(#5222),#13803);
#5257=REPRESENTATION('material name',(#5268),#13804);
#5258=REPRESENTATION('density',(#5223),#13804);
#5259=REPRESENTATION('material name',(#5269),#13805);
#5260=REPRESENTATION('density',(#5224),#13805);
#5261=DESCRIPTIVE_REPRESENTATION_ITEM('Steel','Steel');
#5262=DESCRIPTIVE_REPRESENTATION_ITEM('Steel','Steel');
#5263=DESCRIPTIVE_REPRESENTATION_ITEM('Steel','Steel');
#5264=DESCRIPTIVE_REPRESENTATION_ITEM('Steel','Steel');
#5265=DESCRIPTIVE_REPRESENTATION_ITEM('Steel','Steel');
#5266=DESCRIPTIVE_REPRESENTATION_ITEM('Steel','Steel');
#5267=DESCRIPTIVE_REPRESENTATION_ITEM('Steel','Steel');
#5268=DESCRIPTIVE_REPRESENTATION_ITEM('Steel','Steel');
#5269=DESCRIPTIVE_REPRESENTATION_ITEM('Steel','Steel');
#5270=PROPERTY_DEFINITION('material property','material name',#13856);
#5271=PROPERTY_DEFINITION('material property','density of part',#13856);
#5272=PROPERTY_DEFINITION('material property','material name',#13857);
#5273=PROPERTY_DEFINITION('material property','density of part',#13857);
#5274=PROPERTY_DEFINITION('material property','material name',#13858);
#5275=PROPERTY_DEFINITION('material property','density of part',#13858);
#5276=PROPERTY_DEFINITION('material property','material name',#13859);
#5277=PROPERTY_DEFINITION('material property','density of part',#13859);
#5278=PROPERTY_DEFINITION('material property','material name',#13860);
#5279=PROPERTY_DEFINITION('material property','density of part',#13860);
#5280=PROPERTY_DEFINITION('material property','material name',#13861);
#5281=PROPERTY_DEFINITION('material property','density of part',#13861);
#5282=PROPERTY_DEFINITION('material property','material name',#13862);
#5283=PROPERTY_DEFINITION('material property','density of part',#13862);
#5284=PROPERTY_DEFINITION('material property','material name',#13863);
#5285=PROPERTY_DEFINITION('material property','density of part',#13863);
#5286=PROPERTY_DEFINITION('material property','material name',#13864);
#5287=PROPERTY_DEFINITION('material property','density of part',#13864);
#5288=AXIS2_PLACEMENT_3D('',#7168,#5776,#5777);
#5289=AXIS2_PLACEMENT_3D('',#7169,#5778,#5779);
#5290=AXIS2_PLACEMENT_3D('',#7170,#5780,#5781);
#5291=AXIS2_PLACEMENT_3D('',#7172,#5782,#5783);
#5292=AXIS2_PLACEMENT_3D('',#7175,#5785,#5786);
#5293=AXIS2_PLACEMENT_3D('',#7176,#5787,#5788);
#5294=AXIS2_PLACEMENT_3D('',#7178,#5789,#5790);
#5295=AXIS2_PLACEMENT_3D('',#7181,#5792,#5793);
#5296=AXIS2_PLACEMENT_3D('',#7182,#5794,#5795);
#5297=AXIS2_PLACEMENT_3D('',#7184,#5796,#5797);
#5298=AXIS2_PLACEMENT_3D('',#7187,#5799,#5800);
#5299=AXIS2_PLACEMENT_3D('',#7188,#5801,#5802);
#5300=AXIS2_PLACEMENT_3D('',#7190,#5803,#5804);
#5301=AXIS2_PLACEMENT_3D('',#7193,#5806,#5807);
#5302=AXIS2_PLACEMENT_3D('',#7194,#5808,#5809);
#5303=AXIS2_PLACEMENT_3D('',#7196,#5810,#5811);
#5304=AXIS2_PLACEMENT_3D('',#7199,#5813,#5814);
#5305=AXIS2_PLACEMENT_3D('',#7200,#5815,#5816);
#5306=AXIS2_PLACEMENT_3D('',#7202,#5817,#5818);
#5307=AXIS2_PLACEMENT_3D('',#7205,#5820,#5821);
#5308=AXIS2_PLACEMENT_3D('',#7206,#5822,#5823);
#5309=AXIS2_PLACEMENT_3D('',#7208,#5824,#5825);
#5310=AXIS2_PLACEMENT_3D('',#7211,#5827,#5828);
#5311=AXIS2_PLACEMENT_3D('',#7212,#5829,#5830);
#5312=AXIS2_PLACEMENT_3D('',#7227,#5837,#5838);
#5313=AXIS2_PLACEMENT_3D('',#7231,#5840,#5841);
#5314=AXIS2_PLACEMENT_3D('',#7235,#5843,#5844);
#5315=AXIS2_PLACEMENT_3D('',#7239,#5846,#5847);
#5316=AXIS2_PLACEMENT_3D('',#7243,#5850,#5851);
#5317=AXIS2_PLACEMENT_3D('',#7264,#5862,#5863);
#5318=AXIS2_PLACEMENT_3D('',#7270,#5867,#5868);
#5319=AXIS2_PLACEMENT_3D('',#7278,#5873,#5874);
#5320=AXIS2_PLACEMENT_3D('',#7281,#5877,#5878);
#5321=AXIS2_PLACEMENT_3D('',#7295,#5886,#5887);
#5322=AXIS2_PLACEMENT_3D('',#7309,#5895,#5896);
#5323=AXIS2_PLACEMENT_3D('',#7312,#5897,#5898);
#5324=AXIS2_PLACEMENT_3D('',#7313,#5899,#5900);
#5325=AXIS2_PLACEMENT_3D('',#7315,#5901,#5902);
#5326=AXIS2_PLACEMENT_3D('',#7317,#5904,#5905);
#5327=AXIS2_PLACEMENT_3D('',#7322,#5909,#5910);
#5328=AXIS2_PLACEMENT_3D('',#7327,#5912,#5913);
#5329=AXIS2_PLACEMENT_3D('',#7332,#5916,#5917);
#5330=AXIS2_PLACEMENT_3D('',#7336,#5919,#5920);
#5331=AXIS2_PLACEMENT_3D('',#7341,#5924,#5925);
#5332=AXIS2_PLACEMENT_3D('',#7342,#5926,#5927);
#5333=AXIS2_PLACEMENT_3D('',#7348,#5931,#5932);
#5334=AXIS2_PLACEMENT_3D('',#7354,#5936,#5937);
#5335=AXIS2_PLACEMENT_3D('',#7360,#5941,#5942);
#5336=AXIS2_PLACEMENT_3D('',#7361,#5943,#5944);
#5337=AXIS2_PLACEMENT_3D('',#7362,#5945,#5946);
#5338=AXIS2_PLACEMENT_3D('',#7363,#5947,#5948);
#5339=AXIS2_PLACEMENT_3D('',#7364,#5949,#5950);
#5340=AXIS2_PLACEMENT_3D('',#7365,#5951,#5952);
#5341=AXIS2_PLACEMENT_3D('',#7366,#5953,#5954);
#5342=AXIS2_PLACEMENT_3D('',#7367,#5955,#5956);
#5343=AXIS2_PLACEMENT_3D('',#7368,#5957,#5958);
#5344=AXIS2_PLACEMENT_3D('',#7370,#5959,#5960);
#5345=AXIS2_PLACEMENT_3D('',#7373,#5962,#5963);
#5346=AXIS2_PLACEMENT_3D('',#7374,#5964,#5965);
#5347=AXIS2_PLACEMENT_3D('',#7378,#5968,#5969);
#5348=AXIS2_PLACEMENT_3D('',#7393,#5978,#5979);
#5349=AXIS2_PLACEMENT_3D('',#7394,#5980,#5981);
#5350=AXIS2_PLACEMENT_3D('',#7395,#5982,#5983);
#5351=AXIS2_PLACEMENT_3D('',#7396,#5984,#5985);
#5352=AXIS2_PLACEMENT_3D('',#7400,#5988,#5989);
#5353=AXIS2_PLACEMENT_3D('',#7406,#5993,#5994);
#5354=AXIS2_PLACEMENT_3D('',#7410,#5997,#5998);
#5355=AXIS2_PLACEMENT_3D('',#7411,#5999,#6000);
#5356=AXIS2_PLACEMENT_3D('',#7412,#6001,#6002);
#5357=AXIS2_PLACEMENT_3D('',#7413,#6003,#6004);
#5358=AXIS2_PLACEMENT_3D('',#7417,#6007,#6008);
#5359=AXIS2_PLACEMENT_3D('',#7423,#6012,#6013);
#5360=AXIS2_PLACEMENT_3D('',#7427,#6016,#6017);
#5361=AXIS2_PLACEMENT_3D('',#7428,#6018,#6019);
#5362=AXIS2_PLACEMENT_3D('',#7429,#6020,#6021);
#5363=AXIS2_PLACEMENT_3D('',#7430,#6022,#6023);
#5364=AXIS2_PLACEMENT_3D('',#7431,#6024,#6025);
#5365=AXIS2_PLACEMENT_3D('',#7432,#6026,#6027);
#5366=AXIS2_PLACEMENT_3D('',#7433,#6028,#6029);
#5367=AXIS2_PLACEMENT_3D('',#7434,#6030,#6031);
#5368=AXIS2_PLACEMENT_3D('',#7436,#6033,#6034);
#5369=AXIS2_PLACEMENT_3D('',#7439,#6037,#6038);
#5370=AXIS2_PLACEMENT_3D('',#7441,#6040,#6041);
#5371=AXIS2_PLACEMENT_3D('',#7443,#6043,#6044);
#5372=AXIS2_PLACEMENT_3D('',#7444,#6045,#6046);
#5373=AXIS2_PLACEMENT_3D('',#7446,#6048,#6049);
#5374=AXIS2_PLACEMENT_3D('',#7447,#6050,#6051);
#5375=AXIS2_PLACEMENT_3D('',#7448,#6052,#6053);
#5376=AXIS2_PLACEMENT_3D('',#7449,#6054,#6055);
#5377=AXIS2_PLACEMENT_3D('',#7451,#6056,#6057);
#5378=AXIS2_PLACEMENT_3D('',#7454,#6059,#6060);
#5379=AXIS2_PLACEMENT_3D('',#7455,#6061,#6062);
#5380=AXIS2_PLACEMENT_3D('',#7457,#6063,#6064);
#5381=AXIS2_PLACEMENT_3D('',#7460,#6066,#6067);
#5382=AXIS2_PLACEMENT_3D('',#7461,#6068,#6069);
#5383=AXIS2_PLACEMENT_3D('',#7463,#6070,#6071);
#5384=AXIS2_PLACEMENT_3D('',#7466,#6073,#6074);
#5385=AXIS2_PLACEMENT_3D('',#7467,#6075,#6076);
#5386=AXIS2_PLACEMENT_3D('',#7469,#6077,#6078);
#5387=AXIS2_PLACEMENT_3D('',#7472,#6080,#6081);
#5388=AXIS2_PLACEMENT_3D('',#7473,#6082,#6083);
#5389=AXIS2_PLACEMENT_3D('',#7475,#6084,#6085);
#5390=AXIS2_PLACEMENT_3D('',#7478,#6087,#6088);
#5391=AXIS2_PLACEMENT_3D('',#7479,#6089,#6090);
#5392=AXIS2_PLACEMENT_3D('',#7481,#6091,#6092);
#5393=AXIS2_PLACEMENT_3D('',#7484,#6094,#6095);
#5394=AXIS2_PLACEMENT_3D('',#7485,#6096,#6097);
#5395=AXIS2_PLACEMENT_3D('',#7487,#6098,#6099);
#5396=AXIS2_PLACEMENT_3D('',#7490,#6101,#6102);
#5397=AXIS2_PLACEMENT_3D('',#7491,#6103,#6104);
#5398=AXIS2_PLACEMENT_3D('',#7493,#6105,#6106);
#5399=AXIS2_PLACEMENT_3D('',#7496,#6108,#6109);
#5400=AXIS2_PLACEMENT_3D('',#7497,#6110,#6111);
#5401=AXIS2_PLACEMENT_3D('',#7508,#6116,#6117);
#5402=AXIS2_PLACEMENT_3D('',#7512,#6119,#6120);
#5403=AXIS2_PLACEMENT_3D('',#7516,#6122,#6123);
#5404=AXIS2_PLACEMENT_3D('',#7520,#6125,#6126);
#5405=AXIS2_PLACEMENT_3D('',#7528,#6131,#6132);
#5406=AXIS2_PLACEMENT_3D('',#7536,#6137,#6138);
#5407=AXIS2_PLACEMENT_3D('',#7542,#6142,#6143);
#5408=AXIS2_PLACEMENT_3D('',#7545,#6144,#6145);
#5409=AXIS2_PLACEMENT_3D('',#7549,#6147,#6148);
#5410=AXIS2_PLACEMENT_3D('',#7552,#6150,#6151);
#5411=AXIS2_PLACEMENT_3D('',#7553,#6152,#6153);
#5412=AXIS2_PLACEMENT_3D('',#7567,#6161,#6162);
#5413=AXIS2_PLACEMENT_3D('',#7585,#6173,#6174);
#5414=AXIS2_PLACEMENT_3D('',#7588,#6175,#6176);
#5415=AXIS2_PLACEMENT_3D('',#7600,#6182,#6183);
#5416=AXIS2_PLACEMENT_3D('',#7608,#6187,#6188);
#5417=AXIS2_PLACEMENT_3D('',#7613,#6191,#6192);
#5418=AXIS2_PLACEMENT_3D('',#7621,#6196,#6197);
#5419=AXIS2_PLACEMENT_3D('',#7627,#6201,#6202);
#5420=AXIS2_PLACEMENT_3D('',#7637,#6209,#6210);
#5421=AXIS2_PLACEMENT_3D('',#7652,#6220,#6221);
#5422=AXIS2_PLACEMENT_3D('',#7658,#6225,#6226);
#5423=AXIS2_PLACEMENT_3D('',#7664,#6230,#6231);
#5424=AXIS2_PLACEMENT_3D('',#7670,#6235,#6236);
#5425=AXIS2_PLACEMENT_3D('',#7671,#6237,#6238);
#5426=AXIS2_PLACEMENT_3D('',#7672,#6239,#6240);
#5427=AXIS2_PLACEMENT_3D('',#7673,#6241,#6242);
#5428=AXIS2_PLACEMENT_3D('',#7674,#6243,#6244);
#5429=AXIS2_PLACEMENT_3D('',#7675,#6245,#6246);
#5430=AXIS2_PLACEMENT_3D('',#7676,#6247,#6248);
#5431=AXIS2_PLACEMENT_3D('',#7677,#6249,#6250);
#5432=AXIS2_PLACEMENT_3D('',#7678,#6251,#6252);
#5433=AXIS2_PLACEMENT_3D('',#7680,#6253,#6254);
#5434=AXIS2_PLACEMENT_3D('',#7683,#6256,#6257);
#5435=AXIS2_PLACEMENT_3D('',#7684,#6258,#6259);
#5436=AXIS2_PLACEMENT_3D('',#7688,#6262,#6263);
#5437=AXIS2_PLACEMENT_3D('',#7699,#6270,#6271);
#5438=AXIS2_PLACEMENT_3D('',#7701,#6273,#6274);
#5439=AXIS2_PLACEMENT_3D('',#7702,#6275,#6276);
#5440=AXIS2_PLACEMENT_3D('',#7703,#6277,#6278);
#5441=AXIS2_PLACEMENT_3D('',#7704,#6279,#6280);
#5442=AXIS2_PLACEMENT_3D('',#7705,#6281,#6282);
#5443=AXIS2_PLACEMENT_3D('',#7709,#6284,#6285);
#5444=AXIS2_PLACEMENT_3D('',#7711,#6287,#6288);
#5445=AXIS2_PLACEMENT_3D('',#7713,#6290,#6291);
#5446=AXIS2_PLACEMENT_3D('',#7715,#6293,#6294);
#5447=AXIS2_PLACEMENT_3D('',#7716,#6295,#6296);
#5448=AXIS2_PLACEMENT_3D('',#7720,#6298,#6299);
#5449=AXIS2_PLACEMENT_3D('',#7722,#6301,#6302);
#5450=AXIS2_PLACEMENT_3D('',#7724,#6304,#6305);
#5451=AXIS2_PLACEMENT_3D('',#7726,#6307,#6308);
#5452=AXIS2_PLACEMENT_3D('',#7727,#6309,#6310);
#5453=AXIS2_PLACEMENT_3D('',#7731,#6312,#6313);
#5454=AXIS2_PLACEMENT_3D('',#7733,#6315,#6316);
#5455=AXIS2_PLACEMENT_3D('',#7735,#6318,#6319);
#5456=AXIS2_PLACEMENT_3D('',#7737,#6321,#6322);
#5457=AXIS2_PLACEMENT_3D('',#7738,#6323,#6324);
#5458=AXIS2_PLACEMENT_3D('',#7742,#6326,#6327);
#5459=AXIS2_PLACEMENT_3D('',#7744,#6329,#6330);
#5460=AXIS2_PLACEMENT_3D('',#7746,#6332,#6333);
#5461=AXIS2_PLACEMENT_3D('',#7748,#6335,#6336);
#5462=AXIS2_PLACEMENT_3D('',#7749,#6337,#6338);
#5463=AXIS2_PLACEMENT_3D('',#7753,#6340,#6341);
#5464=AXIS2_PLACEMENT_3D('',#7755,#6343,#6344);
#5465=AXIS2_PLACEMENT_3D('',#7757,#6346,#6347);
#5466=AXIS2_PLACEMENT_3D('',#7759,#6349,#6350);
#5467=AXIS2_PLACEMENT_3D('',#7760,#6351,#6352);
#5468=AXIS2_PLACEMENT_3D('',#7762,#6354,#6355);
#5469=AXIS2_PLACEMENT_3D('',#7765,#6358,#6359);
#5470=AXIS2_PLACEMENT_3D('',#7767,#6361,#6362);
#5471=AXIS2_PLACEMENT_3D('',#7768,#6363,#6364);
#5472=AXIS2_PLACEMENT_3D('',#7769,#6365,#6366);
#5473=AXIS2_PLACEMENT_3D('',#7770,#6367,#6368);
#5474=AXIS2_PLACEMENT_3D('',#7814,#6370,#6371);
#5475=AXIS2_PLACEMENT_3D('',#7852,#6373,#6374);
#5476=AXIS2_PLACEMENT_3D('',#7890,#6376,#6377);
#5477=AXIS2_PLACEMENT_3D('',#7928,#6379,#6380);
#5478=AXIS2_PLACEMENT_3D('',#7966,#6382,#6383);
#5479=AXIS2_PLACEMENT_3D('',#8004,#6385,#6386);
#5480=AXIS2_PLACEMENT_3D('',#8029,#6389,#6390);
#5481=AXIS2_PLACEMENT_3D('',#8043,#6392,#6393);
#5482=AXIS2_PLACEMENT_3D('',#8056,#6394,#6395);
#5483=AXIS2_PLACEMENT_3D('',#8132,#6397,#6398);
#5484=AXIS2_PLACEMENT_3D('',#8210,#6400,#6401);
#5485=AXIS2_PLACEMENT_3D('',#8286,#6403,#6404);
#5486=AXIS2_PLACEMENT_3D('',#8362,#6406,#6407);
#5487=AXIS2_PLACEMENT_3D('',#8438,#6409,#6410);
#5488=AXIS2_PLACEMENT_3D('',#8440,#6411,#6412);
#5489=AXIS2_PLACEMENT_3D('',#8816,#6417,#6418);
#5490=AXIS2_PLACEMENT_3D('',#9109,#6420,#6421);
#5491=AXIS2_PLACEMENT_3D('',#9120,#6422,#6423);
#5492=AXIS2_PLACEMENT_3D('',#9138,#6424,#6425);
#5493=AXIS2_PLACEMENT_3D('',#9140,#6426,#6427);
#5494=AXIS2_PLACEMENT_3D('',#9142,#6428,#6429);
#5495=AXIS2_PLACEMENT_3D('',#9143,#6430,#6431);
#5496=AXIS2_PLACEMENT_3D('',#9144,#6432,#6433);
#5497=AXIS2_PLACEMENT_3D('',#9146,#6434,#6435);
#5498=AXIS2_PLACEMENT_3D('',#9148,#6436,#6437);
#5499=AXIS2_PLACEMENT_3D('',#9150,#6438,#6439);
#5500=AXIS2_PLACEMENT_3D('',#9152,#6440,#6441);
#5501=AXIS2_PLACEMENT_3D('',#9161,#6442,#6443);
#5502=AXIS2_PLACEMENT_3D('',#9163,#6444,#6445);
#5503=AXIS2_PLACEMENT_3D('',#9164,#6446,#6447);
#5504=AXIS2_PLACEMENT_3D('',#9167,#6449,#6450);
#5505=AXIS2_PLACEMENT_3D('',#9168,#6451,#6452);
#5506=AXIS2_PLACEMENT_3D('',#9171,#6453,#6454);
#5507=AXIS2_PLACEMENT_3D('',#9172,#6455,#6456);
#5508=AXIS2_PLACEMENT_3D('',#9174,#6458,#6459);
#5509=AXIS2_PLACEMENT_3D('',#9176,#6460,#6461);
#5510=AXIS2_PLACEMENT_3D('',#9179,#6463,#6464);
#5511=AXIS2_PLACEMENT_3D('',#9180,#6465,#6466);
#5512=AXIS2_PLACEMENT_3D('',#9183,#6468,#6469);
#5513=AXIS2_PLACEMENT_3D('',#9184,#6470,#6471);
#5514=AXIS2_PLACEMENT_3D('',#9257,#6472,#6473);
#5515=AXIS2_PLACEMENT_3D('',#9258,#6474,#6475);
#5516=AXIS2_PLACEMENT_3D('',#9259,#6476,#6477);
#5517=AXIS2_PLACEMENT_3D('',#9551,#6480,#6481);
#5518=AXIS2_PLACEMENT_3D('',#10101,#6482,#6483);
#5519=AXIS2_PLACEMENT_3D('',#10102,#6484,#6485);
#5520=AXIS2_PLACEMENT_3D('',#10104,#6486,#6487);
#5521=AXIS2_PLACEMENT_3D('',#10107,#6489,#6490);
#5522=AXIS2_PLACEMENT_3D('',#10108,#6491,#6492);
#5523=AXIS2_PLACEMENT_3D('',#10110,#6493,#6494);
#5524=AXIS2_PLACEMENT_3D('',#10113,#6496,#6497);
#5525=AXIS2_PLACEMENT_3D('',#10114,#6498,#6499);
#5526=AXIS2_PLACEMENT_3D('',#10116,#6500,#6501);
#5527=AXIS2_PLACEMENT_3D('',#10119,#6503,#6504);
#5528=AXIS2_PLACEMENT_3D('',#10120,#6505,#6506);
#5529=AXIS2_PLACEMENT_3D('',#10122,#6507,#6508);
#5530=AXIS2_PLACEMENT_3D('',#10125,#6510,#6511);
#5531=AXIS2_PLACEMENT_3D('',#10126,#6512,#6513);
#5532=AXIS2_PLACEMENT_3D('',#10131,#6515,#6516);
#5533=AXIS2_PLACEMENT_3D('',#10133,#6517,#6518);
#5534=AXIS2_PLACEMENT_3D('',#10135,#6519,#6520);
#5535=AXIS2_PLACEMENT_3D('',#10139,#6522,#6523);
#5536=AXIS2_PLACEMENT_3D('',#10141,#6524,#6525);
#5537=AXIS2_PLACEMENT_3D('',#10142,#6526,#6527);
#5538=AXIS2_PLACEMENT_3D('',#10147,#6529,#6530);
#5539=AXIS2_PLACEMENT_3D('',#10151,#6532,#6533);
#5540=AXIS2_PLACEMENT_3D('',#10155,#6535,#6536);
#5541=AXIS2_PLACEMENT_3D('',#10158,#6538,#6539);
#5542=AXIS2_PLACEMENT_3D('',#10159,#6540,#6541);
#5543=AXIS2_PLACEMENT_3D('',#10162,#6542,#6543);
#5544=AXIS2_PLACEMENT_3D('',#10164,#6544,#6545);
#5545=AXIS2_PLACEMENT_3D('',#10168,#6547,#6548);
#5546=AXIS2_PLACEMENT_3D('',#10170,#6549,#6550);
#5547=AXIS2_PLACEMENT_3D('',#10172,#6551,#6552);
#5548=AXIS2_PLACEMENT_3D('',#10175,#6554,#6555);
#5549=AXIS2_PLACEMENT_3D('',#10180,#6557,#6558);
#5550=AXIS2_PLACEMENT_3D('',#10184,#6560,#6561);
#5551=AXIS2_PLACEMENT_3D('',#10188,#6563,#6564);
#5552=AXIS2_PLACEMENT_3D('',#10191,#6566,#6567);
#5553=AXIS2_PLACEMENT_3D('',#10192,#6568,#6569);
#5554=AXIS2_PLACEMENT_3D('',#10195,#6572,#6573);
#5555=AXIS2_PLACEMENT_3D('',#10198,#6576,#6577);
#5556=AXIS2_PLACEMENT_3D('',#10201,#6580,#6581);
#5557=AXIS2_PLACEMENT_3D('',#10204,#6584,#6585);
#5558=AXIS2_PLACEMENT_3D('',#10207,#6588,#6589);
#5559=AXIS2_PLACEMENT_3D('',#10210,#6592,#6593);
#5560=AXIS2_PLACEMENT_3D('',#10213,#6596,#6597);
#5561=AXIS2_PLACEMENT_3D('',#10216,#6600,#6601);
#5562=AXIS2_PLACEMENT_3D('',#10217,#6602,#6603);
#5563=AXIS2_PLACEMENT_3D('',#10218,#6604,#6605);
#5564=AXIS2_PLACEMENT_3D('',#10219,#6606,#6607);
#5565=AXIS2_PLACEMENT_3D('',#10220,#6608,#6609);
#5566=AXIS2_PLACEMENT_3D('',#10221,#6610,#6611);
#5567=AXIS2_PLACEMENT_3D('',#10222,#6612,#6613);
#5568=AXIS2_PLACEMENT_3D('',#10223,#6614,#6615);
#5569=AXIS2_PLACEMENT_3D('',#10224,#6616,#6617);
#5570=AXIS2_PLACEMENT_3D('',#10225,#6618,#6619);
#5571=AXIS2_PLACEMENT_3D('',#10230,#6621,#6622);
#5572=AXIS2_PLACEMENT_3D('',#10231,#6623,#6624);
#5573=AXIS2_PLACEMENT_3D('',#10232,#6625,#6626);
#5574=AXIS2_PLACEMENT_3D('',#10237,#6628,#6629);
#5575=AXIS2_PLACEMENT_3D('',#10238,#6630,#6631);
#5576=AXIS2_PLACEMENT_3D('',#10239,#6632,#6633);
#5577=AXIS2_PLACEMENT_3D('',#10242,#6634,#6635);
#5578=AXIS2_PLACEMENT_3D('',#10246,#6637,#6638);
#5579=AXIS2_PLACEMENT_3D('',#10250,#6640,#6641);
#5580=AXIS2_PLACEMENT_3D('',#10253,#6643,#6644);
#5581=AXIS2_PLACEMENT_3D('',#10255,#6645,#6646);
#5582=AXIS2_PLACEMENT_3D('',#10259,#6648,#6649);
#5583=AXIS2_PLACEMENT_3D('',#10261,#6651,#6652);
#5584=AXIS2_PLACEMENT_3D('',#10263,#6653,#6654);
#5585=AXIS2_PLACEMENT_3D('',#10265,#6655,#6656);
#5586=AXIS2_PLACEMENT_3D('',#10266,#6657,#6658);
#5587=AXIS2_PLACEMENT_3D('',#10267,#6659,#6660);
#5588=AXIS2_PLACEMENT_3D('',#10268,#6661,#6662);
#5589=AXIS2_PLACEMENT_3D('',#10269,#6663,#6664);
#5590=AXIS2_PLACEMENT_3D('',#10271,#6665,#6666);
#5591=AXIS2_PLACEMENT_3D('',#10273,#6667,#6668);
#5592=AXIS2_PLACEMENT_3D('',#10274,#6669,#6670);
#5593=AXIS2_PLACEMENT_3D('',#10275,#6671,#6672);
#5594=AXIS2_PLACEMENT_3D('',#10281,#6676,#6677);
#5595=AXIS2_PLACEMENT_3D('',#10287,#6681,#6682);
#5596=AXIS2_PLACEMENT_3D('',#10291,#6685,#6686);
#5597=AXIS2_PLACEMENT_3D('',#10294,#6687,#6688);
#5598=AXIS2_PLACEMENT_3D('',#10296,#6689,#6690);
#5599=AXIS2_PLACEMENT_3D('',#10300,#6692,#6693);
#5600=AXIS2_PLACEMENT_3D('',#10302,#6694,#6695);
#5601=AXIS2_PLACEMENT_3D('',#10304,#6696,#6697);
#5602=AXIS2_PLACEMENT_3D('',#10307,#6699,#6700);
#5603=AXIS2_PLACEMENT_3D('',#10316,#6705,#6706);
#5604=AXIS2_PLACEMENT_3D('',#10319,#6707,#6708);
#5605=AXIS2_PLACEMENT_3D('',#10322,#6711,#6712);
#5606=AXIS2_PLACEMENT_3D('',#10328,#6716,#6717);
#5607=AXIS2_PLACEMENT_3D('',#10332,#6719,#6720);
#5608=AXIS2_PLACEMENT_3D('',#10334,#6722,#6723);
#5609=AXIS2_PLACEMENT_3D('',#10340,#6727,#6728);
#5610=AXIS2_PLACEMENT_3D('',#10341,#6729,#6730);
#5611=AXIS2_PLACEMENT_3D('',#10342,#6731,#6732);
#5612=AXIS2_PLACEMENT_3D('',#10343,#6733,#6734);
#5613=AXIS2_PLACEMENT_3D('',#10344,#6735,#6736);
#5614=AXIS2_PLACEMENT_3D('',#10345,#6737,#6738);
#5615=AXIS2_PLACEMENT_3D('',#10351,#6742,#6743);
#5616=AXIS2_PLACEMENT_3D('',#10356,#6747,#6748);
#5617=AXIS2_PLACEMENT_3D('',#10358,#6750,#6751);
#5618=AXIS2_PLACEMENT_3D('',#10362,#6754,#6755);
#5619=AXIS2_PLACEMENT_3D('',#10366,#6758,#6759);
#5620=AXIS2_PLACEMENT_3D('',#10372,#6763,#6764);
#5621=AXIS2_PLACEMENT_3D('',#10375,#6767,#6768);
#5622=AXIS2_PLACEMENT_3D('',#10376,#6769,#6770);
#5623=AXIS2_PLACEMENT_3D('',#10377,#6771,#6772);
#5624=AXIS2_PLACEMENT_3D('',#10379,#6774,#6775);
#5625=AXIS2_PLACEMENT_3D('',#10381,#6777,#6778);
#5626=AXIS2_PLACEMENT_3D('',#10382,#6779,#6780);
#5627=AXIS2_PLACEMENT_3D('',#10383,#6781,#6782);
#5628=AXIS2_PLACEMENT_3D('',#10384,#6783,#6784);
#5629=AXIS2_PLACEMENT_3D('',#10385,#6785,#6786);
#5630=AXIS2_PLACEMENT_3D('',#10386,#6787,#6788);
#5631=AXIS2_PLACEMENT_3D('',#10387,#6789,#6790);
#5632=AXIS2_PLACEMENT_3D('',#10388,#6791,#6792);
#5633=AXIS2_PLACEMENT_3D('',#10391,#6793,#6794);
#5634=AXIS2_PLACEMENT_3D('',#10395,#6796,#6797);
#5635=AXIS2_PLACEMENT_3D('',#10397,#6799,#6800);
#5636=AXIS2_PLACEMENT_3D('',#10399,#6801,#6802);
#5637=AXIS2_PLACEMENT_3D('',#10401,#6803,#6804);
#5638=AXIS2_PLACEMENT_3D('',#10403,#6806,#6807);
#5639=AXIS2_PLACEMENT_3D('',#10405,#6808,#6809);
#5640=AXIS2_PLACEMENT_3D('',#10407,#6810,#6811);
#5641=AXIS2_PLACEMENT_3D('',#10409,#6813,#6814);
#5642=AXIS2_PLACEMENT_3D('',#10418,#6819,#6820);
#5643=AXIS2_PLACEMENT_3D('',#10424,#6824,#6825);
#5644=AXIS2_PLACEMENT_3D('',#10430,#6829,#6830);
#5645=AXIS2_PLACEMENT_3D('',#10433,#6833,#6834);
#5646=AXIS2_PLACEMENT_3D('',#10434,#6835,#6836);
#5647=AXIS2_PLACEMENT_3D('',#10435,#6837,#6838);
#5648=AXIS2_PLACEMENT_3D('',#10444,#6843,#6844);
#5649=AXIS2_PLACEMENT_3D('',#10450,#6848,#6849);
#5650=AXIS2_PLACEMENT_3D('',#10456,#6853,#6854);
#5651=AXIS2_PLACEMENT_3D('',#10459,#6857,#6858);
#5652=AXIS2_PLACEMENT_3D('',#10460,#6859,#6860);
#5653=AXIS2_PLACEMENT_3D('',#10461,#6861,#6862);
#5654=AXIS2_PLACEMENT_3D('',#10462,#6863,#6864);
#5655=AXIS2_PLACEMENT_3D('',#10463,#6865,#6866);
#5656=AXIS2_PLACEMENT_3D('',#10464,#6867,#6868);
#5657=AXIS2_PLACEMENT_3D('',#10467,#6869,#6870);
#5658=AXIS2_PLACEMENT_3D('',#10469,#6871,#6872);
#5659=AXIS2_PLACEMENT_3D('',#10471,#6873,#6874);
#5660=AXIS2_PLACEMENT_3D('',#10472,#6875,#6876);
#5661=AXIS2_PLACEMENT_3D('',#10473,#6877,#6878);
#5662=AXIS2_PLACEMENT_3D('',#10474,#6879,#6880);
#5663=AXIS2_PLACEMENT_3D('',#10477,#6882,#6883);
#5664=AXIS2_PLACEMENT_3D('',#10478,#6884,#6885);
#5665=AXIS2_PLACEMENT_3D('',#10480,#6886,#6887);
#5666=AXIS2_PLACEMENT_3D('',#10482,#6889,#6890);
#5667=AXIS2_PLACEMENT_3D('',#10483,#6891,#6892);
#5668=AXIS2_PLACEMENT_3D('',#10484,#6893,#6894);
#5669=AXIS2_PLACEMENT_3D('',#10487,#6895,#6896);
#5670=AXIS2_PLACEMENT_3D('',#10489,#6897,#6898);
#5671=AXIS2_PLACEMENT_3D('',#10491,#6899,#6900);
#5672=AXIS2_PLACEMENT_3D('',#10492,#6901,#6902);
#5673=AXIS2_PLACEMENT_3D('',#10493,#6903,#6904);
#5674=AXIS2_PLACEMENT_3D('',#10494,#6905,#6906);
#5675=AXIS2_PLACEMENT_3D('',#10497,#6908,#6909);
#5676=AXIS2_PLACEMENT_3D('',#10498,#6910,#6911);
#5677=AXIS2_PLACEMENT_3D('',#10500,#6912,#6913);
#5678=AXIS2_PLACEMENT_3D('',#10502,#6915,#6916);
#5679=AXIS2_PLACEMENT_3D('',#10503,#6917,#6918);
#5680=AXIS2_PLACEMENT_3D('',#10504,#6919,#6920);
#5681=AXIS2_PLACEMENT_3D('',#10505,#6921,#6922);
#5682=AXIS2_PLACEMENT_3D('',#10510,#6924,#6925);
#5683=AXIS2_PLACEMENT_3D('',#10838,#6926,#6927);
#5684=AXIS2_PLACEMENT_3D('',#10991,#6928,#6929);
#5685=AXIS2_PLACEMENT_3D('',#11131,#6931,#6932);
#5686=AXIS2_PLACEMENT_3D('',#11365,#6933,#6934);
#5687=AXIS2_PLACEMENT_3D('',#11593,#6936,#6937);
#5688=AXIS2_PLACEMENT_3D('',#11711,#6938,#6939);
#5689=AXIS2_PLACEMENT_3D('',#11712,#6940,#6941);
#5690=AXIS2_PLACEMENT_3D('',#12053,#6943,#6944);
#5691=AXIS2_PLACEMENT_3D('',#12055,#6945,#6946);
#5692=AXIS2_PLACEMENT_3D('',#12058,#6948,#6949);
#5693=AXIS2_PLACEMENT_3D('',#12059,#6950,#6951);
#5694=AXIS2_PLACEMENT_3D('',#12061,#6952,#6953);
#5695=AXIS2_PLACEMENT_3D('',#12065,#6955,#6956);
#5696=AXIS2_PLACEMENT_3D('',#12083,#6959,#6960);
#5697=AXIS2_PLACEMENT_3D('',#12099,#6963,#6964);
#5698=AXIS2_PLACEMENT_3D('',#12100,#6965,#6966);
#5699=AXIS2_PLACEMENT_3D('',#12102,#6967,#6968);
#5700=AXIS2_PLACEMENT_3D('',#12105,#6970,#6971);
#5701=AXIS2_PLACEMENT_3D('',#12106,#6972,#6973);
#5702=AXIS2_PLACEMENT_3D('',#12108,#6974,#6975);
#5703=AXIS2_PLACEMENT_3D('',#12111,#6977,#6978);
#5704=AXIS2_PLACEMENT_3D('',#12112,#6979,#6980);
#5705=AXIS2_PLACEMENT_3D('',#12115,#6982,#6983);
#5706=AXIS2_PLACEMENT_3D('',#12116,#6984,#6985);
#5707=AXIS2_PLACEMENT_3D('',#12146,#6986,#6987);
#5708=AXIS2_PLACEMENT_3D('',#12159,#6988,#6989);
#5709=AXIS2_PLACEMENT_3D('',#12160,#6990,#6991);
#5710=AXIS2_PLACEMENT_3D('',#12162,#6993,#6994);
#5711=AXIS2_PLACEMENT_3D('',#12163,#6995,#6996);
#5712=AXIS2_PLACEMENT_3D('',#12165,#6998,#6999);
#5713=AXIS2_PLACEMENT_3D('',#12732,#7000,#7001);
#5714=AXIS2_PLACEMENT_3D('',#13061,#7002,#7003);
#5715=AXIS2_PLACEMENT_3D('',#13066,#7004,#7005);
#5716=AXIS2_PLACEMENT_3D('',#13643,#7006,#7007);
#5717=AXIS2_PLACEMENT_3D('',#13644,#7008,#7009);
#5718=AXIS2_PLACEMENT_3D('',#13645,#7010,#7011);
#5719=AXIS2_PLACEMENT_3D('',#13646,#7012,#7013);
#5720=AXIS2_PLACEMENT_3D('',#13647,#7014,#7015);
#5721=AXIS2_PLACEMENT_3D('',#13648,#7016,#7017);
#5722=AXIS2_PLACEMENT_3D('',#13650,#7018,#7019);
#5723=AXIS2_PLACEMENT_3D('',#13652,#7020,#7021);
#5724=AXIS2_PLACEMENT_3D('',#13654,#7022,#7023);
#5725=AXIS2_PLACEMENT_3D('',#13655,#7024,#7025);
#5726=AXIS2_PLACEMENT_3D('',#13656,#7026,#7027);
#5727=AXIS2_PLACEMENT_3D('',#13659,#7028,#7029);
#5728=AXIS2_PLACEMENT_3D('',#13660,#7030,#7031);
#5729=AXIS2_PLACEMENT_3D('',#13662,#7032,#7033);
#5730=AXIS2_PLACEMENT_3D('',#13663,#7034,#7035);
#5731=AXIS2_PLACEMENT_3D('',#13664,#7036,#7037);
#5732=AXIS2_PLACEMENT_3D('',#13666,#7038,#7039);
#5733=AXIS2_PLACEMENT_3D('',#13669,#7041,#7042);
#5734=AXIS2_PLACEMENT_3D('',#13670,#7043,#7044);
#5735=AXIS2_PLACEMENT_3D('',#13672,#7046,#7047);
#5736=AXIS2_PLACEMENT_3D('',#13677,#7049,#7050);
#5737=AXIS2_PLACEMENT_3D('',#13685,#7054,#7055);
#5738=AXIS2_PLACEMENT_3D('',#13693,#7059,#7060);
#5739=AXIS2_PLACEMENT_3D('',#13701,#7064,#7065);
#5740=AXIS2_PLACEMENT_3D('',#13705,#7068,#7069);
#5741=AXIS2_PLACEMENT_3D('',#13706,#7070,#7071);
#5742=AXIS2_PLACEMENT_3D('',#13707,#7072,#7073);
#5743=AXIS2_PLACEMENT_3D('',#13713,#7077,#7078);
#5744=AXIS2_PLACEMENT_3D('',#13719,#7082,#7083);
#5745=AXIS2_PLACEMENT_3D('',#13723,#7086,#7087);
#5746=AXIS2_PLACEMENT_3D('',#13727,#7090,#7091);
#5747=AXIS2_PLACEMENT_3D('',#13733,#7095,#7096);
#5748=AXIS2_PLACEMENT_3D('',#13737,#7099,#7100);
#5749=AXIS2_PLACEMENT_3D('',#13741,#7103,#7104);
#5750=AXIS2_PLACEMENT_3D('',#13747,#7108,#7109);
#5751=AXIS2_PLACEMENT_3D('',#13751,#7112,#7113);
#5752=AXIS2_PLACEMENT_3D('',#13755,#7116,#7117);
#5753=AXIS2_PLACEMENT_3D('',#13761,#7121,#7122);
#5754=AXIS2_PLACEMENT_3D('',#13763,#7124,#7125);
#5755=AXIS2_PLACEMENT_3D('',#13764,#7126,#7127);
#5756=AXIS2_PLACEMENT_3D('',#13765,#7128,#7129);
#5757=AXIS2_PLACEMENT_3D('',#13766,#7130,#7131);
#5758=AXIS2_PLACEMENT_3D('',#13767,#7132,#7133);
#5759=AXIS2_PLACEMENT_3D('',#13768,#7134,#7135);
#5760=AXIS2_PLACEMENT_3D('',#13769,#7136,#7137);
#5761=AXIS2_PLACEMENT_3D('',#13770,#7138,#7139);
#5762=AXIS2_PLACEMENT_3D('',#13771,#7140,#7141);
#5763=AXIS2_PLACEMENT_3D('',#13772,#7142,#7143);
#5764=AXIS2_PLACEMENT_3D('',#13773,#7144,#7145);
#5765=AXIS2_PLACEMENT_3D('',#13774,#7146,#7147);
#5766=AXIS2_PLACEMENT_3D('',#13775,#7148,#7149);
#5767=AXIS2_PLACEMENT_3D('',#13776,#7150,#7151);
#5768=AXIS2_PLACEMENT_3D('',#13777,#7152,#7153);
#5769=AXIS2_PLACEMENT_3D('',#13778,#7154,#7155);
#5770=AXIS2_PLACEMENT_3D('',#13779,#7156,#7157);
#5771=AXIS2_PLACEMENT_3D('',#13780,#7158,#7159);
#5772=AXIS2_PLACEMENT_3D('',#13781,#7160,#7161);
#5773=AXIS2_PLACEMENT_3D('',#13782,#7162,#7163);
#5774=AXIS2_PLACEMENT_3D('',#13783,#7164,#7165);
#5775=AXIS2_PLACEMENT_3D('',#13784,#7166,#7167);
#5776=DIRECTION('axis',(0.,0.,1.));
#5777=DIRECTION('refdir',(1.,0.,0.));
#5778=DIRECTION('axis',(0.,0.,1.));
#5779=DIRECTION('refdir',(1.,0.,0.));
#5780=DIRECTION('center_axis',(0.,1.,0.));
#5781=DIRECTION('ref_axis',(0.,0.,1.));
#5782=DIRECTION('center_axis',(0.,1.,0.));
#5783=DIRECTION('ref_axis',(0.,0.,1.));
#5784=DIRECTION('',(0.,1.,0.));
#5785=DIRECTION('center_axis',(0.,1.,0.));
#5786=DIRECTION('ref_axis',(0.,0.,1.));
#5787=DIRECTION('center_axis',(0.,1.,0.));
#5788=DIRECTION('ref_axis',(0.,0.,1.));
#5789=DIRECTION('center_axis',(0.,1.,0.));
#5790=DIRECTION('ref_axis',(0.,0.,1.));
#5791=DIRECTION('',(0.,1.,0.));
#5792=DIRECTION('center_axis',(0.,1.,0.));
#5793=DIRECTION('ref_axis',(0.,0.,1.));
#5794=DIRECTION('center_axis',(0.,1.,0.));
#5795=DIRECTION('ref_axis',(0.,0.,1.));
#5796=DIRECTION('center_axis',(0.,1.,0.));
#5797=DIRECTION('ref_axis',(0.,0.,1.));
#5798=DIRECTION('',(0.,1.,0.));
#5799=DIRECTION('center_axis',(0.,1.,0.));
#5800=DIRECTION('ref_axis',(0.,0.,1.));
#5801=DIRECTION('center_axis',(0.,1.,0.));
#5802=DIRECTION('ref_axis',(0.,0.,1.));
#5803=DIRECTION('center_axis',(0.,1.,0.));
#5804=DIRECTION('ref_axis',(0.,0.,1.));
#5805=DIRECTION('',(0.,1.,0.));
#5806=DIRECTION('center_axis',(0.,1.,0.));
#5807=DIRECTION('ref_axis',(0.,0.,1.));
#5808=DIRECTION('center_axis',(-1.22500248414283E-16,-1.,-4.49744035422747E-32));
#5809=DIRECTION('ref_axis',(1.,-1.22500248414283E-16,-5.50937560621288E-48));
#5810=DIRECTION('center_axis',(1.22500248414283E-16,1.,4.49744035422747E-32));
#5811=DIRECTION('ref_axis',(1.,-1.22500248414283E-16,9.92137197356984E-49));
#5812=DIRECTION('',(1.22500248414283E-16,1.,4.49744035422747E-32));
#5813=DIRECTION('center_axis',(1.22500248414283E-16,1.,4.49744035422747E-32));
#5814=DIRECTION('ref_axis',(-1.,1.22500248414283E-16,5.50937560621288E-48));
#5815=DIRECTION('center_axis',(0.,1.,0.));
#5816=DIRECTION('ref_axis',(0.,0.,1.));
#5817=DIRECTION('center_axis',(0.,1.,0.));
#5818=DIRECTION('ref_axis',(0.,0.,1.));
#5819=DIRECTION('',(0.,1.,0.));
#5820=DIRECTION('center_axis',(0.,1.,0.));
#5821=DIRECTION('ref_axis',(0.,0.,1.));
#5822=DIRECTION('center_axis',(0.,1.,0.));
#5823=DIRECTION('ref_axis',(0.,0.,1.));
#5824=DIRECTION('center_axis',(0.,1.,0.));
#5825=DIRECTION('ref_axis',(0.,0.,1.));
#5826=DIRECTION('',(0.,1.,0.));
#5827=DIRECTION('center_axis',(0.,-1.,0.));
#5828=DIRECTION('ref_axis',(0.,0.,1.));
#5829=DIRECTION('center_axis',(0.,1.,0.));
#5830=DIRECTION('ref_axis',(0.,0.,1.));
#5831=DIRECTION('',(2.03287907341032E-17,0.,1.));
#5832=DIRECTION('',(-1.,1.2113990754028E-16,0.));
#5833=DIRECTION('',(-3.67137243592975E-16,0.,1.));
#5834=DIRECTION('',(1.,0.,0.));
#5835=DIRECTION('',(0.,0.,1.));
#5836=DIRECTION('',(1.,0.,0.));
#5837=DIRECTION('center_axis',(0.,-1.,0.));
#5838=DIRECTION('ref_axis',(0.,0.,1.));
#5839=DIRECTION('',(9.63735264431559E-17,0.,1.));
#5840=DIRECTION('center_axis',(0.,1.,0.));
#5841=DIRECTION('ref_axis',(0.,0.,1.));
#5842=DIRECTION('',(1.,0.,0.));
#5843=DIRECTION('center_axis',(0.,1.,0.));
#5844=DIRECTION('ref_axis',(0.,0.,1.));
#5845=DIRECTION('',(1.92747052886312E-16,0.,-1.));
#5846=DIRECTION('center_axis',(0.,-1.,0.));
#5847=DIRECTION('ref_axis',(0.,0.,1.));
#5848=DIRECTION('',(0.,0.,1.));
#5849=DIRECTION('',(1.,-1.26203427485085E-16,1.14730388622805E-17));
#5850=DIRECTION('center_axis',(0.,1.,0.));
#5851=DIRECTION('ref_axis',(0.,0.,1.));
#5852=DIRECTION('',(3.67137243592975E-16,0.,-1.));
#5853=DIRECTION('',(-1.,1.2113990754028E-16,0.));
#5854=DIRECTION('',(0.,0.,-1.));
#5855=DIRECTION('',(-0.707106781186549,1.53329341668338E-16,-0.707106781186546));
#5856=DIRECTION('',(0.,0.,-1.));
#5857=DIRECTION('',(1.,-1.26203427485085E-16,1.14730388622805E-17));
#5858=DIRECTION('',(0.,0.,-1.));
#5859=DIRECTION('',(1.,0.,0.));
#5860=DIRECTION('',(0.,0.,-1.));
#5861=DIRECTION('',(1.,-6.19544098563146E-16,0.));
#5862=DIRECTION('center_axis',(1.,0.,0.));
#5863=DIRECTION('ref_axis',(0.,0.,-1.));
#5864=DIRECTION('',(0.,1.,4.35689534315786E-32));
#5865=DIRECTION('',(0.,0.,-1.));
#5866=DIRECTION('',(0.,1.,0.));
#5867=DIRECTION('center_axis',(-1.,0.,0.));
#5868=DIRECTION('ref_axis',(0.,0.,1.));
#5869=DIRECTION('',(0.,-1.,-4.35689534315786E-32));
#5870=DIRECTION('',(0.,1.,0.));
#5871=DIRECTION('',(0.,1.,0.));
#5872=DIRECTION('',(0.,0.,1.));
#5873=DIRECTION('center_axis',(0.,1.,0.));
#5874=DIRECTION('ref_axis',(0.,0.,1.));
#5875=DIRECTION('',(-1.,0.,-1.14730388622805E-17));
#5876=DIRECTION('',(1.,0.,-1.24076840646074E-16));
#5877=DIRECTION('center_axis',(1.,0.,0.));
#5878=DIRECTION('ref_axis',(0.,0.,-1.));
#5879=DIRECTION('',(0.,-1.,0.));
#5880=DIRECTION('',(0.,0.,1.));
#5881=DIRECTION('',(0.,-1.,0.));
#5882=DIRECTION('',(0.,0.,1.));
#5883=DIRECTION('',(0.,-1.,0.));
#5884=DIRECTION('',(0.,1.,0.));
#5885=DIRECTION('',(0.,0.,1.));
#5886=DIRECTION('center_axis',(-1.,0.,0.));
#5887=DIRECTION('ref_axis',(0.,0.,1.));
#5888=DIRECTION('',(0.,-1.,0.));
#5889=DIRECTION('',(2.77555756156289E-16,0.,-1.));
#5890=DIRECTION('',(0.,-1.,0.));
#5891=DIRECTION('',(0.,0.,-1.));
#5892=DIRECTION('',(0.,1.,0.));
#5893=DIRECTION('',(0.,-1.,0.));
#5894=DIRECTION('',(0.,0.,-1.));
#5895=DIRECTION('center_axis',(3.67137243592975E-16,0.,-1.));
#5896=DIRECTION('ref_axis',(-1.,0.,-3.67137243592975E-16));
#5897=DIRECTION('center_axis',(0.915438911062306,4.64160746530318E-13,-0.402456954360413));
#5898=DIRECTION('ref_axis',(0.402456954360413,8.70035224402641E-10,0.915438911062306));
#5899=DIRECTION('center_axis',(3.67137243592975E-16,0.,-1.));
#5900=DIRECTION('ref_axis',(-1.,0.,-3.67137243592975E-16));
#5901=DIRECTION('center_axis',(-3.67137243592975E-16,0.,1.));
#5902=DIRECTION('ref_axis',(-1.,0.,-3.67137243592975E-16));
#5903=DIRECTION('',(3.67137243592975E-16,0.,-1.));
#5904=DIRECTION('center_axis',(0.,0.,-1.));
#5905=DIRECTION('ref_axis',(-1.,0.,0.));
#5906=DIRECTION('',(-1.,0.,0.));
#5907=DIRECTION('',(0.,1.,0.));
#5908=DIRECTION('',(1.,0.,0.));
#5909=DIRECTION('center_axis',(0.,1.,0.));
#5910=DIRECTION('ref_axis',(0.,0.,1.));
#5911=DIRECTION('',(-1.38777878078145E-16,0.,1.));
#5912=DIRECTION('center_axis',(0.,-1.,0.));
#5913=DIRECTION('ref_axis',(2.08166817117217E-15,0.,1.));
#5914=DIRECTION('',(-1.,0.,-8.67361737988404E-16));
#5915=DIRECTION('',(-1.,0.,-8.67361737988404E-17));
#5916=DIRECTION('center_axis',(0.,-1.,0.));
#5917=DIRECTION('ref_axis',(0.,0.,1.));
#5918=DIRECTION('',(0.,0.,-1.));
#5919=DIRECTION('center_axis',(0.,-1.,0.));
#5920=DIRECTION('ref_axis',(0.,0.,1.));
#5921=DIRECTION('',(1.,0.,-3.46944695195361E-16));
#5922=DIRECTION('',(-1.,0.,-3.67137243592975E-16));
#5923=DIRECTION('',(1.,0.,0.));
#5924=DIRECTION('center_axis',(0.,-1.,0.));
#5925=DIRECTION('ref_axis',(0.,0.,1.));
#5926=DIRECTION('center_axis',(-1.,0.,9.63735264431559E-17));
#5927=DIRECTION('ref_axis',(9.6373526443156E-17,0.,1.));
#5928=DIRECTION('',(0.,-1.,0.));
#5929=DIRECTION('',(9.63735264431559E-17,0.,1.));
#5930=DIRECTION('',(0.,1.,0.));
#5931=DIRECTION('center_axis',(1.,0.,1.92747052886312E-16));
#5932=DIRECTION('ref_axis',(1.92747052886312E-16,0.,-1.));
#5933=DIRECTION('',(1.92747052886312E-16,0.,-1.));
#5934=DIRECTION('',(0.,1.,0.));
#5935=DIRECTION('',(0.,-1.,0.));
#5936=DIRECTION('center_axis',(0.,0.,1.));
#5937=DIRECTION('ref_axis',(1.,0.,0.));
#5938=DIRECTION('',(0.,-1.,0.));
#5939=DIRECTION('',(1.,0.,0.));
#5940=DIRECTION('',(0.,1.,0.));
#5941=DIRECTION('center_axis',(0.,1.,0.));
#5942=DIRECTION('ref_axis',(0.,0.,1.));
#5943=DIRECTION('center_axis',(0.,-1.,0.));
#5944=DIRECTION('ref_axis',(0.,0.,1.));
#5945=DIRECTION('center_axis',(0.,1.,0.));
#5946=DIRECTION('ref_axis',(0.,0.,1.));
#5947=DIRECTION('center_axis',(0.,1.,0.));
#5948=DIRECTION('ref_axis',(0.,0.,1.));
#5949=DIRECTION('center_axis',(0.,-1.,0.));
#5950=DIRECTION('ref_axis',(-1.15648231731787E-15,0.,1.));
#5951=DIRECTION('center_axis',(0.,1.,0.));
#5952=DIRECTION('ref_axis',(0.,0.,1.));
#5953=DIRECTION('center_axis',(0.,1.,0.));
#5954=DIRECTION('ref_axis',(0.,0.,1.));
#5955=DIRECTION('center_axis',(0.,1.,0.));
#5956=DIRECTION('ref_axis',(0.,0.,1.));
#5957=DIRECTION('center_axis',(3.67137243592975E-16,0.,-1.));
#5958=DIRECTION('ref_axis',(-1.,0.,-3.67137243592975E-16));
#5959=DIRECTION('center_axis',(3.67137243592975E-16,0.,-1.));
#5960=DIRECTION('ref_axis',(-1.,0.,-3.67137243592975E-16));
#5961=DIRECTION('',(3.67137243592975E-16,0.,-1.));
#5962=DIRECTION('center_axis',(-3.67137243592975E-16,0.,1.));
#5963=DIRECTION('ref_axis',(-1.,0.,-3.67137243592975E-16));
#5964=DIRECTION('center_axis',(-0.915438911062378,1.12141494013242E-16,
0.40245695436025));
#5965=DIRECTION('ref_axis',(0.40245695436025,0.,0.915438911062378));
#5966=DIRECTION('',(-0.402456954360249,1.98504171230319E-16,-0.915438911062378));
#5967=DIRECTION('',(0.,-1.,0.));
#5968=DIRECTION('center_axis',(-1.22500248414283E-16,-1.,-4.49744035422747E-32));
#5969=DIRECTION('ref_axis',(1.,-1.22500248414283E-16,0.));
#5970=DIRECTION('',(-1.,1.2113990754028E-16,0.));
#5971=DIRECTION('',(1.,4.90000993657134E-16,6.53334658209511E-16));
#5972=DIRECTION('',(-1.,1.31418445149758E-16,-6.00770034970323E-16));
#5973=DIRECTION('',(2.03287907341032E-17,0.,1.));
#5974=DIRECTION('',(1.,-1.26203427485085E-16,1.14730388622805E-17));
#5975=DIRECTION('',(0.,0.,-1.));
#5976=DIRECTION('',(-0.707106781186549,1.53329341668338E-16,-0.707106781186546));
#5977=DIRECTION('',(0.,0.,-1.));
#5978=DIRECTION('center_axis',(1.22500248414283E-16,1.,4.49744035422747E-32));
#5979=DIRECTION('ref_axis',(-1.,1.22500248414283E-16,0.));
#5980=DIRECTION('center_axis',(0.,1.,0.));
#5981=DIRECTION('ref_axis',(0.,0.,1.));
#5982=DIRECTION('center_axis',(0.,1.,0.));
#5983=DIRECTION('ref_axis',(0.,0.,1.));
#5984=DIRECTION('center_axis',(-8.67361737988403E-16,0.,1.));
#5985=DIRECTION('ref_axis',(1.,0.,8.67361737988404E-16));
#5986=DIRECTION('',(0.,1.,0.));
#5987=DIRECTION('',(-1.,0.,-8.67361737988404E-16));
#5988=DIRECTION('center_axis',(1.,0.,1.38777878078145E-16));
#5989=DIRECTION('ref_axis',(1.38777878078145E-16,0.,-1.));
#5990=DIRECTION('',(-1.38777878078145E-16,0.,1.));
#5991=DIRECTION('',(0.,-1.,0.));
#5992=DIRECTION('',(0.,1.,0.));
#5993=DIRECTION('center_axis',(0.,0.,-1.));
#5994=DIRECTION('ref_axis',(-1.,0.,0.));
#5995=DIRECTION('',(1.,0.,0.));
#5996=DIRECTION('',(0.,-1.,0.));
#5997=DIRECTION('center_axis',(0.,-1.,0.));
#5998=DIRECTION('ref_axis',(0.,0.,-1.));
#5999=DIRECTION('center_axis',(0.,1.,0.));
#6000=DIRECTION('ref_axis',(6.93889390390723E-16,0.,-1.));
#6001=DIRECTION('center_axis',(0.,1.,0.));
#6002=DIRECTION('ref_axis',(-6.93889390390723E-16,0.,-1.));
#6003=DIRECTION('center_axis',(-3.46944695195361E-16,0.,-1.));
#6004=DIRECTION('ref_axis',(-1.,0.,3.46944695195361E-16));
#6005=DIRECTION('',(0.,1.,0.));
#6006=DIRECTION('',(1.,0.,-3.46944695195361E-16));
#6007=DIRECTION('center_axis',(-1.,0.,0.));
#6008=DIRECTION('ref_axis',(0.,0.,1.));
#6009=DIRECTION('',(0.,0.,-1.));
#6010=DIRECTION('',(0.,-1.,0.));
#6011=DIRECTION('',(0.,1.,0.));
#6012=DIRECTION('center_axis',(-8.67361737988403E-17,0.,1.));
#6013=DIRECTION('ref_axis',(1.,0.,8.67361737988404E-17));
#6014=DIRECTION('',(-1.,0.,-8.67361737988404E-17));
#6015=DIRECTION('',(0.,-1.,0.));
#6016=DIRECTION('center_axis',(0.,1.,0.));
#6017=DIRECTION('ref_axis',(0.,0.,1.));
#6018=DIRECTION('center_axis',(0.,1.,0.));
#6019=DIRECTION('ref_axis',(0.,0.,1.));
#6020=DIRECTION('center_axis',(0.,1.,0.));
#6021=DIRECTION('ref_axis',(0.,0.,1.));
#6022=DIRECTION('center_axis',(0.,-1.,0.));
#6023=DIRECTION('ref_axis',(0.,0.,-1.));
#6024=DIRECTION('center_axis',(0.,-1.,0.));
#6025=DIRECTION('ref_axis',(0.,0.,-1.));
#6026=DIRECTION('center_axis',(0.,-1.,0.));
#6027=DIRECTION('ref_axis',(0.,0.,-1.));
#6028=DIRECTION('center_axis',(0.,-1.,0.));
#6029=DIRECTION('ref_axis',(0.,0.,-1.));
#6030=DIRECTION('center_axis',(-6.00770034970323E-16,2.86200749814475E-32,
1.));
#6031=DIRECTION('ref_axis',(1.,0.,6.00770034970323E-16));
#6032=DIRECTION('',(-1.22500248414283E-16,-1.,-4.49744035422747E-32));
#6033=DIRECTION('center_axis',(1.14730388622805E-17,4.35689534315786E-32,
-1.));
#6034=DIRECTION('ref_axis',(-1.,0.,-1.14730388622805E-17));
#6035=DIRECTION('',(-1.22500248414283E-16,-1.,-4.49744035422747E-32));
#6036=DIRECTION('',(-1.22500248414283E-16,-1.,-4.49744035422747E-32));
#6037=DIRECTION('center_axis',(-5.44819508679039E-48,-4.49744035422747E-32,
1.));
#6038=DIRECTION('ref_axis',(0.,-1.,-4.49744035422747E-32));
#6039=DIRECTION('',(-1.22500248414283E-16,-1.,-4.49744035422747E-32));
#6040=DIRECTION('center_axis',(-1.,1.22500248414283E-16,0.));
#6041=DIRECTION('ref_axis',(-1.22500248414283E-16,-1.,0.));
#6042=DIRECTION('',(-1.22500248414283E-16,-1.,-4.49744035422747E-32));
#6043=DIRECTION('center_axis',(1.,-1.22500248414283E-16,-2.03287907341032E-17));
#6044=DIRECTION('ref_axis',(1.22500248414283E-16,1.,0.));
#6045=DIRECTION('center_axis',(-1.,1.22500248414283E-16,0.));
#6046=DIRECTION('ref_axis',(-1.22500248414283E-16,-1.,0.));
#6047=DIRECTION('',(-1.22500248414283E-16,-1.,-4.49744035422747E-32));
#6048=DIRECTION('center_axis',(-0.707106781186546,8.66207563507762E-17,
0.707106781186549));
#6049=DIRECTION('ref_axis',(0.707106781186549,1.23259516440783E-32,0.707106781186546));
#6050=DIRECTION('center_axis',(3.67137243592975E-16,0.,-1.));
#6051=DIRECTION('ref_axis',(-1.,0.,-3.67137243592975E-16));
#6052=DIRECTION('axis',(0.,0.,1.));
#6053=DIRECTION('refdir',(1.,0.,0.));
#6054=DIRECTION('center_axis',(0.,-1.,0.));
#6055=DIRECTION('ref_axis',(0.,0.,-1.));
#6056=DIRECTION('center_axis',(0.,1.,0.));
#6057=DIRECTION('ref_axis',(0.,0.,1.));
#6058=DIRECTION('',(0.,-1.,0.));
#6059=DIRECTION('center_axis',(0.,-1.,0.));
#6060=DIRECTION('ref_axis',(0.,0.,-1.));
#6061=DIRECTION('center_axis',(-2.45000496828567E-16,-1.,0.));
#6062=DIRECTION('ref_axis',(1.,-2.45000496828567E-16,0.));
#6063=DIRECTION('center_axis',(2.45000496828567E-16,1.,0.));
#6064=DIRECTION('ref_axis',(1.,-2.45000496828567E-16,0.));
#6065=DIRECTION('',(2.45000496828567E-16,1.,0.));
#6066=DIRECTION('center_axis',(2.45000496828567E-16,1.,0.));
#6067=DIRECTION('ref_axis',(-1.,2.45000496828567E-16,0.));
#6068=DIRECTION('center_axis',(0.,-1.,0.));
#6069=DIRECTION('ref_axis',(0.,0.,-1.));
#6070=DIRECTION('center_axis',(0.,1.,0.));
#6071=DIRECTION('ref_axis',(0.,0.,1.));
#6072=DIRECTION('',(0.,1.,0.));
#6073=DIRECTION('center_axis',(0.,1.,0.));
#6074=DIRECTION('ref_axis',(0.,0.,1.));
#6075=DIRECTION('center_axis',(0.,1.,0.));
#6076=DIRECTION('ref_axis',(0.,0.,1.));
#6077=DIRECTION('center_axis',(0.,1.,0.));
#6078=DIRECTION('ref_axis',(0.,0.,1.));
#6079=DIRECTION('',(0.,1.,0.));
#6080=DIRECTION('center_axis',(0.,1.,0.));
#6081=DIRECTION('ref_axis',(0.,0.,1.));
#6082=DIRECTION('center_axis',(0.,-1.,0.));
#6083=DIRECTION('ref_axis',(0.,0.,-1.));
#6084=DIRECTION('center_axis',(-2.45000496828567E-16,-1.,0.));
#6085=DIRECTION('ref_axis',(1.,-2.45000496828567E-16,0.));
#6086=DIRECTION('',(0.,-1.,0.));
#6087=DIRECTION('center_axis',(0.,-1.,0.));
#6088=DIRECTION('ref_axis',(0.,0.,-1.));
#6089=DIRECTION('center_axis',(0.,-1.,0.));
#6090=DIRECTION('ref_axis',(0.,0.,-1.));
#6091=DIRECTION('center_axis',(-2.45000496828567E-16,-1.,0.));
#6092=DIRECTION('ref_axis',(1.,-2.45000496828567E-16,0.));
#6093=DIRECTION('',(0.,-1.,0.));
#6094=DIRECTION('center_axis',(0.,-1.,0.));
#6095=DIRECTION('ref_axis',(0.,0.,-1.));
#6096=DIRECTION('center_axis',(0.,-1.,0.));
#6097=DIRECTION('ref_axis',(0.,0.,-1.));
#6098=DIRECTION('center_axis',(-2.45000496828567E-16,-1.,0.));
#6099=DIRECTION('ref_axis',(1.,-2.45000496828567E-16,0.));
#6100=DIRECTION('',(0.,-1.,0.));
#6101=DIRECTION('center_axis',(0.,-1.,0.));
#6102=DIRECTION('ref_axis',(0.,0.,-1.));
#6103=DIRECTION('center_axis',(0.,-1.,0.));
#6104=DIRECTION('ref_axis',(0.,0.,-1.));
#6105=DIRECTION('center_axis',(-2.45000496828567E-16,-1.,0.));
#6106=DIRECTION('ref_axis',(1.,-2.45000496828567E-16,0.));
#6107=DIRECTION('',(0.,-1.,0.));
#6108=DIRECTION('center_axis',(0.,-1.,0.));
#6109=DIRECTION('ref_axis',(0.,0.,-1.));
#6110=DIRECTION('center_axis',(0.,1.,0.));
#6111=DIRECTION('ref_axis',(0.,0.,1.));
#6112=DIRECTION('',(-1.,0.,0.));
#6113=DIRECTION('',(-1.21972744404619E-16,0.,-1.));
#6114=DIRECTION('',(1.,0.,1.14730388622805E-17));
#6115=DIRECTION('',(0.,0.,-1.));
#6116=DIRECTION('center_axis',(0.,-1.,0.));
#6117=DIRECTION('ref_axis',(0.,0.,1.));
#6118=DIRECTION('',(0.,0.,1.));
#6119=DIRECTION('center_axis',(0.,1.,0.));
#6120=DIRECTION('ref_axis',(0.,0.,1.));
#6121=DIRECTION('',(1.,0.,0.));
#6122=DIRECTION('center_axis',(0.,1.,0.));
#6123=DIRECTION('ref_axis',(0.,0.,1.));
#6124=DIRECTION('',(0.,0.,-1.));
#6125=DIRECTION('center_axis',(0.,-1.,0.));
#6126=DIRECTION('ref_axis',(0.,0.,1.));
#6127=DIRECTION('',(1.,0.,0.));
#6128=DIRECTION('',(-1.38777878078145E-16,0.,-1.));
#6129=DIRECTION('',(1.,-1.23908819712629E-15,0.));
#6130=DIRECTION('',(0.,0.,-1.));
#6131=DIRECTION('center_axis',(1.,0.,0.));
#6132=DIRECTION('ref_axis',(0.,0.,-1.));
#6133=DIRECTION('',(0.,-1.,0.));
#6134=DIRECTION('',(0.,0.,-1.));
#6135=DIRECTION('',(0.,1.,0.));
#6136=DIRECTION('',(0.,1.,0.));
#6137=DIRECTION('center_axis',(0.,1.,0.));
#6138=DIRECTION('ref_axis',(0.,0.,1.));
#6139=DIRECTION('',(1.,0.,1.14730388622805E-17));
#6140=DIRECTION('',(0.,0.,1.));
#6141=DIRECTION('',(1.,0.,-1.67545167230493E-16));
#6142=DIRECTION('center_axis',(0.,0.,-1.));
#6143=DIRECTION('ref_axis',(-1.,0.,0.));
#6144=DIRECTION('center_axis',(-0.915438911062333,3.12598053785776E-13,
-0.402456954360351));
#6145=DIRECTION('ref_axis',(0.402456954360351,-1.86035521217258E-9,-0.915438911062333));
#6146=DIRECTION('',(0.,0.,-1.));
#6147=DIRECTION('center_axis',(0.,0.,1.));
#6148=DIRECTION('ref_axis',(-1.,0.,0.));
#6149=DIRECTION('',(0.,0.,1.));
#6150=DIRECTION('center_axis',(0.,0.,-1.));
#6151=DIRECTION('ref_axis',(-1.,0.,0.));
#6152=DIRECTION('center_axis',(0.,1.,0.));
#6153=DIRECTION('ref_axis',(0.,0.,1.));
#6154=DIRECTION('',(-1.,0.,0.));
#6155=DIRECTION('',(1.,0.,0.));
#6156=DIRECTION('',(1.21734980770302E-16,0.,1.));
#6157=DIRECTION('',(1.,0.,0.));
#6158=DIRECTION('',(0.,0.,1.));
#6159=DIRECTION('',(1.,0.,1.14730388622805E-17));
#6160=DIRECTION('',(1.0842021724855E-16,0.,1.));
#6161=DIRECTION('center_axis',(0.,0.,-1.));
#6162=DIRECTION('ref_axis',(-1.,0.,0.));
#6163=DIRECTION('',(-1.,0.,-8.03112720359634E-17));
#6164=DIRECTION('',(0.,-1.,0.));
#6165=DIRECTION('',(1.,0.,0.));
#6166=DIRECTION('',(0.,-1.,0.));
#6167=DIRECTION('',(-1.,0.,0.));
#6168=DIRECTION('',(0.,-1.,0.));
#6169=DIRECTION('',(0.,-1.,0.));
#6170=DIRECTION('',(-1.,0.,0.));
#6171=DIRECTION('',(0.,1.,0.));
#6172=DIRECTION('',(0.,-1.,0.));
#6173=DIRECTION('center_axis',(0.,1.,0.));
#6174=DIRECTION('ref_axis',(0.,0.,1.));
#6175=DIRECTION('center_axis',(0.,-1.,0.));
#6176=DIRECTION('ref_axis',(0.,0.,-1.));
#6177=DIRECTION('',(1.,0.,0.));
#6178=DIRECTION('',(1.21734980770302E-16,0.,1.));
#6179=DIRECTION('',(-1.,0.,0.));
#6180=DIRECTION('',(-1.38777878078145E-16,0.,-1.));
#6181=DIRECTION('',(1.,0.,-1.73472347597681E-15));
#6182=DIRECTION('center_axis',(0.,-1.,0.));
#6183=DIRECTION('ref_axis',(0.,0.,-1.));
#6184=DIRECTION('',(-1.,0.,-1.73472347597681E-15));
#6185=DIRECTION('',(-1.38777878078145E-16,0.,-1.));
#6186=DIRECTION('',(1.,0.,0.));
#6187=DIRECTION('center_axis',(0.,-1.,0.));
#6188=DIRECTION('ref_axis',(0.,0.,-1.));
#6189=DIRECTION('',(8.67361737988404E-16,0.,-1.));
#6190=DIRECTION('',(0.,0.,1.));
#6191=DIRECTION('center_axis',(0.,-1.,0.));
#6192=DIRECTION('ref_axis',(0.,0.,-1.));
#6193=DIRECTION('',(1.,0.,2.16840434497102E-15));
#6194=DIRECTION('',(1.21734980770302E-16,0.,1.));
#6195=DIRECTION('',(-1.,0.,0.));
#6196=DIRECTION('center_axis',(0.,-1.,0.));
#6197=DIRECTION('ref_axis',(0.,0.,-1.));
#6198=DIRECTION('',(1.,0.,0.));
#6199=DIRECTION('',(1.21734980770302E-16,0.,1.));
#6200=DIRECTION('',(-1.,0.,0.));
#6201=DIRECTION('center_axis',(-1.,0.,1.38777878078145E-16));
#6202=DIRECTION('ref_axis',(1.38777878078145E-16,0.,1.));
#6203=DIRECTION('',(0.,0.,1.));
#6204=DIRECTION('',(0.,-1.,0.));
#6205=DIRECTION('',(0.,-1.,0.));
#6206=DIRECTION('',(0.,0.,1.));
#6207=DIRECTION('',(0.,-1.,0.));
#6208=DIRECTION('',(0.,-1.,0.));
#6209=DIRECTION('center_axis',(1.,0.,-1.21734980770302E-16));
#6210=DIRECTION('ref_axis',(-1.21734980770302E-16,0.,-1.));
#6211=DIRECTION('',(0.,-1.,0.));
#6212=DIRECTION('',(0.,0.,-1.));
#6213=DIRECTION('',(0.,-1.,0.));
#6214=DIRECTION('',(0.,-1.,0.));
#6215=DIRECTION('',(0.,0.,-1.));
#6216=DIRECTION('',(0.,-1.,0.));
#6217=DIRECTION('',(0.,-1.,0.));
#6218=DIRECTION('',(0.,0.,-1.));
#6219=DIRECTION('',(0.,1.,0.));
#6220=DIRECTION('center_axis',(-1.,0.,0.));
#6221=DIRECTION('ref_axis',(0.,0.,1.));
#6222=DIRECTION('',(0.,-1.,0.));
#6223=DIRECTION('',(0.,0.,1.));
#6224=DIRECTION('',(0.,1.,0.));
#6225=DIRECTION('center_axis',(1.,0.,0.));
#6226=DIRECTION('ref_axis',(0.,0.,-1.));
#6227=DIRECTION('',(0.,0.,-1.));
#6228=DIRECTION('',(0.,1.,0.));
#6229=DIRECTION('',(0.,-1.,0.));
#6230=DIRECTION('center_axis',(0.,0.,1.));
#6231=DIRECTION('ref_axis',(1.,0.,0.));
#6232=DIRECTION('',(1.,0.,0.));
#6233=DIRECTION('',(0.,1.,0.));
#6234=DIRECTION('',(0.,-1.,0.));
#6235=DIRECTION('center_axis',(0.,1.,0.));
#6236=DIRECTION('ref_axis',(0.,0.,1.));
#6237=DIRECTION('center_axis',(0.,-1.,0.));
#6238=DIRECTION('ref_axis',(0.,0.,1.));
#6239=DIRECTION('center_axis',(0.,-1.,0.));
#6240=DIRECTION('ref_axis',(0.,0.,1.));
#6241=DIRECTION('center_axis',(0.,1.,0.));
#6242=DIRECTION('ref_axis',(0.,0.,1.));
#6243=DIRECTION('center_axis',(0.,1.,0.));
#6244=DIRECTION('ref_axis',(0.,0.,1.));
#6245=DIRECTION('center_axis',(0.,1.,0.));
#6246=DIRECTION('ref_axis',(0.,0.,1.));
#6247=DIRECTION('center_axis',(0.,1.,0.));
#6248=DIRECTION('ref_axis',(0.,0.,1.));
#6249=DIRECTION('center_axis',(0.,1.,0.));
#6250=DIRECTION('ref_axis',(0.,0.,1.));
#6251=DIRECTION('center_axis',(0.,0.,-1.));
#6252=DIRECTION('ref_axis',(-1.,0.,0.));
#6253=DIRECTION('center_axis',(0.,0.,1.));
#6254=DIRECTION('ref_axis',(-1.,0.,0.));
#6255=DIRECTION('',(0.,0.,-1.));
#6256=DIRECTION('center_axis',(0.,0.,-1.));
#6257=DIRECTION('ref_axis',(-1.,0.,0.));
#6258=DIRECTION('center_axis',(0.915438911062379,1.30831743015449E-16,0.402456954360247));
#6259=DIRECTION('ref_axis',(0.402456954360247,0.,-0.915438911062379));
#6260=DIRECTION('',(2.54734248977151E-16,1.,0.));
#6261=DIRECTION('',(-0.402456954360247,0.,0.915438911062379));
#6262=DIRECTION('center_axis',(-2.45000496828567E-16,-1.,0.));
#6263=DIRECTION('ref_axis',(1.,-2.45000496828567E-16,0.));
#6264=DIRECTION('',(-1.,2.45000496828567E-16,0.));
#6265=DIRECTION('',(1.0842021724855E-16,-2.6563007092156E-32,1.));
#6266=DIRECTION('',(1.,-2.45000496828567E-16,1.14730388622805E-17));
#6267=DIRECTION('',(-1.21972744404619E-16,2.98833829786755E-32,-1.));
#6268=DIRECTION('',(-1.,2.44062826706694E-16,0.));
#6269=DIRECTION('',(1.,1.63333664552378E-16,0.));
#6270=DIRECTION('center_axis',(-1.,0.,0.));
#6271=DIRECTION('ref_axis',(0.,0.,1.));
#6272=DIRECTION('',(0.,1.,0.));
#6273=DIRECTION('center_axis',(2.45000496828567E-16,1.,0.));
#6274=DIRECTION('ref_axis',(-1.,2.45000496828567E-16,0.));
#6275=DIRECTION('center_axis',(0.,1.,0.));
#6276=DIRECTION('ref_axis',(0.,0.,1.));
#6277=DIRECTION('center_axis',(0.,1.,0.));
#6278=DIRECTION('ref_axis',(0.,0.,1.));
#6279=DIRECTION('center_axis',(0.,0.,-1.));
#6280=DIRECTION('ref_axis',(-1.,0.,0.));
#6281=DIRECTION('center_axis',(0.,-1.,0.));
#6282=DIRECTION('ref_axis',(0.,0.,-1.));
#6283=DIRECTION('',(0.,-1.,0.));
#6284=DIRECTION('center_axis',(0.,-1.,0.));
#6285=DIRECTION('ref_axis',(0.,0.,-1.));
#6286=DIRECTION('',(0.,-1.,0.));
#6287=DIRECTION('center_axis',(-1.,0.,-8.67361737988404E-16));
#6288=DIRECTION('ref_axis',(-8.67361737988404E-16,0.,1.));
#6289=DIRECTION('',(8.67361737988404E-16,0.,-1.));
#6290=DIRECTION('center_axis',(0.,0.,-1.));
#6291=DIRECTION('ref_axis',(-1.,0.,0.));
#6292=DIRECTION('',(1.,0.,0.));
#6293=DIRECTION('center_axis',(0.,-1.,0.));
#6294=DIRECTION('ref_axis',(0.,0.,-1.));
#6295=DIRECTION('center_axis',(0.,-1.,0.));
#6296=DIRECTION('ref_axis',(0.,0.,-1.));
#6297=DIRECTION('',(0.,-1.,0.));
#6298=DIRECTION('center_axis',(0.,-1.,0.));
#6299=DIRECTION('ref_axis',(0.,0.,-1.));
#6300=DIRECTION('',(0.,-1.,0.));
#6301=DIRECTION('center_axis',(2.16840434497102E-15,0.,-1.));
#6302=DIRECTION('ref_axis',(-1.,0.,-2.16840434497102E-15));
#6303=DIRECTION('',(1.,0.,2.16840434497102E-15));
#6304=DIRECTION('center_axis',(1.,0.,0.));
#6305=DIRECTION('ref_axis',(0.,0.,-1.));
#6306=DIRECTION('',(0.,0.,1.));
#6307=DIRECTION('center_axis',(0.,-1.,0.));
#6308=DIRECTION('ref_axis',(0.,0.,-1.));
#6309=DIRECTION('center_axis',(0.,-1.,0.));
#6310=DIRECTION('ref_axis',(0.,0.,-1.));
#6311=DIRECTION('',(0.,-1.,0.));
#6312=DIRECTION('center_axis',(0.,-1.,0.));
#6313=DIRECTION('ref_axis',(0.,0.,-1.));
#6314=DIRECTION('',(0.,-1.,0.));
#6315=DIRECTION('center_axis',(-1.73472347597681E-15,0.,1.));
#6316=DIRECTION('ref_axis',(1.,0.,1.73472347597681E-15));
#6317=DIRECTION('',(-1.,0.,-1.73472347597681E-15));
#6318=DIRECTION('center_axis',(-1.73472347597681E-15,0.,-1.));
#6319=DIRECTION('ref_axis',(-1.,0.,1.73472347597681E-15));
#6320=DIRECTION('',(1.,0.,-1.73472347597681E-15));
#6321=DIRECTION('center_axis',(0.,-1.,0.));
#6322=DIRECTION('ref_axis',(0.,0.,-1.));
#6323=DIRECTION('center_axis',(0.,-1.,0.));
#6324=DIRECTION('ref_axis',(0.,0.,-1.));
#6325=DIRECTION('',(0.,-1.,0.));
#6326=DIRECTION('center_axis',(0.,-1.,0.));
#6327=DIRECTION('ref_axis',(0.,0.,-1.));
#6328=DIRECTION('',(0.,-1.,0.));
#6329=DIRECTION('center_axis',(0.,0.,-1.));
#6330=DIRECTION('ref_axis',(-1.,0.,0.));
#6331=DIRECTION('',(1.,0.,0.));
#6332=DIRECTION('center_axis',(0.,0.,1.));
#6333=DIRECTION('ref_axis',(1.,0.,0.));
#6334=DIRECTION('',(-1.,0.,0.));
#6335=DIRECTION('center_axis',(0.,-1.,0.));
#6336=DIRECTION('ref_axis',(0.,0.,-1.));
#6337=DIRECTION('center_axis',(0.,-1.,0.));
#6338=DIRECTION('ref_axis',(0.,0.,-1.));
#6339=DIRECTION('',(0.,-1.,0.));
#6340=DIRECTION('center_axis',(0.,-1.,0.));
#6341=DIRECTION('ref_axis',(0.,0.,-1.));
#6342=DIRECTION('',(0.,-1.,0.));
#6343=DIRECTION('center_axis',(0.,0.,-1.));
#6344=DIRECTION('ref_axis',(-1.,0.,0.));
#6345=DIRECTION('',(1.,0.,0.));
#6346=DIRECTION('center_axis',(0.,0.,1.));
#6347=DIRECTION('ref_axis',(1.,0.,0.));
#6348=DIRECTION('',(-1.,0.,0.));
#6349=DIRECTION('center_axis',(0.,-1.,0.));
#6350=DIRECTION('ref_axis',(0.,0.,-1.));
#6351=DIRECTION('center_axis',(0.,0.,1.));
#6352=DIRECTION('ref_axis',(1.,0.,0.));
#6353=DIRECTION('',(0.,1.,0.));
#6354=DIRECTION('center_axis',(-1.14730388622805E-17,0.,1.));
#6355=DIRECTION('ref_axis',(1.,0.,1.14730388622805E-17));
#6356=DIRECTION('',(0.,1.,0.));
#6357=DIRECTION('',(0.,1.,0.));
#6358=DIRECTION('center_axis',(0.,0.,-1.));
#6359=DIRECTION('ref_axis',(-1.,0.,0.));
#6360=DIRECTION('',(0.,1.,0.));
#6361=DIRECTION('center_axis',(1.,0.,-1.21972744404619E-16));
#6362=DIRECTION('ref_axis',(-1.21972744404619E-16,0.,-1.));
#6363=DIRECTION('center_axis',(-1.,0.,1.0842021724855E-16));
#6364=DIRECTION('ref_axis',(1.0842021724855E-16,0.,1.));
#6365=DIRECTION('axis',(0.,0.,1.));
#6366=DIRECTION('refdir',(1.,0.,0.));
#6367=DIRECTION('center_axis',(-8.42669505176753E-32,1.,1.60739965229981E-15));
#6368=DIRECTION('ref_axis',(-1.,0.,-5.24243926500227E-17));
#6369=DIRECTION('',(-8.42669505176753E-32,1.,1.60739965229981E-15));
#6370=DIRECTION('center_axis',(-8.42669505176753E-32,1.,1.60739965229981E-15));
#6371=DIRECTION('ref_axis',(-1.,0.,-5.24243926500227E-17));
#6372=DIRECTION('',(-8.42669505176753E-32,1.,1.60739965229981E-15));
#6373=DIRECTION('center_axis',(-8.42669505176753E-32,1.,1.60739965229981E-15));
#6374=DIRECTION('ref_axis',(-1.,0.,-5.24243926500227E-17));
#6375=DIRECTION('',(-8.42669505176753E-32,1.,1.60739965229981E-15));
#6376=DIRECTION('center_axis',(-8.42669505176753E-32,1.,1.60739965229981E-15));
#6377=DIRECTION('ref_axis',(-1.,0.,-5.24243926500227E-17));
#6378=DIRECTION('',(-8.42669505176753E-32,1.,1.60739965229981E-15));
#6379=DIRECTION('center_axis',(-8.42669505176753E-32,1.,1.60739965229981E-15));
#6380=DIRECTION('ref_axis',(-1.,0.,-5.24243926500227E-17));
#6381=DIRECTION('',(-8.42669505176753E-32,1.,1.60739965229981E-15));
#6382=DIRECTION('center_axis',(-8.42669505176753E-32,1.,1.60739965229981E-15));
#6383=DIRECTION('ref_axis',(-1.,0.,-5.24243926500227E-17));
#6384=DIRECTION('',(-8.42669505176753E-32,1.,1.60739965229981E-15));
#6385=DIRECTION('center_axis',(-8.42669505176753E-32,1.,1.60739965229981E-15));
#6386=DIRECTION('ref_axis',(-1.,0.,-5.24243926500227E-17));
#6387=DIRECTION('',(-8.42669505176753E-32,1.,1.60739965229981E-15));
#6388=DIRECTION('',(1.73472347597681E-15,-1.,0.));
#6389=DIRECTION('center_axis',(0.,1.,0.));
#6390=DIRECTION('ref_axis',(0.,0.,1.));
#6391=DIRECTION('',(0.,1.,0.));
#6392=DIRECTION('center_axis',(0.,1.,0.));
#6393=DIRECTION('ref_axis',(0.,0.,1.));
#6394=DIRECTION('center_axis',(0.,1.,0.));
#6395=DIRECTION('ref_axis',(0.,0.,1.));
#6396=DIRECTION('',(0.,1.,0.));
#6397=DIRECTION('center_axis',(0.,1.,0.));
#6398=DIRECTION('ref_axis',(0.,0.,1.));
#6399=DIRECTION('',(0.,1.,0.));
#6400=DIRECTION('center_axis',(0.,1.,0.));
#6401=DIRECTION('ref_axis',(0.,0.,1.));
#6402=DIRECTION('',(0.,1.,0.));
#6403=DIRECTION('center_axis',(0.,1.,0.));
#6404=DIRECTION('ref_axis',(0.,0.,1.));
#6405=DIRECTION('',(0.,1.,0.));
#6406=DIRECTION('center_axis',(0.,1.,0.));
#6407=DIRECTION('ref_axis',(0.,0.,1.));
#6408=DIRECTION('',(0.,1.,0.));
#6409=DIRECTION('center_axis',(0.,1.,0.));
#6410=DIRECTION('ref_axis',(0.,0.,1.));
#6411=DIRECTION('center_axis',(0.,-1.,0.));
#6412=DIRECTION('ref_axis',(0.,0.,1.));
#6413=DIRECTION('',(0.,1.,0.));
#6414=DIRECTION('',(0.,1.,0.));
#6415=DIRECTION('',(0.,1.,0.));
#6416=DIRECTION('',(4.38937615823112E-8,0.707106781184739,-0.707106781188355));
#6417=DIRECTION('center_axis',(1.48441001839154E-5,0.999999999247687,3.58368287826744E-5));
#6418=DIRECTION('ref_axis',(-0.707107837819515,3.58368063621945E-5,-0.707105723643879));
#6419=DIRECTION('',(-9.23983423222818E-14,0.707106781186525,0.70710678118657));
#6420=DIRECTION('center_axis',(-4.16271058712068E-6,0.99999999988414,-1.46421168258757E-5));
#6421=DIRECTION('ref_axis',(0.526068545156969,1.46421447182784E-5,0.850442170627749));
#6422=DIRECTION('center_axis',(-0.000266166300728953,0.999999954457536,
-0.000142268851823017));
#6423=DIRECTION('ref_axis',(0.923860693814497,0.000300350982735574,0.382728791984458));
#6424=DIRECTION('center_axis',(-2.33702846509573E-5,0.999999999599041,1.5992150753924E-5));
#6425=DIRECTION('ref_axis',(0.691297199425724,2.77112693011134E-5,-0.722570537247566));
#6426=DIRECTION('center_axis',(-2.53369059488097E-5,0.999999998975732,3.75043553702128E-5));
#6427=DIRECTION('ref_axis',(-0.559089453355083,-4.52607332591592E-5,0.829107339913584));
#6428=DIRECTION('center_axis',(-6.48950166766225E-5,0.999999979420411,0.000192218143035426));
#6429=DIRECTION('ref_axis',(0.224303633694846,0.000201876479746749,-0.974519286190466));
#6430=DIRECTION('center_axis',(-2.81614875911597E-5,0.999999968864319,0.00024794816391724));
#6431=DIRECTION('ref_axis',(0.99502381756441,3.31645181800196E-6,0.0996373547849804));
#6432=DIRECTION('center_axis',(0.,1.,0.));
#6433=DIRECTION('ref_axis',(0.,0.,1.));
#6434=DIRECTION('center_axis',(3.05658059891454E-5,0.999999949940099,-0.000314937345296352));
#6435=DIRECTION('ref_axis',(-4.92263061694393E-5,0.000314938849704438,0.999999949195145));
#6436=DIRECTION('center_axis',(0.,1.,0.));
#6437=DIRECTION('ref_axis',(0.,0.,1.));
#6438=DIRECTION('center_axis',(3.34234386312179E-5,0.999999997486383,-6.25308556202811E-5));
#6439=DIRECTION('ref_axis',(0.881921198924849,9.87420186354385E-12,0.471396859224747));
#6440=DIRECTION('center_axis',(0.,1.,0.));
#6441=DIRECTION('ref_axis',(0.,0.,1.));
#6442=DIRECTION('center_axis',(0.,1.,0.));
#6443=DIRECTION('ref_axis',(0.,0.,1.));
#6444=DIRECTION('center_axis',(0.000194479278995909,0.999999980440114,-3.60219671715892E-5));
#6445=DIRECTION('ref_axis',(0.980763035609514,-0.000197769652679519,-0.195202020658538));
#6446=DIRECTION('center_axis',(0.,1.,0.));
#6447=DIRECTION('ref_axis',(0.,0.,1.));
#6448=DIRECTION('',(-8.65956056235531E-17,0.707106781186517,-0.707106781186578));
#6449=DIRECTION('center_axis',(0.,-1.,0.));
#6450=DIRECTION('ref_axis',(0.,0.,1.));
#6451=DIRECTION('center_axis',(0.,1.,0.));
#6452=DIRECTION('ref_axis',(0.,0.,1.));
#6453=DIRECTION('center_axis',(0.,1.,0.));
#6454=DIRECTION('ref_axis',(0.,0.,1.));
#6455=DIRECTION('center_axis',(0.,1.,0.));
#6456=DIRECTION('ref_axis',(0.,0.,1.));
#6457=DIRECTION('',(-8.65956056235493E-17,0.707106781186548,-0.707106781186547));
#6458=DIRECTION('center_axis',(0.,-1.,0.));
#6459=DIRECTION('ref_axis',(0.,0.,-1.));
#6460=DIRECTION('center_axis',(0.,1.,0.));
#6461=DIRECTION('ref_axis',(0.,0.,1.));
#6462=DIRECTION('',(0.,1.,0.));
#6463=DIRECTION('center_axis',(0.,1.,0.));
#6464=DIRECTION('ref_axis',(0.,0.,1.));
#6465=DIRECTION('center_axis',(0.,-1.,0.));
#6466=DIRECTION('ref_axis',(0.,0.,-1.));
#6467=DIRECTION('',(0.,-1.,0.));
#6468=DIRECTION('center_axis',(0.,1.,0.));
#6469=DIRECTION('ref_axis',(0.,0.,1.));
#6470=DIRECTION('center_axis',(0.,1.,0.));
#6471=DIRECTION('ref_axis',(0.,0.,1.));
#6472=DIRECTION('center_axis',(0.,1.,0.));
#6473=DIRECTION('ref_axis',(0.,0.,1.));
#6474=DIRECTION('center_axis',(0.,1.,0.));
#6475=DIRECTION('ref_axis',(0.,0.,1.));
#6476=DIRECTION('center_axis',(0.,0.,-1.));
#6477=DIRECTION('ref_axis',(-1.,0.,0.));
#6478=DIRECTION('',(0.866025403784431,-0.500000000000013,0.));
#6479=DIRECTION('',(-0.866025403784451,-0.499999999999979,0.));
#6480=DIRECTION('center_axis',(-8.42669505176753E-32,1.,1.60739965229981E-15));
#6481=DIRECTION('ref_axis',(-1.,0.,-5.24243926500227E-17));
#6482=DIRECTION('axis',(0.,0.,1.));
#6483=DIRECTION('refdir',(1.,0.,0.));
#6484=DIRECTION('center_axis',(0.,0.,1.));
#6485=DIRECTION('ref_axis',(1.,0.,0.));
#6486=DIRECTION('center_axis',(-8.19579805517886E-17,0.,1.));
#6487=DIRECTION('ref_axis',(1.,0.,8.19579805517886E-17));
#6488=DIRECTION('',(0.,0.,1.));
#6489=DIRECTION('center_axis',(4.95635278850516E-16,0.,1.));
#6490=DIRECTION('ref_axis',(1.,0.,-4.95635278850516E-16));
#6491=DIRECTION('center_axis',(0.,0.,1.));
#6492=DIRECTION('ref_axis',(1.,0.,0.));
#6493=DIRECTION('center_axis',(-8.19579805517886E-17,0.,1.));
#6494=DIRECTION('ref_axis',(1.,0.,8.19579805517886E-17));
#6495=DIRECTION('',(0.,0.,1.));
#6496=DIRECTION('center_axis',(4.95635278850516E-16,0.,1.));
#6497=DIRECTION('ref_axis',(1.,0.,-4.95635278850516E-16));
#6498=DIRECTION('center_axis',(0.,0.,1.));
#6499=DIRECTION('ref_axis',(1.,0.,0.));
#6500=DIRECTION('center_axis',(-4.95635278850516E-16,0.,-1.));
#6501=DIRECTION('ref_axis',(-1.,0.,4.95635278850516E-16));
#6502=DIRECTION('',(0.,0.,1.));
#6503=DIRECTION('center_axis',(0.,0.,-1.));
#6504=DIRECTION('ref_axis',(-1.,0.,0.));
#6505=DIRECTION('center_axis',(0.,0.,1.));
#6506=DIRECTION('ref_axis',(1.,0.,0.));
#6507=DIRECTION('center_axis',(-4.95635278850516E-16,0.,-1.));
#6508=DIRECTION('ref_axis',(-1.,0.,4.95635278850516E-16));
#6509=DIRECTION('',(0.,0.,1.));
#6510=DIRECTION('center_axis',(0.,0.,-1.));
#6511=DIRECTION('ref_axis',(-1.,0.,0.));
#6512=DIRECTION('center_axis',(0.,1.,0.));
#6513=DIRECTION('ref_axis',(0.,0.,1.));
#6514=DIRECTION('',(-1.,0.,-8.19579805517886E-17));
#6515=DIRECTION('center_axis',(0.,1.,0.));
#6516=DIRECTION('ref_axis',(0.,0.,1.));
#6517=DIRECTION('center_axis',(0.,1.,0.));
#6518=DIRECTION('ref_axis',(0.,0.,1.));
#6519=DIRECTION('center_axis',(0.,1.,0.));
#6520=DIRECTION('ref_axis',(0.,0.,1.));
#6521=DIRECTION('',(1.,0.,0.));
#6522=DIRECTION('center_axis',(0.,1.,0.));
#6523=DIRECTION('ref_axis',(0.,0.,1.));
#6524=DIRECTION('center_axis',(0.,1.,0.));
#6525=DIRECTION('ref_axis',(0.,0.,1.));
#6526=DIRECTION('center_axis',(0.,1.,0.));
#6527=DIRECTION('ref_axis',(0.,0.,1.));
#6528=DIRECTION('',(-1.,0.,4.95635278850516E-16));
#6529=DIRECTION('center_axis',(0.,-1.,0.));
#6530=DIRECTION('ref_axis',(0.,0.,1.));
#6531=DIRECTION('',(-5.00401002685617E-16,0.,-1.));
#6532=DIRECTION('center_axis',(0.,-1.,0.));
#6533=DIRECTION('ref_axis',(1.04083408558608E-13,0.,1.));
#6534=DIRECTION('',(1.,0.,-4.95635278850516E-16));
#6535=DIRECTION('center_axis',(0.,-1.,0.));
#6536=DIRECTION('ref_axis',(0.,0.,1.));
#6537=DIRECTION('',(5.00401002685617E-16,0.,1.));
#6538=DIRECTION('center_axis',(0.,-1.,0.));
#6539=DIRECTION('ref_axis',(0.,0.,1.));
#6540=DIRECTION('center_axis',(0.,1.,0.));
#6541=DIRECTION('ref_axis',(0.,0.,1.));
#6542=DIRECTION('center_axis',(0.,1.,0.));
#6543=DIRECTION('ref_axis',(0.,0.,1.));
#6544=DIRECTION('center_axis',(0.,-1.,0.));
#6545=DIRECTION('ref_axis',(1.73472347597681E-15,0.,1.));
#6546=DIRECTION('',(-1.,0.,-8.19579805517886E-17));
#6547=DIRECTION('center_axis',(0.,-1.,0.));
#6548=DIRECTION('ref_axis',(-1.73472347597681E-15,0.,1.));
#6549=DIRECTION('center_axis',(0.,1.,0.));
#6550=DIRECTION('ref_axis',(0.,0.,1.));
#6551=DIRECTION('center_axis',(0.,-1.,0.));
#6552=DIRECTION('ref_axis',(1.73472347597681E-15,0.,1.));
#6553=DIRECTION('',(1.,0.,0.));
#6554=DIRECTION('center_axis',(0.,-1.,0.));
#6555=DIRECTION('ref_axis',(-8.67361737988404E-16,0.,1.));
#6556=DIRECTION('',(1.,0.,-4.95635278850516E-16));
#6557=DIRECTION('center_axis',(0.,1.,0.));
#6558=DIRECTION('ref_axis',(0.,0.,1.));
#6559=DIRECTION('',(-5.00401002685617E-16,0.,-1.));
#6560=DIRECTION('center_axis',(0.,1.,0.));
#6561=DIRECTION('ref_axis',(0.,0.,1.));
#6562=DIRECTION('',(-1.,0.,4.95635278850516E-16));
#6563=DIRECTION('center_axis',(0.,1.,0.));
#6564=DIRECTION('ref_axis',(0.,0.,1.));
#6565=DIRECTION('',(5.00401002685617E-16,0.,1.));
#6566=DIRECTION('center_axis',(0.,1.,0.));
#6567=DIRECTION('ref_axis',(0.,0.,1.));
#6568=DIRECTION('center_axis',(0.,-1.,0.));
#6569=DIRECTION('ref_axis',(0.,0.,-1.));
#6570=DIRECTION('',(0.,-1.,0.));
#6571=DIRECTION('',(0.,1.,0.));
#6572=DIRECTION('center_axis',(0.,0.,-1.));
#6573=DIRECTION('ref_axis',(-1.,0.,0.));
#6574=DIRECTION('',(0.,1.,0.));
#6575=DIRECTION('',(0.,-1.,0.));
#6576=DIRECTION('center_axis',(0.,-1.,0.));
#6577=DIRECTION('ref_axis',(0.,0.,-1.));
#6578=DIRECTION('',(0.,1.,0.));
#6579=DIRECTION('',(0.,-1.,0.));
#6580=DIRECTION('center_axis',(-8.19579805517886E-17,0.,1.));
#6581=DIRECTION('ref_axis',(1.,0.,8.19579805517886E-17));
#6582=DIRECTION('',(0.,1.,0.));
#6583=DIRECTION('',(0.,-1.,0.));
#6584=DIRECTION('center_axis',(-1.,0.,5.00401002685617E-16));
#6585=DIRECTION('ref_axis',(5.00401002685617E-16,0.,1.));
#6586=DIRECTION('',(0.,-1.,0.));
#6587=DIRECTION('',(0.,1.,0.));
#6588=DIRECTION('center_axis',(4.95635278850516E-16,0.,1.));
#6589=DIRECTION('ref_axis',(1.,0.,-4.95635278850516E-16));
#6590=DIRECTION('',(0.,1.,0.));
#6591=DIRECTION('',(0.,-1.,0.));
#6592=DIRECTION('center_axis',(1.,0.,-5.00401002685617E-16));
#6593=DIRECTION('ref_axis',(-5.00401002685617E-16,0.,-1.));
#6594=DIRECTION('',(0.,1.,0.));
#6595=DIRECTION('',(0.,-1.,0.));
#6596=DIRECTION('center_axis',(-4.95635278850516E-16,0.,-1.));
#6597=DIRECTION('ref_axis',(-1.,0.,4.95635278850516E-16));
#6598=DIRECTION('',(0.,1.,0.));
#6599=DIRECTION('',(0.,-1.,0.));
#6600=DIRECTION('center_axis',(0.,-1.,0.));
#6601=DIRECTION('ref_axis',(0.,0.,-1.));
#6602=DIRECTION('center_axis',(0.,-1.,0.));
#6603=DIRECTION('ref_axis',(0.,0.,-1.));
#6604=DIRECTION('center_axis',(0.,-1.,0.));
#6605=DIRECTION('ref_axis',(0.,0.,-1.));
#6606=DIRECTION('center_axis',(0.,-1.,0.));
#6607=DIRECTION('ref_axis',(0.,0.,-1.));
#6608=DIRECTION('center_axis',(0.,1.,0.));
#6609=DIRECTION('ref_axis',(0.,0.,1.));
#6610=DIRECTION('center_axis',(0.,1.,0.));
#6611=DIRECTION('ref_axis',(0.,0.,1.));
#6612=DIRECTION('center_axis',(0.,1.,0.));
#6613=DIRECTION('ref_axis',(0.,0.,1.));
#6614=DIRECTION('center_axis',(0.,1.,0.));
#6615=DIRECTION('ref_axis',(0.,0.,1.));
#6616=DIRECTION('axis',(0.,0.,1.));
#6617=DIRECTION('refdir',(1.,0.,0.));
#6618=DIRECTION('center_axis',(0.,0.,-1.));
#6619=DIRECTION('ref_axis',(-1.,0.,0.));
#6620=DIRECTION('',(0.,0.,1.));
#6621=DIRECTION('center_axis',(-2.12048019258602E-15,-0.400818834019708,
0.916157334902189));
#6622=DIRECTION('ref_axis',(2.91023540023262E-13,-0.916157334902189,-0.400818834019708));
#6623=DIRECTION('center_axis',(0.,0.,1.));
#6624=DIRECTION('ref_axis',(-1.,0.,0.));
#6625=DIRECTION('center_axis',(0.,0.,-1.));
#6626=DIRECTION('ref_axis',(-1.,0.,0.));
#6627=DIRECTION('',(0.,0.,1.));
#6628=DIRECTION('center_axis',(0.,0.,1.));
#6629=DIRECTION('ref_axis',(-1.,0.,0.));
#6630=DIRECTION('center_axis',(-8.70911507669259E-16,-0.400818834019708,
-0.916157334902189));
#6631=DIRECTION('ref_axis',(-1.64939772002292E-13,0.916157334902189,-0.400818834019708));
#6632=DIRECTION('center_axis',(0.,-1.,0.));
#6633=DIRECTION('ref_axis',(0.,0.,-1.));
#6634=DIRECTION('center_axis',(0.,-1.,0.));
#6635=DIRECTION('ref_axis',(0.,0.,-1.));
#6636=DIRECTION('',(0.,1.,0.));
#6637=DIRECTION('center_axis',(0.961261695938319,-0.275637355816999,0.));
#6638=DIRECTION('ref_axis',(0.275637355816999,0.961261695938319,1.24960174032636E-15));
#6639=DIRECTION('',(0.,-1.,0.));
#6640=DIRECTION('center_axis',(0.,-1.,0.));
#6641=DIRECTION('ref_axis',(0.,0.,-1.));
#6642=DIRECTION('',(0.,-1.,0.));
#6643=DIRECTION('center_axis',(0.,-1.,0.));
#6644=DIRECTION('ref_axis',(0.,0.,-1.));
#6645=DIRECTION('center_axis',(0.,-1.,0.));
#6646=DIRECTION('ref_axis',(0.,0.,-1.));
#6647=DIRECTION('',(0.,1.,0.));
#6648=DIRECTION('center_axis',(-0.961261695938319,-0.275637355816999,-8.96850883190288E-16));
#6649=DIRECTION('ref_axis',(0.275637355816999,-0.961261695938319,-2.30736802382285E-15));
#6650=DIRECTION('',(0.,-1.,0.));
#6651=DIRECTION('center_axis',(0.,0.,-1.));
#6652=DIRECTION('ref_axis',(-1.,0.,0.));
#6653=DIRECTION('center_axis',(-8.70911507669259E-16,-0.400818834019708,
-0.916157334902189));
#6654=DIRECTION('ref_axis',(-1.64939772002292E-13,0.916157334902189,-0.400818834019708));
#6655=DIRECTION('center_axis',(0.,0.,1.));
#6656=DIRECTION('ref_axis',(1.,0.,0.));
#6657=DIRECTION('center_axis',(-6.65148312532349E-13,-0.400818834019729,
-0.91615733490218));
#6658=DIRECTION('ref_axis',(1.32465806733681E-9,0.91615733490218,-0.400818834019729));
#6659=DIRECTION('center_axis',(0.,0.,1.));
#6660=DIRECTION('ref_axis',(-1.,0.,0.));
#6661=DIRECTION('center_axis',(0.,0.,-1.));
#6662=DIRECTION('ref_axis',(-1.,0.,0.));
#6663=DIRECTION('center_axis',(0.,0.,1.));
#6664=DIRECTION('ref_axis',(-1.,0.,0.));
#6665=DIRECTION('center_axis',(-1.67846019490449E-12,-0.400818834019757,
0.916157334902168));
#6666=DIRECTION('ref_axis',(-1.3806871517475E-9,-0.916157334902168,-0.400818834019757));
#6667=DIRECTION('center_axis',(0.,0.,1.));
#6668=DIRECTION('ref_axis',(1.,0.,0.));
#6669=DIRECTION('center_axis',(-2.12048019258602E-15,-0.400818834019708,
0.916157334902189));
#6670=DIRECTION('ref_axis',(2.91023540023262E-13,-0.916157334902189,-0.400818834019708));
#6671=DIRECTION('center_axis',(-1.,-3.68498047713277E-16,0.));
#6672=DIRECTION('ref_axis',(3.68498047713277E-16,-1.,0.));
#6673=DIRECTION('',(0.,0.,-1.));
#6674=DIRECTION('',(0.,0.,-1.));
#6675=DIRECTION('',(-3.68498047713277E-16,1.,0.));
#6676=DIRECTION('center_axis',(0.,-1.,0.));
#6677=DIRECTION('ref_axis',(0.,0.,-1.));
#6678=DIRECTION('',(0.,0.,-1.));
#6679=DIRECTION('',(0.,0.,-1.));
#6680=DIRECTION('',(-1.,0.,0.));
#6681=DIRECTION('center_axis',(1.,-3.68498047713277E-16,0.));
#6682=DIRECTION('ref_axis',(3.68498047713277E-16,1.,0.));
#6683=DIRECTION('',(0.,0.,-1.));
#6684=DIRECTION('',(-3.68498047713277E-16,-1.,0.));
#6685=DIRECTION('center_axis',(0.,1.,0.));
#6686=DIRECTION('ref_axis',(0.,0.,1.));
#6687=DIRECTION('center_axis',(0.,1.,0.));
#6688=DIRECTION('ref_axis',(0.,0.,1.));
#6689=DIRECTION('center_axis',(0.,1.,0.));
#6690=DIRECTION('ref_axis',(0.,0.,1.));
#6691=DIRECTION('',(-1.,0.,0.));
#6692=DIRECTION('center_axis',(0.,1.,0.));
#6693=DIRECTION('ref_axis',(0.,0.,1.));
#6694=DIRECTION('center_axis',(0.,1.,0.));
#6695=DIRECTION('ref_axis',(0.,0.,1.));
#6696=DIRECTION('center_axis',(0.,1.,0.));
#6697=DIRECTION('ref_axis',(0.,0.,1.));
#6698=DIRECTION('',(1.,0.,0.));
#6699=DIRECTION('center_axis',(0.,1.,0.));
#6700=DIRECTION('ref_axis',(0.,0.,1.));
#6701=DIRECTION('',(0.,0.,-1.));
#6702=DIRECTION('',(1.,0.,0.));
#6703=DIRECTION('',(0.,0.,-1.));
#6704=DIRECTION('',(1.,0.,0.));
#6705=DIRECTION('center_axis',(0.,-1.,0.));
#6706=DIRECTION('ref_axis',(0.,0.,-1.));
#6707=DIRECTION('center_axis',(0.,1.,0.));
#6708=DIRECTION('ref_axis',(0.,0.,1.));
#6709=DIRECTION('',(0.,1.,0.));
#6710=DIRECTION('',(0.,-1.,0.));
#6711=DIRECTION('center_axis',(0.,0.,1.));
#6712=DIRECTION('ref_axis',(1.,0.,0.));
#6713=DIRECTION('',(0.,-1.,0.));
#6714=DIRECTION('',(-1.,0.,0.));
#6715=DIRECTION('',(0.,1.,0.));
#6716=DIRECTION('center_axis',(0.,-1.,0.));
#6717=DIRECTION('ref_axis',(0.,0.,-1.));
#6718=DIRECTION('',(0.,-1.,0.));
#6719=DIRECTION('center_axis',(0.,1.,0.));
#6720=DIRECTION('ref_axis',(0.,0.,1.));
#6721=DIRECTION('',(0.,1.,0.));
#6722=DIRECTION('center_axis',(0.,0.,-1.));
#6723=DIRECTION('ref_axis',(-1.,0.,0.));
#6724=DIRECTION('',(0.,-1.,0.));
#6725=DIRECTION('',(1.,0.,0.));
#6726=DIRECTION('',(0.,1.,0.));
#6727=DIRECTION('center_axis',(0.,1.,0.));
#6728=DIRECTION('ref_axis',(0.,0.,1.));
#6729=DIRECTION('center_axis',(0.,-1.,0.));
#6730=DIRECTION('ref_axis',(0.,0.,1.));
#6731=DIRECTION('center_axis',(0.,-1.,0.));
#6732=DIRECTION('ref_axis',(0.,0.,1.));
#6733=DIRECTION('center_axis',(0.,-1.,0.));
#6734=DIRECTION('ref_axis',(0.,0.,1.));
#6735=DIRECTION('center_axis',(0.,-1.,0.));
#6736=DIRECTION('ref_axis',(0.,0.,1.));
#6737=DIRECTION('center_axis',(-1.,0.,0.));
#6738=DIRECTION('ref_axis',(0.,0.,1.));
#6739=DIRECTION('',(0.,1.,0.));
#6740=DIRECTION('',(0.,0.,-1.));
#6741=DIRECTION('',(0.,1.,0.));
#6742=DIRECTION('center_axis',(-0.961261695938319,-0.275637355817,0.));
#6743=DIRECTION('ref_axis',(0.275637355817,-0.961261695938319,0.));
#6744=DIRECTION('',(0.,0.,-1.));
#6745=DIRECTION('',(-0.275637355817,0.961261695938319,0.));
#6746=DIRECTION('',(-0.275637355817,0.961261695938319,0.));
#6747=DIRECTION('center_axis',(-1.,-3.68498047713277E-16,0.));
#6748=DIRECTION('ref_axis',(3.68498047713277E-16,-1.,0.));
#6749=DIRECTION('',(-3.68498047713277E-16,1.,0.));
#6750=DIRECTION('center_axis',(0.,-1.,0.));
#6751=DIRECTION('ref_axis',(0.,0.,-1.));
#6752=DIRECTION('',(0.,0.,-1.));
#6753=DIRECTION('',(-1.,0.,0.));
#6754=DIRECTION('center_axis',(1.,-3.68498047713277E-16,0.));
#6755=DIRECTION('ref_axis',(3.68498047713277E-16,1.,0.));
#6756=DIRECTION('',(0.,0.,-1.));
#6757=DIRECTION('',(-3.68498047713277E-16,-1.,0.));
#6758=DIRECTION('center_axis',(0.961261695938319,-0.275637355817,0.));
#6759=DIRECTION('ref_axis',(0.275637355817,0.961261695938319,0.));
#6760=DIRECTION('',(-0.275637355817,-0.961261695938319,0.));
#6761=DIRECTION('',(0.,0.,-1.));
#6762=DIRECTION('',(-0.275637355817,-0.961261695938319,0.));
#6763=DIRECTION('center_axis',(1.,0.,0.));
#6764=DIRECTION('ref_axis',(0.,0.,-1.));
#6765=DIRECTION('',(0.,-1.,0.));
#6766=DIRECTION('',(0.,-1.,0.));
#6767=DIRECTION('center_axis',(0.,0.,-1.));
#6768=DIRECTION('ref_axis',(-1.,0.,0.));
#6769=DIRECTION('center_axis',(0.,0.,-1.));
#6770=DIRECTION('ref_axis',(-1.,0.,0.));
#6771=DIRECTION('center_axis',(0.,0.,1.));
#6772=DIRECTION('ref_axis',(1.,0.,0.));
#6773=DIRECTION('',(1.,0.,0.));
#6774=DIRECTION('center_axis',(0.,0.,1.));
#6775=DIRECTION('ref_axis',(1.,0.,0.));
#6776=DIRECTION('',(1.,0.,0.));
#6777=DIRECTION('center_axis',(0.,-0.400818834019707,-0.916157334902189));
#6778=DIRECTION('ref_axis',(0.,0.916157334902189,-0.400818834019707));
#6779=DIRECTION('center_axis',(0.,-0.400818834019707,0.916157334902189));
#6780=DIRECTION('ref_axis',(0.,-0.916157334902189,-0.400818834019707));
#6781=DIRECTION('center_axis',(0.,-1.,0.));
#6782=DIRECTION('ref_axis',(0.,0.,-1.));
#6783=DIRECTION('center_axis',(0.,-1.,0.));
#6784=DIRECTION('ref_axis',(0.,0.,-1.));
#6785=DIRECTION('center_axis',(0.,-1.,0.));
#6786=DIRECTION('ref_axis',(0.,0.,-1.));
#6787=DIRECTION('center_axis',(0.,-1.,0.));
#6788=DIRECTION('ref_axis',(0.,0.,-1.));
#6789=DIRECTION('axis',(0.,0.,1.));
#6790=DIRECTION('refdir',(1.,0.,0.));
#6791=DIRECTION('center_axis',(0.,1.,0.));
#6792=DIRECTION('ref_axis',(1.,0.,6.12323399573677E-17));
#6793=DIRECTION('center_axis',(0.,1.,0.));
#6794=DIRECTION('ref_axis',(0.,0.,1.));
#6795=DIRECTION('',(0.,1.,0.));
#6796=DIRECTION('center_axis',(0.,1.,0.));
#6797=DIRECTION('ref_axis',(0.,0.,1.));
#6798=DIRECTION('',(0.,1.,0.));
#6799=DIRECTION('center_axis',(0.,1.,0.));
#6800=DIRECTION('ref_axis',(0.,0.,1.));
#6801=DIRECTION('center_axis',(0.,-1.,0.));
#6802=DIRECTION('ref_axis',(0.,0.,1.));
#6803=DIRECTION('center_axis',(0.,-1.,0.));
#6804=DIRECTION('ref_axis',(0.,0.,1.));
#6805=DIRECTION('',(0.,1.,0.));
#6806=DIRECTION('center_axis',(0.,1.,0.));
#6807=DIRECTION('ref_axis',(-1.,0.,-1.83697019872103E-16));
#6808=DIRECTION('center_axis',(0.,1.,0.));
#6809=DIRECTION('ref_axis',(0.,0.,1.));
#6810=DIRECTION('center_axis',(0.,1.,0.));
#6811=DIRECTION('ref_axis',(0.,0.,1.));
#6812=DIRECTION('',(0.,1.,0.));
#6813=DIRECTION('center_axis',(-1.,0.,0.));
#6814=DIRECTION('ref_axis',(0.,0.,1.));
#6815=DIRECTION('',(0.,0.,-1.));
#6816=DIRECTION('',(0.,-1.,0.));
#6817=DIRECTION('',(0.,0.,-1.));
#6818=DIRECTION('',(0.,-1.,0.));
#6819=DIRECTION('center_axis',(0.,0.,1.));
#6820=DIRECTION('ref_axis',(1.,0.,0.));
#6821=DIRECTION('',(-1.,0.,0.));
#6822=DIRECTION('',(-1.,0.,0.));
#6823=DIRECTION('',(0.,-1.,0.));
#6824=DIRECTION('center_axis',(1.,0.,0.));
#6825=DIRECTION('ref_axis',(0.,0.,-1.));
#6826=DIRECTION('',(0.,0.,1.));
#6827=DIRECTION('',(0.,0.,1.));
#6828=DIRECTION('',(0.,-1.,0.));
#6829=DIRECTION('center_axis',(0.,0.,-1.));
#6830=DIRECTION('ref_axis',(-1.,0.,0.));
#6831=DIRECTION('',(1.,0.,0.));
#6832=DIRECTION('',(1.,0.,0.));
#6833=DIRECTION('center_axis',(0.,1.,0.));
#6834=DIRECTION('ref_axis',(0.,0.,1.));
#6835=DIRECTION('center_axis',(0.,-1.,0.));
#6836=DIRECTION('ref_axis',(0.,0.,1.));
#6837=DIRECTION('center_axis',(0.,1.,0.));
#6838=DIRECTION('ref_axis',(0.,0.,1.));
#6839=DIRECTION('',(0.,0.,-1.));
#6840=DIRECTION('',(1.,0.,0.));
#6841=DIRECTION('',(0.,0.,1.));
#6842=DIRECTION('',(-1.,0.,0.));
#6843=DIRECTION('center_axis',(0.,0.,1.));
#6844=DIRECTION('ref_axis',(1.,0.,0.));
#6845=DIRECTION('',(0.,1.,0.));
#6846=DIRECTION('',(1.,0.,0.));
#6847=DIRECTION('',(0.,1.,0.));
#6848=DIRECTION('center_axis',(0.,0.,-1.));
#6849=DIRECTION('ref_axis',(-1.,0.,0.));
#6850=DIRECTION('',(0.,1.,0.));
#6851=DIRECTION('',(0.,1.,0.));
#6852=DIRECTION('',(-1.,0.,0.));
#6853=DIRECTION('center_axis',(0.,1.,0.));
#6854=DIRECTION('ref_axis',(0.,0.,1.));
#6855=DIRECTION('',(0.,0.,1.));
#6856=DIRECTION('',(0.,0.,-1.));
#6857=DIRECTION('center_axis',(0.,-1.,0.));
#6858=DIRECTION('ref_axis',(0.,0.,1.));
#6859=DIRECTION('center_axis',(0.,1.,0.));
#6860=DIRECTION('ref_axis',(1.22464679914735E-16,0.,-1.));
#6861=DIRECTION('center_axis',(1.,0.,0.));
#6862=DIRECTION('ref_axis',(0.,0.,-1.));
#6863=DIRECTION('center_axis',(-1.,0.,0.));
#6864=DIRECTION('ref_axis',(0.,0.,1.));
#6865=DIRECTION('axis',(0.,0.,1.));
#6866=DIRECTION('refdir',(1.,0.,0.));
#6867=DIRECTION('center_axis',(-1.,0.,0.));
#6868=DIRECTION('ref_axis',(0.,0.,1.));
#6869=DIRECTION('center_axis',(0.,0.,1.));
#6870=DIRECTION('ref_axis',(1.,0.,0.));
#6871=DIRECTION('center_axis',(1.,0.,0.));
#6872=DIRECTION('ref_axis',(0.,0.,1.));
#6873=DIRECTION('center_axis',(0.,-6.12323399573677E-17,-1.));
#6874=DIRECTION('ref_axis',(1.,0.,0.));
#6875=DIRECTION('center_axis',(0.,-6.12323399573677E-17,-1.));
#6876=DIRECTION('ref_axis',(1.,0.,0.));
#6877=DIRECTION('center_axis',(0.,0.,1.));
#6878=DIRECTION('ref_axis',(1.,0.,0.));
#6879=DIRECTION('center_axis',(0.,0.,1.));
#6880=DIRECTION('ref_axis',(1.,0.,0.));
#6881=DIRECTION('',(0.,0.,-1.));
#6882=DIRECTION('center_axis',(0.,-6.12323399573677E-17,-1.));
#6883=DIRECTION('ref_axis',(1.,0.,0.));
#6884=DIRECTION('center_axis',(0.,0.,-1.));
#6885=DIRECTION('ref_axis',(-1.,0.,0.));
#6886=DIRECTION('center_axis',(0.,0.,1.));
#6887=DIRECTION('ref_axis',(1.,0.,0.));
#6888=DIRECTION('',(0.,0.,1.));
#6889=DIRECTION('center_axis',(0.,0.,1.));
#6890=DIRECTION('ref_axis',(1.,0.,0.));
#6891=DIRECTION('center_axis',(0.,-6.12323399573677E-17,-1.));
#6892=DIRECTION('ref_axis',(1.,0.,0.));
#6893=DIRECTION('center_axis',(-1.,0.,0.));
#6894=DIRECTION('ref_axis',(0.,0.,1.));
#6895=DIRECTION('center_axis',(0.,0.,1.));
#6896=DIRECTION('ref_axis',(1.,0.,0.));
#6897=DIRECTION('center_axis',(1.,0.,0.));
#6898=DIRECTION('ref_axis',(0.,0.,1.));
#6899=DIRECTION('center_axis',(0.,-6.12323399573677E-17,-1.));
#6900=DIRECTION('ref_axis',(1.,0.,0.));
#6901=DIRECTION('center_axis',(0.,-6.12323399573677E-17,-1.));
#6902=DIRECTION('ref_axis',(1.,0.,0.));
#6903=DIRECTION('center_axis',(0.,0.,1.));
#6904=DIRECTION('ref_axis',(1.,0.,0.));
#6905=DIRECTION('center_axis',(0.,0.,1.));
#6906=DIRECTION('ref_axis',(1.,0.,0.));
#6907=DIRECTION('',(0.,0.,-1.));
#6908=DIRECTION('center_axis',(0.,-6.12323399573677E-17,-1.));
#6909=DIRECTION('ref_axis',(1.,0.,0.));
#6910=DIRECTION('center_axis',(0.,0.,-1.));
#6911=DIRECTION('ref_axis',(-1.,0.,0.));
#6912=DIRECTION('center_axis',(0.,0.,1.));
#6913=DIRECTION('ref_axis',(1.,0.,0.));
#6914=DIRECTION('',(0.,0.,1.));
#6915=DIRECTION('center_axis',(0.,0.,1.));
#6916=DIRECTION('ref_axis',(1.,0.,0.));
#6917=DIRECTION('center_axis',(0.,-6.12323399573677E-17,-1.));
#6918=DIRECTION('ref_axis',(1.,0.,0.));
#6919=DIRECTION('axis',(0.,0.,1.));
#6920=DIRECTION('refdir',(1.,0.,0.));
#6921=DIRECTION('center_axis',(0.,1.,0.));
#6922=DIRECTION('ref_axis',(0.,0.,1.));
#6923=DIRECTION('',(0.,-1.,0.));
#6924=DIRECTION('center_axis',(0.0397607569881698,0.999177127217215,0.00800941007079349));
#6925=DIRECTION('ref_axis',(0.993616171807325,-0.038689997821138,-0.10597163390057));
#6926=DIRECTION('center_axis',(0.,-1.,0.));
#6927=DIRECTION('ref_axis',(0.,0.,-1.));
#6928=DIRECTION('center_axis',(0.,1.,0.));
#6929=DIRECTION('ref_axis',(0.,0.,1.));
#6930=DIRECTION('',(0.,-1.,0.));
#6931=DIRECTION('center_axis',(0.00709455713831702,0.999180044059516,-0.0398610939668614));
#6932=DIRECTION('ref_axis',(0.274445449771779,0.0363858501463215,0.960914025815367));
#6933=DIRECTION('center_axis',(0.,1.,0.));
#6934=DIRECTION('ref_axis',(0.,0.,1.));
#6935=DIRECTION('',(0.,-1.,0.));
#6936=DIRECTION('center_axis',(0.00331071389014286,-0.999187249217988,0.0401731275074344));
#6937=DIRECTION('ref_axis',(-0.999994519571726,-0.00330803219665995,0.000133227245167507));
#6938=DIRECTION('center_axis',(-0.0383847196005934,-0.999188548807329,-0.0122007062700112));
#6939=DIRECTION('ref_axis',(0.999222957259621,-0.0382709666426099,-0.00942416031158542));
#6940=DIRECTION('center_axis',(0.,1.,0.));
#6941=DIRECTION('ref_axis',(0.,0.,1.));
#6942=DIRECTION('',(0.,-1.,0.));
#6943=DIRECTION('center_axis',(0.,-1.,0.));
#6944=DIRECTION('ref_axis',(0.,0.,-1.));
#6945=DIRECTION('center_axis',(0.,-1.,0.));
#6946=DIRECTION('ref_axis',(0.,0.,-1.));
#6947=DIRECTION('',(-1.04972719113862E-16,-0.51503807491005,0.857167300702115));
#6948=DIRECTION('center_axis',(0.,1.,0.));
#6949=DIRECTION('ref_axis',(0.,0.,-1.));
#6950=DIRECTION('center_axis',(0.,-1.,0.));
#6951=DIRECTION('ref_axis',(0.,0.,-1.));
#6952=DIRECTION('center_axis',(0.,1.,0.));
#6953=DIRECTION('ref_axis',(0.,0.,1.));
#6954=DIRECTION('',(0.,1.,0.));
#6955=DIRECTION('center_axis',(0.,-1.,0.));
#6956=DIRECTION('ref_axis',(0.,0.,-1.));
#6957=DIRECTION('',(0.,-1.,0.));
#6958=DIRECTION('',(0.,-1.,0.));
#6959=DIRECTION('center_axis',(0.,-1.,0.));
#6960=DIRECTION('ref_axis',(0.,0.,-1.));
#6961=DIRECTION('',(0.,-1.,0.));
#6962=DIRECTION('',(0.,-1.,0.));
#6963=DIRECTION('center_axis',(0.,-1.,0.));
#6964=DIRECTION('ref_axis',(0.,0.,-1.));
#6965=DIRECTION('center_axis',(0.,0.,1.));
#6966=DIRECTION('ref_axis',(1.,0.,0.));
#6967=DIRECTION('center_axis',(0.,0.,1.));
#6968=DIRECTION('ref_axis',(1.,0.,0.));
#6969=DIRECTION('',(0.,0.,1.));
#6970=DIRECTION('center_axis',(0.,0.,1.));
#6971=DIRECTION('ref_axis',(1.,0.,0.));
#6972=DIRECTION('center_axis',(0.,-1.,0.));
#6973=DIRECTION('ref_axis',(0.,0.,-1.));
#6974=DIRECTION('center_axis',(0.,-1.,0.));
#6975=DIRECTION('ref_axis',(0.,0.,-1.));
#6976=DIRECTION('',(0.,1.,0.));
#6977=DIRECTION('center_axis',(0.,-1.,0.));
#6978=DIRECTION('ref_axis',(0.,0.,-1.));
#6979=DIRECTION('center_axis',(0.,-1.,0.));
#6980=DIRECTION('ref_axis',(0.,0.,-1.));
#6981=DIRECTION('',(0.,-1.,0.));
#6982=DIRECTION('center_axis',(0.,-1.,0.));
#6983=DIRECTION('ref_axis',(0.,0.,-1.));
#6984=DIRECTION('center_axis',(0.,1.,0.));
#6985=DIRECTION('ref_axis',(0.,0.,1.));
#6986=DIRECTION('center_axis',(0.,1.,0.));
#6987=DIRECTION('ref_axis',(0.,0.,1.));
#6988=DIRECTION('center_axis',(0.,0.,-1.));
#6989=DIRECTION('ref_axis',(-1.,0.,0.));
#6990=DIRECTION('center_axis',(0.,0.,1.));
#6991=DIRECTION('ref_axis',(1.,0.,0.));
#6992=DIRECTION('',(-1.,0.,0.));
#6993=DIRECTION('center_axis',(0.,0.,1.));
#6994=DIRECTION('ref_axis',(1.,0.,0.));
#6995=DIRECTION('center_axis',(0.,0.,1.));
#6996=DIRECTION('ref_axis',(1.,0.,0.));
#6997=DIRECTION('',(1.,0.,0.));
#6998=DIRECTION('center_axis',(0.,0.,-1.));
#6999=DIRECTION('ref_axis',(-1.,0.,0.));
#7000=DIRECTION('center_axis',(-0.0386777232289163,-0.999187865136437,0.0112979595466123));
#7001=DIRECTION('ref_axis',(0.991008214588337,-0.0398055026441015,-0.127742868989569));
#7002=DIRECTION('center_axis',(0.,-1.,0.));
#7003=DIRECTION('ref_axis',(0.,0.,-1.));
#7004=DIRECTION('center_axis',(0.,-1.,0.));
#7005=DIRECTION('ref_axis',(0.,0.,-1.));
#7006=DIRECTION('center_axis',(0.,1.,0.));
#7007=DIRECTION('ref_axis',(0.,0.,1.));
#7008=DIRECTION('center_axis',(0.,-1.,0.));
#7009=DIRECTION('ref_axis',(0.,0.,-1.));
#7010=DIRECTION('center_axis',(0.,-1.,0.));
#7011=DIRECTION('ref_axis',(0.,0.,-1.));
#7012=DIRECTION('center_axis',(0.,1.,0.));
#7013=DIRECTION('ref_axis',(0.,0.,1.));
#7014=DIRECTION('axis',(0.,0.,1.));
#7015=DIRECTION('refdir',(1.,0.,0.));
#7016=DIRECTION('center_axis',(0.,1.,0.));
#7017=DIRECTION('ref_axis',(0.,0.,1.));
#7018=DIRECTION('center_axis',(0.,1.,0.));
#7019=DIRECTION('ref_axis',(0.,0.,1.));
#7020=DIRECTION('center_axis',(-1.,0.,1.22464679914735E-16));
#7021=DIRECTION('ref_axis',(-1.22464679914735E-16,0.,-1.));
#7022=DIRECTION('center_axis',(0.,-1.,0.));
#7023=DIRECTION('ref_axis',(0.,0.,1.));
#7024=DIRECTION('center_axis',(0.,-1.,0.));
#7025=DIRECTION('ref_axis',(0.,0.,1.));
#7026=DIRECTION('center_axis',(0.,1.,0.));
#7027=DIRECTION('ref_axis',(0.,0.,1.));
#7028=DIRECTION('center_axis',(0.,1.,0.));
#7029=DIRECTION('ref_axis',(0.,0.,1.));
#7030=DIRECTION('center_axis',(0.,1.,0.));
#7031=DIRECTION('ref_axis',(0.,0.,1.));
#7032=DIRECTION('center_axis',(-1.,0.,1.22464679914735E-16));
#7033=DIRECTION('ref_axis',(-1.22464679914735E-16,0.,-1.));
#7034=DIRECTION('center_axis',(0.,-1.,0.));
#7035=DIRECTION('ref_axis',(0.,0.,1.));
#7036=DIRECTION('center_axis',(0.,1.,0.));
#7037=DIRECTION('ref_axis',(0.,0.,1.));
#7038=DIRECTION('center_axis',(0.,-1.,0.));
#7039=DIRECTION('ref_axis',(0.,0.,-1.));
#7040=DIRECTION('',(0.,-1.,0.));
#7041=DIRECTION('center_axis',(0.,-1.,0.));
#7042=DIRECTION('ref_axis',(0.,0.,-1.));
#7043=DIRECTION('center_axis',(0.,-1.,0.));
#7044=DIRECTION('ref_axis',(0.,0.,-1.));
#7045=DIRECTION('',(0.,1.,0.));
#7046=DIRECTION('center_axis',(0.,1.,0.));
#7047=DIRECTION('ref_axis',(0.,0.,1.));
#7048=DIRECTION('',(1.,0.,0.));
#7049=DIRECTION('center_axis',(0.,1.,0.));
#7050=DIRECTION('ref_axis',(0.,0.,1.));
#7051=DIRECTION('',(-1.35525271560688E-16,0.,-1.));
#7052=DIRECTION('',(1.,0.,0.));
#7053=DIRECTION('',(0.,0.,1.));
#7054=DIRECTION('center_axis',(0.,1.,0.));
#7055=DIRECTION('ref_axis',(0.,0.,1.));
#7056=DIRECTION('',(1.,0.,0.));
#7057=DIRECTION('',(0.,0.,1.));
#7058=DIRECTION('',(-1.,0.,0.));
#7059=DIRECTION('center_axis',(0.,1.,0.));
#7060=DIRECTION('ref_axis',(0.,0.,1.));
#7061=DIRECTION('',(2.71050543121376E-16,0.,1.));
#7062=DIRECTION('',(-1.,0.,0.));
#7063=DIRECTION('',(-9.03501810404588E-17,0.,-1.));
#7064=DIRECTION('center_axis',(0.,1.,0.));
#7065=DIRECTION('ref_axis',(0.,0.,1.));
#7066=DIRECTION('',(-1.,0.,0.));
#7067=DIRECTION('',(3.61400724161835E-16,0.,-1.));
#7068=DIRECTION('center_axis',(0.,1.,0.));
#7069=DIRECTION('ref_axis',(0.,0.,1.));
#7070=DIRECTION('center_axis',(0.,-1.,0.));
#7071=DIRECTION('ref_axis',(0.,0.,-1.));
#7072=DIRECTION('center_axis',(0.,0.,1.));
#7073=DIRECTION('ref_axis',(1.,0.,0.));
#7074=DIRECTION('',(1.,0.,0.));
#7075=DIRECTION('',(0.,1.,0.));
#7076=DIRECTION('',(0.,1.,0.));
#7077=DIRECTION('center_axis',(1.,0.,-1.35525271560688E-16));
#7078=DIRECTION('ref_axis',(-1.35525271560688E-16,0.,-1.));
#7079=DIRECTION('',(0.,-1.,0.));
#7080=DIRECTION('',(-1.35525271560688E-16,0.,-1.));
#7081=DIRECTION('',(0.,1.,0.));
#7082=DIRECTION('center_axis',(0.,0.,1.));
#7083=DIRECTION('ref_axis',(1.,0.,0.));
#7084=DIRECTION('',(1.,0.,0.));
#7085=DIRECTION('',(0.,1.,0.));
#7086=DIRECTION('center_axis',(-1.,0.,0.));
#7087=DIRECTION('ref_axis',(0.,0.,1.));
#7088=DIRECTION('',(0.,0.,1.));
#7089=DIRECTION('',(0.,1.,0.));
#7090=DIRECTION('center_axis',(0.,0.,1.));
#7091=DIRECTION('ref_axis',(1.,0.,0.));
#7092=DIRECTION('',(0.,-1.,0.));
#7093=DIRECTION('',(1.,0.,0.));
#7094=DIRECTION('',(0.,1.,0.));
#7095=DIRECTION('center_axis',(-1.,0.,0.));
#7096=DIRECTION('ref_axis',(0.,0.,1.));
#7097=DIRECTION('',(0.,0.,1.));
#7098=DIRECTION('',(0.,1.,0.));
#7099=DIRECTION('center_axis',(0.,0.,-1.));
#7100=DIRECTION('ref_axis',(-1.,0.,0.));
#7101=DIRECTION('',(-1.,0.,0.));
#7102=DIRECTION('',(0.,1.,0.));
#7103=DIRECTION('center_axis',(-1.,0.,2.71050543121376E-16));
#7104=DIRECTION('ref_axis',(2.71050543121376E-16,0.,1.));
#7105=DIRECTION('',(0.,-1.,0.));
#7106=DIRECTION('',(2.71050543121376E-16,0.,1.));
#7107=DIRECTION('',(0.,1.,0.));
#7108=DIRECTION('center_axis',(0.,0.,-1.));
#7109=DIRECTION('ref_axis',(-1.,0.,0.));
#7110=DIRECTION('',(-1.,0.,0.));
#7111=DIRECTION('',(0.,1.,0.));
#7112=DIRECTION('center_axis',(1.,0.,-9.03501810404588E-17));
#7113=DIRECTION('ref_axis',(-9.03501810404588E-17,0.,-1.));
#7114=DIRECTION('',(-9.03501810404588E-17,0.,-1.));
#7115=DIRECTION('',(0.,1.,0.));
#7116=DIRECTION('center_axis',(0.,0.,-1.));
#7117=DIRECTION('ref_axis',(-1.,0.,0.));
#7118=DIRECTION('',(0.,-1.,0.));
#7119=DIRECTION('',(-1.,0.,0.));
#7120=DIRECTION('',(0.,1.,0.));
#7121=DIRECTION('center_axis',(1.,0.,3.61400724161835E-16));
#7122=DIRECTION('ref_axis',(3.61400724161835E-16,0.,-1.));
#7123=DIRECTION('',(3.61400724161835E-16,0.,-1.));
#7124=DIRECTION('center_axis',(0.,-1.,0.));
#7125=DIRECTION('ref_axis',(0.,0.,-1.));
#7126=DIRECTION('center_axis',(0.,-1.,0.));
#7127=DIRECTION('ref_axis',(0.,0.,-1.));
#7128=DIRECTION('center_axis',(0.,-1.,0.));
#7129=DIRECTION('ref_axis',(0.,0.,-1.));
#7130=DIRECTION('center_axis',(0.,-1.,0.));
#7131=DIRECTION('ref_axis',(0.,0.,-1.));
#7132=DIRECTION('center_axis',(0.,-1.,0.));
#7133=DIRECTION('ref_axis',(0.,0.,-1.));
#7134=DIRECTION('center_axis',(0.,1.,0.));
#7135=DIRECTION('ref_axis',(0.,0.,1.));
#7136=DIRECTION('center_axis',(0.,1.,0.));
#7137=DIRECTION('ref_axis',(0.,0.,1.));
#7138=DIRECTION('center_axis',(0.,1.,0.));
#7139=DIRECTION('ref_axis',(0.,0.,1.));
#7140=DIRECTION('center_axis',(0.,1.,0.));
#7141=DIRECTION('ref_axis',(0.,0.,1.));
#7142=DIRECTION('',(0.,0.,1.));
#7143=DIRECTION('',(1.,0.,0.));
#7144=DIRECTION('',(0.,0.,1.));
#7145=DIRECTION('',(-1.,0.,0.));
#7146=DIRECTION('',(-0.873229670526391,-0.487308877933053,9.69479686004252E-17));
#7147=DIRECTION('',(-0.487308877933053,0.873229670526391,5.4102153638551E-17));
#7148=DIRECTION('',(2.45000496828567E-16,1.,-4.52897150839626E-32));
#7149=DIRECTION('',(1.,-2.45000496828567E-16,-1.11022302462516E-16));
#7150=DIRECTION('',(-1.11022302462516E-16,-1.,3.45126646034193E-31));
#7151=DIRECTION('',(1.,-1.11022302462516E-16,-1.11022302462515E-16));
#7152=DIRECTION('',(0.,0.,1.));
#7153=DIRECTION('',(1.,0.,0.));
#7154=DIRECTION('',(1.,0.,0.));
#7155=DIRECTION('',(0.,1.,0.));
#7156=DIRECTION('',(0.,0.,1.));
#7157=DIRECTION('',(-7.7715611723761E-16,-1.,0.));
#7158=DIRECTION('',(-1.11022302462516E-16,-1.,1.70098132688281E-30));
#7159=DIRECTION('',(-1.,1.11022302462516E-16,1.11022302462516E-16));
#7160=DIRECTION('',(0.,0.,1.));
#7161=DIRECTION('',(1.,0.,0.));
#7162=DIRECTION('',(0.,0.,1.));
#7163=DIRECTION('',(1.,0.,0.));
#7164=DIRECTION('',(0.,0.,1.));
#7165=DIRECTION('',(1.,0.,0.));
#7166=DIRECTION('',(0.,0.,1.));
#7167=DIRECTION('',(1.,0.,0.));
#7168=CARTESIAN_POINT('',(0.,0.,0.));
#7169=CARTESIAN_POINT('',(0.,0.,0.));
#7170=CARTESIAN_POINT('Origin',(24.9,-1.,-19.75));
#7171=CARTESIAN_POINT('',(24.9,0.,-22.25));
#7172=CARTESIAN_POINT('Origin',(24.9,0.,-19.75));
#7173=CARTESIAN_POINT('',(24.9,2.,-22.25));
#7174=CARTESIAN_POINT('',(24.9,-1.,-22.25));
#7175=CARTESIAN_POINT('Origin',(24.9,2.,-19.75));
#7176=CARTESIAN_POINT('Origin',(24.9,-1.,-8.75));
#7177=CARTESIAN_POINT('',(24.9,0.,-11.25));
#7178=CARTESIAN_POINT('Origin',(24.9,0.,-8.75));
#7179=CARTESIAN_POINT('',(24.9,2.,-11.25));
#7180=CARTESIAN_POINT('',(24.9,-1.,-11.25));
#7181=CARTESIAN_POINT('Origin',(24.9,2.,-8.75));
#7182=CARTESIAN_POINT('Origin',(-5.,-1.,-8.75));
#7183=CARTESIAN_POINT('',(-5.,0.,-11.25));
#7184=CARTESIAN_POINT('Origin',(-5.,0.,-8.75));
#7185=CARTESIAN_POINT('',(-5.,2.,-11.25));
#7186=CARTESIAN_POINT('',(-5.,-1.,-11.25));
#7187=CARTESIAN_POINT('Origin',(-5.,2.,-8.75));
#7188=CARTESIAN_POINT('Origin',(-5.,-1.,-19.75));
#7189=CARTESIAN_POINT('',(-5.,0.,-22.25));
#7190=CARTESIAN_POINT('Origin',(-5.,0.,-19.75));
#7191=CARTESIAN_POINT('',(-5.,2.,-22.25));
#7192=CARTESIAN_POINT('',(-5.,-1.,-22.25));
#7193=CARTESIAN_POINT('Origin',(-5.,2.,-19.75));
#7194=CARTESIAN_POINT('Origin',(9.45,2.15,-35.3));
#7195=CARTESIAN_POINT('',(7.95,1.45,-35.3));
#7196=CARTESIAN_POINT('Origin',(9.45,1.45,-35.3));
#7197=CARTESIAN_POINT('',(7.95,2.15,-35.3));
#7198=CARTESIAN_POINT('',(7.95,2.15,-35.3));
#7199=CARTESIAN_POINT('Origin',(9.45,2.15,-35.3));
#7200=CARTESIAN_POINT('Origin',(9.45,4.5,4.5));
#7201=CARTESIAN_POINT('',(9.45,4.5,0.999999999999999));
#7202=CARTESIAN_POINT('Origin',(9.45,4.5,4.5));
#7203=CARTESIAN_POINT('',(9.45,7.5,0.999999999999999));
#7204=CARTESIAN_POINT('',(9.45,4.5,0.999999999999999));
#7205=CARTESIAN_POINT('Origin',(9.45,7.5,4.5));
#7206=CARTESIAN_POINT('Origin',(9.45,3.5,4.5));
#7207=CARTESIAN_POINT('',(9.45,3.5,2.4));
#7208=CARTESIAN_POINT('Origin',(9.45,3.5,4.5));
#7209=CARTESIAN_POINT('',(9.45,4.5,2.4));
#7210=CARTESIAN_POINT('',(9.45,3.5,2.4));
#7211=CARTESIAN_POINT('Origin',(9.45,4.5,4.5));
#7212=CARTESIAN_POINT('Origin',(0.,7.5,0.));
#7213=CARTESIAN_POINT('',(0.5,7.50000000000001,-32.5));
#7214=CARTESIAN_POINT('',(0.500000000000001,7.50000000000001,-0.5));
#7215=CARTESIAN_POINT('',(0.5,7.50000000000001,-32.5));
#7216=CARTESIAN_POINT('',(1.4,7.50000000000001,-32.5));
#7217=CARTESIAN_POINT('',(0.5,7.50000000000001,-32.5));
#7218=CARTESIAN_POINT('',(1.4,7.5,-41.7));
#7219=CARTESIAN_POINT('',(1.4,7.5,-32.5));
#7220=CARTESIAN_POINT('',(1.5419764230905E-15,7.5,-41.7));
#7221=CARTESIAN_POINT('',(1.5419764230905E-15,7.5,-41.7));
#7222=CARTESIAN_POINT('',(0.,7.5,0.));
#7223=CARTESIAN_POINT('',(0.,7.5,-37.5));
#7224=CARTESIAN_POINT('',(3.9,7.5,0.));
#7225=CARTESIAN_POINT('',(19.9,7.5,0.));
#7226=CARTESIAN_POINT('',(4.5,7.5,0.6));
#7227=CARTESIAN_POINT('Origin',(3.9,7.5,0.6));
#7228=CARTESIAN_POINT('',(4.5,7.5,6.));
#7229=CARTESIAN_POINT('',(4.5,7.5,4.81482486096809E-32));
#7230=CARTESIAN_POINT('',(7.5,7.5,9.));
#7231=CARTESIAN_POINT('Origin',(7.5,7.5,6.));
#7232=CARTESIAN_POINT('',(11.4,7.5,9.));
#7233=CARTESIAN_POINT('',(4.5,7.5,9.));
#7234=CARTESIAN_POINT('',(14.4,7.5,6.));
#7235=CARTESIAN_POINT('Origin',(11.4,7.5,6.));
#7236=CARTESIAN_POINT('',(14.4,7.5,0.6));
#7237=CARTESIAN_POINT('',(14.4,7.5,4.81482486096809E-32));
#7238=CARTESIAN_POINT('',(15.,7.5,3.22599785679791E-16));
#7239=CARTESIAN_POINT('Origin',(15.,7.5,0.6));
#7240=CARTESIAN_POINT('',(15.,7.5,-0.5));
#7241=CARTESIAN_POINT('',(15.,7.5,3.22599785679791E-16));
#7242=CARTESIAN_POINT('',(0.500000000000001,7.50000000000001,-0.5));
#7243=CARTESIAN_POINT('Origin',(0.,7.5,0.));
#7244=CARTESIAN_POINT('',(17.5,7.5,-32.5));
#7245=CARTESIAN_POINT('',(17.5,7.5,-41.7));
#7246=CARTESIAN_POINT('',(17.5,7.5,-32.5));
#7247=CARTESIAN_POINT('',(18.4,7.5,-32.5));
#7248=CARTESIAN_POINT('',(0.5,7.50000000000001,-32.5));
#7249=CARTESIAN_POINT('',(18.4,7.5,-29.2928932188135));
#7250=CARTESIAN_POINT('',(18.4,7.5,-29.2928932188135));
#7251=CARTESIAN_POINT('',(19.4,7.5,-28.2928932188135));
#7252=CARTESIAN_POINT('',(19.4,7.5,-28.2928932188135));
#7253=CARTESIAN_POINT('',(19.4,7.5,-0.5));
#7254=CARTESIAN_POINT('',(19.4,7.5,-0.5));
#7255=CARTESIAN_POINT('',(17.6,7.5,-0.5));
#7256=CARTESIAN_POINT('',(0.500000000000001,7.50000000000001,-0.5));
#7257=CARTESIAN_POINT('',(17.6,7.5,4.81482486096809E-32));
#7258=CARTESIAN_POINT('',(17.6,7.5,4.81482486096809E-32));
#7259=CARTESIAN_POINT('',(19.9,7.5,0.));
#7260=CARTESIAN_POINT('',(19.9,7.5,0.));
#7261=CARTESIAN_POINT('',(19.9,7.5,-41.7));
#7262=CARTESIAN_POINT('',(19.9,7.5,-28.5));
#7263=CARTESIAN_POINT('',(17.5,7.5,-41.7));
#7264=CARTESIAN_POINT('Origin',(17.6,3.,4.81482486096809E-32));
#7265=CARTESIAN_POINT('',(17.6,3.,-0.5));
#7266=CARTESIAN_POINT('',(17.6,3.,-0.5));
#7267=CARTESIAN_POINT('',(17.6,3.,4.81482486096809E-32));
#7268=CARTESIAN_POINT('',(17.6,3.,4.81482486096809E-32));
#7269=CARTESIAN_POINT('',(17.6,3.,4.81482486096809E-32));
#7270=CARTESIAN_POINT('Origin',(15.,3.,3.22599785679791E-16));
#7271=CARTESIAN_POINT('',(15.,3.,-0.5));
#7272=CARTESIAN_POINT('',(15.,3.,-0.5));
#7273=CARTESIAN_POINT('',(15.,3.5,3.22599785679791E-16));
#7274=CARTESIAN_POINT('',(15.,3.,3.22599785679791E-16));
#7275=CARTESIAN_POINT('',(15.,3.,3.22599785679791E-16));
#7276=CARTESIAN_POINT('',(15.,3.,3.22599785679791E-16));
#7277=CARTESIAN_POINT('',(15.,3.,3.22599785679791E-16));
#7278=CARTESIAN_POINT('Origin',(17.,3.,-3.5));
#7279=CARTESIAN_POINT('',(17.,3.,-0.5));
#7280=CARTESIAN_POINT('',(17.6,3.,4.81482486096809E-32));
#7281=CARTESIAN_POINT('Origin',(0.,7.5,-37.5));
#7282=CARTESIAN_POINT('',(3.46944695195361E-15,2.,-26.75));
#7283=CARTESIAN_POINT('',(3.46944695195361E-15,0.,-26.75));
#7284=CARTESIAN_POINT('',(3.46944695195361E-15,2.,-26.75));
#7285=CARTESIAN_POINT('',(3.46944695195361E-15,2.,-1.75000000000001));
#7286=CARTESIAN_POINT('',(3.46944695195361E-15,2.,-1.75000000000001));
#7287=CARTESIAN_POINT('',(0.,0.,-1.75));
#7288=CARTESIAN_POINT('',(3.46944695195361E-15,2.,-1.75000000000001));
#7289=CARTESIAN_POINT('',(0.,0.,0.));
#7290=CARTESIAN_POINT('',(0.,0.,-37.5));
#7291=CARTESIAN_POINT('',(0.,7.5,0.));
#7292=CARTESIAN_POINT('',(1.5419764230905E-15,0.,-41.7));
#7293=CARTESIAN_POINT('',(1.5419764230905E-15,0.,-41.7));
#7294=CARTESIAN_POINT('',(0.,0.,-37.5));
#7295=CARTESIAN_POINT('Origin',(19.9,7.5,-28.5));
#7296=CARTESIAN_POINT('',(19.9,2.,-1.75000000000001));
#7297=CARTESIAN_POINT('',(19.9,0.,-1.75000000000001));
#7298=CARTESIAN_POINT('',(19.9,2.,-1.75000000000001));
#7299=CARTESIAN_POINT('',(19.9,2.,-26.75));
#7300=CARTESIAN_POINT('',(19.9,2.,-1.75000000000001));
#7301=CARTESIAN_POINT('',(19.9,0.,-26.75));
#7302=CARTESIAN_POINT('',(19.9,2.,-26.75));
#7303=CARTESIAN_POINT('',(19.9,0.,-41.7));
#7304=CARTESIAN_POINT('',(19.9,0.,-28.5));
#7305=CARTESIAN_POINT('',(19.9,-13.2378245946983,-41.7));
#7306=CARTESIAN_POINT('',(19.9,0.,0.));
#7307=CARTESIAN_POINT('',(19.9,7.5,0.));
#7308=CARTESIAN_POINT('',(19.9,0.,-28.5));
#7309=CARTESIAN_POINT('Origin',(9.45,7.5,-32.5));
#7310=CARTESIAN_POINT('',(15.2,1.86617359159869,-32.5));
#7311=CARTESIAN_POINT('',(14.7603672189407,1.45,-33.5));
#7312=CARTESIAN_POINT('Origin',(9.45000002010203,7.49999997883721,-45.5790974368145));
#7313=CARTESIAN_POINT('Origin',(9.45,7.5,-32.5));
#7314=CARTESIAN_POINT('',(14.7603672189407,1.45,-41.7));
#7315=CARTESIAN_POINT('Origin',(9.45,7.5,-41.7));
#7316=CARTESIAN_POINT('',(14.7603672189407,1.45,-32.5));
#7317=CARTESIAN_POINT('Origin',(19.9,7.5,0.));
#7318=CARTESIAN_POINT('',(3.9,3.5,4.81482486096809E-32));
#7319=CARTESIAN_POINT('',(4.5,3.5,4.81482486096809E-32));
#7320=CARTESIAN_POINT('',(3.9,7.5,0.));
#7321=CARTESIAN_POINT('',(19.9,0.,0.));
#7322=CARTESIAN_POINT('Origin',(0.,0.,0.));
#7323=CARTESIAN_POINT('',(29.9,0.,-21.75));
#7324=CARTESIAN_POINT('',(29.9,0.,-6.75));
#7325=CARTESIAN_POINT('',(29.9,0.,-1.75));
#7326=CARTESIAN_POINT('',(24.9,0.,-1.75));
#7327=CARTESIAN_POINT('Origin',(24.9,0.,-6.75));
#7328=CARTESIAN_POINT('',(19.9,0.,-1.75000000000001));
#7329=CARTESIAN_POINT('',(-5.,0.,-1.75000000000001));
#7330=CARTESIAN_POINT('',(3.46944695195361E-15,0.,-1.75000000000001));
#7331=CARTESIAN_POINT('',(-10.,0.,-6.75000000000001));
#7332=CARTESIAN_POINT('Origin',(-5.,0.,-6.75000000000001));
#7333=CARTESIAN_POINT('',(-10.,0.,-21.75));
#7334=CARTESIAN_POINT('',(-10.,0.,-1.75000000000001));
#7335=CARTESIAN_POINT('',(-5.,0.,-26.75));
#7336=CARTESIAN_POINT('Origin',(-5.,0.,-21.75));
#7337=CARTESIAN_POINT('',(3.46944695195361E-15,0.,-26.75));
#7338=CARTESIAN_POINT('',(18.9,0.,-41.7));
#7339=CARTESIAN_POINT('',(24.9,0.,-26.75));
#7340=CARTESIAN_POINT('',(19.9,0.,-26.75));
#7341=CARTESIAN_POINT('Origin',(24.9,0.,-21.75));
#7342=CARTESIAN_POINT('Origin',(4.5,3.5,4.81482486096809E-32));
#7343=CARTESIAN_POINT('',(4.5,3.5,0.6));
#7344=CARTESIAN_POINT('',(4.5,3.5,0.6));
#7345=CARTESIAN_POINT('',(4.5,3.5,6.));
#7346=CARTESIAN_POINT('',(4.5,3.5,4.81482486096809E-32));
#7347=CARTESIAN_POINT('',(4.5,3.5,6.));
#7348=CARTESIAN_POINT('Origin',(14.4,3.5,4.81482486096809E-32));
#7349=CARTESIAN_POINT('',(14.4,3.5,6.));
#7350=CARTESIAN_POINT('',(14.4,3.5,0.6));
#7351=CARTESIAN_POINT('',(14.4,3.5,4.81482486096809E-32));
#7352=CARTESIAN_POINT('',(14.4,3.5,0.6));
#7353=CARTESIAN_POINT('',(14.4,3.5,6.));
#7354=CARTESIAN_POINT('Origin',(4.5,3.5,9.));
#7355=CARTESIAN_POINT('',(7.5,3.5,9.));
#7356=CARTESIAN_POINT('',(7.5,3.5,9.));
#7357=CARTESIAN_POINT('',(11.4,3.5,9.));
#7358=CARTESIAN_POINT('',(4.5,3.5,9.));
#7359=CARTESIAN_POINT('',(11.4,3.5,9.));
#7360=CARTESIAN_POINT('Origin',(0.,3.5,0.));
#7361=CARTESIAN_POINT('Origin',(7.5,3.5,6.));
#7362=CARTESIAN_POINT('Origin',(3.9,3.5,0.6));
#7363=CARTESIAN_POINT('Origin',(15.,3.5,0.6));
#7364=CARTESIAN_POINT('Origin',(11.4,3.5,6.));
#7365=CARTESIAN_POINT('Origin',(7.5,3.5,6.));
#7366=CARTESIAN_POINT('Origin',(11.4,3.5,6.));
#7367=CARTESIAN_POINT('Origin',(9.45,4.5,4.5));
#7368=CARTESIAN_POINT('Origin',(9.45,7.5,-32.5));
#7369=CARTESIAN_POINT('',(4.1396327810593,1.45,-32.5));
#7370=CARTESIAN_POINT('Origin',(9.45,7.5,-32.5));
#7371=CARTESIAN_POINT('',(4.13963278105931,1.44999999999999,-41.7));
#7372=CARTESIAN_POINT('',(4.1396327810593,1.45,-32.5));
#7373=CARTESIAN_POINT('Origin',(9.45,7.5,-41.7));
#7374=CARTESIAN_POINT('Origin',(14.7603672189407,4.45,-33.5));
#7375=CARTESIAN_POINT('',(15.2,1.45,-32.5));
#7376=CARTESIAN_POINT('',(14.7603672189407,1.45,-33.5));
#7377=CARTESIAN_POINT('',(15.2,1.45,-32.5));
#7378=CARTESIAN_POINT('Origin',(4.1396327810593,1.45,-32.5));
#7379=CARTESIAN_POINT('',(18.4,1.45,-32.5));
#7380=CARTESIAN_POINT('',(0.499999999999999,1.45,-32.5));
#7381=CARTESIAN_POINT('',(4.13963278105931,1.44999999999999,-41.7));
#7382=CARTESIAN_POINT('',(0.499999999999999,1.45,-32.5));
#7383=CARTESIAN_POINT('',(15.2,1.45,-32.5));
#7384=CARTESIAN_POINT('',(0.5,1.45,-0.5));
#7385=CARTESIAN_POINT('',(0.499999999999999,1.45,-32.5));
#7386=CARTESIAN_POINT('',(19.4,1.45,-0.5));
#7387=CARTESIAN_POINT('',(0.5,1.45,-0.5));
#7388=CARTESIAN_POINT('',(19.4,1.45,-28.2928932188135));
#7389=CARTESIAN_POINT('',(19.4,1.45,-0.5));
#7390=CARTESIAN_POINT('',(18.4,1.45,-29.2928932188135));
#7391=CARTESIAN_POINT('',(19.4,1.45,-28.2928932188135));
#7392=CARTESIAN_POINT('',(18.4,1.45,-29.2928932188135));
#7393=CARTESIAN_POINT('Origin',(9.45,2.15,-35.3));
#7394=CARTESIAN_POINT('Origin',(3.9,7.5,0.6));
#7395=CARTESIAN_POINT('Origin',(15.,3.5,0.6));
#7396=CARTESIAN_POINT('Origin',(19.9,2.,-1.75000000000001));
#7397=CARTESIAN_POINT('',(24.9,2.,-1.75));
#7398=CARTESIAN_POINT('',(24.9,2.,-1.75));
#7399=CARTESIAN_POINT('',(19.9,2.,-1.75000000000001));
#7400=CARTESIAN_POINT('Origin',(29.9,2.,-1.75));
#7401=CARTESIAN_POINT('',(29.9,2.,-21.75));
#7402=CARTESIAN_POINT('',(29.9,2.,-6.75));
#7403=CARTESIAN_POINT('',(29.9,2.,-1.75));
#7404=CARTESIAN_POINT('',(29.9,2.,-6.75));
#7405=CARTESIAN_POINT('',(29.9,2.,-21.75));
#7406=CARTESIAN_POINT('Origin',(19.9,2.,-26.75));
#7407=CARTESIAN_POINT('',(24.9,2.,-26.75));
#7408=CARTESIAN_POINT('',(19.9,2.,-26.75));
#7409=CARTESIAN_POINT('',(24.9,2.,-26.75));
#7410=CARTESIAN_POINT('Origin',(0.,2.,0.));
#7411=CARTESIAN_POINT('Origin',(24.9,2.,-6.75));
#7412=CARTESIAN_POINT('Origin',(24.9,2.,-21.75));
#7413=CARTESIAN_POINT('Origin',(3.46944695195361E-15,2.,-26.75));
#7414=CARTESIAN_POINT('',(-5.,2.,-26.75));
#7415=CARTESIAN_POINT('',(-5.,2.,-26.75));
#7416=CARTESIAN_POINT('',(3.46944695195361E-15,2.,-26.75));
#7417=CARTESIAN_POINT('Origin',(-10.,2.,-1.75000000000001));
#7418=CARTESIAN_POINT('',(-10.,2.,-6.75000000000001));
#7419=CARTESIAN_POINT('',(-10.,2.,-21.75));
#7420=CARTESIAN_POINT('',(-10.,2.,-1.75000000000001));
#7421=CARTESIAN_POINT('',(-10.,2.,-21.75));
#7422=CARTESIAN_POINT('',(-10.,2.,-6.75000000000001));
#7423=CARTESIAN_POINT('Origin',(3.46944695195361E-15,2.,-1.75000000000001));
#7424=CARTESIAN_POINT('',(-5.,2.,-1.75000000000001));
#7425=CARTESIAN_POINT('',(3.46944695195361E-15,2.,-1.75000000000001));
#7426=CARTESIAN_POINT('',(-5.,2.,-1.75000000000001));
#7427=CARTESIAN_POINT('Origin',(0.,2.,0.));
#7428=CARTESIAN_POINT('Origin',(-5.,2.,-21.75));
#7429=CARTESIAN_POINT('Origin',(-5.,2.,-6.75000000000001));
#7430=CARTESIAN_POINT('Origin',(24.9,2.,-6.75));
#7431=CARTESIAN_POINT('Origin',(24.9,2.,-21.75));
#7432=CARTESIAN_POINT('Origin',(-5.,2.,-21.75));
#7433=CARTESIAN_POINT('Origin',(-5.,2.,-6.75000000000001));
#7434=CARTESIAN_POINT('Origin',(15.2,7.5,-32.5));
#7435=CARTESIAN_POINT('',(0.5,7.50000000000001,-32.5));
#7436=CARTESIAN_POINT('Origin',(0.500000000000001,7.50000000000001,-0.5));
#7437=CARTESIAN_POINT('',(19.4,7.5,-0.5));
#7438=CARTESIAN_POINT('',(0.500000000000001,7.50000000000001,-0.5));
#7439=CARTESIAN_POINT('Origin',(0.5,7.50000000000001,-32.5));
#7440=CARTESIAN_POINT('',(18.4,7.5,-32.5));
#7441=CARTESIAN_POINT('Origin',(18.4,7.5,-29.2928932188135));
#7442=CARTESIAN_POINT('',(18.4,7.5,-29.2928932188135));
#7443=CARTESIAN_POINT('Origin',(0.5,7.50000000000001,-32.5));
#7444=CARTESIAN_POINT('Origin',(19.4,7.5,-0.5));
#7445=CARTESIAN_POINT('',(19.4,7.5,-28.2928932188135));
#7446=CARTESIAN_POINT('Origin',(19.4,7.5,-28.2928932188135));
#7447=CARTESIAN_POINT('Origin',(9.45,7.5,-41.7));
#7448=CARTESIAN_POINT('',(0.,0.,0.));
#7449=CARTESIAN_POINT('Origin',(-18.7,10.,-37.7));
#7450=CARTESIAN_POINT('',(-18.7,7.5,-37.2));
#7451=CARTESIAN_POINT('Origin',(-18.7,7.5,-37.7));
#7452=CARTESIAN_POINT('',(-18.7,0.999999999999999,-37.2));
#7453=CARTESIAN_POINT('',(-18.7,10.,-37.2));
#7454=CARTESIAN_POINT('Origin',(-18.7,0.999999999999999,-37.7));
#7455=CARTESIAN_POINT('Origin',(-9.45,2.15,-35.3));
#7456=CARTESIAN_POINT('',(-10.95,1.45,-35.3));
#7457=CARTESIAN_POINT('Origin',(-9.45,1.45,-35.3));
#7458=CARTESIAN_POINT('',(-10.95,2.15,-35.3));
#7459=CARTESIAN_POINT('',(-10.95,2.15,-35.3));
#7460=CARTESIAN_POINT('Origin',(-9.45,2.15,-35.3));
#7461=CARTESIAN_POINT('Origin',(-9.45,10.,4.5));
#7462=CARTESIAN_POINT('',(-9.45,7.5,7.9));
#7463=CARTESIAN_POINT('Origin',(-9.45,7.5,4.5));
#7464=CARTESIAN_POINT('',(-9.45,10.,7.9));
#7465=CARTESIAN_POINT('',(-9.45,10.,7.9));
#7466=CARTESIAN_POINT('Origin',(-9.45,10.,4.5));
#7467=CARTESIAN_POINT('Origin',(-9.45,3.6,4.5));
#7468=CARTESIAN_POINT('',(-9.45,3.6,2.4));
#7469=CARTESIAN_POINT('Origin',(-9.45,3.6,4.5));
#7470=CARTESIAN_POINT('',(-9.45,10.,2.4));
#7471=CARTESIAN_POINT('',(-9.45,3.6,2.4));
#7472=CARTESIAN_POINT('Origin',(-9.45,10.,4.5));
#7473=CARTESIAN_POINT('Origin',(-2.,7.5,-1.5));
#7474=CARTESIAN_POINT('',(-2.,1.45,-1.));
#7475=CARTESIAN_POINT('Origin',(-2.,1.45,-1.5));
#7476=CARTESIAN_POINT('',(-2.,1.,-1.));
#7477=CARTESIAN_POINT('',(-2.,7.5,-1.));
#7478=CARTESIAN_POINT('Origin',(-2.,1.,-1.5));
#7479=CARTESIAN_POINT('Origin',(-18.7,7.5,-1.5));
#7480=CARTESIAN_POINT('',(-18.7,1.45,-1.));
#7481=CARTESIAN_POINT('Origin',(-18.7,1.45,-1.5));
#7482=CARTESIAN_POINT('',(-18.7,1.,-1.));
#7483=CARTESIAN_POINT('',(-18.7,7.5,-1.));
#7484=CARTESIAN_POINT('Origin',(-18.7,1.,-1.5));
#7485=CARTESIAN_POINT('Origin',(-2.,7.5,-27.7));
#7486=CARTESIAN_POINT('',(-2.,1.45,-27.2));
#7487=CARTESIAN_POINT('Origin',(-2.,1.45,-27.7));
#7488=CARTESIAN_POINT('',(-2.,1.,-27.2));
#7489=CARTESIAN_POINT('',(-2.,7.5,-27.2));
#7490=CARTESIAN_POINT('Origin',(-2.,1.,-27.7));
#7491=CARTESIAN_POINT('Origin',(-18.7,7.5,-27.7));
#7492=CARTESIAN_POINT('',(-18.7,1.45,-27.2));
#7493=CARTESIAN_POINT('Origin',(-18.7,1.45,-27.7));
#7494=CARTESIAN_POINT('',(-18.7,1.,-27.2));
#7495=CARTESIAN_POINT('',(-18.7,7.5,-27.2));
#7496=CARTESIAN_POINT('Origin',(-18.7,1.,-27.7));
#7497=CARTESIAN_POINT('Origin',(0.,7.5,0.));
#7498=CARTESIAN_POINT('',(-0.500000000000004,7.5,-32.5));
#7499=CARTESIAN_POINT('',(-1.40000000000001,7.5,-32.5));
#7500=CARTESIAN_POINT('',(-19.4,7.5,-32.5));
#7501=CARTESIAN_POINT('',(-0.5,7.5,-0.5));
#7502=CARTESIAN_POINT('',(-0.5,7.5,-0.5));
#7503=CARTESIAN_POINT('',(-15.,7.5,-0.5));
#7504=CARTESIAN_POINT('',(-19.4,7.5,-0.5));
#7505=CARTESIAN_POINT('',(-15.,7.5,0.));
#7506=CARTESIAN_POINT('',(-15.,7.5,0.));
#7507=CARTESIAN_POINT('',(-14.4,7.5,0.6));
#7508=CARTESIAN_POINT('Origin',(-15.,7.5,0.6));
#7509=CARTESIAN_POINT('',(-14.4,7.5,6.));
#7510=CARTESIAN_POINT('',(-14.4,7.5,0.));
#7511=CARTESIAN_POINT('',(-11.4,7.5,9.));
#7512=CARTESIAN_POINT('Origin',(-11.4,7.5,6.));
#7513=CARTESIAN_POINT('',(-7.5,7.5,9.));
#7514=CARTESIAN_POINT('',(-14.4,7.5,9.));
#7515=CARTESIAN_POINT('',(-4.5,7.5,6.));
#7516=CARTESIAN_POINT('Origin',(-7.5,7.5,6.));
#7517=CARTESIAN_POINT('',(-4.5,7.5,0.6));
#7518=CARTESIAN_POINT('',(-4.5,7.5,0.));
#7519=CARTESIAN_POINT('',(-3.90000000000001,7.5,0.));
#7520=CARTESIAN_POINT('Origin',(-3.9,7.5,0.6));
#7521=CARTESIAN_POINT('',(0.,7.5,0.));
#7522=CARTESIAN_POINT('',(-19.9,7.5,0.));
#7523=CARTESIAN_POINT('',(-5.20417042793042E-15,7.5,-41.7));
#7524=CARTESIAN_POINT('',(-5.20417042793042E-15,7.5,-37.5));
#7525=CARTESIAN_POINT('',(-1.40000000000001,7.5,-41.7));
#7526=CARTESIAN_POINT('',(-1.40000000000001,7.5,-41.7));
#7527=CARTESIAN_POINT('',(-1.40000000000001,7.5,-32.5));
#7528=CARTESIAN_POINT('Origin',(-15.,2.5,0.));
#7529=CARTESIAN_POINT('',(-15.,2.5,-0.5));
#7530=CARTESIAN_POINT('',(-15.,2.5,-0.5));
#7531=CARTESIAN_POINT('',(-15.,2.5,0.));
#7532=CARTESIAN_POINT('',(-15.,2.5,0.));
#7533=CARTESIAN_POINT('',(-15.,3.6,0.));
#7534=CARTESIAN_POINT('',(-15.,2.5,0.));
#7535=CARTESIAN_POINT('',(-15.,2.5,0.));
#7536=CARTESIAN_POINT('Origin',(-17.,2.5,-3.5));
#7537=CARTESIAN_POINT('',(-17.6,2.5,-0.5));
#7538=CARTESIAN_POINT('',(-17.,2.5,-0.5));
#7539=CARTESIAN_POINT('',(-17.6,2.5,4.35617434799282E-16));
#7540=CARTESIAN_POINT('',(-17.6,2.5,4.35617434799282E-16));
#7541=CARTESIAN_POINT('',(-15.,2.5,0.));
#7542=CARTESIAN_POINT('Origin',(-9.45,7.5,-32.5));
#7543=CARTESIAN_POINT('',(-14.7603672189407,1.45,-33.5));
#7544=CARTESIAN_POINT('',(-15.2,1.86617359159869,-32.5));
#7545=CARTESIAN_POINT('Origin',(-9.45000004293772,7.49999995467945,-45.5790973848764));
#7546=CARTESIAN_POINT('',(-14.7603672189407,1.45,-41.7));
#7547=CARTESIAN_POINT('',(-14.7603672189407,1.45,-32.5));
#7548=CARTESIAN_POINT('',(-17.5,7.5,-41.7));
#7549=CARTESIAN_POINT('Origin',(-9.45,7.5,-41.7));
#7550=CARTESIAN_POINT('',(-17.5,7.5,-32.5));
#7551=CARTESIAN_POINT('',(-17.5,7.5,-32.5));
#7552=CARTESIAN_POINT('Origin',(-9.45,7.5,-32.5));
#7553=CARTESIAN_POINT('Origin',(0.,7.5,0.));
#7554=CARTESIAN_POINT('',(-19.4,7.5,-32.5));
#7555=CARTESIAN_POINT('',(-19.4,7.5,-32.5));
#7556=CARTESIAN_POINT('',(-19.9,7.5,-41.7));
#7557=CARTESIAN_POINT('',(-18.9,7.5,-41.7));
#7558=CARTESIAN_POINT('',(-19.9,7.5,0.));
#7559=CARTESIAN_POINT('',(-19.9,7.5,-28.5));
#7560=CARTESIAN_POINT('',(-17.6,7.5,4.35617434799282E-16));
#7561=CARTESIAN_POINT('',(-19.9,7.5,0.));
#7562=CARTESIAN_POINT('',(-17.6,7.5,-0.5));
#7563=CARTESIAN_POINT('',(-17.6,7.5,4.35617434799282E-16));
#7564=CARTESIAN_POINT('',(-19.4,7.5,-0.5));
#7565=CARTESIAN_POINT('',(-19.4,7.5,-0.5));
#7566=CARTESIAN_POINT('',(-19.4,7.5,-32.5));
#7567=CARTESIAN_POINT('Origin',(-19.9,7.5,0.));
#7568=CARTESIAN_POINT('',(-17.2,1.,2.16840434497101E-16));
#7569=CARTESIAN_POINT('',(-19.9,1.,0.));
#7570=CARTESIAN_POINT('',(-19.9,1.,0.));
#7571=CARTESIAN_POINT('',(-17.2,0.,2.16840434497101E-16));
#7572=CARTESIAN_POINT('',(-17.2,1.,2.16840434497101E-16));
#7573=CARTESIAN_POINT('',(-3.5,0.,0.));
#7574=CARTESIAN_POINT('',(-19.9,0.,0.));
#7575=CARTESIAN_POINT('',(-3.5,1.,0.));
#7576=CARTESIAN_POINT('',(-3.5,1.,0.));
#7577=CARTESIAN_POINT('',(0.,1.,0.));
#7578=CARTESIAN_POINT('',(-3.5,1.,0.));
#7579=CARTESIAN_POINT('',(0.,7.5,0.));
#7580=CARTESIAN_POINT('',(-3.9,3.6,0.));
#7581=CARTESIAN_POINT('',(-3.9,7.5,0.));
#7582=CARTESIAN_POINT('',(-14.4,3.6,0.));
#7583=CARTESIAN_POINT('',(-17.6,2.5,4.35617434799282E-16));
#7584=CARTESIAN_POINT('',(-19.9,7.5,0.));
#7585=CARTESIAN_POINT('Origin',(0.,0.,0.));
#7586=CARTESIAN_POINT('',(-18.7,0.,-39.2));
#7587=CARTESIAN_POINT('',(-18.7,0.,-36.2));
#7588=CARTESIAN_POINT('Origin',(-18.7,0.,-37.7));
#7589=CARTESIAN_POINT('',(-19.9,0.,-39.2));
#7590=CARTESIAN_POINT('',(-19.9,0.,-39.2));
#7591=CARTESIAN_POINT('',(-19.9,0.,-41.7));
#7592=CARTESIAN_POINT('',(-19.9,0.,-28.5));
#7593=CARTESIAN_POINT('',(-5.20417042793042E-15,0.,-41.7));
#7594=CARTESIAN_POINT('',(-5.20417042793042E-15,0.,-41.7));
#7595=CARTESIAN_POINT('',(0.,0.,-29.2));
#7596=CARTESIAN_POINT('',(-5.20417042793042E-15,0.,-37.5));
#7597=CARTESIAN_POINT('',(-2.,0.,-29.2));
#7598=CARTESIAN_POINT('',(0.,0.,-29.2));
#7599=CARTESIAN_POINT('',(-2.,0.,-26.2));
#7600=CARTESIAN_POINT('Origin',(-2.,0.,-27.7));
#7601=CARTESIAN_POINT('',(0.,0.,-26.2));
#7602=CARTESIAN_POINT('',(-2.,0.,-26.2));
#7603=CARTESIAN_POINT('',(0.,0.,-3.));
#7604=CARTESIAN_POINT('',(-5.20417042793042E-15,0.,-37.5));
#7605=CARTESIAN_POINT('',(-2.,0.,-3.));
#7606=CARTESIAN_POINT('',(-2.,0.,-3.));
#7607=CARTESIAN_POINT('',(-3.5,0.,-1.5));
#7608=CARTESIAN_POINT('Origin',(-2.,0.,-1.5));
#7609=CARTESIAN_POINT('',(-3.5,0.,-1.5));
#7610=CARTESIAN_POINT('',(-17.2,0.,-1.5));
#7611=CARTESIAN_POINT('',(-17.2,0.,-1.5));
#7612=CARTESIAN_POINT('',(-18.7,0.,-3.));
#7613=CARTESIAN_POINT('Origin',(-18.7,0.,-1.5));
#7614=CARTESIAN_POINT('',(-19.9,0.,-3.));
#7615=CARTESIAN_POINT('',(-18.7,0.,-3.));
#7616=CARTESIAN_POINT('',(-19.9,0.,-26.2));
#7617=CARTESIAN_POINT('',(-19.9,0.,-28.5));
#7618=CARTESIAN_POINT('',(-18.7,0.,-26.2));
#7619=CARTESIAN_POINT('',(-18.7,0.,-26.2));
#7620=CARTESIAN_POINT('',(-18.7,0.,-29.2));
#7621=CARTESIAN_POINT('Origin',(-18.7,0.,-27.7));
#7622=CARTESIAN_POINT('',(-19.9,0.,-29.2));
#7623=CARTESIAN_POINT('',(-18.7,0.,-29.2));
#7624=CARTESIAN_POINT('',(-19.9,0.,-36.2));
#7625=CARTESIAN_POINT('',(-19.9,0.,-28.5));
#7626=CARTESIAN_POINT('',(-18.7,0.,-36.2));
#7627=CARTESIAN_POINT('Origin',(-5.20417042793042E-15,7.5,-37.5));
#7628=CARTESIAN_POINT('',(-4.16333634234433E-16,1.,-3.));
#7629=CARTESIAN_POINT('',(0.,1.,-3.));
#7630=CARTESIAN_POINT('',(0.,1.,-3.));
#7631=CARTESIAN_POINT('',(0.,1.,-26.2));
#7632=CARTESIAN_POINT('',(0.,1.,-26.2));
#7633=CARTESIAN_POINT('',(-4.05231403988182E-15,1.,-29.2));
#7634=CARTESIAN_POINT('',(0.,1.,-26.2));
#7635=CARTESIAN_POINT('',(0.,1.,-29.2));
#7636=CARTESIAN_POINT('',(-5.20417042793042E-15,7.5,-41.7));
#7637=CARTESIAN_POINT('Origin',(-19.9,7.5,-28.5));
#7638=CARTESIAN_POINT('',(-19.9,1.,-39.2));
#7639=CARTESIAN_POINT('',(-19.9,1.,-39.2));
#7640=CARTESIAN_POINT('',(-19.9,1.,-36.2));
#7641=CARTESIAN_POINT('',(-19.9,1.,-36.2));
#7642=CARTESIAN_POINT('',(-19.9,1.,-36.2));
#7643=CARTESIAN_POINT('',(-19.9,1.,-29.2));
#7644=CARTESIAN_POINT('',(-19.9,1.,-29.2));
#7645=CARTESIAN_POINT('',(-19.9,1.,-26.2));
#7646=CARTESIAN_POINT('',(-19.9,1.,-26.2));
#7647=CARTESIAN_POINT('',(-19.9,1.,-26.2));
#7648=CARTESIAN_POINT('',(-19.9,1.,-3.));
#7649=CARTESIAN_POINT('',(-19.9,1.,-3.));
#7650=CARTESIAN_POINT('',(-19.9,1.,-3.));
#7651=CARTESIAN_POINT('',(-19.9,-13.2378245946983,-41.7));
#7652=CARTESIAN_POINT('Origin',(-14.4,3.6,0.));
#7653=CARTESIAN_POINT('',(-14.4,3.6,0.6));
#7654=CARTESIAN_POINT('',(-14.4,3.6,0.6));
#7655=CARTESIAN_POINT('',(-14.4,3.6,6.));
#7656=CARTESIAN_POINT('',(-14.4,3.6,0.));
#7657=CARTESIAN_POINT('',(-14.4,3.6,6.));
#7658=CARTESIAN_POINT('Origin',(-4.5,3.6,0.));
#7659=CARTESIAN_POINT('',(-4.5,3.6,6.));
#7660=CARTESIAN_POINT('',(-4.5,3.6,0.6));
#7661=CARTESIAN_POINT('',(-4.5,3.6,0.));
#7662=CARTESIAN_POINT('',(-4.5,3.6,0.6));
#7663=CARTESIAN_POINT('',(-4.5,3.6,6.));
#7664=CARTESIAN_POINT('Origin',(-14.4,3.6,9.));
#7665=CARTESIAN_POINT('',(-11.4,3.6,9.));
#7666=CARTESIAN_POINT('',(-7.5,3.6,9.));
#7667=CARTESIAN_POINT('',(-14.4,3.6,9.));
#7668=CARTESIAN_POINT('',(-7.5,3.6,9.));
#7669=CARTESIAN_POINT('',(-11.4,3.6,9.));
#7670=CARTESIAN_POINT('Origin',(0.,3.6,0.));
#7671=CARTESIAN_POINT('Origin',(-7.5,3.6,6.));
#7672=CARTESIAN_POINT('Origin',(-11.4,3.6,6.));
#7673=CARTESIAN_POINT('Origin',(-15.,3.6,0.6));
#7674=CARTESIAN_POINT('Origin',(-3.9,3.6,0.6));
#7675=CARTESIAN_POINT('Origin',(-7.5,3.6,6.));
#7676=CARTESIAN_POINT('Origin',(-11.4,3.6,6.));
#7677=CARTESIAN_POINT('Origin',(-9.45,10.,4.5));
#7678=CARTESIAN_POINT('Origin',(-9.45,7.5,-32.5));
#7679=CARTESIAN_POINT('',(-4.1396327810593,1.45,-41.7));
#7680=CARTESIAN_POINT('Origin',(-9.45,7.5,-41.7));
#7681=CARTESIAN_POINT('',(-4.13963278105931,1.45,-32.5));
#7682=CARTESIAN_POINT('',(-4.1396327810593,1.45,-32.5));
#7683=CARTESIAN_POINT('Origin',(-9.45,7.5,-32.5));
#7684=CARTESIAN_POINT('Origin',(-15.2,4.45,-32.5));
#7685=CARTESIAN_POINT('',(-15.2,1.45000000000001,-32.5));
#7686=CARTESIAN_POINT('',(-15.2,8.25993420767856,-32.5));
#7687=CARTESIAN_POINT('',(-15.2,1.45,-32.5));
#7688=CARTESIAN_POINT('Origin',(-4.1396327810593,1.45,-32.5));
#7689=CARTESIAN_POINT('',(-19.4,1.45000000000001,-32.5));
#7690=CARTESIAN_POINT('',(-19.4,1.45000000000001,-32.5));
#7691=CARTESIAN_POINT('',(-19.4,1.45000000000001,-0.5));
#7692=CARTESIAN_POINT('',(-19.4,1.45000000000001,-32.5));
#7693=CARTESIAN_POINT('',(-0.5,1.45,-0.5));
#7694=CARTESIAN_POINT('',(-19.4,1.45000000000001,-0.5));
#7695=CARTESIAN_POINT('',(-0.500000000000004,1.45,-32.5));
#7696=CARTESIAN_POINT('',(-0.5,1.45,-0.5));
#7697=CARTESIAN_POINT('',(-15.2,1.45,-32.5));
#7698=CARTESIAN_POINT('',(-14.7603672189407,1.45,-41.7));
#7699=CARTESIAN_POINT('Origin',(-17.6,2.5,4.35617434799282E-16));
#7700=CARTESIAN_POINT('',(-17.6,2.5,-0.5));
#7701=CARTESIAN_POINT('Origin',(-9.45,2.15,-35.3));
#7702=CARTESIAN_POINT('Origin',(-3.9,3.6,0.6));
#7703=CARTESIAN_POINT('Origin',(-15.,7.5,0.6));
#7704=CARTESIAN_POINT('Origin',(-9.45,7.5,-41.7));
#7705=CARTESIAN_POINT('Origin',(-2.,1.,-1.5));
#7706=CARTESIAN_POINT('',(-2.,1.,-3.));
#7707=CARTESIAN_POINT('',(-2.,1.,-3.));
#7708=CARTESIAN_POINT('',(-3.5,1.,-1.5));
#7709=CARTESIAN_POINT('Origin',(-2.,1.,-1.5));
#7710=CARTESIAN_POINT('',(-3.5,1.,-1.5));
#7711=CARTESIAN_POINT('Origin',(-3.5,1.,-1.5));
#7712=CARTESIAN_POINT('',(-3.5,1.,-1.5));
#7713=CARTESIAN_POINT('Origin',(-2.,1.,-3.));
#7714=CARTESIAN_POINT('',(-2.,1.,-3.));
#7715=CARTESIAN_POINT('Origin',(-2.,1.,-1.5));
#7716=CARTESIAN_POINT('Origin',(-18.7,1.,-1.5));
#7717=CARTESIAN_POINT('',(-17.2,1.,-1.5));
#7718=CARTESIAN_POINT('',(-17.2,1.,-1.5));
#7719=CARTESIAN_POINT('',(-18.7,1.,-3.));
#7720=CARTESIAN_POINT('Origin',(-18.7,1.,-1.5));
#7721=CARTESIAN_POINT('',(-18.7,1.,-3.));
#7722=CARTESIAN_POINT('Origin',(-18.7,1.,-3.));
#7723=CARTESIAN_POINT('',(-18.7,1.,-3.));
#7724=CARTESIAN_POINT('Origin',(-17.2,1.,-1.5));
#7725=CARTESIAN_POINT('',(-17.2,1.,-1.5));
#7726=CARTESIAN_POINT('Origin',(-18.7,1.,-1.5));
#7727=CARTESIAN_POINT('Origin',(-2.,1.,-27.7));
#7728=CARTESIAN_POINT('',(-2.,1.,-29.2));
#7729=CARTESIAN_POINT('',(-2.,1.,-29.2));
#7730=CARTESIAN_POINT('',(-2.,1.,-26.2));
#7731=CARTESIAN_POINT('Origin',(-2.,1.,-27.7));
#7732=CARTESIAN_POINT('',(-2.,1.,-26.2));
#7733=CARTESIAN_POINT('Origin',(-2.,1.,-26.2));
#7734=CARTESIAN_POINT('',(-2.,1.,-26.2));
#7735=CARTESIAN_POINT('Origin',(0.,1.,-29.2));
#7736=CARTESIAN_POINT('',(0.,1.,-29.2));
#7737=CARTESIAN_POINT('Origin',(-2.,1.,-27.7));
#7738=CARTESIAN_POINT('Origin',(-18.7,1.,-27.7));
#7739=CARTESIAN_POINT('',(-18.7,1.,-26.2));
#7740=CARTESIAN_POINT('',(-18.7,1.,-26.2));
#7741=CARTESIAN_POINT('',(-18.7,1.,-29.2));
#7742=CARTESIAN_POINT('Origin',(-18.7,1.,-27.7));
#7743=CARTESIAN_POINT('',(-18.7,1.,-29.2));
#7744=CARTESIAN_POINT('Origin',(-18.7,1.,-29.2));
#7745=CARTESIAN_POINT('',(-18.7,1.,-29.2));
#7746=CARTESIAN_POINT('Origin',(-18.7,1.,-26.2));
#7747=CARTESIAN_POINT('',(-18.7,1.,-26.2));
#7748=CARTESIAN_POINT('Origin',(-18.7,1.,-27.7));
#7749=CARTESIAN_POINT('Origin',(-18.7,1.,-37.7));
#7750=CARTESIAN_POINT('',(-18.7,1.,-36.2));
#7751=CARTESIAN_POINT('',(-18.7,1.,-36.2));
#7752=CARTESIAN_POINT('',(-18.7,1.,-39.2));
#7753=CARTESIAN_POINT('Origin',(-18.7,1.,-37.7));
#7754=CARTESIAN_POINT('',(-18.7,1.,-39.2));
#7755=CARTESIAN_POINT('Origin',(-19.9,1.,-39.2));
#7756=CARTESIAN_POINT('',(-19.9,1.,-39.2));
#7757=CARTESIAN_POINT('Origin',(-18.7,1.,-36.2));
#7758=CARTESIAN_POINT('',(-18.7,1.,-36.2));
#7759=CARTESIAN_POINT('Origin',(-18.7,1.,-37.7));
#7760=CARTESIAN_POINT('Origin',(-15.2,10.,-32.5));
#7761=CARTESIAN_POINT('',(-0.500000000000004,-35.714633726165,-32.5));
#7762=CARTESIAN_POINT('Origin',(-19.4,-35.714633726165,-0.5));
#7763=CARTESIAN_POINT('',(-0.5,-35.714633726165,-0.5));
#7764=CARTESIAN_POINT('',(-19.4,-35.714633726165,-0.5));
#7765=CARTESIAN_POINT('Origin',(-19.4,-35.714633726165,-32.5));
#7766=CARTESIAN_POINT('',(-19.4,-35.714633726165,-32.5));
#7767=CARTESIAN_POINT('Origin',(-0.5,-35.714633726165,-0.5));
#7768=CARTESIAN_POINT('Origin',(-19.4,-35.714633726165,-32.5));
#7769=CARTESIAN_POINT('',(0.,0.,0.));
#7770=CARTESIAN_POINT('Origin',(-6.10622663543836E-15,110.362500001366,
1.81322035841033E-16));
#7771=CARTESIAN_POINT('',(3.458734125,108.737500001366,-1.54826294918084E-15));
#7772=CARTESIAN_POINT('',(3.458734125,108.987500001366,-1.34733799264338E-15));
#7773=CARTESIAN_POINT('',(3.45873412499999,110.362500001366,-6.09286958462314E-17));
#7774=CARTESIAN_POINT('',(-0.473468642341199,109.258743582956,-3.42617413336788));
#7775=CARTESIAN_POINT('Ctrl Pts',(-0.473468642341199,109.258743582956,-3.42617413336788));
#7776=CARTESIAN_POINT('Ctrl Pts',(-0.237853881116367,109.247876450612,-3.458734125));
#7777=CARTESIAN_POINT('Ctrl Pts',(-2.11786383764149E-16,109.237500001366,
-3.458734125));
#7778=CARTESIAN_POINT('Ctrl Pts',(1.43265458321764,109.175000001366,-3.458734125));
#7779=CARTESIAN_POINT('Ctrl Pts',(2.44569435410882,109.112500001366,-2.44569435410882));
#7780=CARTESIAN_POINT('Ctrl Pts',(3.458734125,109.050000001366,-1.43265458321764));
#7781=CARTESIAN_POINT('Ctrl Pts',(3.458734125,108.987500001366,-4.23572767528297E-16));
#7782=CARTESIAN_POINT('',(-3.42617413336681,109.258743582956,0.473468642348934));
#7783=CARTESIAN_POINT('Ctrl Pts',(-0.473468642341196,109.258743582956,-3.42617413336787));
#7784=CARTESIAN_POINT('Ctrl Pts',(-0.853805204420945,109.258723273098,-3.37361479789019));
#7785=CARTESIAN_POINT('Ctrl Pts',(-1.2227397158327,109.258733750847,-3.25809262210936));
#7786=CARTESIAN_POINT('Ctrl Pts',(-1.67902786000688,109.258750439258,-3.02655253783784));
#7787=CARTESIAN_POINT('Ctrl Pts',(-1.78963627812029,109.258737611886,-2.96249164001962));
#7788=CARTESIAN_POINT('Ctrl Pts',(-2.03889164535666,109.25873037027,-2.79906686905279));
#7789=CARTESIAN_POINT('Ctrl Pts',(-2.17424237315337,109.258752514125,-2.6952782176971));
#7790=CARTESIAN_POINT('Ctrl Pts',(-2.46910225093556,109.258731098237,-2.43245706626645));
#7791=CARTESIAN_POINT('Ctrl Pts',(-2.62184747233223,109.258755466753,-2.26698683956301));
#7792=CARTESIAN_POINT('Ctrl Pts',(-2.89307995270965,109.258731699182,-1.90876967707988));
#7793=CARTESIAN_POINT('Ctrl Pts',(-3.01092361005173,109.258755442243,-1.71687288747366));
#7794=CARTESIAN_POINT('Ctrl Pts',(-3.18392729287396,109.25873511232,-1.36178605355098));
#7795=CARTESIAN_POINT('Ctrl Pts',(-3.24711841200422,109.258744139802,-1.20336041958914));
#7796=CARTESIAN_POINT('Ctrl Pts',(-3.33681952188275,109.25874942368,-0.919124836079346));
#7797=CARTESIAN_POINT('Ctrl Pts',(-3.3684822252493,109.258733572002,-0.795287614631161));
#7798=CARTESIAN_POINT('Ctrl Pts',(-3.43034619736961,109.258734981859,-0.481969227446065));
#7799=CARTESIAN_POINT('Ctrl Pts',(-3.45177868255027,109.258748153385,-0.291193374265381));
#7800=CARTESIAN_POINT('Ctrl Pts',(-3.46281929020201,109.258726796104,0.0919401058550857));
#7801=CARTESIAN_POINT('Ctrl Pts',(-3.45240886680053,109.258753720521,0.283625520657767));
#7802=CARTESIAN_POINT('Ctrl Pts',(-3.4261741333668,109.258743582956,0.473468642348934));
#7803=CARTESIAN_POINT('Ctrl Pts',(-3.42617413336681,109.258743582956,0.473468642348934));
#7804=CARTESIAN_POINT('Ctrl Pts',(-3.458734125,109.247876450612,0.237853881120289));
#7805=CARTESIAN_POINT('Ctrl Pts',(-3.458734125,109.237500001366,0.));
#7806=CARTESIAN_POINT('Ctrl Pts',(-3.458734125,109.175000001366,-1.43265458321764));
#7807=CARTESIAN_POINT('Ctrl Pts',(-2.44569435410882,109.112500001366,-2.44569435410882));
#7808=CARTESIAN_POINT('Ctrl Pts',(-1.43265458321764,109.050000001366,-3.458734125));
#7809=CARTESIAN_POINT('Ctrl Pts',(-2.11786383764149E-16,108.987500001366,
-3.458734125));
#7810=CARTESIAN_POINT('Ctrl Pts',(1.43265458321764,108.925000001366,-3.458734125));
#7811=CARTESIAN_POINT('Ctrl Pts',(2.44569435410882,108.862500001366,-2.44569435410882));
#7812=CARTESIAN_POINT('Ctrl Pts',(3.458734125,108.800000001366,-1.43265458321764));
#7813=CARTESIAN_POINT('Ctrl Pts',(3.458734125,108.737500001366,-4.23572767528297E-16));
#7814=CARTESIAN_POINT('Origin',(-6.10622663543836E-15,110.362500001366,
1.81322035841033E-16));
#7815=CARTESIAN_POINT('',(3.458734125,107.737500001366,-2.35196277533076E-15));
#7816=CARTESIAN_POINT('',(3.458734125,107.987500001366,-2.15103781879328E-15));
#7817=CARTESIAN_POINT('',(3.45873412499999,110.362500001366,-6.09286958462314E-17));
#7818=CARTESIAN_POINT('Ctrl Pts',(3.458734125,108.987500001366,-4.23572767528297E-16));
#7819=CARTESIAN_POINT('Ctrl Pts',(3.458734125,108.925000001366,1.43265458321764));
#7820=CARTESIAN_POINT('Ctrl Pts',(2.44569435410882,108.862500001366,2.44569435410882));
#7821=CARTESIAN_POINT('Ctrl Pts',(1.43265458321764,108.800000001366,3.458734125));
#7822=CARTESIAN_POINT('Ctrl Pts',(6.35359151292446E-16,108.737500001366,
3.458734125));
#7823=CARTESIAN_POINT('Ctrl Pts',(-1.43265458321764,108.675000001366,3.458734125));
#7824=CARTESIAN_POINT('Ctrl Pts',(-2.44569435410882,108.612500001366,2.44569435410882));
#7825=CARTESIAN_POINT('Ctrl Pts',(-3.458734125,108.550000001366,1.43265458321764));
#7826=CARTESIAN_POINT('Ctrl Pts',(-3.458734125,108.487500001366,0.));
#7827=CARTESIAN_POINT('Ctrl Pts',(-3.458734125,108.425000001366,-1.43265458321764));
#7828=CARTESIAN_POINT('Ctrl Pts',(-2.44569435410882,108.362500001366,-2.44569435410882));
#7829=CARTESIAN_POINT('Ctrl Pts',(-1.43265458321764,108.300000001366,-3.458734125));
#7830=CARTESIAN_POINT('Ctrl Pts',(-2.11786383764149E-16,108.237500001366,
-3.458734125));
#7831=CARTESIAN_POINT('Ctrl Pts',(1.43265458321764,108.175000001366,-3.458734125));
#7832=CARTESIAN_POINT('Ctrl Pts',(2.44569435410882,108.112500001366,-2.44569435410882));
#7833=CARTESIAN_POINT('Ctrl Pts',(3.458734125,108.050000001366,-1.43265458321764));
#7834=CARTESIAN_POINT('Ctrl Pts',(3.458734125,107.987500001366,-4.23572767528297E-16));
#7835=CARTESIAN_POINT('Ctrl Pts',(3.458734125,108.737500001366,-4.23572767528297E-16));
#7836=CARTESIAN_POINT('Ctrl Pts',(3.458734125,108.675000001366,1.43265458321764));
#7837=CARTESIAN_POINT('Ctrl Pts',(2.44569435410882,108.612500001366,2.44569435410882));
#7838=CARTESIAN_POINT('Ctrl Pts',(1.43265458321764,108.550000001366,3.458734125));
#7839=CARTESIAN_POINT('Ctrl Pts',(6.35359151292446E-16,108.487500001366,
3.458734125));
#7840=CARTESIAN_POINT('Ctrl Pts',(-1.43265458321764,108.425000001366,3.458734125));
#7841=CARTESIAN_POINT('Ctrl Pts',(-2.44569435410882,108.362500001366,2.44569435410882));
#7842=CARTESIAN_POINT('Ctrl Pts',(-3.458734125,108.300000001366,1.43265458321764));
#7843=CARTESIAN_POINT('Ctrl Pts',(-3.458734125,108.237500001366,0.));
#7844=CARTESIAN_POINT('Ctrl Pts',(-3.458734125,108.175000001366,-1.43265458321764));
#7845=CARTESIAN_POINT('Ctrl Pts',(-2.44569435410882,108.112500001366,-2.44569435410882));
#7846=CARTESIAN_POINT('Ctrl Pts',(-1.43265458321764,108.050000001366,-3.458734125));
#7847=CARTESIAN_POINT('Ctrl Pts',(-2.11786383764149E-16,107.987500001366,
-3.458734125));
#7848=CARTESIAN_POINT('Ctrl Pts',(1.43265458321764,107.925000001366,-3.458734125));
#7849=CARTESIAN_POINT('Ctrl Pts',(2.44569435410882,107.862500001366,-2.44569435410882));
#7850=CARTESIAN_POINT('Ctrl Pts',(3.458734125,107.800000001366,-1.43265458321764));
#7851=CARTESIAN_POINT('Ctrl Pts',(3.458734125,107.737500001366,-4.23572767528297E-16));
#7852=CARTESIAN_POINT('Origin',(-6.10622663543836E-15,110.362500001366,
1.81322035841033E-16));
#7853=CARTESIAN_POINT('',(3.458734125,106.737500001366,-3.15566260148066E-15));
#7854=CARTESIAN_POINT('',(3.458734125,106.987500001366,-2.95473764494318E-15));
#7855=CARTESIAN_POINT('',(3.45873412499999,110.362500001366,-6.09286958462314E-17));
#7856=CARTESIAN_POINT('Ctrl Pts',(3.458734125,107.987500001366,-4.23572767528297E-16));
#7857=CARTESIAN_POINT('Ctrl Pts',(3.458734125,107.925000001366,1.43265458321764));
#7858=CARTESIAN_POINT('Ctrl Pts',(2.44569435410882,107.862500001366,2.44569435410882));
#7859=CARTESIAN_POINT('Ctrl Pts',(1.43265458321764,107.800000001366,3.458734125));
#7860=CARTESIAN_POINT('Ctrl Pts',(6.35359151292446E-16,107.737500001366,
3.458734125));
#7861=CARTESIAN_POINT('Ctrl Pts',(-1.43265458321764,107.675000001366,3.458734125));
#7862=CARTESIAN_POINT('Ctrl Pts',(-2.44569435410882,107.612500001366,2.44569435410882));
#7863=CARTESIAN_POINT('Ctrl Pts',(-3.458734125,107.550000001366,1.43265458321764));
#7864=CARTESIAN_POINT('Ctrl Pts',(-3.458734125,107.487500001366,0.));
#7865=CARTESIAN_POINT('Ctrl Pts',(-3.458734125,107.425000001366,-1.43265458321764));
#7866=CARTESIAN_POINT('Ctrl Pts',(-2.44569435410882,107.362500001366,-2.44569435410882));
#7867=CARTESIAN_POINT('Ctrl Pts',(-1.43265458321764,107.300000001366,-3.458734125));
#7868=CARTESIAN_POINT('Ctrl Pts',(-2.11786383764149E-16,107.237500001366,
-3.458734125));
#7869=CARTESIAN_POINT('Ctrl Pts',(1.43265458321764,107.175000001366,-3.458734125));
#7870=CARTESIAN_POINT('Ctrl Pts',(2.44569435410882,107.112500001366,-2.44569435410882));
#7871=CARTESIAN_POINT('Ctrl Pts',(3.458734125,107.050000001366,-1.43265458321764));
#7872=CARTESIAN_POINT('Ctrl Pts',(3.458734125,106.987500001366,-4.23572767528297E-16));
#7873=CARTESIAN_POINT('Ctrl Pts',(3.458734125,107.737500001366,-4.23572767528297E-16));
#7874=CARTESIAN_POINT('Ctrl Pts',(3.458734125,107.675000001366,1.43265458321764));
#7875=CARTESIAN_POINT('Ctrl Pts',(2.44569435410882,107.612500001366,2.44569435410882));
#7876=CARTESIAN_POINT('Ctrl Pts',(1.43265458321764,107.550000001366,3.458734125));
#7877=CARTESIAN_POINT('Ctrl Pts',(6.35359151292446E-16,107.487500001366,
3.458734125));
#7878=CARTESIAN_POINT('Ctrl Pts',(-1.43265458321764,107.425000001366,3.458734125));
#7879=CARTESIAN_POINT('Ctrl Pts',(-2.44569435410882,107.362500001366,2.44569435410882));
#7880=CARTESIAN_POINT('Ctrl Pts',(-3.458734125,107.300000001366,1.43265458321764));
#7881=CARTESIAN_POINT('Ctrl Pts',(-3.458734125,107.237500001366,0.));
#7882=CARTESIAN_POINT('Ctrl Pts',(-3.458734125,107.175000001366,-1.43265458321764));
#7883=CARTESIAN_POINT('Ctrl Pts',(-2.44569435410882,107.112500001366,-2.44569435410882));
#7884=CARTESIAN_POINT('Ctrl Pts',(-1.43265458321764,107.050000001366,-3.458734125));
#7885=CARTESIAN_POINT('Ctrl Pts',(-2.11786383764149E-16,106.987500001366,
-3.458734125));
#7886=CARTESIAN_POINT('Ctrl Pts',(1.43265458321764,106.925000001366,-3.458734125));
#7887=CARTESIAN_POINT('Ctrl Pts',(2.44569435410882,106.862500001366,-2.44569435410882));
#7888=CARTESIAN_POINT('Ctrl Pts',(3.458734125,106.800000001366,-1.43265458321764));
#7889=CARTESIAN_POINT('Ctrl Pts',(3.458734125,106.737500001366,-4.23572767528297E-16));
#7890=CARTESIAN_POINT('Origin',(-6.10622663543836E-15,110.362500001366,
1.81322035841033E-16));
#7891=CARTESIAN_POINT('',(3.458734125,105.737500001366,-3.95936242763056E-15));
#7892=CARTESIAN_POINT('',(3.458734125,105.987500001366,-3.75843747109309E-15));
#7893=CARTESIAN_POINT('',(3.45873412499999,110.362500001366,-6.09286958462314E-17));
#7894=CARTESIAN_POINT('Ctrl Pts',(3.458734125,106.987500001366,-4.23572767528297E-16));
#7895=CARTESIAN_POINT('Ctrl Pts',(3.458734125,106.925000001366,1.43265458321764));
#7896=CARTESIAN_POINT('Ctrl Pts',(2.44569435410882,106.862500001366,2.44569435410882));
#7897=CARTESIAN_POINT('Ctrl Pts',(1.43265458321764,106.800000001366,3.458734125));
#7898=CARTESIAN_POINT('Ctrl Pts',(6.35359151292446E-16,106.737500001366,
3.458734125));
#7899=CARTESIAN_POINT('Ctrl Pts',(-1.43265458321764,106.675000001366,3.458734125));
#7900=CARTESIAN_POINT('Ctrl Pts',(-2.44569435410882,106.612500001366,2.44569435410882));
#7901=CARTESIAN_POINT('Ctrl Pts',(-3.458734125,106.550000001366,1.43265458321764));
#7902=CARTESIAN_POINT('Ctrl Pts',(-3.458734125,106.487500001366,0.));
#7903=CARTESIAN_POINT('Ctrl Pts',(-3.458734125,106.425000001366,-1.43265458321764));
#7904=CARTESIAN_POINT('Ctrl Pts',(-2.44569435410882,106.362500001366,-2.44569435410882));
#7905=CARTESIAN_POINT('Ctrl Pts',(-1.43265458321764,106.300000001366,-3.458734125));
#7906=CARTESIAN_POINT('Ctrl Pts',(-2.11786383764149E-16,106.237500001366,
-3.458734125));
#7907=CARTESIAN_POINT('Ctrl Pts',(1.43265458321764,106.175000001366,-3.458734125));
#7908=CARTESIAN_POINT('Ctrl Pts',(2.44569435410882,106.112500001366,-2.44569435410882));
#7909=CARTESIAN_POINT('Ctrl Pts',(3.458734125,106.050000001366,-1.43265458321764));
#7910=CARTESIAN_POINT('Ctrl Pts',(3.458734125,105.987500001366,-4.23572767528297E-16));
#7911=CARTESIAN_POINT('Ctrl Pts',(3.458734125,106.737500001366,-4.23572767528297E-16));
#7912=CARTESIAN_POINT('Ctrl Pts',(3.458734125,106.675000001366,1.43265458321764));
#7913=CARTESIAN_POINT('Ctrl Pts',(2.44569435410882,106.612500001366,2.44569435410882));
#7914=CARTESIAN_POINT('Ctrl Pts',(1.43265458321764,106.550000001366,3.458734125));
#7915=CARTESIAN_POINT('Ctrl Pts',(6.35359151292446E-16,106.487500001366,
3.458734125));
#7916=CARTESIAN_POINT('Ctrl Pts',(-1.43265458321764,106.425000001366,3.458734125));
#7917=CARTESIAN_POINT('Ctrl Pts',(-2.44569435410882,106.362500001366,2.44569435410882));
#7918=CARTESIAN_POINT('Ctrl Pts',(-3.458734125,106.300000001366,1.43265458321764));
#7919=CARTESIAN_POINT('Ctrl Pts',(-3.458734125,106.237500001366,0.));
#7920=CARTESIAN_POINT('Ctrl Pts',(-3.458734125,106.175000001366,-1.43265458321764));
#7921=CARTESIAN_POINT('Ctrl Pts',(-2.44569435410882,106.112500001366,-2.44569435410882));
#7922=CARTESIAN_POINT('Ctrl Pts',(-1.43265458321764,106.050000001366,-3.458734125));
#7923=CARTESIAN_POINT('Ctrl Pts',(-2.11786383764149E-16,105.987500001366,
-3.458734125));
#7924=CARTESIAN_POINT('Ctrl Pts',(1.43265458321764,105.925000001366,-3.458734125));
#7925=CARTESIAN_POINT('Ctrl Pts',(2.44569435410882,105.862500001366,-2.44569435410882));
#7926=CARTESIAN_POINT('Ctrl Pts',(3.458734125,105.800000001366,-1.43265458321764));
#7927=CARTESIAN_POINT('Ctrl Pts',(3.458734125,105.737500001366,-4.23572767528297E-16));
#7928=CARTESIAN_POINT('Origin',(-6.10622663543836E-15,110.362500001366,
1.81322035841033E-16));
#7929=CARTESIAN_POINT('',(3.458734125,104.737500001366,-4.76306225378047E-15));
#7930=CARTESIAN_POINT('',(3.458734125,104.987500001366,-4.56213729724299E-15));
#7931=CARTESIAN_POINT('',(3.45873412499999,110.362500001366,-6.09286958462314E-17));
#7932=CARTESIAN_POINT('Ctrl Pts',(3.458734125,105.987500001366,-4.23572767528297E-16));
#7933=CARTESIAN_POINT('Ctrl Pts',(3.458734125,105.925000001366,1.43265458321764));
#7934=CARTESIAN_POINT('Ctrl Pts',(2.44569435410882,105.862500001366,2.44569435410882));
#7935=CARTESIAN_POINT('Ctrl Pts',(1.43265458321764,105.800000001366,3.458734125));
#7936=CARTESIAN_POINT('Ctrl Pts',(6.35359151292446E-16,105.737500001366,
3.458734125));
#7937=CARTESIAN_POINT('Ctrl Pts',(-1.43265458321764,105.675000001366,3.458734125));
#7938=CARTESIAN_POINT('Ctrl Pts',(-2.44569435410882,105.612500001366,2.44569435410882));
#7939=CARTESIAN_POINT('Ctrl Pts',(-3.458734125,105.550000001366,1.43265458321764));
#7940=CARTESIAN_POINT('Ctrl Pts',(-3.458734125,105.487500001366,0.));
#7941=CARTESIAN_POINT('Ctrl Pts',(-3.458734125,105.425000001366,-1.43265458321764));
#7942=CARTESIAN_POINT('Ctrl Pts',(-2.44569435410882,105.362500001366,-2.44569435410882));
#7943=CARTESIAN_POINT('Ctrl Pts',(-1.43265458321764,105.300000001366,-3.458734125));
#7944=CARTESIAN_POINT('Ctrl Pts',(-2.11786383764149E-16,105.237500001366,
-3.458734125));
#7945=CARTESIAN_POINT('Ctrl Pts',(1.43265458321764,105.175000001366,-3.458734125));
#7946=CARTESIAN_POINT('Ctrl Pts',(2.44569435410882,105.112500001366,-2.44569435410882));
#7947=CARTESIAN_POINT('Ctrl Pts',(3.458734125,105.050000001366,-1.43265458321764));
#7948=CARTESIAN_POINT('Ctrl Pts',(3.458734125,104.987500001366,-4.23572767528297E-16));
#7949=CARTESIAN_POINT('Ctrl Pts',(3.458734125,105.737500001366,-4.23572767528297E-16));
#7950=CARTESIAN_POINT('Ctrl Pts',(3.458734125,105.675000001366,1.43265458321764));
#7951=CARTESIAN_POINT('Ctrl Pts',(2.44569435410882,105.612500001366,2.44569435410882));
#7952=CARTESIAN_POINT('Ctrl Pts',(1.43265458321764,105.550000001366,3.458734125));
#7953=CARTESIAN_POINT('Ctrl Pts',(6.35359151292446E-16,105.487500001366,
3.458734125));
#7954=CARTESIAN_POINT('Ctrl Pts',(-1.43265458321764,105.425000001366,3.458734125));
#7955=CARTESIAN_POINT('Ctrl Pts',(-2.44569435410882,105.362500001366,2.44569435410882));
#7956=CARTESIAN_POINT('Ctrl Pts',(-3.458734125,105.300000001366,1.43265458321764));
#7957=CARTESIAN_POINT('Ctrl Pts',(-3.458734125,105.237500001366,0.));
#7958=CARTESIAN_POINT('Ctrl Pts',(-3.458734125,105.175000001366,-1.43265458321764));
#7959=CARTESIAN_POINT('Ctrl Pts',(-2.44569435410882,105.112500001366,-2.44569435410882));
#7960=CARTESIAN_POINT('Ctrl Pts',(-1.43265458321764,105.050000001366,-3.458734125));
#7961=CARTESIAN_POINT('Ctrl Pts',(-2.11786383764149E-16,104.987500001366,
-3.458734125));
#7962=CARTESIAN_POINT('Ctrl Pts',(1.43265458321764,104.925000001366,-3.458734125));
#7963=CARTESIAN_POINT('Ctrl Pts',(2.44569435410882,104.862500001366,-2.44569435410882));
#7964=CARTESIAN_POINT('Ctrl Pts',(3.458734125,104.800000001366,-1.43265458321764));
#7965=CARTESIAN_POINT('Ctrl Pts',(3.458734125,104.737500001366,-4.23572767528297E-16));
#7966=CARTESIAN_POINT('Origin',(-6.10622663543836E-15,110.362500001366,
1.81322035841033E-16));
#7967=CARTESIAN_POINT('',(3.458734125,103.737500001366,-5.56676207993037E-15));
#7968=CARTESIAN_POINT('',(3.458734125,103.987500001366,-5.3658371233929E-15));
#7969=CARTESIAN_POINT('',(3.45873412499999,110.362500001366,-6.09286958462314E-17));
#7970=CARTESIAN_POINT('Ctrl Pts',(3.458734125,104.987500001366,-4.23572767528297E-16));
#7971=CARTESIAN_POINT('Ctrl Pts',(3.458734125,104.925000001366,1.43265458321764));
#7972=CARTESIAN_POINT('Ctrl Pts',(2.44569435410882,104.862500001366,2.44569435410882));
#7973=CARTESIAN_POINT('Ctrl Pts',(1.43265458321764,104.800000001366,3.458734125));
#7974=CARTESIAN_POINT('Ctrl Pts',(6.35359151292446E-16,104.737500001366,
3.458734125));
#7975=CARTESIAN_POINT('Ctrl Pts',(-1.43265458321764,104.675000001366,3.458734125));
#7976=CARTESIAN_POINT('Ctrl Pts',(-2.44569435410882,104.612500001366,2.44569435410882));
#7977=CARTESIAN_POINT('Ctrl Pts',(-3.458734125,104.550000001366,1.43265458321764));
#7978=CARTESIAN_POINT('Ctrl Pts',(-3.458734125,104.487500001366,0.));
#7979=CARTESIAN_POINT('Ctrl Pts',(-3.458734125,104.425000001366,-1.43265458321764));
#7980=CARTESIAN_POINT('Ctrl Pts',(-2.44569435410882,104.362500001366,-2.44569435410882));
#7981=CARTESIAN_POINT('Ctrl Pts',(-1.43265458321764,104.300000001366,-3.458734125));
#7982=CARTESIAN_POINT('Ctrl Pts',(-2.11786383764149E-16,104.237500001366,
-3.458734125));
#7983=CARTESIAN_POINT('Ctrl Pts',(1.43265458321764,104.175000001366,-3.458734125));
#7984=CARTESIAN_POINT('Ctrl Pts',(2.44569435410882,104.112500001366,-2.44569435410882));
#7985=CARTESIAN_POINT('Ctrl Pts',(3.458734125,104.050000001366,-1.43265458321764));
#7986=CARTESIAN_POINT('Ctrl Pts',(3.458734125,103.987500001366,-4.23572767528297E-16));
#7987=CARTESIAN_POINT('Ctrl Pts',(3.458734125,104.737500001366,-4.23572767528297E-16));
#7988=CARTESIAN_POINT('Ctrl Pts',(3.458734125,104.675000001366,1.43265458321764));
#7989=CARTESIAN_POINT('Ctrl Pts',(2.44569435410882,104.612500001366,2.44569435410882));
#7990=CARTESIAN_POINT('Ctrl Pts',(1.43265458321764,104.550000001366,3.458734125));
#7991=CARTESIAN_POINT('Ctrl Pts',(6.35359151292446E-16,104.487500001366,
3.458734125));
#7992=CARTESIAN_POINT('Ctrl Pts',(-1.43265458321764,104.425000001366,3.458734125));
#7993=CARTESIAN_POINT('Ctrl Pts',(-2.44569435410882,104.362500001366,2.44569435410882));
#7994=CARTESIAN_POINT('Ctrl Pts',(-3.458734125,104.300000001366,1.43265458321764));
#7995=CARTESIAN_POINT('Ctrl Pts',(-3.458734125,104.237500001366,0.));
#7996=CARTESIAN_POINT('Ctrl Pts',(-3.458734125,104.175000001366,-1.43265458321764));
#7997=CARTESIAN_POINT('Ctrl Pts',(-2.44569435410882,104.112500001366,-2.44569435410882));
#7998=CARTESIAN_POINT('Ctrl Pts',(-1.43265458321764,104.050000001366,-3.458734125));
#7999=CARTESIAN_POINT('Ctrl Pts',(-2.11786383764149E-16,103.987500001366,
-3.458734125));
#8000=CARTESIAN_POINT('Ctrl Pts',(1.43265458321764,103.925000001366,-3.458734125));
#8001=CARTESIAN_POINT('Ctrl Pts',(2.44569435410882,103.862500001366,-2.44569435410882));
#8002=CARTESIAN_POINT('Ctrl Pts',(3.458734125,103.800000001366,-1.43265458321764));
#8003=CARTESIAN_POINT('Ctrl Pts',(3.458734125,103.737500001366,-4.23572767528297E-16));
#8004=CARTESIAN_POINT('Origin',(-6.10622663543836E-15,110.362500001366,
1.81322035841033E-16));
#8005=CARTESIAN_POINT('',(3.458734125,102.737500001366,-6.37046190608029E-15));
#8006=CARTESIAN_POINT('',(3.458734125,102.987500001366,-6.16953694954281E-15));
#8007=CARTESIAN_POINT('',(3.45873412499999,110.362500001366,-6.09286958462314E-17));
#8008=CARTESIAN_POINT('',(-3.458734125,102.237500001366,0.));
#8009=CARTESIAN_POINT('Ctrl Pts',(3.458734125,102.737500001366,-4.23572767528297E-16));
#8010=CARTESIAN_POINT('Ctrl Pts',(3.458734125,102.675000001366,1.43265458321764));
#8011=CARTESIAN_POINT('Ctrl Pts',(2.44569435410882,102.612500001366,2.44569435410882));
#8012=CARTESIAN_POINT('Ctrl Pts',(1.43265458321764,102.550000001366,3.458734125));
#8013=CARTESIAN_POINT('Ctrl Pts',(6.35359151292446E-16,102.487500001366,
3.458734125));
#8014=CARTESIAN_POINT('Ctrl Pts',(-1.43265458321764,102.425000001366,3.458734125));
#8015=CARTESIAN_POINT('Ctrl Pts',(-2.44569435410882,102.362500001366,2.44569435410882));
#8016=CARTESIAN_POINT('Ctrl Pts',(-3.458734125,102.300000001366,1.43265458321764));
#8017=CARTESIAN_POINT('Ctrl Pts',(-3.458734125,102.237500001366,0.));
#8018=CARTESIAN_POINT('',(-3.458734125,102.487500001366,0.));
#8019=CARTESIAN_POINT('',(-3.458734125,102.362500001366,0.));
#8020=CARTESIAN_POINT('Ctrl Pts',(3.458734125,102.987500001366,-4.23572767528297E-16));
#8021=CARTESIAN_POINT('Ctrl Pts',(3.458734125,102.925000001366,1.43265458321764));
#8022=CARTESIAN_POINT('Ctrl Pts',(2.44569435410882,102.862500001366,2.44569435410882));
#8023=CARTESIAN_POINT('Ctrl Pts',(1.43265458321764,102.800000001366,3.458734125));
#8024=CARTESIAN_POINT('Ctrl Pts',(6.35359151292446E-16,102.737500001366,
3.458734125));
#8025=CARTESIAN_POINT('Ctrl Pts',(-1.43265458321764,102.675000001366,3.458734125));
#8026=CARTESIAN_POINT('Ctrl Pts',(-2.44569435410882,102.612500001366,2.44569435410882));
#8027=CARTESIAN_POINT('Ctrl Pts',(-3.458734125,102.550000001366,1.43265458321764));
#8028=CARTESIAN_POINT('Ctrl Pts',(-3.458734125,102.487500001366,0.));
#8029=CARTESIAN_POINT('Origin',(0.,100.,0.));
#8030=CARTESIAN_POINT('',(-3.08652336937177E-15,109.55,-4.));
#8031=CARTESIAN_POINT('',(7.78999394913849E-15,109.675000002731,-4.));
#8032=CARTESIAN_POINT('',(-4.89858719658941E-16,100.,-4.));
#8033=CARTESIAN_POINT('',(-2.8284270735571,109.8,-2.82842717593528));
#8034=CARTESIAN_POINT('Ctrl Pts',(1.55431223447522E-14,109.675000002731,
-4.));
#8035=CARTESIAN_POINT('Ctrl Pts',(-0.510187187602197,109.694245328163,-4.));
#8036=CARTESIAN_POINT('Ctrl Pts',(-1.01594284036718,109.71484865117,-3.90238948375474));
#8037=CARTESIAN_POINT('Ctrl Pts',(-1.74229931672873,109.746803331881,-3.6108695745476));
#8038=CARTESIAN_POINT('Ctrl Pts',(-1.98374387258571,109.757892352215,-3.4840709945357));
#8039=CARTESIAN_POINT('Ctrl Pts',(-2.43276608551526,109.779482354774,-3.18634634701549));
#8040=CARTESIAN_POINT('Ctrl Pts',(-2.63979154474697,109.789936844157,-3.01706269791753));
#8041=CARTESIAN_POINT('Ctrl Pts',(-2.82842707355708,109.8,-2.8284271759353));
#8042=CARTESIAN_POINT('',(-4.,109.8,-5.07241058695613E-12));
#8043=CARTESIAN_POINT('Origin',(0.,109.8,0.));
#8044=CARTESIAN_POINT('Ctrl Pts',(-4.,109.8,-5.07358044465889E-12));
#8045=CARTESIAN_POINT('Ctrl Pts',(-3.99999999999938,109.781499983802,-0.490429287257418));
#8046=CARTESIAN_POINT('Ctrl Pts',(-3.90980519446502,109.76174860306,-0.976671921397558));
#8047=CARTESIAN_POINT('Ctrl Pts',(-3.54248107984522,109.719940071005,-1.93285159533957));
#8048=CARTESIAN_POINT('Ctrl Pts',(-3.25312441589106,109.698251423223,-2.38795499265218));
#8049=CARTESIAN_POINT('Ctrl Pts',(-2.52701445061778,109.658427653611,-3.1429053078794));
#8050=CARTESIAN_POINT('Ctrl Pts',(-2.10308436438219,109.63806641728,-3.44104408941551));
#8051=CARTESIAN_POINT('Ctrl Pts',(-1.14712744209021,109.595319142204,-3.86898552738424));
#8052=CARTESIAN_POINT('Ctrl Pts',(-0.62111846929008,109.573627028944,-3.98738277999538));
#8053=CARTESIAN_POINT('Ctrl Pts',(-0.0582456585232205,109.552202115115,
-3.99968209139912));
#8054=CARTESIAN_POINT('Ctrl Pts',(-0.0291162908222459,109.551098327253,
-4.));
#8055=CARTESIAN_POINT('Ctrl Pts',(-5.6831880190846E-15,109.55,-4.));
#8056=CARTESIAN_POINT('Origin',(0.,100.,0.));
#8057=CARTESIAN_POINT('',(-2.21204286767647E-14,108.55,-4.));
#8058=CARTESIAN_POINT('',(-2.16092664269282E-8,108.675000004361,-4.));
#8059=CARTESIAN_POINT('',(-4.89858719658941E-16,100.,-4.));
#8060=CARTESIAN_POINT('Ctrl Pts',(-2.16400893038315E-8,108.675000003547,
-4.));
#8061=CARTESIAN_POINT('Ctrl Pts',(-0.528309687323702,108.694928946718,-3.99999999714183));
#8062=CARTESIAN_POINT('Ctrl Pts',(-1.0515448982776,108.716301912587,-3.89533172408776));
#8063=CARTESIAN_POINT('Ctrl Pts',(-2.01440017065752,108.758895798253,-3.49386129866518));
#8064=CARTESIAN_POINT('Ctrl Pts',(-2.44678920573764,108.779704925995,-3.20595659589965));
#8065=CARTESIAN_POINT('Ctrl Pts',(-3.19248838501715,108.819357750482,-2.46845290079488));
#8066=CARTESIAN_POINT('Ctrl Pts',(-3.49323202808852,108.840861666772,-2.02056918471187));
#8067=CARTESIAN_POINT('Ctrl Pts',(-3.893610290771,108.883689277686,-1.05106554498849));
#8068=CARTESIAN_POINT('Ctrl Pts',(-3.99642912723311,108.904506144124,-0.541806283630987));
#8069=CARTESIAN_POINT('Ctrl Pts',(-4.00351726473871,108.944173958295,0.506838297342758));
#8070=CARTESIAN_POINT('Ctrl Pts',(-3.90020280781751,108.965644566367,1.03613653718093));
#8071=CARTESIAN_POINT('Ctrl Pts',(-3.49915449762793,109.008466989293,2.00522510228747));
#8072=CARTESIAN_POINT('Ctrl Pts',(-3.21230497341551,109.029292149095,2.43847621124846));
#8073=CARTESIAN_POINT('Ctrl Pts',(-2.47690280645141,109.068976058571,3.18586992470085));
#8074=CARTESIAN_POINT('Ctrl Pts',(-2.03017922119007,109.090411056488,3.48759365029302));
#8075=CARTESIAN_POINT('Ctrl Pts',(-1.06206848292732,109.133227845629,3.89064208112961));
#8076=CARTESIAN_POINT('Ctrl Pts',(-0.552958113551778,109.154061885783,3.99491949248991));
#8077=CARTESIAN_POINT('Ctrl Pts',(0.495375112355649,109.193763066154,4.00489474434382));
#8078=CARTESIAN_POINT('Ctrl Pts',(1.02453602629196,109.215160032635,3.90320685596801));
#8079=CARTESIAN_POINT('Ctrl Pts',(1.99459286418748,109.257970703484,3.50524829595652));
#8080=CARTESIAN_POINT('Ctrl Pts',(2.42883818994151,109.278814243943,3.21962266140847));
#8081=CARTESIAN_POINT('Ctrl Pts',(3.17818837550979,109.318533943326,2.48665328188251));
#8082=CARTESIAN_POINT('Ctrl Pts',(3.48104286642654,109.339890338248,2.04126986532781));
#8083=CARTESIAN_POINT('Ctrl Pts',(3.88717305036298,109.382694364297,1.07477397633962));
#8084=CARTESIAN_POINT('Ctrl Pts',(3.99313609446508,109.40354805842,0.565840798706284));
#8085=CARTESIAN_POINT('Ctrl Pts',(4.00644589906884,109.443287599775,-0.482128147184804));
#8086=CARTESIAN_POINT('Ctrl Pts',(3.90663362871426,109.464600766058,-1.01112947076107));
#8087=CARTESIAN_POINT('Ctrl Pts',(3.51224251555505,109.507397575274,-1.9822965262319));
#8088=CARTESIAN_POINT('Ctrl Pts',(3.22803383336686,109.52826211,-2.41768532393282));
#8089=CARTESIAN_POINT('Ctrl Pts',(2.49787471245304,109.568022893152,-3.16928867381789));
#8090=CARTESIAN_POINT('Ctrl Pts',(2.05403562862866,109.589290060249,-3.47344435340039));
#8091=CARTESIAN_POINT('Ctrl Pts',(1.08940828165437,109.632079031311,-3.88312207764364));
#8092=CARTESIAN_POINT('Ctrl Pts',(0.580686204574556,109.652955127023,-3.99102846527525));
#8093=CARTESIAN_POINT('Ctrl Pts',(0.0436493995562478,109.673350666379,-3.99982144584059));
#8094=CARTESIAN_POINT('Ctrl Pts',(0.0218207506879722,109.674176878477,-4.));
#8095=CARTESIAN_POINT('Ctrl Pts',(1.60698466179359E-14,109.675000002731,
-4.));
#8096=CARTESIAN_POINT('Ctrl Pts',(-6.80011602582908E-15,109.55,-4.));
#8097=CARTESIAN_POINT('Ctrl Pts',(0.483773196870422,109.531751065422,-4.));
#8098=CARTESIAN_POINT('Ctrl Pts',(0.963834021159871,109.512270854404,-3.91223584759923));
#8099=CARTESIAN_POINT('Ctrl Pts',(1.91583093573434,109.470725780866,-3.55167500368656));
#8100=CARTESIAN_POINT('Ctrl Pts',(2.37209318090859,109.44903008123,-3.26466472730492));
#8101=CARTESIAN_POINT('Ctrl Pts',(3.13028257838715,109.40914727306,-2.54259613067107));
#8102=CARTESIAN_POINT('Ctrl Pts',(3.43042101517598,109.388882594783,-2.12032073759933));
#8103=CARTESIAN_POINT('Ctrl Pts',(3.86300400973628,109.346161548789,-1.16698173522284));
#8104=CARTESIAN_POINT('Ctrl Pts',(3.98405509932477,109.324462156361,-0.641879049380448));
#8105=CARTESIAN_POINT('Ctrl Pts',(4.012448368805,109.284546837424,0.404501926122208));
#8106=CARTESIAN_POINT('Ctrl Pts',(3.92751511062861,109.264334326879,0.915460928906537));
#8107=CARTESIAN_POINT('Ctrl Pts',(3.56212647484877,109.221628024186,1.89624190598627));
#8108=CARTESIAN_POINT('Ctrl Pts',(3.27781433109059,109.199924851077,2.35381987356969));
#8109=CARTESIAN_POINT('Ctrl Pts',(2.56038990436334,109.159974913971,3.11571251502029));
#8110=CARTESIAN_POINT('Ctrl Pts',(2.14000954200533,109.139817155288,3.41814212148165));
#8111=CARTESIAN_POINT('Ctrl Pts',(1.18968073839298,109.097126788708,3.85602889622967));
#8112=CARTESIAN_POINT('Ctrl Pts',(0.665631651658205,109.075419770106,3.98011167419024));
#8113=CARTESIAN_POINT('Ctrl Pts',(-0.380029297504795,109.035433027903,4.01481433006932));
#8114=CARTESIAN_POINT('Ctrl Pts',(-0.891288000365785,109.015332564782,3.93304372452626));
#8115=CARTESIAN_POINT('Ctrl Pts',(-1.87379151593862,108.972659412266,3.57393527588602));
#8116=CARTESIAN_POINT('Ctrl Pts',(-2.33285394102202,108.950948511483,3.29271235837651));
#8117=CARTESIAN_POINT('Ctrl Pts',(-3.09895888153213,108.91092270373,2.58060159973687));
#8118=CARTESIAN_POINT('Ctrl Pts',(-3.40400130950933,108.890882007267,2.16238109833065));
#8119=CARTESIAN_POINT('Ctrl Pts',(-3.84791732501864,108.848227435548,1.21549859788978));
#8120=CARTESIAN_POINT('Ctrl Pts',(-3.97544525155247,108.826512649562,0.692670627649087));
#8121=CARTESIAN_POINT('Ctrl Pts',(-4.0173295164478,108.786445449919,-0.352148501695259));
#8122=CARTESIAN_POINT('Ctrl Pts',(-3.93915522708469,108.766466882303,-0.863749086741177));
#8123=CARTESIAN_POINT('Ctrl Pts',(-3.58718527352806,108.723832350162,-1.84818565048856));
#8124=CARTESIAN_POINT('Ctrl Pts',(-3.30948188697591,108.702113715633,-2.30891093206142));
#8125=CARTESIAN_POINT('Ctrl Pts',(-2.60342063581376,108.66200274128,-3.07977939888681));
#8126=CARTESIAN_POINT('Ctrl Pts',(-2.18764844306568,108.642088515385,-3.38778555628137));
#8127=CARTESIAN_POINT('Ctrl Pts',(-1.2446920097541,108.599475576422,-3.83851543992851));
#8128=CARTESIAN_POINT('Ctrl Pts',(-0.723274147410399,108.577753176125,-3.96993498397971));
#8129=CARTESIAN_POINT('Ctrl Pts',(-0.127601881424275,108.554837240113,-3.99847482550132));
#8130=CARTESIAN_POINT('Ctrl Pts',(-0.0637744209173532,108.552405704249,
-4.));
#8131=CARTESIAN_POINT('Ctrl Pts',(-4.37509986338704E-14,108.55,-4.));
#8132=CARTESIAN_POINT('Origin',(0.,100.,0.));
#8133=CARTESIAN_POINT('',(-5.71612066066285E-14,107.55,-4.));
#8134=CARTESIAN_POINT('',(1.13928429516932E-8,107.675000001872,-4.));
#8135=CARTESIAN_POINT('',(-4.89858719658941E-16,100.,-4.));
#8136=CARTESIAN_POINT('Ctrl Pts',(1.14090748708009E-8,107.675000002301,
-4.));
#8137=CARTESIAN_POINT('Ctrl Pts',(-0.00421640124181833,107.675159054185,
-4.00000000001203));
#8138=CARTESIAN_POINT('Ctrl Pts',(-0.00843311851921762,107.675318221729,
-3.99999333322356));
#8139=CARTESIAN_POINT('Ctrl Pts',(-0.547528622043059,107.695680668462,-3.99828841833175));
#8140=CARTESIAN_POINT('Ctrl Pts',(-1.07664086724538,107.717342384219,-3.88932856827988));
#8141=CARTESIAN_POINT('Ctrl Pts',(-2.04178032153423,107.760178230271,-3.47788718110944));
#8142=CARTESIAN_POINT('Ctrl Pts',(-2.47156529457276,107.78090480423,-3.18681748731104));
#8143=CARTESIAN_POINT('Ctrl Pts',(-3.21187099008372,107.820516574108,-2.44336727863566));
#8144=CARTESIAN_POINT('Ctrl Pts',(-3.50945683223078,107.842176379287,-1.99243712636918));
#8145=CARTESIAN_POINT('Ctrl Pts',(-3.90199432558572,107.885016974452,-1.01934152545936));
#8146=CARTESIAN_POINT('Ctrl Pts',(-4.00059094184987,107.905765026623,-0.509668054325082));
#8147=CARTESIAN_POINT('Ctrl Pts',(-3.99937982985487,107.945364818672,0.539607626412748));
#8148=CARTESIAN_POINT('Ctrl Pts',(-3.89143862106411,107.967022836374,1.06904377244492));
#8149=CARTESIAN_POINT('Ctrl Pts',(-3.48177788138023,108.009867806125,2.03516266131044));
#8150=CARTESIAN_POINT('Ctrl Pts',(-3.19146753007399,108.030635827766,2.46557699718511));
#8151=CARTESIAN_POINT('Ctrl Pts',(-2.44925697752749,108.07022452654,3.20739893664838));
#8152=CARTESIAN_POINT('Ctrl Pts',(-1.99878202556489,108.091880874197,3.50586244814501));
#8153=CARTESIAN_POINT('Ctrl Pts',(-1.02629700806894,108.134726097649,3.90017023065703));
#8154=CARTESIAN_POINT('Ctrl Pts',(-0.516717991495087,108.155503785606,3.99970968694714));
#8155=CARTESIAN_POINT('Ctrl Pts',(0.532613539231068,108.195095992753,4.00030053150054));
#8156=CARTESIAN_POINT('Ctrl Pts',(1.06221782146129,108.216736003926,3.89331659432693));
#8157=CARTESIAN_POINT('Ctrl Pts',(2.02910336294965,108.259584020831,3.48531169988142));
#8158=CARTESIAN_POINT('Ctrl Pts',(2.46010291483303,108.28036712577,3.19571794732981));
#8159=CARTESIAN_POINT('Ctrl Pts',(3.20307446806726,108.319969745642,2.45484227578322));
#8160=CARTESIAN_POINT('Ctrl Pts',(3.50223908949432,108.341586220772,2.00509234573362));
#8161=CARTESIAN_POINT('Ctrl Pts',(3.89831732441178,108.384430797484,1.03335781852312));
#8162=CARTESIAN_POINT('Ctrl Pts',(3.99879107695866,108.40521972719,0.523867785061299));
#8163=CARTESIAN_POINT('Ctrl Pts',(4.0012338731321,108.444833558078,-0.52526988036821));
#8164=CARTESIAN_POINT('Ctrl Pts',(3.89529713572617,108.466424765579,-1.05478736333056));
#8165=CARTESIAN_POINT('Ctrl Pts',(3.48927555995948,108.50926560826,-2.02230423599491));
#8166=CARTESIAN_POINT('Ctrl Pts',(3.20046257664548,108.530060797626,-2.45394754725411));
#8167=CARTESIAN_POINT('Ctrl Pts',(2.46114684729738,108.569686693428,-3.19818228687888));
#8168=CARTESIAN_POINT('Ctrl Pts',(2.01226099114191,108.591250793538,-3.49807838746225));
#8169=CARTESIAN_POINT('Ctrl Pts',(1.04155788650447,108.634087582824,-3.89614830152728));
#8170=CARTESIAN_POINT('Ctrl Pts',(0.532173363851529,108.65488949505,-3.99770766097816));
#8171=CARTESIAN_POINT('Ctrl Pts',(0.0116782064724625,108.674559276656,-3.99998721566912));
#8172=CARTESIAN_POINT('Ctrl Pts',(0.00583879000943308,108.674779751386,
-4.00000000003159));
#8173=CARTESIAN_POINT('Ctrl Pts',(-2.1640088078118E-8,108.675000003548,
-4.));
#8174=CARTESIAN_POINT('Ctrl Pts',(-4.32986979603811E-14,108.55,-4.));
#8175=CARTESIAN_POINT('Ctrl Pts',(0.447799890281895,108.53310805362,-4.00000000000001));
#8176=CARTESIAN_POINT('Ctrl Pts',(0.892896964760008,108.515143128439,-3.92480418218846));
#8177=CARTESIAN_POINT('Ctrl Pts',(1.81914131163861,108.475158438829,-3.60193571151031));
#8178=CARTESIAN_POINT('Ctrl Pts',(2.28171420107958,108.453432408449,-3.32821951045856));
#8179=CARTESIAN_POINT('Ctrl Pts',(3.05793424326925,108.413226568642,-2.62900671603516));
#8180=CARTESIAN_POINT('Ctrl Pts',(3.36928195451614,108.393446842167,-2.21599279225036));
#8181=CARTESIAN_POINT('Ctrl Pts',(3.82766172246594,108.350882139412,-1.27748377065219));
#8182=CARTESIAN_POINT('Ctrl Pts',(3.96344754275404,108.329152674592,-0.757687200979352));
#8183=CARTESIAN_POINT('Ctrl Pts',(4.02260030465714,108.288895695304,0.285010078075924));
#8184=CARTESIAN_POINT('Ctrl Pts',(3.95305971170448,108.269185592103,0.79743641868783));
#8185=CARTESIAN_POINT('Ctrl Pts',(3.61821150060127,108.22664772918,1.78640237147539));
#8186=CARTESIAN_POINT('Ctrl Pts',(3.34898343669651,108.204915092709,2.2510094334824));
#8187=CARTESIAN_POINT('Ctrl Pts',(2.65747430840853,108.164604497617,3.03319746648755));
#8188=CARTESIAN_POINT('Ctrl Pts',(2.24754654933875,108.144965156133,3.34828736896612));
#8189=CARTESIAN_POINT('Ctrl Pts',(1.31404336234239,108.102456078072,3.81519231028875));
#8190=CARTESIAN_POINT('Ctrl Pts',(0.796101356826955,108.080720607043,3.95583984192318));
#8191=CARTESIAN_POINT('Ctrl Pts',(-0.245276595032636,108.040353939371,4.02519779799803));
#8192=CARTESIAN_POINT('Ctrl Pts',(-0.758193643918403,108.020786096597,3.96075156024822));
#8193=CARTESIAN_POINT('Ctrl Pts',(-1.74975870911932,107.978307843878,3.63599321463338));
#8194=CARTESIAN_POINT('Ctrl Pts',(-2.21658253929487,107.956569956641,3.37178085352964));
#8195=CARTESIAN_POINT('Ctrl Pts',(-3.00537144592576,107.916144800068,2.68887570909557));
#8196=CARTESIAN_POINT('Ctrl Pts',(-3.32462087106942,107.896648736032,2.28237470909476));
#8197=CARTESIAN_POINT('Ctrl Pts',(-3.8009486711204,107.854203440772,1.35446545884964));
#8198=CARTESIAN_POINT('Ctrl Pts',(-3.9469638715631,107.832463643454,0.838632126085797));
#8199=CARTESIAN_POINT('Ctrl Pts',(-4.02762497587179,107.791977644624,-0.201227337878031));
#8200=CARTESIAN_POINT('Ctrl Pts',(-3.96881554650882,107.772553127827,-0.714690445138351));
#8201=CARTESIAN_POINT('Ctrl Pts',(-3.65520786372229,107.730143008205,-1.70906808036089));
#8202=CARTESIAN_POINT('Ctrl Pts',(-3.39655573514217,107.708401900553,-2.17828040638543));
#8203=CARTESIAN_POINT('Ctrl Pts',(-2.72318403710794,107.667852792913,-2.97430409744106));
#8204=CARTESIAN_POINT('Ctrl Pts',(-2.32045610659681,107.648499028285,-3.29813879322766));
#8205=CARTESIAN_POINT('Ctrl Pts',(-1.39874792402122,107.606126381032,-3.78478782245789));
#8206=CARTESIAN_POINT('Ctrl Pts',(-0.885295488166331,107.584384661313,-3.93667405021659));
#8207=CARTESIAN_POINT('Ctrl Pts',(-0.238222882446082,107.559069300453,-3.99468568465002));
#8208=CARTESIAN_POINT('Ctrl Pts',(-0.119046050427479,107.554490665461,-4.));
#8209=CARTESIAN_POINT('Ctrl Pts',(-1.10467190950203E-13,107.55,-4.));
#8210=CARTESIAN_POINT('Origin',(0.,100.,0.));
#8211=CARTESIAN_POINT('',(-1.0826742563288E-14,106.55,-4.));
#8212=CARTESIAN_POINT('',(1.48979411614734E-15,106.675000002731,-4.));
#8213=CARTESIAN_POINT('',(-4.89858719658941E-16,100.,-4.));
#8214=CARTESIAN_POINT('Ctrl Pts',(-2.44929359829471E-16,106.675000002731,
-4.));
#8215=CARTESIAN_POINT('Ctrl Pts',(-0.0201302473229898,106.67575935767,-4.));
#8216=CARTESIAN_POINT('Ctrl Pts',(-0.0402669955236574,106.676521332209,
-3.99984804011385));
#8217=CARTESIAN_POINT('Ctrl Pts',(-0.594577282577281,106.697561889058,-3.99147581456459));
#8218=CARTESIAN_POINT('Ctrl Pts',(-1.12172510986235,106.719243864406,-3.87647682627577));
#8219=CARTESIAN_POINT('Ctrl Pts',(-2.08101123300503,106.762023875949,-3.45447765623802));
#8220=CARTESIAN_POINT('Ctrl Pts',(-2.5070547279449,106.782512746704,-3.15889167078033));
#8221=CARTESIAN_POINT('Ctrl Pts',(-3.23830761428711,106.822260544653,-2.4080856067988));
#8222=CARTESIAN_POINT('Ctrl Pts',(-3.53064799565605,106.843939477436,-1.95447564710796));
#8223=CARTESIAN_POINT('Ctrl Pts',(-3.91242386832066,106.886728603901,-0.978286855093475));
#8224=CARTESIAN_POINT('Ctrl Pts',(-4.00560556166408,106.907254496341,-0.468105583093507));
#8225=CARTESIAN_POINT('Ctrl Pts',(-3.99363755606513,106.946980663668,0.580064613120398));
#8226=CARTESIAN_POINT('Ctrl Pts',(-3.88049933840678,106.96865670149,1.10782579497052));
#8227=CARTESIAN_POINT('Ctrl Pts',(-3.46175346890739,107.01145423544,2.06892399252428));
#8228=CARTESIAN_POINT('Ctrl Pts',(-3.16756174036931,107.032014873058,2.49612221414249));
#8229=CARTESIAN_POINT('Ctrl Pts',(-2.41902334940752,107.07172089614,3.23017615598383));
#8230=CARTESIAN_POINT('Ctrl Pts',(-1.96623560603528,107.093394187403,3.52414048589656));
#8231=CARTESIAN_POINT('Ctrl Pts',(-0.990996473307636,107.136199474346,3.90924330944145));
#8232=CARTESIAN_POINT('Ctrl Pts',(-0.480972413642846,107.156792670802,4.0040991193497));
#8233=CARTESIAN_POINT('Ctrl Pts',(0.567545380892386,107.196479950469,3.99545910061811));
#8234=CARTESIAN_POINT('Ctrl Pts',(1.09583035500737,107.218150642776,3.88392754223436));
#8235=CARTESIAN_POINT('Ctrl Pts',(2.05848701915333,107.260963077575,3.46799048963909));
#8236=CARTESIAN_POINT('Ctrl Pts',(2.48668089285901,107.281586741112,3.17500065278782));
#8237=CARTESIAN_POINT('Ctrl Pts',(3.22314493282835,107.32125659511,2.42841938755202));
#8238=CARTESIAN_POINT('Ctrl Pts',(3.51850588938466,107.342924833955,1.97634408380786));
#8239=CARTESIAN_POINT('Ctrl Pts',(3.9064733392285,107.385743857408,1.00192736782299));
#8240=CARTESIAN_POINT('Ctrl Pts',(4.00277054573739,107.406395993602,0.492038507723025));
#8241=CARTESIAN_POINT('Ctrl Pts',(3.99699425155323,107.446049659393,-0.556774387676465));
#8242=CARTESIAN_POINT('Ctrl Pts',(3.88684609005346,107.4677155871,-1.0855060755693));
#8243=CARTESIAN_POINT('Ctrl Pts',(3.47332742186302,107.510540682702,-2.04950010104344));
#8244=CARTESIAN_POINT('Ctrl Pts',(3.18137103915686,107.531219395792,-2.47855026556203));
#8245=CARTESIAN_POINT('Ctrl Pts',(2.43647430600159,107.570858033603,-3.21708328971098));
#8246=CARTESIAN_POINT('Ctrl Pts',(1.98501428533614,107.592521788496,-3.51364269808918));
#8247=CARTESIAN_POINT('Ctrl Pts',(1.01522252790585,107.63518026873,-3.90250101964942));
#8248=CARTESIAN_POINT('Ctrl Pts',(0.509896000388067,107.655765661466,-3.99999999854564));
#8249=CARTESIAN_POINT('Ctrl Pts',(1.14090746572426E-8,107.675000002301,
-4.));
#8250=CARTESIAN_POINT('Ctrl Pts',(-1.09010023230383E-13,107.55,-4.));
#8251=CARTESIAN_POINT('Ctrl Pts',(0.391351529898559,107.535237403576,-4.00000000000001));
#8252=CARTESIAN_POINT('Ctrl Pts',(0.781221976858738,107.519633318442,-3.9425690720572));
#8253=CARTESIAN_POINT('Ctrl Pts',(1.66427939144852,107.482153061859,-3.67572183741148));
#8254=CARTESIAN_POINT('Ctrl Pts',(2.13603336634241,107.460411530531,-3.42317867671129));
#8255=CARTESIAN_POINT('Ctrl Pts',(2.93990805485066,107.419729877551,-2.76027806144275));
#8256=CARTESIAN_POINT('Ctrl Pts',(3.26875177254407,107.400512744864,-2.36166656203718));
#8257=CARTESIAN_POINT('Ctrl Pts',(3.76659495693893,107.358222196661,-1.44677156886936));
#8258=CARTESIAN_POINT('Ctrl Pts',(3.92483726675639,107.336481758537,-0.935985883091103));
#8259=CARTESIAN_POINT('Ctrl Pts',(4.03139976770562,107.295730968555,0.100164396620751));
#8260=CARTESIAN_POINT('Ctrl Pts',(3.98549087026336,107.276578375914,0.614889600036913));
#8261=CARTESIAN_POINT('Ctrl Pts',(3.69733758402656,107.234332554777,1.61545529321224));
#8262=CARTESIAN_POINT('Ctrl Pts',(3.45144061822535,107.212594219402,2.08987748852464));
#8263=CARTESIAN_POINT('Ctrl Pts',(2.79993118105615,107.171772624498,2.90218037143207));
#8264=CARTESIAN_POINT('Ctrl Pts',(2.40576643001754,107.152681115251,3.23644255912027));
#8265=CARTESIAN_POINT('Ctrl Pts',(1.50530634524572,107.110809035311,3.74235272618984));
#8266=CARTESIAN_POINT('Ctrl Pts',(1.00585090002862,107.089406337409,3.90633329040756));
#8267=CARTESIAN_POINT('Ctrl Pts',(-0.02667578260515,107.048470035799,4.03351667269215));
#8268=CARTESIAN_POINT('Ctrl Pts',(-0.549814442782115,107.029196686069,3.99595739295908));
#8269=CARTESIAN_POINT('Ctrl Pts',(-1.55393236031901,106.98704615406,3.72247843910728));
#8270=CARTESIAN_POINT('Ctrl Pts',(-2.02516274725188,106.965615919597,3.48859422461764));
#8271=CARTESIAN_POINT('Ctrl Pts',(-2.84965297904359,106.924608345836,2.85460500358759));
#8272=CARTESIAN_POINT('Ctrl Pts',(-3.19555449848769,106.905412742092,2.46124455805063));
#8273=CARTESIAN_POINT('Ctrl Pts',(-3.71910093672798,106.863315870075,1.56213049262655));
#8274=CARTESIAN_POINT('Ctrl Pts',(-3.89087604249082,106.841858569782,1.06445616436226));
#8275=CARTESIAN_POINT('Ctrl Pts',(-4.03329201926356,106.800778929042,0.0344391561917459));
#8276=CARTESIAN_POINT('Ctrl Pts',(-4.00382292976031,106.781655651381,-0.487886100758734));
#8277=CARTESIAN_POINT('Ctrl Pts',(-3.7463585109077,106.739615100525,-1.49572189204182));
#8278=CARTESIAN_POINT('Ctrl Pts',(-3.51945099627905,106.718131360787,-1.97126052975893));
#8279=CARTESIAN_POINT('Ctrl Pts',(-2.89834423480126,106.676979105949,-2.80492229833707));
#8280=CARTESIAN_POINT('Ctrl Pts',(-2.5114114798423,106.657922032736,-3.15607356022201));
#8281=CARTESIAN_POINT('Ctrl Pts',(-1.6212395646498,106.615940402521,-3.69383278346359));
#8282=CARTESIAN_POINT('Ctrl Pts',(-1.12555744205676,106.594431002732,-3.87375186701489));
#8283=CARTESIAN_POINT('Ctrl Pts',(-0.407249928281077,106.565605075016,-3.98446349911173));
#8284=CARTESIAN_POINT('Ctrl Pts',(-0.203551841607216,106.55767840026,-4.));
#8285=CARTESIAN_POINT('Ctrl Pts',(-2.52575738102223E-14,106.55,-4.));
#8286=CARTESIAN_POINT('Origin',(0.,100.,0.));
#8287=CARTESIAN_POINT('',(2.77348948837017E-15,105.55,-4.));
#8288=CARTESIAN_POINT('',(-2.18942783400201E-14,105.675000002731,-4.));
#8289=CARTESIAN_POINT('',(-4.89858719658941E-16,100.,-4.));
#8290=CARTESIAN_POINT('Ctrl Pts',(-4.32986979603812E-14,105.675000002731,
-4.));
#8291=CARTESIAN_POINT('Ctrl Pts',(-0.0655720172712992,105.677473516066,
-4.));
#8292=CARTESIAN_POINT('Ctrl Pts',(-0.131201812986143,105.679974402109,-3.99838763611251));
#8293=CARTESIAN_POINT('Ctrl Pts',(-0.713157393668988,105.702374971936,-3.96971622279208));
#8294=CARTESIAN_POINT('Ctrl Pts',(-1.21966538218907,105.723439174359,-3.84442572306774));
#8295=CARTESIAN_POINT('Ctrl Pts',(-2.16725326210313,105.766077419313,-3.40325755725557));
#8296=CARTESIAN_POINT('Ctrl Pts',(-2.59730890015652,105.786613442725,-3.08756808293259));
#8297=CARTESIAN_POINT('Ctrl Pts',(-3.30205358008567,105.826733352076,-2.315917410611));
#8298=CARTESIAN_POINT('Ctrl Pts',(-3.57329872002429,105.847776167128,-1.87043278566735));
#8299=CARTESIAN_POINT('Ctrl Pts',(-3.93007866471283,105.889794050819,-0.904335731166598));
#8300=CARTESIAN_POINT('Ctrl Pts',(-4.01355565154099,105.909954406074,-0.393238837404975));
#8301=CARTESIAN_POINT('Ctrl Pts',(-3.98225791829417,105.949902689501,0.652812947498014));
#8302=CARTESIAN_POINT('Ctrl Pts',(-3.85981065672308,105.971605685597,1.17743285203323));
#8303=CARTESIAN_POINT('Ctrl Pts',(-3.42478532947819,106.014312697959,2.12938818013395));
#8304=CARTESIAN_POINT('Ctrl Pts',(-3.12359266734184,106.034527685863,2.55079150129414));
#8305=CARTESIAN_POINT('Ctrl Pts',(-2.36369823081107,106.07444145068,3.27072499490182));
#8306=CARTESIAN_POINT('Ctrl Pts',(-1.90682897659218,106.0961406697,3.55649506240415));
#8307=CARTESIAN_POINT('Ctrl Pts',(-0.926869429275321,106.138862372031,3.92485238192411));
#8308=CARTESIAN_POINT('Ctrl Pts',(-0.416051763742255,106.159129407293,4.01128029736335));
#8309=CARTESIAN_POINT('Ctrl Pts',(0.630662914412592,106.199010757093,3.98586668211468));
#8310=CARTESIAN_POINT('Ctrl Pts',(1.15625692054417,106.22070628788,3.86624888962792));
#8311=CARTESIAN_POINT('Ctrl Pts',(2.11101179465774,106.263441572285,3.43617285357194));
#8312=CARTESIAN_POINT('Ctrl Pts',(2.53418133461756,106.283758058508,3.13711507671522));
#8313=CARTESIAN_POINT('Ctrl Pts',(3.25843536833727,106.323609012687,2.38067535562292));
#8314=CARTESIAN_POINT('Ctrl Pts',(3.54671467670388,106.345300962417,1.92503816947151));
#8315=CARTESIAN_POINT('Ctrl Pts',(3.92018882884815,106.388048797991,0.946505300045983));
#8316=CARTESIAN_POINT('Ctrl Pts',(4.009192494767,106.408412151727,0.435930766819708));
#8317=CARTESIAN_POINT('Ctrl Pts',(3.98891037098581,106.448234642403,-0.611349108863404));
#8318=CARTESIAN_POINT('Ctrl Pts',(3.87176324525096,106.469923132552,-1.13777985369862));
#8319=CARTESIAN_POINT('Ctrl Pts',(3.44600795223882,106.51268256125,-2.09496449536976));
#8320=CARTESIAN_POINT('Ctrl Pts',(3.14880927070291,106.533090232385,-2.51967274447336));
#8321=CARTESIAN_POINT('Ctrl Pts',(2.39538394988435,106.572886102508,-3.24767880459717));
#8322=CARTESIAN_POINT('Ctrl Pts',(1.94082871278803,106.59457126531,-3.53813580566946));
#8323=CARTESIAN_POINT('Ctrl Pts',(0.982338927110479,106.636518997299,-3.90879161304583));
#8324=CARTESIAN_POINT('Ctrl Pts',(0.49317364030184,106.656396463809,-4.));
#8325=CARTESIAN_POINT('Ctrl Pts',(1.2490009027033E-15,106.675000002731,
-4.));
#8326=CARTESIAN_POINT('Ctrl Pts',(-2.56739074444567E-14,106.55,-4.));
#8327=CARTESIAN_POINT('Ctrl Pts',(0.311241223676619,106.53825933151,-4.));
#8328=CARTESIAN_POINT('Ctrl Pts',(0.622097367109226,106.525965626179,-3.96367597624499));
#8329=CARTESIAN_POINT('Ctrl Pts',(1.43475734892721,106.492288001877,-3.7702427706456));
#8330=CARTESIAN_POINT('Ctrl Pts',(1.91467254896607,106.47075386873,-3.55067603395905));
#8331=CARTESIAN_POINT('Ctrl Pts',(2.75777700643126,106.429455783331,-2.9430327841099));
#8332=CARTESIAN_POINT('Ctrl Pts',(3.11434506402089,106.410510210915,-2.56273871501387));
#8333=CARTESIAN_POINT('Ctrl Pts',(3.66671378677308,106.368653830309,-1.68193857819323));
#8334=CARTESIAN_POINT('Ctrl Pts',(3.85503498386243,106.347096029131,-1.18845362023262));
#8335=CARTESIAN_POINT('Ctrl Pts',(4.02979873301411,106.305725260185,-0.164117786034071));
#8336=CARTESIAN_POINT('Ctrl Pts',(4.01735381920691,106.28682389021,0.356482483224752));
#8337=CARTESIAN_POINT('Ctrl Pts',(3.79375384060305,106.245033570588,1.37171183800472));
#8338=CARTESIAN_POINT('Ctrl Pts',(3.58181463823552,106.223453293826,1.85600971812392));
#8339=CARTESIAN_POINT('Ctrl Pts',(2.9880702952408,106.182010352391,2.70871137670364));
#8340=CARTESIAN_POINT('Ctrl Pts',(2.61454728342282,106.16314490307,3.07080171461011));
#8341=CARTESIAN_POINT('Ctrl Pts',(1.74344551334601,106.121422708728,3.63799644496385));
#8342=CARTESIAN_POINT('Ctrl Pts',(1.25234724845824,106.09982126183,3.83487295493105));
#8343=CARTESIAN_POINT('Ctrl Pts',(0.231141857346177,106.058306921428,4.0263828354634));
#8344=CARTESIAN_POINT('Ctrl Pts',(-0.288570772922865,106.039468800605,4.02267471239492));
#8345=CARTESIAN_POINT('Ctrl Pts',(-1.30736750492365,105.99781659196,3.81652624684481));
#8346=CARTESIAN_POINT('Ctrl Pts',(-1.79599071617671,105.976195376969,3.61240927088913));
#8347=CARTESIAN_POINT('Ctrl Pts',(-2.65831881361342,105.934610660127,3.03283158104477));
#8348=CARTESIAN_POINT('Ctrl Pts',(-3.02596995782988,105.915791086846,2.66612681507906));
#8349=CARTESIAN_POINT('Ctrl Pts',(-3.60801519817373,105.874210489942,1.80493002871814));
#8350=CARTESIAN_POINT('Ctrl Pts',(-3.8134865732687,105.852570989255,1.31638308023647));
#8351=CARTESIAN_POINT('Ctrl Pts',(-4.02184405065957,105.810917136851,0.29845777538732));
#8352=CARTESIAN_POINT('Ctrl Pts',(-4.02687792248739,105.792107292908,-0.220366244588675));
#8353=CARTESIAN_POINT('Ctrl Pts',(-3.83822968420461,105.750599661932,-1.24257910208748));
#8354=CARTESIAN_POINT('Ctrl Pts',(-3.64202695116587,105.728943415787,-1.73540916432672));
#8355=CARTESIAN_POINT('Ctrl Pts',(-3.0767008908787,105.687221920595,-2.60726642866493));
#8356=CARTESIAN_POINT('Ctrl Pts',(-2.71677551576534,105.668412973829,-2.98044597104598));
#8357=CARTESIAN_POINT('Ctrl Pts',(-1.86555812770878,105.626979420755,-3.57717280496723));
#8358=CARTESIAN_POINT('Ctrl Pts',(-1.37969344768157,105.60530800659,-3.79116221158001));
#8359=CARTESIAN_POINT('Ctrl Pts',(-0.581260131146638,105.572421610549,-3.96830301676816));
#8360=CARTESIAN_POINT('Ctrl Pts',(-0.290743200529689,105.560967440279,-4.));
#8361=CARTESIAN_POINT('Ctrl Pts',(1.17961196366423E-15,105.55,-4.));
#8362=CARTESIAN_POINT('Origin',(0.,100.,0.));
#8363=CARTESIAN_POINT('',(5.01661348520565E-14,104.55,-4.));
#8364=CARTESIAN_POINT('',(-6.01796254548282E-14,104.675000002731,-4.));
#8365=CARTESIAN_POINT('',(-4.89858719658941E-16,100.,-4.));
#8366=CARTESIAN_POINT('Ctrl Pts',(-1.08316133839992E-13,104.675000002731,
-4.));
#8367=CARTESIAN_POINT('Ctrl Pts',(-0.119232256399891,104.67949769227,-4.));
#8368=CARTESIAN_POINT('Ctrl Pts',(-0.238600724035313,104.684083816043,-3.99466905200369));
#8369=CARTESIAN_POINT('Ctrl Pts',(-0.87470180032444,104.708971380506,-3.93754877180972));
#8370=CARTESIAN_POINT('Ctrl Pts',(-1.37769195103328,104.730235780498,-3.79095281587178));
#8371=CARTESIAN_POINT('Ctrl Pts',(-2.30359544243371,104.772650604026,-3.31173287646309));
#8372=CARTESIAN_POINT('Ctrl Pts',(-2.71681692206729,104.792458653238,-2.98211533638482));
#8373=CARTESIAN_POINT('Ctrl Pts',(-3.38967874453175,104.832998441726,-2.18612749555219));
#8374=CARTESIAN_POINT('Ctrl Pts',(-3.64430416679802,104.854235555419,-1.72860796567671));
#8375=CARTESIAN_POINT('Ctrl Pts',(-3.96637438637719,104.896685818086,-0.736671449204971));
#8376=CARTESIAN_POINT('Ctrl Pts',(-4.02867519650122,104.916588920565,-0.211097340376782));
#8377=CARTESIAN_POINT('Ctrl Pts',(-3.94747738538111,104.957068444348,0.828368160970033));
#8378=CARTESIAN_POINT('Ctrl Pts',(-3.80700427523234,104.978278754005,1.33246056061078));
#8379=CARTESIAN_POINT('Ctrl Pts',(-3.33866377857844,105.020762097643,2.26468691012482));
#8380=CARTESIAN_POINT('Ctrl Pts',(-3.01303030836635,105.040760047428,2.68274149491355));
#8381=CARTESIAN_POINT('Ctrl Pts',(-2.22401331268292,105.081181432724,3.36485462189594));
#8382=CARTESIAN_POINT('Ctrl Pts',(-1.76991309445405,105.102365518087,3.62434117961585));
#8383=CARTESIAN_POINT('Ctrl Pts',(-0.781096486018282,105.144879685361,3.95803341835653));
#8384=CARTESIAN_POINT('Ctrl Pts',(-0.254951647684507,105.164971728761,4.02630180852869));
#8385=CARTESIAN_POINT('Ctrl Pts',(0.78602566549082,105.205337174266,3.95605484376829));
#8386=CARTESIAN_POINT('Ctrl Pts',(1.29105945898569,105.226495700067,3.82116862619549));
#8387=CARTESIAN_POINT('Ctrl Pts',(2.2289908860782,105.269038540188,3.36279363037072));
#8388=CARTESIAN_POINT('Ctrl Pts',(2.65145846281248,105.289223432121,3.04080761382858));
#8389=CARTESIAN_POINT('Ctrl Pts',(3.34194945135463,105.329535188652,2.25816706418082));
#8390=CARTESIAN_POINT('Ctrl Pts',(3.60581138429544,105.350668892087,1.80721479389894));
#8391=CARTESIAN_POINT('Ctrl Pts',(3.950047039008,105.393238364448,0.821299291833301));
#8392=CARTESIAN_POINT('Ctrl Pts',(4.02374785335692,105.41351442625,0.294642136275169));
#8393=CARTESIAN_POINT('Ctrl Pts',(3.96342074479055,105.45377477755,-0.747658103372101));
#8394=CARTESIAN_POINT('Ctrl Pts',(3.83358995865944,105.474884455974,-1.25349099738767));
#8395=CARTESIAN_POINT('Ctrl Pts',(3.38426555485689,105.517478631955,-2.19653219907178));
#8396=CARTESIAN_POINT('Ctrl Pts',(3.06559141541172,105.53784380923,-2.62299598771102));
#8397=CARTESIAN_POINT('Ctrl Pts',(2.28873456809702,105.578055054157,-3.32101732623952));
#8398=CARTESIAN_POINT('Ctrl Pts',(1.8406533862755,105.599141553226,-3.58878960042013));
#8399=CARTESIAN_POINT('Ctrl Pts',(0.919242931673407,105.639078484337,-3.92027157555192));
#8400=CARTESIAN_POINT('Ctrl Pts',(0.461096504356247,105.657606480319,-4.00000000000001));
#8401=CARTESIAN_POINT('Ctrl Pts',(-4.19109191795997E-14,105.675000002731,
-4.));
#8402=CARTESIAN_POINT('Ctrl Pts',(5.55111512312578E-16,105.55,-4.));
#8403=CARTESIAN_POINT('Ctrl Pts',(0.220369723062489,105.541687194154,-4.));
#8404=CARTESIAN_POINT('Ctrl Pts',(0.440847793477809,105.533085773006,-3.98179019436228));
#8405=CARTESIAN_POINT('Ctrl Pts',(1.1782289742515,105.503345196116,-3.85858892067063));
#8406=CARTESIAN_POINT('Ctrl Pts',(1.6750924593843,105.481660209044,-3.67028431251928));
#8407=CARTESIAN_POINT('Ctrl Pts',(2.55625718233302,105.439808711868,-3.11910831804684));
#8408=CARTESIAN_POINT('Ctrl Pts',(2.93486655725909,105.420975801503,-2.76583561517742));
#8409=CARTESIAN_POINT('Ctrl Pts',(3.54591900605178,105.379692595926,-1.92453775330258));
#8410=CARTESIAN_POINT('Ctrl Pts',(3.7682368773609,105.357995628464,-1.44144542689478));
#8411=CARTESIAN_POINT('Ctrl Pts',(4.00971590677826,105.31608211904,-0.430356096704968));
#8412=CARTESIAN_POINT('Ctrl Pts',(4.03181156473749,105.297224990107,0.0867413724908048));
#8413=CARTESIAN_POINT('Ctrl Pts',(3.87739764737175,105.256017462155,1.11517891847669));
#8414=CARTESIAN_POINT('Ctrl Pts',(3.69686749732935,105.234310084834,1.61585624765243));
#8415=CARTESIAN_POINT('Ctrl Pts',(3.15955702971613,105.192336747177,2.50599421056716));
#8416=CARTESIAN_POINT('Ctrl Pts',(2.81273057141308,105.173447833194,2.88987096842242));
#8417=CARTESIAN_POINT('Ctrl Pts',(1.98115980324912,105.132315920278,3.51472396845882));
#8418=CARTESIAN_POINT('Ctrl Pts',(1.50088461253395,105.110599663649,3.74507751360278));
#8419=CARTESIAN_POINT('Ctrl Pts',(0.493252928785197,105.068568794216,4.00241508056152));
#8420=CARTESIAN_POINT('Ctrl Pts',(-0.023030153385802,105.04964107637,4.03262859629566));
#8421=CARTESIAN_POINT('Ctrl Pts',(-1.05422402875179,105.008584421133,3.89452490047144));
#8422=CARTESIAN_POINT('Ctrl Pts',(-1.55846023179372,104.986860759558,3.7215444397542));
#8423=CARTESIAN_POINT('Ctrl Pts',(-2.45714063278499,104.944774742037,3.19764573071508));
#8424=CARTESIAN_POINT('Ctrl Pts',(-2.84606556957448,104.925801815407,2.85698906805487));
#8425=CARTESIAN_POINT('Ctrl Pts',(-3.4840496305027,104.884819774358,2.03483041682679));
#8426=CARTESIAN_POINT('Ctrl Pts',(-3.72205731351807,104.863090111929,1.55737029049755));
#8427=CARTESIAN_POINT('Ctrl Pts',(-3.99454448203734,104.820951392466,0.553154708715265));
#8428=CARTESIAN_POINT('Ctrl Pts',(-4.03248614534081,104.801927516732,0.0376416266193089));
#8429=CARTESIAN_POINT('Ctrl Pts',(-3.90991390640025,104.761019172946,-0.996053901511196));
#8430=CARTESIAN_POINT('Ctrl Pts',(-3.74416885352966,104.739284831731,-1.50357022233076));
#8431=CARTESIAN_POINT('Ctrl Pts',(-3.23308058849949,104.697095895091,-2.4102852346461));
#8432=CARTESIAN_POINT('Ctrl Pts',(-2.89825959972734,104.678016029377,-2.8039917528006));
#8433=CARTESIAN_POINT('Ctrl Pts',(-2.08509146734038,104.637180208794,-3.45432273640497));
#8434=CARTESIAN_POINT('Ctrl Pts',(-1.61039897088022,104.615442419563,-3.69953218432685));
#8435=CARTESIAN_POINT('Ctrl Pts',(-0.742875913564093,104.578833696875,-3.948104505702));
#8436=CARTESIAN_POINT('Ctrl Pts',(-0.372015469864231,104.564033199887,-4.));
#8437=CARTESIAN_POINT('Ctrl Pts',(1.1143863609675E-13,104.55,-4.));
#8438=CARTESIAN_POINT('Origin',(0.,100.,0.));
#8439=CARTESIAN_POINT('',(-4.89858719658942E-16,99.95,-4.00000000000001));
#8440=CARTESIAN_POINT('Origin',(0.,99.95,0.));
#8441=CARTESIAN_POINT('',(7.61210256237078E-16,102.675000002731,-4.));
#8442=CARTESIAN_POINT('',(-4.89858719658941E-16,100.,-4.));
#8443=CARTESIAN_POINT('',(-1.96391378212502E-14,103.675000002731,-4.));
#8444=CARTESIAN_POINT('Ctrl Pts',(2.08166817117217E-16,102.675000002731,
-4.));
#8445=CARTESIAN_POINT('Ctrl Pts',(-0.280269239922173,102.685572343358,-4.));
#8446=CARTESIAN_POINT('Ctrl Pts',(-0.560386380716981,102.696599170918,-3.97054563653705));
#8447=CARTESIAN_POINT('Ctrl Pts',(-1.34950000744519,102.729000387043,-3.80195662445327));
#8448=CARTESIAN_POINT('Ctrl Pts',(-1.83666390540859,102.750657295971,-3.59203214263404));
#8449=CARTESIAN_POINT('Ctrl Pts',(-2.69266425713762,102.792161864831,-3.00230739411615));
#8450=CARTESIAN_POINT('Ctrl Pts',(-3.05582765409975,102.810971496027,-2.63176886344687));
#8451=CARTESIAN_POINT('Ctrl Pts',(-3.62798188968312,102.852628194304,-1.76445766662488));
#8452=CARTESIAN_POINT('Ctrl Pts',(-3.82798178950607,102.874268422791,-1.27362506516369));
#8453=CARTESIAN_POINT('Ctrl Pts',(-4.02500746692575,102.915846009332,-0.253027757780281));
#8454=CARTESIAN_POINT('Ctrl Pts',(-4.02415631463797,102.934665000757,0.266221761939726));
#8455=CARTESIAN_POINT('Ctrl Pts',(-3.82387087879546,102.97625262118,1.28573482806822));
#8456=CARTESIAN_POINT('Ctrl Pts',(-3.62251567753464,102.997874627112,1.77552297141799));
#8457=CARTESIAN_POINT('Ctrl Pts',(-3.04757746269965,103.039523886639,2.64148380746416));
#8458=CARTESIAN_POINT('Ctrl Pts',(-2.68259142007945,103.05836105986,3.01145624490741));
#8459=CARTESIAN_POINT('Ctrl Pts',(-1.82487184918806,103.099878350614,3.59784463243304));
#8460=CARTESIAN_POINT('Ctrl Pts',(-1.33831019857519,103.121480648622,3.80572796905645));
#8461=CARTESIAN_POINT('Ctrl Pts',(-0.321206756878601,103.163199966466,4.0202593877809));
#8462=CARTESIAN_POINT('Ctrl Pts',(0.198931950886938,103.18206410557,4.02816163212681));
#8463=CARTESIAN_POINT('Ctrl Pts',(1.22165853220278,103.223510035117,3.84470252437148));
#8464=CARTESIAN_POINT('Ctrl Pts',(1.7139227792246,103.245091219521,3.65193774393531));
#8465=CARTESIAN_POINT('Ctrl Pts',(2.5897054654051,103.286878744301,3.0918625966471));
#8466=CARTESIAN_POINT('Ctrl Pts',(2.96648436395492,103.305778451979,2.73242753454473));
#8467=CARTESIAN_POINT('Ctrl Pts',(3.56693315832112,103.347152236036,1.88433628976266));
#8468=CARTESIAN_POINT('Ctrl Pts',(3.78255770015151,103.368710997029,1.40213530312464));
#8469=CARTESIAN_POINT('Ctrl Pts',(4.01443617018783,103.41056467241,0.388655471660184));
#8470=CARTESIAN_POINT('Ctrl Pts',(4.03103349450234,103.429508245497,-0.132366513259291));
#8471=CARTESIAN_POINT('Ctrl Pts',(3.86419518183727,103.470809361964,-1.15813870667182));
#8472=CARTESIAN_POINT('Ctrl Pts',(3.67992607646416,103.492344502098,-1.65270135920465));
#8473=CARTESIAN_POINT('Ctrl Pts',(3.13459664266262,103.534262093619,-2.53803994600833));
#8474=CARTESIAN_POINT('Ctrl Pts',(2.78064139222813,103.553257418933,-2.92153679813083));
#8475=CARTESIAN_POINT('Ctrl Pts',(1.94208855519133,103.594485612818,-3.535695574829));
#8476=CARTESIAN_POINT('Ctrl Pts',(1.46427524464415,103.615996061229,-3.75882089849803));
#8477=CARTESIAN_POINT('Ctrl Pts',(0.643236707386526,103.650128814067,-3.96115470827105));
#8478=CARTESIAN_POINT('Ctrl Pts',(0.321861405569137,103.662858718817,-4.));
#8479=CARTESIAN_POINT('Ctrl Pts',(-4.35762537165374E-14,103.675000002731,
-4.));
#8480=CARTESIAN_POINT('',(3.21943996409367E-14,103.55,-4.));
#8481=CARTESIAN_POINT('',(-4.89858719658941E-16,100.,-4.));
#8482=CARTESIAN_POINT('',(-4.,102.8,0.));
#8483=CARTESIAN_POINT('Ctrl Pts',(6.48786580015324E-14,103.55,-4.));
#8484=CARTESIAN_POINT('Ctrl Pts',(0.0767147201895359,103.547106160658,-4.));
#8485=CARTESIAN_POINT('Ctrl Pts',(0.153500940765688,103.544175141409,-3.99779310324092));
#8486=CARTESIAN_POINT('Ctrl Pts',(0.76131598062716,103.520699469726,-3.96274542815945));
#8487=CARTESIAN_POINT('Ctrl Pts',(1.28093938274357,103.498969352598,-3.82649979666362));
#8488=CARTESIAN_POINT('Ctrl Pts',(2.21897740426757,103.45640982402,-3.36731408125235));
#8489=CARTESIAN_POINT('Ctrl Pts',(2.63170013139692,103.436643800784,-3.05561342895396));
#8490=CARTESIAN_POINT('Ctrl Pts',(3.33018788829133,103.396428013678,-2.27882936680848));
#8491=CARTESIAN_POINT('Ctrl Pts',(3.60348181264106,103.374701284428,-1.81606303782067));
#8492=CARTESIAN_POINT('Ctrl Pts',(3.94653210712859,103.332116404729,-0.829248100067787));
#8493=CARTESIAN_POINT('Ctrl Pts',(4.02021017934028,103.312281923519,-0.317218384410937));
#8494=CARTESIAN_POINT('Ctrl Pts',(3.96933746354467,103.272115289634,0.726513575389314));
#8495=CARTESIAN_POINT('Ctrl Pts',(3.83750646476618,103.250392156653,1.24778043084081));
#8496=CARTESIAN_POINT('Ctrl Pts',(3.38605593245653,103.207783694172,2.19031969161831));
#8497=CARTESIAN_POINT('Ctrl Pts',(3.07773563562035,103.187882478625,2.6058324809193));
#8498=CARTESIAN_POINT('Ctrl Pts',(2.30636318755923,103.147762533368,3.31125115161438));
#8499=CARTESIAN_POINT('Ctrl Pts',(1.84546297485659,103.126043143666,3.58858054812232));
#8500=CARTESIAN_POINT('Ctrl Pts',(0.860822824321121,103.083412768355,3.93979296256579));
#8501=CARTESIAN_POINT('Ctrl Pts',(0.349185879166636,103.063446793666,4.01758550933521));
#8502=CARTESIAN_POINT('Ctrl Pts',(-0.695542446841355,103.023371101559,3.97493850814817));
#8503=CARTESIAN_POINT('Ctrl Pts',(-1.21823935928831,103.001655547858,3.84704504634556));
#8504=CARTESIAN_POINT('Ctrl Pts',(-2.16475459204026,102.9590048324,3.40248916891713));
#8505=CARTESIAN_POINT('Ctrl Pts',(-2.58274551852686,102.938976276674,3.09716892580612));
#8506=CARTESIAN_POINT('Ctrl Pts',(-3.27261454053039,102.900161988609,2.35396814104797));
#8507=CARTESIAN_POINT('Ctrl Pts',(-3.54150361338359,102.879810865238,1.9258441179662));
#8508=CARTESIAN_POINT('Ctrl Pts',(-3.90648160660058,102.838970089692,0.994347552479339));
#8509=CARTESIAN_POINT('Ctrl Pts',(-4.,102.818837788254,0.499383512322116));
#8510=CARTESIAN_POINT('Ctrl Pts',(-4.,102.8,1.38777878078145E-16));
#8511=CARTESIAN_POINT('',(-4.,101.925000002731,0.));
#8512=CARTESIAN_POINT('',(-4.,102.362500001366,0.));
#8513=CARTESIAN_POINT('Ctrl Pts',(-4.,101.925000002731,-1.11022302462516E-15));
#8514=CARTESIAN_POINT('Ctrl Pts',(-4.,101.941357435353,0.433630107991326));
#8515=CARTESIAN_POINT('Ctrl Pts',(-3.92948716524311,101.958707324784,0.864362544032992));
#8516=CARTESIAN_POINT('Ctrl Pts',(-3.65146632018238,101.994228649826,1.69086107288304));
#8517=CARTESIAN_POINT('Ctrl Pts',(-3.44430637862431,102.012168139185,2.08062252235589));
#8518=CARTESIAN_POINT('Ctrl Pts',(-2.86687228589636,102.049690044148,2.83613473277016));
#8519=CARTESIAN_POINT('Ctrl Pts',(-2.48033582063692,102.068619519864,3.17970947395077));
#8520=CARTESIAN_POINT('Ctrl Pts',(-1.58568979656731,102.110652732043,3.70996848855884));
#8521=CARTESIAN_POINT('Ctrl Pts',(-1.08312539424138,102.132369325746,3.88653268947855));
#8522=CARTESIAN_POINT('Ctrl Pts',(-0.0532209717827281,102.173498098063,
4.03236489312961));
#8523=CARTESIAN_POINT('Ctrl Pts',(0.46344728571165,102.192388490765,4.00599748846145));
#8524=CARTESIAN_POINT('Ctrl Pts',(1.47273377386503,102.234364268787,3.75618082308865));
#8525=CARTESIAN_POINT('Ctrl Pts',(1.95436154611656,102.256072045754,3.52963539692757));
#8526=CARTESIAN_POINT('Ctrl Pts',(2.79056141464244,102.297276424071,2.91132024814005));
#8527=CARTESIAN_POINT('Ctrl Pts',(3.14044643049027,102.31613472824,2.52994353652317));
#8528=CARTESIAN_POINT('Ctrl Pts',(3.68435455560263,102.358050771517,1.64405726783688));
#8529=CARTESIAN_POINT('Ctrl Pts',(3.86858814445146,102.379748203228,1.14517760802607));
#8530=CARTESIAN_POINT('Ctrl Pts',(4.03104424487991,102.421028262513,0.118148461793815));
#8531=CARTESIAN_POINT('Ctrl Pts',(4.01295319891994,102.439862023359,-0.399352623211543));
#8532=CARTESIAN_POINT('Ctrl Pts',(3.77927479301584,102.481716142695,-1.41209866592213));
#8533=CARTESIAN_POINT('Ctrl Pts',(3.56091740875901,102.503401659934,-1.89652793815889));
#8534=CARTESIAN_POINT('Ctrl Pts',(2.95667410810134,102.544757176254,-2.74256317532907));
#8535=CARTESIAN_POINT('Ctrl Pts',(2.58065020569893,102.563574409549,-3.09900276269716));
#8536=CARTESIAN_POINT('Ctrl Pts',(1.70391046942841,102.605364552253,-3.65693493375838));
#8537=CARTESIAN_POINT('Ctrl Pts',(1.20895498678912,102.62703656304,-3.84901538516523));
#8538=CARTESIAN_POINT('Ctrl Pts',(0.46234531865574,102.657246372727,-3.97996801850908));
#8539=CARTESIAN_POINT('Ctrl Pts',(0.231132843984965,102.666281189502,-4.));
#8540=CARTESIAN_POINT('Ctrl Pts',(-2.77555756156289E-15,102.675000002731,
-4.));
#8541=CARTESIAN_POINT('Ctrl Pts',(0.,108.929478593772,3.12947859377234));
#8542=CARTESIAN_POINT('Ctrl Pts',(0.,109.583159531258,3.78315953125753));
#8543=CARTESIAN_POINT('Ctrl Pts',(0.,110.236840468743,4.43684046874276));
#8544=CARTESIAN_POINT('Ctrl Pts',(0.,110.890521406228,5.0905214062277));
#8545=CARTESIAN_POINT('Ctrl Pts',(0.204823894994985,108.929478593773,3.12947859377214));
#8546=CARTESIAN_POINT('Ctrl Pts',(0.247607212307328,109.583159531258,3.78315953125777));
#8547=CARTESIAN_POINT('Ctrl Pts',(0.290390529619881,110.236840468744,4.43684046874113));
#8548=CARTESIAN_POINT('Ctrl Pts',(0.333173846932256,110.890521406228,5.09052140622717));
#8549=CARTESIAN_POINT('Ctrl Pts',(0.409642725315758,108.929478593771,3.10930569974087));
#8550=CARTESIAN_POINT('Ctrl Pts',(0.495208302038769,109.583159531256,3.75877295245762));
#8551=CARTESIAN_POINT('Ctrl Pts',(0.580773878761509,110.236840468743,4.40824020517361));
#8552=CARTESIAN_POINT('Ctrl Pts',(0.666339455484438,110.890521406227,5.0577074578919));
#8553=CARTESIAN_POINT('Ctrl Pts',(0.811419247887732,108.929478593772,3.02938738047782));
#8554=CARTESIAN_POINT('Ctrl Pts',(0.980907320343631,109.583159531259,3.66216141089005));
#8555=CARTESIAN_POINT('Ctrl Pts',(1.15039539280073,110.236840468743,4.29493544130632));
#8556=CARTESIAN_POINT('Ctrl Pts',(1.31988346525778,110.890521406227,4.92770947172072));
#8557=CARTESIAN_POINT('Ctrl Pts',(1.00836700542289,108.929478593772,2.96964393138597));
#8558=CARTESIAN_POINT('Ctrl Pts',(1.21899323905415,109.583159531256,3.58993883703903));
#8559=CARTESIAN_POINT('Ctrl Pts',(1.42961947268403,110.236840468744,4.21023374269036));
#8560=CARTESIAN_POINT('Ctrl Pts',(1.64024570631429,110.890521406228,4.83052864834252));
#8561=CARTESIAN_POINT('Ctrl Pts',(1.38683221413327,108.929478593772,2.81287850905177));
#8562=CARTESIAN_POINT('Ctrl Pts',(1.67651171015921,109.583159531259,3.40042848126959));
#8563=CARTESIAN_POINT('Ctrl Pts',(1.96619120618541,110.236840468742,3.98797845348853));
#8564=CARTESIAN_POINT('Ctrl Pts',(2.25587070221266,110.890521406227,4.57552842570616));
#8565=CARTESIAN_POINT('Ctrl Pts',(1.56834030701025,108.929478593772,2.71586041214385));
#8566=CARTESIAN_POINT('Ctrl Pts',(1.89593294951039,109.583159531257,3.28314538537139));
#8567=CARTESIAN_POINT('Ctrl Pts',(2.22352559201056,110.236840468744,3.85043035859964));
#8568=CARTESIAN_POINT('Ctrl Pts',(2.55111823451071,110.890521406228,4.41771533183038));
#8569=CARTESIAN_POINT('Ctrl Pts',(1.90894999613405,108.929478593772,2.48827229400318));
#8570=CARTESIAN_POINT('Ctrl Pts',(2.3076886951513,109.583159531258,3.00801899209467));
#8571=CARTESIAN_POINT('Ctrl Pts',(2.70642739416893,110.236840468743,3.52776569018641));
#8572=CARTESIAN_POINT('Ctrl Pts',(3.10516609318768,110.890521406227,4.04751238827787));
#8573=CARTESIAN_POINT('Ctrl Pts',(2.06804317013463,108.929478593772,2.35770790033419));
#8574=CARTESIAN_POINT('Ctrl Pts',(2.50001301996964,109.583159531258,2.85018249775642));
#8575=CARTESIAN_POINT('Ctrl Pts',(2.93198286980454,110.236840468742,3.34265709517791));
#8576=CARTESIAN_POINT('Ctrl Pts',(3.36395271963897,110.890521406228,3.83513169259912));
#8577=CARTESIAN_POINT('Ctrl Pts',(2.35770790033456,108.929478593773,2.068043170135));
#8578=CARTESIAN_POINT('Ctrl Pts',(2.85018249775486,109.583159531257,2.50001301996834));
#8579=CARTESIAN_POINT('Ctrl Pts',(3.34265709517725,110.236840468744,2.93198286980358));
#8580=CARTESIAN_POINT('Ctrl Pts',(3.83513169259918,110.890521406227,3.36395271963876));
#8581=CARTESIAN_POINT('Ctrl Pts',(2.48827229400291,108.929478593772,1.90894999613373));
#8582=CARTESIAN_POINT('Ctrl Pts',(3.00801899209492,109.583159531257,2.30768869515181));
#8583=CARTESIAN_POINT('Ctrl Pts',(3.5277656901861,110.236840468742,2.70642739417004));
#8584=CARTESIAN_POINT('Ctrl Pts',(4.04751238827757,110.890521406228,3.10516609318729));
#8585=CARTESIAN_POINT('Ctrl Pts',(2.71586041214403,108.929478593771,1.56834030701068));
#8586=CARTESIAN_POINT('Ctrl Pts',(3.28314538537068,109.583159531258,1.89593294951));
#8587=CARTESIAN_POINT('Ctrl Pts',(3.85043035860266,110.236840468742,2.22352559201025));
#8588=CARTESIAN_POINT('Ctrl Pts',(4.41771533183071,110.890521406227,2.55111823451169));
#8589=CARTESIAN_POINT('Ctrl Pts',(2.81287850905098,108.929478593773,1.38683221413268));
#8590=CARTESIAN_POINT('Ctrl Pts',(3.40042848127105,109.583159531257,1.67651171015974));
#8591=CARTESIAN_POINT('Ctrl Pts',(3.98797845348603,110.236840468743,1.96619120618604));
#8592=CARTESIAN_POINT('Ctrl Pts',(4.57552842570597,110.890521406228,2.25587070221149));
#8593=CARTESIAN_POINT('Ctrl Pts',(2.9696439313864,108.929478593771,1.00836700542309));
#8594=CARTESIAN_POINT('Ctrl Pts',(3.5899388370355,109.583159531258,1.21899323905291));
#8595=CARTESIAN_POINT('Ctrl Pts',(4.21023374269082,110.236840468742,1.42961947268375));
#8596=CARTESIAN_POINT('Ctrl Pts',(4.83052864834342,110.890521406227,1.64024570631485));
#8597=CARTESIAN_POINT('Ctrl Pts',(3.02938738047746,108.929478593772,0.81141924788758));
#8598=CARTESIAN_POINT('Ctrl Pts',(3.66216141089389,109.583159531257,0.98090732034422));
#8599=CARTESIAN_POINT('Ctrl Pts',(4.29493544130599,110.236840468743,1.15039539280086));
#8600=CARTESIAN_POINT('Ctrl Pts',(4.92770947172004,110.890521406228,1.31988346525745));
#8601=CARTESIAN_POINT('Ctrl Pts',(3.10930569974103,108.929478593771,0.409642725315746));
#8602=CARTESIAN_POINT('Ctrl Pts',(3.75877295245581,109.583159531258,0.49520830203842));
#8603=CARTESIAN_POINT('Ctrl Pts',(4.40824020517337,110.236840468743,0.580773878761468));
#8604=CARTESIAN_POINT('Ctrl Pts',(5.05770745789214,110.890521406227,0.666339455484659));
#8605=CARTESIAN_POINT('Ctrl Pts',(3.12947859377189,108.929478593773,0.20482389499502));
#8606=CARTESIAN_POINT('Ctrl Pts',(3.78315953125763,109.583159531258,0.247607212307466));
#8607=CARTESIAN_POINT('Ctrl Pts',(4.43684046874239,110.236840468741,0.290390529619904));
#8608=CARTESIAN_POINT('Ctrl Pts',(5.09052140622729,110.890521406228,0.333173846932187));
#8609=CARTESIAN_POINT('Ctrl Pts',(3.12947859377213,108.929478593772,-0.204823894995052));
#8610=CARTESIAN_POINT('Ctrl Pts',(3.78315953125737,109.583159531258,-0.247607212307355));
#8611=CARTESIAN_POINT('Ctrl Pts',(4.4368404687422,110.236840468744,-0.290390529619869));
#8612=CARTESIAN_POINT('Ctrl Pts',(5.09052140622809,110.890521406228,-0.333173846932249));
#8613=CARTESIAN_POINT('Ctrl Pts',(3.10930569974036,108.929478593772,-0.409642725315606));
#8614=CARTESIAN_POINT('Ctrl Pts',(3.75877295245744,109.583159531258,-0.495208302038794));
#8615=CARTESIAN_POINT('Ctrl Pts',(4.4082402051748,110.236840468742,-0.580773878761575));
#8616=CARTESIAN_POINT('Ctrl Pts',(5.05770745789061,110.890521406228,-0.666339455484452));
#8617=CARTESIAN_POINT('Ctrl Pts',(3.02938738047862,108.929478593771,-0.811419247887909));
#8618=CARTESIAN_POINT('Ctrl Pts',(3.66216141089194,109.583159531258,-0.980907320343611));
#8619=CARTESIAN_POINT('Ctrl Pts',(4.29493544130602,110.236840468743,-1.15039539280086));
#8620=CARTESIAN_POINT('Ctrl Pts',(4.92770947172157,110.890521406227,-1.31988346525767));
#8621=CARTESIAN_POINT('Ctrl Pts',(2.96964393138477,108.929478593774,-1.00836700542252));
#8622=CARTESIAN_POINT('Ctrl Pts',(3.58993883703814,109.583159531257,-1.2189932390539));
#8623=CARTESIAN_POINT('Ctrl Pts',(4.21023374269008,110.236840468743,-1.42961947268384));
#8624=CARTESIAN_POINT('Ctrl Pts',(4.83052864834197,110.890521406228,-1.64024570631429));
#8625=CARTESIAN_POINT('Ctrl Pts',(2.81287850905156,108.929478593772,-1.38683221413318));
#8626=CARTESIAN_POINT('Ctrl Pts',(3.40042848126981,109.583159531256,-1.67651171015898));
#8627=CARTESIAN_POINT('Ctrl Pts',(3.98797845348889,110.236840468743,-1.96619120618585));
#8628=CARTESIAN_POINT('Ctrl Pts',(4.57552842570612,110.890521406228,-2.25587070221186));
#8629=CARTESIAN_POINT('Ctrl Pts',(2.71586041214342,108.929478593772,-1.56834030700995));
#8630=CARTESIAN_POINT('Ctrl Pts',(3.2831453853718,109.583159531258,-1.89593294951042));
#8631=CARTESIAN_POINT('Ctrl Pts',(3.85043035860058,110.236840468742,-2.22352559201042));
#8632=CARTESIAN_POINT('Ctrl Pts',(4.41771533183036,110.890521406227,-2.55111823451148));
#8633=CARTESIAN_POINT('Ctrl Pts',(2.48827229400194,108.929478593773,-1.90894999613407));
#8634=CARTESIAN_POINT('Ctrl Pts',(3.00801899209457,109.583159531257,-2.30768869515109));
#8635=CARTESIAN_POINT('Ctrl Pts',(3.52776569018605,110.236840468742,-2.70642739416988));
#8636=CARTESIAN_POINT('Ctrl Pts',(4.04751238827673,110.890521406229,-3.10516609318707));
#8637=CARTESIAN_POINT('Ctrl Pts',(2.3577079003347,108.929478593772,-2.0680431701338));
#8638=CARTESIAN_POINT('Ctrl Pts',(2.85018249775557,109.583159531257,-2.50001301997024));
#8639=CARTESIAN_POINT('Ctrl Pts',(3.34265709517749,110.236840468742,-2.93198286980362));
#8640=CARTESIAN_POINT('Ctrl Pts',(3.83513169259912,110.890521406227,-3.36395271963922));
#8641=CARTESIAN_POINT('Ctrl Pts',(2.06804317013422,108.929478593773,-2.35770790033506));
#8642=CARTESIAN_POINT('Ctrl Pts',(2.50001301996922,109.583159531258,-2.85018249775519));
#8643=CARTESIAN_POINT('Ctrl Pts',(2.93198286980433,110.236840468742,-3.34265709517691));
#8644=CARTESIAN_POINT('Ctrl Pts',(3.3639527196393,110.890521406228,-3.83513169259833));
#8645=CARTESIAN_POINT('Ctrl Pts',(1.90894999613397,108.929478593773,-2.488272294002));
#8646=CARTESIAN_POINT('Ctrl Pts',(2.30768869515192,109.583159531257,-3.00801899209334));
#8647=CARTESIAN_POINT('Ctrl Pts',(2.70642739416833,110.236840468743,-3.52776569018681));
#8648=CARTESIAN_POINT('Ctrl Pts',(3.10516609318706,110.890521406228,-4.04751238827765));
#8649=CARTESIAN_POINT('Ctrl Pts',(1.56834030700992,108.929478593772,-2.7158604121434));
#8650=CARTESIAN_POINT('Ctrl Pts',(1.89593294951068,109.583159531257,-3.28314538537278));
#8651=CARTESIAN_POINT('Ctrl Pts',(2.22352559201142,110.236840468744,-3.85043035860089));
#8652=CARTESIAN_POINT('Ctrl Pts',(2.55111823451081,110.890521406228,-4.41771533183035));
#8653=CARTESIAN_POINT('Ctrl Pts',(1.38683221413314,108.929478593772,-2.81287850905142));
#8654=CARTESIAN_POINT('Ctrl Pts',(1.67651171015871,109.583159531258,-3.40042848126915));
#8655=CARTESIAN_POINT('Ctrl Pts',(1.96619120618515,110.236840468742,-3.98797845348803));
#8656=CARTESIAN_POINT('Ctrl Pts',(2.25587070221215,110.890521406228,-4.57552842570597));
#8657=CARTESIAN_POINT('Ctrl Pts',(1.00836700542245,108.929478593773,-2.96964393138516));
#8658=CARTESIAN_POINT('Ctrl Pts',(1.21899323905414,109.583159531257,-3.58993883703742));
#8659=CARTESIAN_POINT('Ctrl Pts',(1.42961947268426,110.236840468742,-4.21023374269092));
#8660=CARTESIAN_POINT('Ctrl Pts',(1.64024570631416,110.890521406228,-4.83052864834232));
#8661=CARTESIAN_POINT('Ctrl Pts',(0.811419247887684,108.929478593772,-3.02938738047833));
#8662=CARTESIAN_POINT('Ctrl Pts',(0.980907320343833,109.583159531257,-3.66216141089258));
#8663=CARTESIAN_POINT('Ctrl Pts',(1.15039539280061,110.236840468744,-4.29493544130533));
#8664=CARTESIAN_POINT('Ctrl Pts',(1.3198834652576,110.890521406227,-4.92770947172059));
#8665=CARTESIAN_POINT('Ctrl Pts',(0.409642725315548,108.929478593773,-3.10930569973886));
#8666=CARTESIAN_POINT('Ctrl Pts',(0.495208302038668,109.583159531258,-3.75877295245581));
#8667=CARTESIAN_POINT('Ctrl Pts',(0.580773878761509,110.236840468742,-4.40824020517444));
#8668=CARTESIAN_POINT('Ctrl Pts',(0.666339455484396,110.890521406228,-5.05770745789042));
#8669=CARTESIAN_POINT('Ctrl Pts',(0.204823894995018,108.929478593772,-3.12947859377247));
#8670=CARTESIAN_POINT('Ctrl Pts',(0.247607212307344,109.583159531257,-3.7831595312587));
#8671=CARTESIAN_POINT('Ctrl Pts',(0.29039052961985,110.236840468743,-4.43684046874202));
#8672=CARTESIAN_POINT('Ctrl Pts',(0.333173846932223,110.890521406228,-5.09052140622765));
#8673=CARTESIAN_POINT('Ctrl Pts',(-0.204823894994971,108.929478593772,-3.12947859377229));
#8674=CARTESIAN_POINT('Ctrl Pts',(-0.247607212307344,109.583159531259,-3.78315953125589));
#8675=CARTESIAN_POINT('Ctrl Pts',(-0.29039052961988,110.236840468743,-4.43684046874199));
#8676=CARTESIAN_POINT('Ctrl Pts',(-0.33317384693216,110.890521406228,-5.09052140622753));
#8677=CARTESIAN_POINT('Ctrl Pts',(-0.409642725315651,108.929478593773,-3.10930569973941));
#8678=CARTESIAN_POINT('Ctrl Pts',(-0.495208302038644,109.583159531256,-3.75877295245798));
#8679=CARTESIAN_POINT('Ctrl Pts',(-0.580773878761405,110.236840468742,-4.40824020517339));
#8680=CARTESIAN_POINT('Ctrl Pts',(-0.666339455484628,110.890521406228,-5.05770745789081));
#8681=CARTESIAN_POINT('Ctrl Pts',(-0.811419247887376,108.929478593772,-3.02938738047782));
#8682=CARTESIAN_POINT('Ctrl Pts',(-0.980907320344164,109.583159531258,-3.6621614108912));
#8683=CARTESIAN_POINT('Ctrl Pts',(-1.15039539280089,110.236840468744,-4.2949354413073));
#8684=CARTESIAN_POINT('Ctrl Pts',(-1.31988346525713,110.890521406227,-4.92770947172054));
#8685=CARTESIAN_POINT('Ctrl Pts',(-1.00836700542308,108.929478593771,-2.96964393138618));
#8686=CARTESIAN_POINT('Ctrl Pts',(-1.21899323905379,109.583159531256,-3.5899388370384));
#8687=CARTESIAN_POINT('Ctrl Pts',(-1.42961947268386,110.236840468742,-4.21023374268945));
#8688=CARTESIAN_POINT('Ctrl Pts',(-1.64024570631494,110.890521406228,-4.83052864834275));
#8689=CARTESIAN_POINT('Ctrl Pts',(-1.38683221413302,108.929478593773,-2.81287850905101));
#8690=CARTESIAN_POINT('Ctrl Pts',(-1.67651171015889,109.583159531258,-3.40042848127007));
#8691=CARTESIAN_POINT('Ctrl Pts',(-1.96619120618521,110.236840468744,-3.98797845348783));
#8692=CARTESIAN_POINT('Ctrl Pts',(-2.25587070221135,110.890521406227,-4.57552842570644));
#8693=CARTESIAN_POINT('Ctrl Pts',(-1.56834030700976,108.929478593772,-2.71586041214384));
#8694=CARTESIAN_POINT('Ctrl Pts',(-1.89593294951105,109.583159531258,-3.2831453853721));
#8695=CARTESIAN_POINT('Ctrl Pts',(-2.22352559201127,110.236840468742,-3.85043035860118));
#8696=CARTESIAN_POINT('Ctrl Pts',(-2.55111823451154,110.890521406228,-4.4177153318298));
#8697=CARTESIAN_POINT('Ctrl Pts',(-1.90894999613426,108.929478593773,-2.48827229400191));
#8698=CARTESIAN_POINT('Ctrl Pts',(-2.30768869515063,109.583159531257,-3.0080189920939));
#8699=CARTESIAN_POINT('Ctrl Pts',(-2.7064273941691,110.236840468742,-3.5277656901854));
#8700=CARTESIAN_POINT('Ctrl Pts',(-3.10516609318732,110.890521406227,-4.04751238827817));
#8701=CARTESIAN_POINT('Ctrl Pts',(-2.06804317013375,108.929478593773,-2.35770790033471));
#8702=CARTESIAN_POINT('Ctrl Pts',(-2.50001301997034,109.583159531257,-2.85018249775639));
#8703=CARTESIAN_POINT('Ctrl Pts',(-2.93198286980411,110.236840468742,-3.34265709517777));
#8704=CARTESIAN_POINT('Ctrl Pts',(-3.36395271963859,110.890521406228,-3.83513169259807));
#8705=CARTESIAN_POINT('Ctrl Pts',(-2.35770790033554,108.929478593772,-2.06804317013484));
#8706=CARTESIAN_POINT('Ctrl Pts',(-2.85018249775434,109.583159531258,-2.5000130199676));
#8707=CARTESIAN_POINT('Ctrl Pts',(-3.34265709517659,110.236840468744,-2.93198286980408));
#8708=CARTESIAN_POINT('Ctrl Pts',(-3.83513169259918,110.890521406227,-3.36395271963916));
#8709=CARTESIAN_POINT('Ctrl Pts',(-2.48827229400197,108.929478593773,-1.90894999613285));
#8710=CARTESIAN_POINT('Ctrl Pts',(-3.00801899209554,109.583159531257,-2.30768869515277));
#8711=CARTESIAN_POINT('Ctrl Pts',(-3.52776569018562,110.236840468742,-2.70642739417001));
#8712=CARTESIAN_POINT('Ctrl Pts',(-4.04751238827733,110.890521406228,-3.105166093187));
#8713=CARTESIAN_POINT('Ctrl Pts',(-2.71586041214441,108.92947859377,-1.56834030701122));
#8714=CARTESIAN_POINT('Ctrl Pts',(-3.28314538537225,109.583159531258,-1.8959329495094));
#8715=CARTESIAN_POINT('Ctrl Pts',(-3.85043035860046,110.236840468743,-2.22352559201048));
#8716=CARTESIAN_POINT('Ctrl Pts',(-4.41771533183172,110.890521406227,-2.5511182345116));
#8717=CARTESIAN_POINT('Ctrl Pts',(-2.81287850905073,108.929478593774,-1.38683221413216));
#8718=CARTESIAN_POINT('Ctrl Pts',(-3.40042848127,109.583159531257,-1.6765117101604));
#8719=CARTESIAN_POINT('Ctrl Pts',(-3.98797845348746,110.236840468743,-1.96619120618562));
#8720=CARTESIAN_POINT('Ctrl Pts',(-4.57552842570461,110.890521406229,-2.25587070221144));
#8721=CARTESIAN_POINT('Ctrl Pts',(-2.96964393138683,108.92947859377,-1.00836700542339));
#8722=CARTESIAN_POINT('Ctrl Pts',(-3.58993883703691,109.583159531258,-1.21899323905274));
#8723=CARTESIAN_POINT('Ctrl Pts',(-4.21023374269083,110.236840468743,-1.42961947268388));
#8724=CARTESIAN_POINT('Ctrl Pts',(-4.83052864834414,110.890521406226,-1.6402457063149));
#8725=CARTESIAN_POINT('Ctrl Pts',(-3.02938738047661,108.929478593774,-0.811419247887289));
#8726=CARTESIAN_POINT('Ctrl Pts',(-3.66216141089193,109.583159531257,-0.980907320344349));
#8727=CARTESIAN_POINT('Ctrl Pts',(-4.2949354413071,110.236840468742,-1.1503953928005));
#8728=CARTESIAN_POINT('Ctrl Pts',(-4.92770947171902,110.890521406229,-1.31988346525707));
#8729=CARTESIAN_POINT('Ctrl Pts',(-3.10930569973947,108.929478593773,-0.409642725315626));
#8730=CARTESIAN_POINT('Ctrl Pts',(-3.75877295245726,109.583159531258,-0.495208302038566));
#8731=CARTESIAN_POINT('Ctrl Pts',(-4.40824020517346,110.236840468743,-0.580773878761594));
#8732=CARTESIAN_POINT('Ctrl Pts',(-5.05770745789101,110.890521406228,-0.666339455484478));
#8733=CARTESIAN_POINT('Ctrl Pts',(-3.12947859377248,108.929478593772,-0.204823894995027));
#8734=CARTESIAN_POINT('Ctrl Pts',(-3.78315953125679,109.583159531258,-0.247607212307376));
#8735=CARTESIAN_POINT('Ctrl Pts',(-4.43684046874274,110.236840468742,-0.290390529619889));
#8736=CARTESIAN_POINT('Ctrl Pts',(-5.09052140622772,110.890521406228,-0.333173846932262));
#8737=CARTESIAN_POINT('Ctrl Pts',(-3.12947859377155,108.929478593773,0.204823894995018));
#8738=CARTESIAN_POINT('Ctrl Pts',(-3.78315953125773,109.583159531256,0.247607212307409));
#8739=CARTESIAN_POINT('Ctrl Pts',(-4.43684046874263,110.236840468742,0.290390529619922));
#8740=CARTESIAN_POINT('Ctrl Pts',(-5.09052140622706,110.890521406228,0.333173846932265));
#8741=CARTESIAN_POINT('Ctrl Pts',(-3.10930569973965,108.929478593773,0.409642725315577));
#8742=CARTESIAN_POINT('Ctrl Pts',(-3.75877295245725,109.583159531259,0.495208302038602));
#8743=CARTESIAN_POINT('Ctrl Pts',(-4.40824020517382,110.236840468743,0.580773878761513));
#8744=CARTESIAN_POINT('Ctrl Pts',(-5.05770745789109,110.890521406228,0.666339455484331));
#8745=CARTESIAN_POINT('Ctrl Pts',(-3.0293873804773,108.929478593773,0.811419247887502));
#8746=CARTESIAN_POINT('Ctrl Pts',(-3.66216141089236,109.583159531256,0.980907320344351));
#8747=CARTESIAN_POINT('Ctrl Pts',(-4.29493544130571,110.236840468743,1.15039539280076));
#8748=CARTESIAN_POINT('Ctrl Pts',(-4.9277094717196,110.890521406228,1.31988346525765));
#8749=CARTESIAN_POINT('Ctrl Pts',(-2.96964393138513,108.929478593773,1.00836700542266));
#8750=CARTESIAN_POINT('Ctrl Pts',(-3.58993883703721,109.583159531258,1.21899323905322));
#8751=CARTESIAN_POINT('Ctrl Pts',(-4.21023374268992,110.236840468742,1.42961947268382));
#8752=CARTESIAN_POINT('Ctrl Pts',(-4.83052864834279,110.890521406228,1.64024570631395));
#8753=CARTESIAN_POINT('Ctrl Pts',(-2.81287850905249,108.929478593771,1.3868322141334));
#8754=CARTESIAN_POINT('Ctrl Pts',(-3.40042848126947,109.583159531258,1.67651171015883));
#8755=CARTESIAN_POINT('Ctrl Pts',(-3.98797845348753,110.236840468742,1.96619120618483));
#8756=CARTESIAN_POINT('Ctrl Pts',(-4.57552842570672,110.890521406227,2.25587070221283));
#8757=CARTESIAN_POINT('Ctrl Pts',(-2.71586041214208,108.929478593773,1.56834030700982));
#8758=CARTESIAN_POINT('Ctrl Pts',(-3.28314538537244,109.583159531257,1.89593294951114));
#8759=CARTESIAN_POINT('Ctrl Pts',(-3.85043035860171,110.236840468743,2.22352559201143));
#8760=CARTESIAN_POINT('Ctrl Pts',(-4.41771533182916,110.890521406229,2.55111823451028));
#8761=CARTESIAN_POINT('Ctrl Pts',(-2.4882722940044,108.92947859377,1.90894999613421));
#8762=CARTESIAN_POINT('Ctrl Pts',(-3.00801899209485,109.583159531257,2.30768869515119));
#8763=CARTESIAN_POINT('Ctrl Pts',(-3.52776569018565,110.236840468742,2.70642739416919));
#8764=CARTESIAN_POINT('Ctrl Pts',(-4.04751238827881,110.890521406226,3.10516609318843));
#8765=CARTESIAN_POINT('Ctrl Pts',(-2.35770790033313,108.929478593774,2.06804317013419));
#8766=CARTESIAN_POINT('Ctrl Pts',(-2.85018249775479,109.583159531257,2.50001301996907));
#8767=CARTESIAN_POINT('Ctrl Pts',(-3.34265709517798,110.236840468743,2.93198286980375));
#8768=CARTESIAN_POINT('Ctrl Pts',(-3.83513169259803,110.890521406229,3.36395271963786));
#8769=CARTESIAN_POINT('Ctrl Pts',(-2.06804317013385,108.929478593773,2.35770790033415));
#8770=CARTESIAN_POINT('Ctrl Pts',(-2.50001301997073,109.583159531258,2.85018249775521));
#8771=CARTESIAN_POINT('Ctrl Pts',(-2.93198286980363,110.236840468742,3.34265709517764));
#8772=CARTESIAN_POINT('Ctrl Pts',(-3.3639527196393,110.890521406228,3.83513169259852));
#8773=CARTESIAN_POINT('Ctrl Pts',(-1.90894999613447,108.929478593772,2.48827229400257));
#8774=CARTESIAN_POINT('Ctrl Pts',(-2.30768869515057,109.583159531257,3.00801899209482));
#8775=CARTESIAN_POINT('Ctrl Pts',(-2.70642739417011,110.236840468744,3.52776569018527));
#8776=CARTESIAN_POINT('Ctrl Pts',(-3.10516609318694,110.890521406227,4.04751238827823));
#8777=CARTESIAN_POINT('Ctrl Pts',(-1.56834030701058,108.929478593771,2.71586041214407));
#8778=CARTESIAN_POINT('Ctrl Pts',(-1.89593294951032,109.583159531257,3.28314538537196));
#8779=CARTESIAN_POINT('Ctrl Pts',(-2.22352559201069,110.236840468742,3.85043035860032));
#8780=CARTESIAN_POINT('Ctrl Pts',(-2.55111823451149,110.890521406227,4.41771533183108));
#8781=CARTESIAN_POINT('Ctrl Pts',(-1.38683221413267,108.929478593773,2.81287850905116));
#8782=CARTESIAN_POINT('Ctrl Pts',(-1.67651171015937,109.583159531258,3.40042848127007));
#8783=CARTESIAN_POINT('Ctrl Pts',(-1.96619120618589,110.236840468743,3.987978453488));
#8784=CARTESIAN_POINT('Ctrl Pts',(-2.25587070221159,110.890521406228,4.57552842570557));
#8785=CARTESIAN_POINT('Ctrl Pts',(-1.00836700542321,108.929478593771,2.96964393138664));
#8786=CARTESIAN_POINT('Ctrl Pts',(-1.21899323905316,109.583159531257,3.58993883703652));
#8787=CARTESIAN_POINT('Ctrl Pts',(-1.42961947268336,110.236840468743,4.21023374268967));
#8788=CARTESIAN_POINT('Ctrl Pts',(-1.64024570631459,110.890521406227,4.8305286483436));
#8789=CARTESIAN_POINT('Ctrl Pts',(-0.811419247887277,108.929478593774,3.02938738047669));
#8790=CARTESIAN_POINT('Ctrl Pts',(-0.980907320344314,109.583159531258,3.66216141089287));
#8791=CARTESIAN_POINT('Ctrl Pts',(-1.15039539280112,110.236840468741,4.29493544130587));
#8792=CARTESIAN_POINT('Ctrl Pts',(-1.31988346525728,110.890521406229,4.9277094717194));
#8793=CARTESIAN_POINT('Ctrl Pts',(-0.409642725315489,108.929478593773,3.10930569973969));
#8794=CARTESIAN_POINT('Ctrl Pts',(-0.495208302038594,109.583159531257,3.75877295245611));
#8795=CARTESIAN_POINT('Ctrl Pts',(-0.580773878761556,110.236840468742,4.40824020517518));
#8796=CARTESIAN_POINT('Ctrl Pts',(-0.666339455484472,110.890521406228,5.05770745789067));
#8797=CARTESIAN_POINT('Ctrl Pts',(-0.204823894995115,108.929478593772,3.12947859377211));
#8798=CARTESIAN_POINT('Ctrl Pts',(-0.247607212307325,109.583159531257,3.78315953125719));
#8799=CARTESIAN_POINT('Ctrl Pts',(-0.29039052961981,110.236840468744,4.43684046874063));
#8800=CARTESIAN_POINT('Ctrl Pts',(-0.333173846932228,110.890521406228,5.09052140622765));
#8801=CARTESIAN_POINT('Ctrl Pts',(0.,108.929478593772,3.12947859377234));
#8802=CARTESIAN_POINT('Ctrl Pts',(0.,109.583159531258,3.78315953125753));
#8803=CARTESIAN_POINT('Ctrl Pts',(0.,110.236840468743,4.43684046874276));
#8804=CARTESIAN_POINT('Ctrl Pts',(0.,110.890521406228,5.0905214062277));
#8805=CARTESIAN_POINT('',(-1.28400814864118E-11,109.720753177205,-3.92075317720458));
#8806=CARTESIAN_POINT('Ctrl Pts',(-1.28388272235824E-11,109.720753177205,
-3.92075317720462));
#8807=CARTESIAN_POINT('Ctrl Pts',(-0.256288044960596,109.727006148047,-3.92700614804492));
#8808=CARTESIAN_POINT('Ctrl Pts',(-0.514965271074842,109.73354147897,-3.90835694097653));
#8809=CARTESIAN_POINT('Ctrl Pts',(-1.02629738634696,109.746913518158,-3.819908251137));
#8810=CARTESIAN_POINT('Ctrl Pts',(-1.27661370612503,109.753685144445,-3.75083441926392));
#8811=CARTESIAN_POINT('Ctrl Pts',(-2.0049853082662,109.774081516068,-3.47064232869464));
#8812=CARTESIAN_POINT('Ctrl Pts',(-2.4507748213634,109.787525854662,-3.18843830922115));
#8813=CARTESIAN_POINT('Ctrl Pts',(-2.82842707355707,109.8,-2.82842717593528));
#8814=CARTESIAN_POINT('',(4.90641856300285E-9,109.8,-4.));
#8815=CARTESIAN_POINT('',(-1.28400814864118E-11,109.720753177205,-3.92075317720458));
#8816=CARTESIAN_POINT('Origin',(-6.0521614004003E-6,109.799856653298,-1.46112112459074E-5));
#8817=CARTESIAN_POINT('Ctrl Pts',(0.,108.929478593772,3.12947859377234));
#8818=CARTESIAN_POINT('Ctrl Pts',(0.,109.583159531258,3.78315953125753));
#8819=CARTESIAN_POINT('Ctrl Pts',(0.,110.236840468743,4.43684046874276));
#8820=CARTESIAN_POINT('Ctrl Pts',(0.,110.890521406228,5.0905214062277));
#8821=CARTESIAN_POINT('Ctrl Pts',(0.204823894994985,108.929478593773,3.12947859377214));
#8822=CARTESIAN_POINT('Ctrl Pts',(0.247607212307328,109.583159531258,3.78315953125777));
#8823=CARTESIAN_POINT('Ctrl Pts',(0.290390529619881,110.236840468744,4.43684046874113));
#8824=CARTESIAN_POINT('Ctrl Pts',(0.333173846932256,110.890521406228,5.09052140622717));
#8825=CARTESIAN_POINT('Ctrl Pts',(0.409642725315758,108.929478593771,3.10930569974087));
#8826=CARTESIAN_POINT('Ctrl Pts',(0.495208302038769,109.583159531256,3.75877295245762));
#8827=CARTESIAN_POINT('Ctrl Pts',(0.580773878761509,110.236840468743,4.40824020517361));
#8828=CARTESIAN_POINT('Ctrl Pts',(0.666339455484438,110.890521406227,5.0577074578919));
#8829=CARTESIAN_POINT('Ctrl Pts',(0.811419247887732,108.929478593772,3.02938738047782));
#8830=CARTESIAN_POINT('Ctrl Pts',(0.980907320343631,109.583159531259,3.66216141089005));
#8831=CARTESIAN_POINT('Ctrl Pts',(1.15039539280073,110.236840468743,4.29493544130632));
#8832=CARTESIAN_POINT('Ctrl Pts',(1.31988346525778,110.890521406227,4.92770947172072));
#8833=CARTESIAN_POINT('Ctrl Pts',(1.00836700542289,108.929478593772,2.96964393138597));
#8834=CARTESIAN_POINT('Ctrl Pts',(1.21899323905415,109.583159531256,3.58993883703903));
#8835=CARTESIAN_POINT('Ctrl Pts',(1.42961947268403,110.236840468744,4.21023374269036));
#8836=CARTESIAN_POINT('Ctrl Pts',(1.64024570631429,110.890521406228,4.83052864834252));
#8837=CARTESIAN_POINT('Ctrl Pts',(1.38683221413327,108.929478593772,2.81287850905177));
#8838=CARTESIAN_POINT('Ctrl Pts',(1.67651171015921,109.583159531259,3.40042848126959));
#8839=CARTESIAN_POINT('Ctrl Pts',(1.96619120618541,110.236840468742,3.98797845348853));
#8840=CARTESIAN_POINT('Ctrl Pts',(2.25587070221266,110.890521406227,4.57552842570616));
#8841=CARTESIAN_POINT('Ctrl Pts',(1.56834030701025,108.929478593772,2.71586041214385));
#8842=CARTESIAN_POINT('Ctrl Pts',(1.89593294951039,109.583159531257,3.28314538537139));
#8843=CARTESIAN_POINT('Ctrl Pts',(2.22352559201056,110.236840468744,3.85043035859964));
#8844=CARTESIAN_POINT('Ctrl Pts',(2.55111823451071,110.890521406228,4.41771533183038));
#8845=CARTESIAN_POINT('Ctrl Pts',(1.90894999613405,108.929478593772,2.48827229400318));
#8846=CARTESIAN_POINT('Ctrl Pts',(2.3076886951513,109.583159531258,3.00801899209467));
#8847=CARTESIAN_POINT('Ctrl Pts',(2.70642739416893,110.236840468743,3.52776569018641));
#8848=CARTESIAN_POINT('Ctrl Pts',(3.10516609318768,110.890521406227,4.04751238827787));
#8849=CARTESIAN_POINT('Ctrl Pts',(2.06804317013463,108.929478593772,2.35770790033419));
#8850=CARTESIAN_POINT('Ctrl Pts',(2.50001301996964,109.583159531258,2.85018249775642));
#8851=CARTESIAN_POINT('Ctrl Pts',(2.93198286980454,110.236840468742,3.34265709517791));
#8852=CARTESIAN_POINT('Ctrl Pts',(3.36395271963897,110.890521406228,3.83513169259912));
#8853=CARTESIAN_POINT('Ctrl Pts',(2.35770790033456,108.929478593773,2.068043170135));
#8854=CARTESIAN_POINT('Ctrl Pts',(2.85018249775486,109.583159531257,2.50001301996834));
#8855=CARTESIAN_POINT('Ctrl Pts',(3.34265709517725,110.236840468744,2.93198286980358));
#8856=CARTESIAN_POINT('Ctrl Pts',(3.83513169259918,110.890521406227,3.36395271963876));
#8857=CARTESIAN_POINT('Ctrl Pts',(2.48827229400291,108.929478593772,1.90894999613373));
#8858=CARTESIAN_POINT('Ctrl Pts',(3.00801899209492,109.583159531257,2.30768869515181));
#8859=CARTESIAN_POINT('Ctrl Pts',(3.5277656901861,110.236840468742,2.70642739417004));
#8860=CARTESIAN_POINT('Ctrl Pts',(4.04751238827757,110.890521406228,3.10516609318729));
#8861=CARTESIAN_POINT('Ctrl Pts',(2.71586041214403,108.929478593771,1.56834030701068));
#8862=CARTESIAN_POINT('Ctrl Pts',(3.28314538537068,109.583159531258,1.89593294951));
#8863=CARTESIAN_POINT('Ctrl Pts',(3.85043035860266,110.236840468742,2.22352559201025));
#8864=CARTESIAN_POINT('Ctrl Pts',(4.41771533183071,110.890521406227,2.55111823451169));
#8865=CARTESIAN_POINT('Ctrl Pts',(2.81287850905098,108.929478593773,1.38683221413268));
#8866=CARTESIAN_POINT('Ctrl Pts',(3.40042848127105,109.583159531257,1.67651171015974));
#8867=CARTESIAN_POINT('Ctrl Pts',(3.98797845348603,110.236840468743,1.96619120618604));
#8868=CARTESIAN_POINT('Ctrl Pts',(4.57552842570597,110.890521406228,2.25587070221149));
#8869=CARTESIAN_POINT('Ctrl Pts',(2.9696439313864,108.929478593771,1.00836700542309));
#8870=CARTESIAN_POINT('Ctrl Pts',(3.5899388370355,109.583159531258,1.21899323905291));
#8871=CARTESIAN_POINT('Ctrl Pts',(4.21023374269082,110.236840468742,1.42961947268375));
#8872=CARTESIAN_POINT('Ctrl Pts',(4.83052864834342,110.890521406227,1.64024570631485));
#8873=CARTESIAN_POINT('Ctrl Pts',(3.02938738047746,108.929478593772,0.81141924788758));
#8874=CARTESIAN_POINT('Ctrl Pts',(3.66216141089389,109.583159531257,0.98090732034422));
#8875=CARTESIAN_POINT('Ctrl Pts',(4.29493544130599,110.236840468743,1.15039539280086));
#8876=CARTESIAN_POINT('Ctrl Pts',(4.92770947172004,110.890521406228,1.31988346525745));
#8877=CARTESIAN_POINT('Ctrl Pts',(3.10930569974103,108.929478593771,0.409642725315746));
#8878=CARTESIAN_POINT('Ctrl Pts',(3.75877295245581,109.583159531258,0.49520830203842));
#8879=CARTESIAN_POINT('Ctrl Pts',(4.40824020517337,110.236840468743,0.580773878761468));
#8880=CARTESIAN_POINT('Ctrl Pts',(5.05770745789214,110.890521406227,0.666339455484659));
#8881=CARTESIAN_POINT('Ctrl Pts',(3.12947859377189,108.929478593773,0.20482389499502));
#8882=CARTESIAN_POINT('Ctrl Pts',(3.78315953125763,109.583159531258,0.247607212307466));
#8883=CARTESIAN_POINT('Ctrl Pts',(4.43684046874239,110.236840468741,0.290390529619904));
#8884=CARTESIAN_POINT('Ctrl Pts',(5.09052140622729,110.890521406228,0.333173846932187));
#8885=CARTESIAN_POINT('Ctrl Pts',(3.12947859377213,108.929478593772,-0.204823894995052));
#8886=CARTESIAN_POINT('Ctrl Pts',(3.78315953125737,109.583159531258,-0.247607212307355));
#8887=CARTESIAN_POINT('Ctrl Pts',(4.4368404687422,110.236840468744,-0.290390529619869));
#8888=CARTESIAN_POINT('Ctrl Pts',(5.09052140622809,110.890521406228,-0.333173846932249));
#8889=CARTESIAN_POINT('Ctrl Pts',(3.10930569974036,108.929478593772,-0.409642725315606));
#8890=CARTESIAN_POINT('Ctrl Pts',(3.75877295245744,109.583159531258,-0.495208302038794));
#8891=CARTESIAN_POINT('Ctrl Pts',(4.4082402051748,110.236840468742,-0.580773878761575));
#8892=CARTESIAN_POINT('Ctrl Pts',(5.05770745789061,110.890521406228,-0.666339455484452));
#8893=CARTESIAN_POINT('Ctrl Pts',(3.02938738047862,108.929478593771,-0.811419247887909));
#8894=CARTESIAN_POINT('Ctrl Pts',(3.66216141089194,109.583159531258,-0.980907320343611));
#8895=CARTESIAN_POINT('Ctrl Pts',(4.29493544130602,110.236840468743,-1.15039539280086));
#8896=CARTESIAN_POINT('Ctrl Pts',(4.92770947172157,110.890521406227,-1.31988346525767));
#8897=CARTESIAN_POINT('Ctrl Pts',(2.96964393138477,108.929478593774,-1.00836700542252));
#8898=CARTESIAN_POINT('Ctrl Pts',(3.58993883703814,109.583159531257,-1.2189932390539));
#8899=CARTESIAN_POINT('Ctrl Pts',(4.21023374269008,110.236840468743,-1.42961947268384));
#8900=CARTESIAN_POINT('Ctrl Pts',(4.83052864834197,110.890521406228,-1.64024570631429));
#8901=CARTESIAN_POINT('Ctrl Pts',(2.81287850905156,108.929478593772,-1.38683221413318));
#8902=CARTESIAN_POINT('Ctrl Pts',(3.40042848126981,109.583159531256,-1.67651171015898));
#8903=CARTESIAN_POINT('Ctrl Pts',(3.98797845348889,110.236840468743,-1.96619120618585));
#8904=CARTESIAN_POINT('Ctrl Pts',(4.57552842570612,110.890521406228,-2.25587070221186));
#8905=CARTESIAN_POINT('Ctrl Pts',(2.71586041214342,108.929478593772,-1.56834030700995));
#8906=CARTESIAN_POINT('Ctrl Pts',(3.2831453853718,109.583159531258,-1.89593294951042));
#8907=CARTESIAN_POINT('Ctrl Pts',(3.85043035860058,110.236840468742,-2.22352559201042));
#8908=CARTESIAN_POINT('Ctrl Pts',(4.41771533183036,110.890521406227,-2.55111823451148));
#8909=CARTESIAN_POINT('Ctrl Pts',(2.48827229400194,108.929478593773,-1.90894999613407));
#8910=CARTESIAN_POINT('Ctrl Pts',(3.00801899209457,109.583159531257,-2.30768869515109));
#8911=CARTESIAN_POINT('Ctrl Pts',(3.52776569018605,110.236840468742,-2.70642739416988));
#8912=CARTESIAN_POINT('Ctrl Pts',(4.04751238827673,110.890521406229,-3.10516609318707));
#8913=CARTESIAN_POINT('Ctrl Pts',(2.3577079003347,108.929478593772,-2.0680431701338));
#8914=CARTESIAN_POINT('Ctrl Pts',(2.85018249775557,109.583159531257,-2.50001301997024));
#8915=CARTESIAN_POINT('Ctrl Pts',(3.34265709517749,110.236840468742,-2.93198286980362));
#8916=CARTESIAN_POINT('Ctrl Pts',(3.83513169259912,110.890521406227,-3.36395271963922));
#8917=CARTESIAN_POINT('Ctrl Pts',(2.06804317013422,108.929478593773,-2.35770790033506));
#8918=CARTESIAN_POINT('Ctrl Pts',(2.50001301996922,109.583159531258,-2.85018249775519));
#8919=CARTESIAN_POINT('Ctrl Pts',(2.93198286980433,110.236840468742,-3.34265709517691));
#8920=CARTESIAN_POINT('Ctrl Pts',(3.3639527196393,110.890521406228,-3.83513169259833));
#8921=CARTESIAN_POINT('Ctrl Pts',(1.90894999613397,108.929478593773,-2.488272294002));
#8922=CARTESIAN_POINT('Ctrl Pts',(2.30768869515192,109.583159531257,-3.00801899209334));
#8923=CARTESIAN_POINT('Ctrl Pts',(2.70642739416833,110.236840468743,-3.52776569018681));
#8924=CARTESIAN_POINT('Ctrl Pts',(3.10516609318706,110.890521406228,-4.04751238827765));
#8925=CARTESIAN_POINT('Ctrl Pts',(1.56834030700992,108.929478593772,-2.7158604121434));
#8926=CARTESIAN_POINT('Ctrl Pts',(1.89593294951068,109.583159531257,-3.28314538537278));
#8927=CARTESIAN_POINT('Ctrl Pts',(2.22352559201142,110.236840468744,-3.85043035860089));
#8928=CARTESIAN_POINT('Ctrl Pts',(2.55111823451081,110.890521406228,-4.41771533183035));
#8929=CARTESIAN_POINT('Ctrl Pts',(1.38683221413314,108.929478593772,-2.81287850905142));
#8930=CARTESIAN_POINT('Ctrl Pts',(1.67651171015871,109.583159531258,-3.40042848126915));
#8931=CARTESIAN_POINT('Ctrl Pts',(1.96619120618515,110.236840468742,-3.98797845348803));
#8932=CARTESIAN_POINT('Ctrl Pts',(2.25587070221215,110.890521406228,-4.57552842570597));
#8933=CARTESIAN_POINT('Ctrl Pts',(1.00836700542245,108.929478593773,-2.96964393138516));
#8934=CARTESIAN_POINT('Ctrl Pts',(1.21899323905414,109.583159531257,-3.58993883703742));
#8935=CARTESIAN_POINT('Ctrl Pts',(1.42961947268426,110.236840468742,-4.21023374269092));
#8936=CARTESIAN_POINT('Ctrl Pts',(1.64024570631416,110.890521406228,-4.83052864834232));
#8937=CARTESIAN_POINT('Ctrl Pts',(0.811419247887684,108.929478593772,-3.02938738047833));
#8938=CARTESIAN_POINT('Ctrl Pts',(0.980907320343833,109.583159531257,-3.66216141089258));
#8939=CARTESIAN_POINT('Ctrl Pts',(1.15039539280061,110.236840468744,-4.29493544130533));
#8940=CARTESIAN_POINT('Ctrl Pts',(1.3198834652576,110.890521406227,-4.92770947172059));
#8941=CARTESIAN_POINT('Ctrl Pts',(0.409642725315548,108.929478593773,-3.10930569973886));
#8942=CARTESIAN_POINT('Ctrl Pts',(0.495208302038668,109.583159531258,-3.75877295245581));
#8943=CARTESIAN_POINT('Ctrl Pts',(0.580773878761509,110.236840468742,-4.40824020517444));
#8944=CARTESIAN_POINT('Ctrl Pts',(0.666339455484396,110.890521406228,-5.05770745789042));
#8945=CARTESIAN_POINT('Ctrl Pts',(0.204823894995018,108.929478593772,-3.12947859377247));
#8946=CARTESIAN_POINT('Ctrl Pts',(0.247607212307344,109.583159531257,-3.7831595312587));
#8947=CARTESIAN_POINT('Ctrl Pts',(0.29039052961985,110.236840468743,-4.43684046874202));
#8948=CARTESIAN_POINT('Ctrl Pts',(0.333173846932223,110.890521406228,-5.09052140622765));
#8949=CARTESIAN_POINT('Ctrl Pts',(-0.204823894994971,108.929478593772,-3.12947859377229));
#8950=CARTESIAN_POINT('Ctrl Pts',(-0.247607212307344,109.583159531259,-3.78315953125589));
#8951=CARTESIAN_POINT('Ctrl Pts',(-0.29039052961988,110.236840468743,-4.43684046874199));
#8952=CARTESIAN_POINT('Ctrl Pts',(-0.33317384693216,110.890521406228,-5.09052140622753));
#8953=CARTESIAN_POINT('Ctrl Pts',(-0.409642725315651,108.929478593773,-3.10930569973941));
#8954=CARTESIAN_POINT('Ctrl Pts',(-0.495208302038644,109.583159531256,-3.75877295245798));
#8955=CARTESIAN_POINT('Ctrl Pts',(-0.580773878761405,110.236840468742,-4.40824020517339));
#8956=CARTESIAN_POINT('Ctrl Pts',(-0.666339455484628,110.890521406228,-5.05770745789081));
#8957=CARTESIAN_POINT('Ctrl Pts',(-0.811419247887376,108.929478593772,-3.02938738047782));
#8958=CARTESIAN_POINT('Ctrl Pts',(-0.980907320344164,109.583159531258,-3.6621614108912));
#8959=CARTESIAN_POINT('Ctrl Pts',(-1.15039539280089,110.236840468744,-4.2949354413073));
#8960=CARTESIAN_POINT('Ctrl Pts',(-1.31988346525713,110.890521406227,-4.92770947172054));
#8961=CARTESIAN_POINT('Ctrl Pts',(-1.00836700542308,108.929478593771,-2.96964393138618));
#8962=CARTESIAN_POINT('Ctrl Pts',(-1.21899323905379,109.583159531256,-3.5899388370384));
#8963=CARTESIAN_POINT('Ctrl Pts',(-1.42961947268386,110.236840468742,-4.21023374268945));
#8964=CARTESIAN_POINT('Ctrl Pts',(-1.64024570631494,110.890521406228,-4.83052864834275));
#8965=CARTESIAN_POINT('Ctrl Pts',(-1.38683221413302,108.929478593773,-2.81287850905101));
#8966=CARTESIAN_POINT('Ctrl Pts',(-1.67651171015889,109.583159531258,-3.40042848127007));
#8967=CARTESIAN_POINT('Ctrl Pts',(-1.96619120618521,110.236840468744,-3.98797845348783));
#8968=CARTESIAN_POINT('Ctrl Pts',(-2.25587070221135,110.890521406227,-4.57552842570644));
#8969=CARTESIAN_POINT('Ctrl Pts',(-1.56834030700976,108.929478593772,-2.71586041214384));
#8970=CARTESIAN_POINT('Ctrl Pts',(-1.89593294951105,109.583159531258,-3.2831453853721));
#8971=CARTESIAN_POINT('Ctrl Pts',(-2.22352559201127,110.236840468742,-3.85043035860118));
#8972=CARTESIAN_POINT('Ctrl Pts',(-2.55111823451154,110.890521406228,-4.4177153318298));
#8973=CARTESIAN_POINT('Ctrl Pts',(-1.90894999613426,108.929478593773,-2.48827229400191));
#8974=CARTESIAN_POINT('Ctrl Pts',(-2.30768869515063,109.583159531257,-3.0080189920939));
#8975=CARTESIAN_POINT('Ctrl Pts',(-2.7064273941691,110.236840468742,-3.5277656901854));
#8976=CARTESIAN_POINT('Ctrl Pts',(-3.10516609318732,110.890521406227,-4.04751238827817));
#8977=CARTESIAN_POINT('Ctrl Pts',(-2.06804317013375,108.929478593773,-2.35770790033471));
#8978=CARTESIAN_POINT('Ctrl Pts',(-2.50001301997034,109.583159531257,-2.85018249775639));
#8979=CARTESIAN_POINT('Ctrl Pts',(-2.93198286980411,110.236840468742,-3.34265709517777));
#8980=CARTESIAN_POINT('Ctrl Pts',(-3.36395271963859,110.890521406228,-3.83513169259807));
#8981=CARTESIAN_POINT('Ctrl Pts',(-2.35770790033554,108.929478593772,-2.06804317013484));
#8982=CARTESIAN_POINT('Ctrl Pts',(-2.85018249775434,109.583159531258,-2.5000130199676));
#8983=CARTESIAN_POINT('Ctrl Pts',(-3.34265709517659,110.236840468744,-2.93198286980408));
#8984=CARTESIAN_POINT('Ctrl Pts',(-3.83513169259918,110.890521406227,-3.36395271963916));
#8985=CARTESIAN_POINT('Ctrl Pts',(-2.48827229400197,108.929478593773,-1.90894999613285));
#8986=CARTESIAN_POINT('Ctrl Pts',(-3.00801899209554,109.583159531257,-2.30768869515277));
#8987=CARTESIAN_POINT('Ctrl Pts',(-3.52776569018562,110.236840468742,-2.70642739417001));
#8988=CARTESIAN_POINT('Ctrl Pts',(-4.04751238827733,110.890521406228,-3.105166093187));
#8989=CARTESIAN_POINT('Ctrl Pts',(-2.71586041214441,108.92947859377,-1.56834030701122));
#8990=CARTESIAN_POINT('Ctrl Pts',(-3.28314538537225,109.583159531258,-1.8959329495094));
#8991=CARTESIAN_POINT('Ctrl Pts',(-3.85043035860046,110.236840468743,-2.22352559201048));
#8992=CARTESIAN_POINT('Ctrl Pts',(-4.41771533183172,110.890521406227,-2.5511182345116));
#8993=CARTESIAN_POINT('Ctrl Pts',(-2.81287850905073,108.929478593774,-1.38683221413216));
#8994=CARTESIAN_POINT('Ctrl Pts',(-3.40042848127,109.583159531257,-1.6765117101604));
#8995=CARTESIAN_POINT('Ctrl Pts',(-3.98797845348746,110.236840468743,-1.96619120618562));
#8996=CARTESIAN_POINT('Ctrl Pts',(-4.57552842570461,110.890521406229,-2.25587070221144));
#8997=CARTESIAN_POINT('Ctrl Pts',(-2.96964393138683,108.92947859377,-1.00836700542339));
#8998=CARTESIAN_POINT('Ctrl Pts',(-3.58993883703691,109.583159531258,-1.21899323905274));
#8999=CARTESIAN_POINT('Ctrl Pts',(-4.21023374269083,110.236840468743,-1.42961947268388));
#9000=CARTESIAN_POINT('Ctrl Pts',(-4.83052864834414,110.890521406226,-1.6402457063149));
#9001=CARTESIAN_POINT('Ctrl Pts',(-3.02938738047661,108.929478593774,-0.811419247887289));
#9002=CARTESIAN_POINT('Ctrl Pts',(-3.66216141089193,109.583159531257,-0.980907320344349));
#9003=CARTESIAN_POINT('Ctrl Pts',(-4.2949354413071,110.236840468742,-1.1503953928005));
#9004=CARTESIAN_POINT('Ctrl Pts',(-4.92770947171902,110.890521406229,-1.31988346525707));
#9005=CARTESIAN_POINT('Ctrl Pts',(-3.10930569973947,108.929478593773,-0.409642725315626));
#9006=CARTESIAN_POINT('Ctrl Pts',(-3.75877295245726,109.583159531258,-0.495208302038566));
#9007=CARTESIAN_POINT('Ctrl Pts',(-4.40824020517346,110.236840468743,-0.580773878761594));
#9008=CARTESIAN_POINT('Ctrl Pts',(-5.05770745789101,110.890521406228,-0.666339455484478));
#9009=CARTESIAN_POINT('Ctrl Pts',(-3.12947859377248,108.929478593772,-0.204823894995027));
#9010=CARTESIAN_POINT('Ctrl Pts',(-3.78315953125679,109.583159531258,-0.247607212307376));
#9011=CARTESIAN_POINT('Ctrl Pts',(-4.43684046874274,110.236840468742,-0.290390529619889));
#9012=CARTESIAN_POINT('Ctrl Pts',(-5.09052140622772,110.890521406228,-0.333173846932262));
#9013=CARTESIAN_POINT('Ctrl Pts',(-3.12947859377155,108.929478593773,0.204823894995018));
#9014=CARTESIAN_POINT('Ctrl Pts',(-3.78315953125773,109.583159531256,0.247607212307409));
#9015=CARTESIAN_POINT('Ctrl Pts',(-4.43684046874263,110.236840468742,0.290390529619922));
#9016=CARTESIAN_POINT('Ctrl Pts',(-5.09052140622706,110.890521406228,0.333173846932265));
#9017=CARTESIAN_POINT('Ctrl Pts',(-3.10930569973965,108.929478593773,0.409642725315577));
#9018=CARTESIAN_POINT('Ctrl Pts',(-3.75877295245725,109.583159531259,0.495208302038602));
#9019=CARTESIAN_POINT('Ctrl Pts',(-4.40824020517382,110.236840468743,0.580773878761513));
#9020=CARTESIAN_POINT('Ctrl Pts',(-5.05770745789109,110.890521406228,0.666339455484331));
#9021=CARTESIAN_POINT('Ctrl Pts',(-3.0293873804773,108.929478593773,0.811419247887502));
#9022=CARTESIAN_POINT('Ctrl Pts',(-3.66216141089236,109.583159531256,0.980907320344351));
#9023=CARTESIAN_POINT('Ctrl Pts',(-4.29493544130571,110.236840468743,1.15039539280076));
#9024=CARTESIAN_POINT('Ctrl Pts',(-4.9277094717196,110.890521406228,1.31988346525765));
#9025=CARTESIAN_POINT('Ctrl Pts',(-2.96964393138513,108.929478593773,1.00836700542266));
#9026=CARTESIAN_POINT('Ctrl Pts',(-3.58993883703721,109.583159531258,1.21899323905322));
#9027=CARTESIAN_POINT('Ctrl Pts',(-4.21023374268992,110.236840468742,1.42961947268382));
#9028=CARTESIAN_POINT('Ctrl Pts',(-4.83052864834279,110.890521406228,1.64024570631395));
#9029=CARTESIAN_POINT('Ctrl Pts',(-2.81287850905249,108.929478593771,1.3868322141334));
#9030=CARTESIAN_POINT('Ctrl Pts',(-3.40042848126947,109.583159531258,1.67651171015883));
#9031=CARTESIAN_POINT('Ctrl Pts',(-3.98797845348753,110.236840468742,1.96619120618483));
#9032=CARTESIAN_POINT('Ctrl Pts',(-4.57552842570672,110.890521406227,2.25587070221283));
#9033=CARTESIAN_POINT('Ctrl Pts',(-2.71586041214208,108.929478593773,1.56834030700982));
#9034=CARTESIAN_POINT('Ctrl Pts',(-3.28314538537244,109.583159531257,1.89593294951114));
#9035=CARTESIAN_POINT('Ctrl Pts',(-3.85043035860171,110.236840468743,2.22352559201143));
#9036=CARTESIAN_POINT('Ctrl Pts',(-4.41771533182916,110.890521406229,2.55111823451028));
#9037=CARTESIAN_POINT('Ctrl Pts',(-2.4882722940044,108.92947859377,1.90894999613421));
#9038=CARTESIAN_POINT('Ctrl Pts',(-3.00801899209485,109.583159531257,2.30768869515119));
#9039=CARTESIAN_POINT('Ctrl Pts',(-3.52776569018565,110.236840468742,2.70642739416919));
#9040=CARTESIAN_POINT('Ctrl Pts',(-4.04751238827881,110.890521406226,3.10516609318843));
#9041=CARTESIAN_POINT('Ctrl Pts',(-2.35770790033313,108.929478593774,2.06804317013419));
#9042=CARTESIAN_POINT('Ctrl Pts',(-2.85018249775479,109.583159531257,2.50001301996907));
#9043=CARTESIAN_POINT('Ctrl Pts',(-3.34265709517798,110.236840468743,2.93198286980375));
#9044=CARTESIAN_POINT('Ctrl Pts',(-3.83513169259803,110.890521406229,3.36395271963786));
#9045=CARTESIAN_POINT('Ctrl Pts',(-2.06804317013385,108.929478593773,2.35770790033415));
#9046=CARTESIAN_POINT('Ctrl Pts',(-2.50001301997073,109.583159531258,2.85018249775521));
#9047=CARTESIAN_POINT('Ctrl Pts',(-2.93198286980363,110.236840468742,3.34265709517764));
#9048=CARTESIAN_POINT('Ctrl Pts',(-3.3639527196393,110.890521406228,3.83513169259852));
#9049=CARTESIAN_POINT('Ctrl Pts',(-1.90894999613447,108.929478593772,2.48827229400257));
#9050=CARTESIAN_POINT('Ctrl Pts',(-2.30768869515057,109.583159531257,3.00801899209482));
#9051=CARTESIAN_POINT('Ctrl Pts',(-2.70642739417011,110.236840468744,3.52776569018527));
#9052=CARTESIAN_POINT('Ctrl Pts',(-3.10516609318694,110.890521406227,4.04751238827823));
#9053=CARTESIAN_POINT('Ctrl Pts',(-1.56834030701058,108.929478593771,2.71586041214407));
#9054=CARTESIAN_POINT('Ctrl Pts',(-1.89593294951032,109.583159531257,3.28314538537196));
#9055=CARTESIAN_POINT('Ctrl Pts',(-2.22352559201069,110.236840468742,3.85043035860032));
#9056=CARTESIAN_POINT('Ctrl Pts',(-2.55111823451149,110.890521406227,4.41771533183108));
#9057=CARTESIAN_POINT('Ctrl Pts',(-1.38683221413267,108.929478593773,2.81287850905116));
#9058=CARTESIAN_POINT('Ctrl Pts',(-1.67651171015937,109.583159531258,3.40042848127007));
#9059=CARTESIAN_POINT('Ctrl Pts',(-1.96619120618589,110.236840468743,3.987978453488));
#9060=CARTESIAN_POINT('Ctrl Pts',(-2.25587070221159,110.890521406228,4.57552842570557));
#9061=CARTESIAN_POINT('Ctrl Pts',(-1.00836700542321,108.929478593771,2.96964393138664));
#9062=CARTESIAN_POINT('Ctrl Pts',(-1.21899323905316,109.583159531257,3.58993883703652));
#9063=CARTESIAN_POINT('Ctrl Pts',(-1.42961947268336,110.236840468743,4.21023374268967));
#9064=CARTESIAN_POINT('Ctrl Pts',(-1.64024570631459,110.890521406227,4.8305286483436));
#9065=CARTESIAN_POINT('Ctrl Pts',(-0.811419247887277,108.929478593774,3.02938738047669));
#9066=CARTESIAN_POINT('Ctrl Pts',(-0.980907320344314,109.583159531258,3.66216141089287));
#9067=CARTESIAN_POINT('Ctrl Pts',(-1.15039539280112,110.236840468741,4.29493544130587));
#9068=CARTESIAN_POINT('Ctrl Pts',(-1.31988346525728,110.890521406229,4.9277094717194));
#9069=CARTESIAN_POINT('Ctrl Pts',(-0.409642725315489,108.929478593773,3.10930569973969));
#9070=CARTESIAN_POINT('Ctrl Pts',(-0.495208302038594,109.583159531257,3.75877295245611));
#9071=CARTESIAN_POINT('Ctrl Pts',(-0.580773878761556,110.236840468742,4.40824020517518));
#9072=CARTESIAN_POINT('Ctrl Pts',(-0.666339455484472,110.890521406228,5.05770745789067));
#9073=CARTESIAN_POINT('Ctrl Pts',(-0.204823894995115,108.929478593772,3.12947859377211));
#9074=CARTESIAN_POINT('Ctrl Pts',(-0.247607212307325,109.583159531257,3.78315953125719));
#9075=CARTESIAN_POINT('Ctrl Pts',(-0.29039052961981,110.236840468744,4.43684046874063));
#9076=CARTESIAN_POINT('Ctrl Pts',(-0.333173846932228,110.890521406228,5.09052140622765));
#9077=CARTESIAN_POINT('Ctrl Pts',(0.,108.929478593772,3.12947859377234));
#9078=CARTESIAN_POINT('Ctrl Pts',(0.,109.583159531258,3.78315953125753));
#9079=CARTESIAN_POINT('Ctrl Pts',(0.,110.236840468743,4.43684046874276));
#9080=CARTESIAN_POINT('Ctrl Pts',(0.,110.890521406228,5.0905214062277));
#9081=CARTESIAN_POINT('',(5.17763043957093E-14,109.403765879097,3.60376587909676));
#9082=CARTESIAN_POINT('Ctrl Pts',(5.17294540536284E-14,109.403765879097,
3.60376587909676));
#9083=CARTESIAN_POINT('Ctrl Pts',(0.243653497990177,109.410233486361,3.6102334863599));
#9084=CARTESIAN_POINT('Ctrl Pts',(0.646463997961524,109.421162700032,3.59804061248646));
#9085=CARTESIAN_POINT('Ctrl Pts',(1.49565192063173,109.446283650287,3.34749511155315));
#9086=CARTESIAN_POINT('Ctrl Pts',(1.84417252293708,109.45718177096,3.18141011753941));
#9087=CARTESIAN_POINT('Ctrl Pts',(2.58341650695866,109.481812107913,2.67296828508197));
#9088=CARTESIAN_POINT('Ctrl Pts',(2.91546045500751,109.494038841602,2.31328730458897));
#9089=CARTESIAN_POINT('Ctrl Pts',(3.42440523776074,109.519823322943,1.53015161897482));
#9090=CARTESIAN_POINT('Ctrl Pts',(3.60603347860284,109.53328231174,1.07958997172846));
#9091=CARTESIAN_POINT('Ctrl Pts',(3.74309260506998,109.552860682631,0.365422424606374));
#9092=CARTESIAN_POINT('Ctrl Pts',(3.76528361046855,109.559120707882,0.121077556978182));
#9093=CARTESIAN_POINT('Ctrl Pts',(3.75953886556304,109.578234900494,-0.621057005902287));
#9094=CARTESIAN_POINT('Ctrl Pts',(3.65894387506074,109.591720843556,-1.1112374947801));
#9095=CARTESIAN_POINT('Ctrl Pts',(3.37124145137816,109.611936336863,-1.796284573052));
#9096=CARTESIAN_POINT('Ctrl Pts',(3.25317253602784,109.618611018564,-2.01497650855765));
#9097=CARTESIAN_POINT('Ctrl Pts',(2.81697559800013,109.63920688914,-2.6622176649228));
#9098=CARTESIAN_POINT('Ctrl Pts',(2.44972089023591,109.651256295675,-3.00752966193641));
#9099=CARTESIAN_POINT('Ctrl Pts',(1.76243536567522,109.673112009034,-3.46805865131097));
#9100=CARTESIAN_POINT('Ctrl Pts',(1.43254041535248,109.682885019376,-3.62734027348982));
#9101=CARTESIAN_POINT('Ctrl Pts',(0.910123410286934,109.697374122208,-3.7940360415278));
#9102=CARTESIAN_POINT('Ctrl Pts',(0.73173165759822,109.702162328523,-3.83732812249972));
#9103=CARTESIAN_POINT('Ctrl Pts',(0.369189023369343,109.7116047664,-3.89847328050026));
#9104=CARTESIAN_POINT('Ctrl Pts',(0.186877558362971,109.716193693538,-3.9161941714293));
#9105=CARTESIAN_POINT('Ctrl Pts',(-9.99406572466936E-6,109.720753421042,
-3.92075342102901));
#9106=CARTESIAN_POINT('',(0.,109.8,4.));
#9107=CARTESIAN_POINT('',(5.17763043957093E-14,109.403765879097,3.60376587909676));
#9108=CARTESIAN_POINT('',(2.1042969761872,109.8,3.40175458197816));
#9109=CARTESIAN_POINT('Origin',(-2.68047835275697E-5,109.799941430041,-9.42844245149788E-5));
#9110=CARTESIAN_POINT('',(3.32587844863876,109.8,2.22228093293359));
#9111=CARTESIAN_POINT('Ctrl Pts',(2.1042969761872,109.8,3.40175458197816));
#9112=CARTESIAN_POINT('Ctrl Pts',(2.14406397096419,109.80000078159,3.37715296789072));
#9113=CARTESIAN_POINT('Ctrl Pts',(2.18340108679459,109.80000078159,3.35185807128369));
#9114=CARTESIAN_POINT('Ctrl Pts',(2.43995964431421,109.80000078159,3.18043112377433));
#9115=CARTESIAN_POINT('Ctrl Pts',(2.64330751881837,109.800000781589,3.01354783600902));
#9116=CARTESIAN_POINT('Ctrl Pts',(3.01354783600823,109.80000078159,2.64330751881757));
#9117=CARTESIAN_POINT('Ctrl Pts',(3.18043112377426,109.800000781589,2.43995964431469));
#9118=CARTESIAN_POINT('Ctrl Pts',(3.32587844863876,109.8,2.22228093293359));
#9119=CARTESIAN_POINT('',(3.69551812982536,109.8,1.53073372999098));
#9120=CARTESIAN_POINT('Origin',(-0.00176858877691144,109.798797996595,-0.000945330396619759));
#9121=CARTESIAN_POINT('',(3.99994239528482,109.8,0.0214670539001368));
#9122=CARTESIAN_POINT('Ctrl Pts',(3.69551812982536,109.8,1.53073372999098));
#9123=CARTESIAN_POINT('Ctrl Pts',(3.79571709089447,109.800013354607,1.28886693651235));
#9124=CARTESIAN_POINT('Ctrl Pts',(3.87207952222686,109.800013354608,1.03713373665351));
#9125=CARTESIAN_POINT('Ctrl Pts',(3.97283289997939,109.800013354608,0.530612301707184));
#9126=CARTESIAN_POINT('Ctrl Pts',(3.99858493632908,109.800013354607,0.276107649060331));
#9127=CARTESIAN_POINT('Ctrl Pts',(3.99994239528482,109.8,0.0214670539001368));
#9128=CARTESIAN_POINT('',(3.69551812947489,109.8,-1.53073373083725));
#9129=CARTESIAN_POINT('Ctrl Pts',(3.99994239528482,109.8,0.0214670539001368));
#9130=CARTESIAN_POINT('Ctrl Pts',(3.99999374277011,109.800013005927,0.0143114883126059));
#9131=CARTESIAN_POINT('Ctrl Pts',(4.0000130059265,109.800013005927,0.0071557465744509));
#9132=CARTESIAN_POINT('Ctrl Pts',(4.00001300592647,109.800013005927,-0.261800239035046));
#9133=CARTESIAN_POINT('Ctrl Pts',(3.97422857057198,109.800013005927,-0.523594004543373));
#9134=CARTESIAN_POINT('Ctrl Pts',(3.87207918469731,109.800013005927,-1.03713364624641));
#9135=CARTESIAN_POINT('Ctrl Pts',(3.79571676002234,109.800013005927,-1.28886682416214));
#9136=CARTESIAN_POINT('Ctrl Pts',(3.69551812918967,109.8,-1.53073373152566));
#9137=CARTESIAN_POINT('',(2.76518359667204,109.8,-2.89028712703356));
#9138=CARTESIAN_POINT('Origin',(-2.88530907321949E-5,109.799889153975,1.97440033608554E-5));
#9139=CARTESIAN_POINT('',(1.64929977125914,109.8,-3.64414739884716));
#9140=CARTESIAN_POINT('Origin',(-0.494084524523287,109.799781542436,0.732699934966028));
#9141=CARTESIAN_POINT('',(0.897053020868656,109.8,-3.89811440029028));
#9142=CARTESIAN_POINT('Origin',(-0.000534460670202352,109.799192158424,
0.00158306512285822));
#9143=CARTESIAN_POINT('Origin',(0.0982623070439148,109.799254196215,-0.980937616436534));
#9144=CARTESIAN_POINT('Origin',(0.,109.8,0.));
#9145=CARTESIAN_POINT('',(-0.769183621948375,109.8,3.92534795345921));
#9146=CARTESIAN_POINT('Origin',(0.000197005157154956,109.798739605256,-0.00202985915774445));
#9147=CARTESIAN_POINT('',(-0.780361287413824,109.8,3.92314112174235));
#9148=CARTESIAN_POINT('Origin',(0.,109.8,0.));
#9149=CARTESIAN_POINT('',(-2.82842712251667,109.8,2.82842712697571));
#9150=CARTESIAN_POINT('Origin',(-0.0150926917334698,109.799730870369,0.0282364309747035));
#9151=CARTESIAN_POINT('',(-2.85851429367077,109.8,2.79801644614178));
#9152=CARTESIAN_POINT('Origin',(0.,109.8,0.));
#9153=CARTESIAN_POINT('',(-3.69551812956196,109.8,1.53073373062679));
#9154=CARTESIAN_POINT('Ctrl Pts',(-3.69551812932039,109.8,1.53073373121008));
#9155=CARTESIAN_POINT('Ctrl Pts',(-3.59534396755436,109.80001349063,1.77261080386075));
#9156=CARTESIAN_POINT('Ctrl Pts',(-3.47133810368933,109.80001349063,2.00460945744284));
#9157=CARTESIAN_POINT('Ctrl Pts',(-3.1883635367252,109.80001349063,2.42811082504948));
#9158=CARTESIAN_POINT('Ctrl Pts',(-3.03167352379022,109.800013490631,2.62112136491626));
#9159=CARTESIAN_POINT('Ctrl Pts',(-2.85851429367286,109.8,2.79801644613965));
#9160=CARTESIAN_POINT('',(-3.73559242071295,109.8,1.43015707749601));
#9161=CARTESIAN_POINT('Origin',(0.,109.8,0.));
#9162=CARTESIAN_POINT('',(-3.99850217099246,109.80000355621,0.109454961370484));
#9163=CARTESIAN_POINT('Origin',(0.78115499315649,109.79906446865,-0.155474022185596));
#9164=CARTESIAN_POINT('Origin',(0.,109.8,0.));
#9165=CARTESIAN_POINT('',(-5.14351655641891E-16,110.,-4.20000000000002));
#9166=CARTESIAN_POINT('',(-4.89858719658941E-16,109.8,-4.));
#9167=CARTESIAN_POINT('Origin',(0.,110.,0.));
#9168=CARTESIAN_POINT('Origin',(0.,99.3,0.));
#9169=CARTESIAN_POINT('',(4.10256677714363E-16,99.3,3.35));
#9170=CARTESIAN_POINT('',(-4.10256677714363E-16,99.3,-3.35));
#9171=CARTESIAN_POINT('Origin',(0.,99.3,0.));
#9172=CARTESIAN_POINT('Origin',(0.,99.3,0.));
#9173=CARTESIAN_POINT('',(-4.10256677714363E-16,99.3,-3.35));
#9174=CARTESIAN_POINT('Origin',(0.,110.,0.));
#9175=CARTESIAN_POINT('',(-5.51091059616309E-16,0.,4.5));
#9176=CARTESIAN_POINT('Origin',(0.,0.,0.));
#9177=CARTESIAN_POINT('',(-5.51091059616309E-16,110.,4.5));
#9178=CARTESIAN_POINT('',(-5.51091059616309E-16,110.,4.5));
#9179=CARTESIAN_POINT('Origin',(0.,110.,0.));
#9180=CARTESIAN_POINT('Origin',(0.,110.,0.));
#9181=CARTESIAN_POINT('',(-4.10256677714363E-16,0.,3.35));
#9182=CARTESIAN_POINT('',(-4.10256677714363E-16,110.,3.35));
#9183=CARTESIAN_POINT('Origin',(0.,0.,0.));
#9184=CARTESIAN_POINT('Origin',(0.,100.,0.));
#9185=CARTESIAN_POINT('Ctrl Pts',(-4.25354196309513E-14,103.675000002731,
-4.));
#9186=CARTESIAN_POINT('Ctrl Pts',(-0.193541560749718,103.682300794307,-4.));
#9187=CARTESIAN_POINT('Ctrl Pts',(-0.387242205865582,103.689827055746,-3.98595399236344));
#9188=CARTESIAN_POINT('Ctrl Pts',(-1.09600826236904,103.718184929984,-3.88216266730279));
#9189=CARTESIAN_POINT('Ctrl Pts',(-1.59267120184447,103.739669754016,-3.70618433369578));
#9190=CARTESIAN_POINT('Ctrl Pts',(-2.4871873457479,103.781707904501,-3.17529570901702));
#9191=CARTESIAN_POINT('Ctrl Pts',(-2.87723102944269,103.800828300642,-2.82668446135424));
#9192=CARTESIAN_POINT('Ctrl Pts',(-3.50459147678515,103.841910953687,-1.99745817468604));
#9193=CARTESIAN_POINT('Ctrl Pts',(-3.73489173930332,103.863369367682,-1.52399623620978));
#9194=CARTESIAN_POINT('Ctrl Pts',(-4.00012467619337,103.905463948916,-0.517945943083277));
#9195=CARTESIAN_POINT('Ctrl Pts',(-4.03351474373174,103.924656430123,0.00477426563199268));
#9196=CARTESIAN_POINT('Ctrl Pts',(-3.89849298855411,103.965666988402,1.03602270754764));
#9197=CARTESIAN_POINT('Ctrl Pts',(-3.73050158699582,103.987098359534,1.53457692399032));
#9198=CARTESIAN_POINT('Ctrl Pts',(-3.21357745403636,104.02924671236,2.43779877722279));
#9199=CARTESIAN_POINT('Ctrl Pts',(-2.87011626495223,104.048516728517,2.83414406275209));
#9200=CARTESIAN_POINT('Ctrl Pts',(-2.04989421119409,104.089455976778,3.47406474509526));
#9201=CARTESIAN_POINT('Ctrl Pts',(-1.58068701815285,104.110859827923,3.71114484937226));
#9202=CARTESIAN_POINT('Ctrl Pts',(-0.578333292614387,104.153059257706,3.99201239697831));
#9203=CARTESIAN_POINT('Ctrl Pts',(-0.0548205755073561,104.172411524352,
4.0333140393762));
#9204=CARTESIAN_POINT('Ctrl Pts',(0.978826337522081,104.213280482201,3.91314513318325));
#9205=CARTESIAN_POINT('Ctrl Pts',(1.47906082397858,104.234656491925,3.75275339239765));
#9206=CARTESIAN_POINT('Ctrl Pts',(2.39044482155421,104.276904294214,3.24916965339085));
#9207=CARTESIAN_POINT('Ctrl Pts',(2.79278392267977,104.29634277391,2.91061514885748));
#9208=CARTESIAN_POINT('Ctrl Pts',(3.44451914635945,104.337142679789,2.09898075863328));
#9209=CARTESIAN_POINT('Ctrl Pts',(3.68793267433398,104.358490679649,1.63387755461786));
#9210=CARTESIAN_POINT('Ctrl Pts',(3.9835450751224,104.400784163721,0.635137999263343));
#9211=CARTESIAN_POINT('Ctrl Pts',(4.03233514850742,104.420312062395,0.110882084823502));
#9212=CARTESIAN_POINT('Ctrl Pts',(3.92614016850716,104.461044355343,-0.92493007681078));
#9213=CARTESIAN_POINT('Ctrl Pts',(3.77289558086755,104.482364324743,-1.4266394006341));
#9214=CARTESIAN_POINT('Ctrl Pts',(3.2819091333587,104.52470083473,-2.34559297881712));
#9215=CARTESIAN_POINT('Ctrl Pts',(2.94797866598749,104.544320611835,-2.75356905964267));
#9216=CARTESIAN_POINT('Ctrl Pts',(2.144440430663,104.584986911543,-3.41629933535106));
#9217=CARTESIAN_POINT('Ctrl Pts',(1.68324493524822,104.606278970472,-3.66556668686671));
#9218=CARTESIAN_POINT('Ctrl Pts',(0.802231648068449,104.643791639412,-3.93942327252756));
#9219=CARTESIAN_POINT('Ctrl Pts',(0.40192543400975,104.659838536577,-4.00000000000001));
#9220=CARTESIAN_POINT('Ctrl Pts',(-1.0845491171807E-13,104.675000002731,
-4.));
#9221=CARTESIAN_POINT('Ctrl Pts',(1.12652942529934E-13,104.55,-4.));
#9222=CARTESIAN_POINT('Ctrl Pts',(0.138235032860298,104.544785486076,-4.));
#9223=CARTESIAN_POINT('Ctrl Pts',(0.276621071450098,104.539453314048,-3.99283444137772));
#9224=CARTESIAN_POINT('Ctrl Pts',(0.941225022702122,104.513300879513,-3.92357450390268));
#9225=CARTESIAN_POINT('Ctrl Pts',(1.45173028645318,104.49156077493,-3.76467654200567));
#9226=CARTESIAN_POINT('Ctrl Pts',(2.36591645458771,104.449278901994,-3.26567731970233));
#9227=CARTESIAN_POINT('Ctrl Pts',(2.76410135633312,104.430074812664,-2.93631411789154));
#9228=CARTESIAN_POINT('Ctrl Pts',(3.42591271845243,104.389379586991,-2.13162843836792));
#9229=CARTESIAN_POINT('Ctrl Pts',(3.67782034310729,104.367638197246,-1.65961496915475));
#9230=CARTESIAN_POINT('Ctrl Pts',(3.97794797719869,104.325313577088,-0.661920277375572));
#9231=CARTESIAN_POINT('Ctrl Pts',(4.02993185654098,104.306042690789,-0.147791545671205));
#9232=CARTESIAN_POINT('Ctrl Pts',(3.93557114382035,104.265415128505,0.890146154824447));
#9233=CARTESIAN_POINT('Ctrl Pts',(3.78307571526223,104.243673379219,1.40334703525347));
#9234=CARTESIAN_POINT('Ctrl Pts',(3.29535473667381,104.201308444496,2.32440674528287));
#9235=CARTESIAN_POINT('Ctrl Pts',(2.97104202206055,104.181968567897,2.72674159861414));
#9236=CARTESIAN_POINT('Ctrl Pts',(2.17426669760822,104.141406681332,3.39911654436406));
#9237=CARTESIAN_POINT('Ctrl Pts',(1.7048087488858,104.119665393545,3.65718721596546));
#9238=CARTESIAN_POINT('Ctrl Pts',(0.710141096340846,104.077262522311,3.96963083806819));
#9239=CARTESIAN_POINT('Ctrl Pts',(0.196620749692445,104.057852122507,4.02785135988658));
#9240=CARTESIAN_POINT('Ctrl Pts',(-0.843076498177998,104.017353781895,3.94600875732206));
#9241=CARTESIAN_POINT('Ctrl Pts',(-1.35868610866958,103.995613673897,3.79943355999157));
#9242=CARTESIAN_POINT('Ctrl Pts',(-2.2860076347989,103.953175177399,3.32212198915649));
#9243=CARTESIAN_POINT('Ctrl Pts',(-2.69214990071929,103.933693341672,3.00243685177628));
#9244=CARTESIAN_POINT('Ctrl Pts',(-3.37415131230629,103.89325630061,2.21295855287721));
#9245=CARTESIAN_POINT('Ctrl Pts',(-3.6378366897985,103.871517991336,1.74590525088736));
#9246=CARTESIAN_POINT('Ctrl Pts',(-3.96153667860897,103.829046103995,0.754070543991193));
#9247=CARTESIAN_POINT('Ctrl Pts',(-4.02544822861127,103.809492493081,0.241101838575784));
#9248=CARTESIAN_POINT('Ctrl Pts',(-3.95501857318235,103.769114413499,-0.800134726844282));
#9249=CARTESIAN_POINT('Ctrl Pts',(-3.81386132452349,103.747378427209,-1.31787926003991));
#9250=CARTESIAN_POINT('Ctrl Pts',(-3.34606208169759,103.704875298716,-2.25085429415733));
#9251=CARTESIAN_POINT('Ctrl Pts',(-3.03057847275009,103.685250095456,-2.66045754159507));
#9252=CARTESIAN_POINT('Ctrl Pts',(-2.24776415802064,103.644928571685,-3.35115412747943));
#9253=CARTESIAN_POINT('Ctrl Pts',(-1.78294526359982,103.623195343641,-3.61990864335169));
#9254=CARTESIAN_POINT('Ctrl Pts',(-0.866589974680978,103.583795666776,-3.92921059624512));
#9255=CARTESIAN_POINT('Ctrl Pts',(-0.434483148543838,103.566389611091,-4.));
#9256=CARTESIAN_POINT('Ctrl Pts',(6.18949336228525E-14,103.55,-4.));
#9257=CARTESIAN_POINT('Origin',(0.,110.,0.));
#9258=CARTESIAN_POINT('Origin',(0.,0.,0.));
#9259=CARTESIAN_POINT('Origin',(-3.7293670625,102.643750000683,0.));
#9260=CARTESIAN_POINT('',(-3.7293670625,102.643750000683,0.));
#9261=CARTESIAN_POINT('',(-3.7293670625,102.081250002048,0.));
#9262=CARTESIAN_POINT('Ctrl Pts',(-4.,109.925000002731,0.));
#9263=CARTESIAN_POINT('Ctrl Pts',(-4.,109.862500002731,-1.65685424949238));
#9264=CARTESIAN_POINT('Ctrl Pts',(-2.82842712474619,109.800000002731,-2.82842712474619));
#9265=CARTESIAN_POINT('Ctrl Pts',(-1.65685424949238,109.737500002731,-4.));
#9266=CARTESIAN_POINT('Ctrl Pts',(-2.44929359829471E-16,109.675000002731,
-4.));
#9267=CARTESIAN_POINT('Ctrl Pts',(1.65685424949238,109.612500002731,-4.));
#9268=CARTESIAN_POINT('Ctrl Pts',(2.82842712474619,109.550000002731,-2.82842712474619));
#9269=CARTESIAN_POINT('Ctrl Pts',(4.,109.487500002731,-1.65685424949238));
#9270=CARTESIAN_POINT('Ctrl Pts',(4.,109.425000002731,-4.89858719658941E-16));
#9271=CARTESIAN_POINT('Ctrl Pts',(4.,109.362500002731,1.65685424949238));
#9272=CARTESIAN_POINT('Ctrl Pts',(2.82842712474619,109.300000002731,2.82842712474619));
#9273=CARTESIAN_POINT('Ctrl Pts',(1.65685424949238,109.237500002731,4.));
#9274=CARTESIAN_POINT('Ctrl Pts',(7.34788079488412E-16,109.175000002731,
4.));
#9275=CARTESIAN_POINT('Ctrl Pts',(-1.65685424949238,109.112500002731,4.));
#9276=CARTESIAN_POINT('Ctrl Pts',(-2.82842712474619,109.050000002731,2.82842712474619));
#9277=CARTESIAN_POINT('Ctrl Pts',(-4.,108.987500002731,1.65685424949238));
#9278=CARTESIAN_POINT('Ctrl Pts',(-4.,108.925000002731,0.));
#9279=CARTESIAN_POINT('Ctrl Pts',(-4.,108.862500002731,-1.65685424949238));
#9280=CARTESIAN_POINT('Ctrl Pts',(-2.82842712474619,108.800000002731,-2.82842712474619));
#9281=CARTESIAN_POINT('Ctrl Pts',(-1.65685424949238,108.737500002731,-4.));
#9282=CARTESIAN_POINT('Ctrl Pts',(-2.44929359829471E-16,108.675000002731,
-4.));
#9283=CARTESIAN_POINT('Ctrl Pts',(1.65685424949238,108.612500002731,-4.));
#9284=CARTESIAN_POINT('Ctrl Pts',(2.82842712474619,108.550000002731,-2.82842712474619));
#9285=CARTESIAN_POINT('Ctrl Pts',(4.,108.487500002731,-1.65685424949238));
#9286=CARTESIAN_POINT('Ctrl Pts',(4.,108.425000002731,-4.89858719658941E-16));
#9287=CARTESIAN_POINT('Ctrl Pts',(4.,108.362500002731,1.65685424949238));
#9288=CARTESIAN_POINT('Ctrl Pts',(2.82842712474619,108.300000002731,2.82842712474619));
#9289=CARTESIAN_POINT('Ctrl Pts',(1.65685424949238,108.237500002731,4.));
#9290=CARTESIAN_POINT('Ctrl Pts',(7.34788079488412E-16,108.175000002731,
4.));
#9291=CARTESIAN_POINT('Ctrl Pts',(-1.65685424949238,108.112500002731,4.));
#9292=CARTESIAN_POINT('Ctrl Pts',(-2.82842712474619,108.050000002731,2.82842712474619));
#9293=CARTESIAN_POINT('Ctrl Pts',(-4.,107.987500002731,1.65685424949238));
#9294=CARTESIAN_POINT('Ctrl Pts',(-4.,107.925000002731,0.));
#9295=CARTESIAN_POINT('Ctrl Pts',(-4.,107.862500002731,-1.65685424949238));
#9296=CARTESIAN_POINT('Ctrl Pts',(-2.82842712474619,107.800000002731,-2.82842712474619));
#9297=CARTESIAN_POINT('Ctrl Pts',(-1.65685424949238,107.737500002731,-4.));
#9298=CARTESIAN_POINT('Ctrl Pts',(-2.44929359829471E-16,107.675000002731,
-4.));
#9299=CARTESIAN_POINT('Ctrl Pts',(1.65685424949238,107.612500002731,-4.));
#9300=CARTESIAN_POINT('Ctrl Pts',(2.82842712474619,107.550000002731,-2.82842712474619));
#9301=CARTESIAN_POINT('Ctrl Pts',(4.,107.487500002731,-1.65685424949238));
#9302=CARTESIAN_POINT('Ctrl Pts',(4.,107.425000002731,-4.89858719658941E-16));
#9303=CARTESIAN_POINT('Ctrl Pts',(4.,107.362500002731,1.65685424949238));
#9304=CARTESIAN_POINT('Ctrl Pts',(2.82842712474619,107.300000002731,2.82842712474619));
#9305=CARTESIAN_POINT('Ctrl Pts',(1.65685424949238,107.237500002731,4.));
#9306=CARTESIAN_POINT('Ctrl Pts',(7.34788079488412E-16,107.175000002731,
4.));
#9307=CARTESIAN_POINT('Ctrl Pts',(-1.65685424949238,107.112500002731,4.));
#9308=CARTESIAN_POINT('Ctrl Pts',(-2.82842712474619,107.050000002731,2.82842712474619));
#9309=CARTESIAN_POINT('Ctrl Pts',(-4.,106.987500002731,1.65685424949238));
#9310=CARTESIAN_POINT('Ctrl Pts',(-4.,106.925000002731,0.));
#9311=CARTESIAN_POINT('Ctrl Pts',(-4.,106.862500002731,-1.65685424949238));
#9312=CARTESIAN_POINT('Ctrl Pts',(-2.82842712474619,106.800000002731,-2.82842712474619));
#9313=CARTESIAN_POINT('Ctrl Pts',(-1.65685424949238,106.737500002731,-4.));
#9314=CARTESIAN_POINT('Ctrl Pts',(-2.44929359829471E-16,106.675000002731,
-4.));
#9315=CARTESIAN_POINT('Ctrl Pts',(1.65685424949238,106.612500002731,-4.));
#9316=CARTESIAN_POINT('Ctrl Pts',(2.82842712474619,106.550000002731,-2.82842712474619));
#9317=CARTESIAN_POINT('Ctrl Pts',(4.,106.487500002731,-1.65685424949238));
#9318=CARTESIAN_POINT('Ctrl Pts',(4.,106.425000002731,-4.89858719658941E-16));
#9319=CARTESIAN_POINT('Ctrl Pts',(4.,106.362500002731,1.65685424949238));
#9320=CARTESIAN_POINT('Ctrl Pts',(2.82842712474619,106.300000002731,2.82842712474619));
#9321=CARTESIAN_POINT('Ctrl Pts',(1.65685424949238,106.237500002731,4.));
#9322=CARTESIAN_POINT('Ctrl Pts',(7.34788079488412E-16,106.175000002731,
4.));
#9323=CARTESIAN_POINT('Ctrl Pts',(-1.65685424949238,106.112500002731,4.));
#9324=CARTESIAN_POINT('Ctrl Pts',(-2.82842712474619,106.050000002731,2.82842712474619));
#9325=CARTESIAN_POINT('Ctrl Pts',(-4.,105.987500002731,1.65685424949238));
#9326=CARTESIAN_POINT('Ctrl Pts',(-4.,105.925000002731,0.));
#9327=CARTESIAN_POINT('Ctrl Pts',(-4.,105.862500002731,-1.65685424949238));
#9328=CARTESIAN_POINT('Ctrl Pts',(-2.82842712474619,105.800000002731,-2.82842712474619));
#9329=CARTESIAN_POINT('Ctrl Pts',(-1.65685424949238,105.737500002731,-4.));
#9330=CARTESIAN_POINT('Ctrl Pts',(-2.44929359829471E-16,105.675000002731,
-4.));
#9331=CARTESIAN_POINT('Ctrl Pts',(1.65685424949238,105.612500002731,-4.));
#9332=CARTESIAN_POINT('Ctrl Pts',(2.82842712474619,105.550000002731,-2.82842712474619));
#9333=CARTESIAN_POINT('Ctrl Pts',(4.,105.487500002731,-1.65685424949238));
#9334=CARTESIAN_POINT('Ctrl Pts',(4.,105.425000002731,-4.89858719658941E-16));
#9335=CARTESIAN_POINT('Ctrl Pts',(4.,105.362500002731,1.65685424949238));
#9336=CARTESIAN_POINT('Ctrl Pts',(2.82842712474619,105.300000002731,2.82842712474619));
#9337=CARTESIAN_POINT('Ctrl Pts',(1.65685424949238,105.237500002731,4.));
#9338=CARTESIAN_POINT('Ctrl Pts',(7.34788079488412E-16,105.175000002731,
4.));
#9339=CARTESIAN_POINT('Ctrl Pts',(-1.65685424949238,105.112500002731,4.));
#9340=CARTESIAN_POINT('Ctrl Pts',(-2.82842712474619,105.050000002731,2.82842712474619));
#9341=CARTESIAN_POINT('Ctrl Pts',(-4.,104.987500002731,1.65685424949238));
#9342=CARTESIAN_POINT('Ctrl Pts',(-4.,104.925000002731,0.));
#9343=CARTESIAN_POINT('Ctrl Pts',(-4.,104.862500002731,-1.65685424949238));
#9344=CARTESIAN_POINT('Ctrl Pts',(-2.82842712474619,104.800000002731,-2.82842712474619));
#9345=CARTESIAN_POINT('Ctrl Pts',(-1.65685424949238,104.737500002731,-4.));
#9346=CARTESIAN_POINT('Ctrl Pts',(-2.44929359829471E-16,104.675000002731,
-4.));
#9347=CARTESIAN_POINT('Ctrl Pts',(1.65685424949238,104.612500002731,-4.));
#9348=CARTESIAN_POINT('Ctrl Pts',(2.82842712474619,104.550000002731,-2.82842712474619));
#9349=CARTESIAN_POINT('Ctrl Pts',(4.,104.487500002731,-1.65685424949238));
#9350=CARTESIAN_POINT('Ctrl Pts',(4.,104.425000002731,-4.89858719658941E-16));
#9351=CARTESIAN_POINT('Ctrl Pts',(4.,104.362500002731,1.65685424949238));
#9352=CARTESIAN_POINT('Ctrl Pts',(2.82842712474619,104.300000002731,2.82842712474619));
#9353=CARTESIAN_POINT('Ctrl Pts',(1.65685424949238,104.237500002731,4.));
#9354=CARTESIAN_POINT('Ctrl Pts',(7.34788079488412E-16,104.175000002731,
4.));
#9355=CARTESIAN_POINT('Ctrl Pts',(-1.65685424949238,104.112500002731,4.));
#9356=CARTESIAN_POINT('Ctrl Pts',(-2.82842712474619,104.050000002731,2.82842712474619));
#9357=CARTESIAN_POINT('Ctrl Pts',(-4.,103.987500002731,1.65685424949238));
#9358=CARTESIAN_POINT('Ctrl Pts',(-4.,103.925000002731,0.));
#9359=CARTESIAN_POINT('Ctrl Pts',(-4.,103.862500002731,-1.65685424949238));
#9360=CARTESIAN_POINT('Ctrl Pts',(-2.82842712474619,103.800000002731,-2.82842712474619));
#9361=CARTESIAN_POINT('Ctrl Pts',(-1.65685424949238,103.737500002731,-4.));
#9362=CARTESIAN_POINT('Ctrl Pts',(-2.44929359829471E-16,103.675000002731,
-4.));
#9363=CARTESIAN_POINT('Ctrl Pts',(1.65685424949238,103.612500002731,-4.));
#9364=CARTESIAN_POINT('Ctrl Pts',(2.82842712474619,103.550000002731,-2.82842712474619));
#9365=CARTESIAN_POINT('Ctrl Pts',(4.,103.487500002731,-1.65685424949238));
#9366=CARTESIAN_POINT('Ctrl Pts',(4.,103.425000002731,-4.89858719658941E-16));
#9367=CARTESIAN_POINT('Ctrl Pts',(4.,103.362500002731,1.65685424949238));
#9368=CARTESIAN_POINT('Ctrl Pts',(2.82842712474619,103.300000002731,2.82842712474619));
#9369=CARTESIAN_POINT('Ctrl Pts',(1.65685424949238,103.237500002731,4.));
#9370=CARTESIAN_POINT('Ctrl Pts',(7.34788079488412E-16,103.175000002731,
4.));
#9371=CARTESIAN_POINT('Ctrl Pts',(-1.65685424949238,103.112500002731,4.));
#9372=CARTESIAN_POINT('Ctrl Pts',(-2.82842712474619,103.050000002731,2.82842712474619));
#9373=CARTESIAN_POINT('Ctrl Pts',(-4.,102.987500002731,1.65685424949238));
#9374=CARTESIAN_POINT('Ctrl Pts',(-4.,102.925000002731,0.));
#9375=CARTESIAN_POINT('Ctrl Pts',(-4.,102.862500002731,-1.65685424949238));
#9376=CARTESIAN_POINT('Ctrl Pts',(-2.82842712474619,102.800000002731,-2.82842712474619));
#9377=CARTESIAN_POINT('Ctrl Pts',(-1.65685424949238,102.737500002731,-4.));
#9378=CARTESIAN_POINT('Ctrl Pts',(-2.44929359829471E-16,102.675000002731,
-4.));
#9379=CARTESIAN_POINT('Ctrl Pts',(1.65685424949238,102.612500002731,-4.));
#9380=CARTESIAN_POINT('Ctrl Pts',(2.82842712474619,102.550000002731,-2.82842712474619));
#9381=CARTESIAN_POINT('Ctrl Pts',(4.,102.487500002731,-1.65685424949238));
#9382=CARTESIAN_POINT('Ctrl Pts',(4.,102.425000002731,-4.89858719658941E-16));
#9383=CARTESIAN_POINT('Ctrl Pts',(4.,102.362500002731,1.65685424949238));
#9384=CARTESIAN_POINT('Ctrl Pts',(2.82842712474619,102.300000002731,2.82842712474619));
#9385=CARTESIAN_POINT('Ctrl Pts',(1.65685424949238,102.237500002731,4.));
#9386=CARTESIAN_POINT('Ctrl Pts',(7.34788079488412E-16,102.175000002731,
4.));
#9387=CARTESIAN_POINT('Ctrl Pts',(-1.65685424949238,102.112500002731,4.));
#9388=CARTESIAN_POINT('Ctrl Pts',(-2.82842712474619,102.050000002731,2.82842712474619));
#9389=CARTESIAN_POINT('Ctrl Pts',(-4.,101.987500002731,1.65685424949238));
#9390=CARTESIAN_POINT('Ctrl Pts',(-4.,101.925000002731,0.));
#9391=CARTESIAN_POINT('Ctrl Pts',(-3.45872921295834,110.237502837334,0.));
#9392=CARTESIAN_POINT('Ctrl Pts',(-3.45872921295834,110.175002837334,-1.43265254858336));
#9393=CARTESIAN_POINT('Ctrl Pts',(-2.44569088077085,110.112502837334,-2.44569088077085));
#9394=CARTESIAN_POINT('Ctrl Pts',(-1.43265254858336,110.050002837334,-3.45872921295834));
#9395=CARTESIAN_POINT('Ctrl Pts',(-2.11786082988344E-16,109.987502837334,
-3.45872921295834));
#9396=CARTESIAN_POINT('Ctrl Pts',(1.43265254858336,109.925002837334,-3.45872921295834));
#9397=CARTESIAN_POINT('Ctrl Pts',(2.44569088077085,109.862502837334,-2.44569088077085));
#9398=CARTESIAN_POINT('Ctrl Pts',(3.45872921295834,109.800002837334,-1.43265254858336));
#9399=CARTESIAN_POINT('Ctrl Pts',(3.45872921295834,109.737502837334,-4.23572165976687E-16));
#9400=CARTESIAN_POINT('Ctrl Pts',(3.45872921295834,109.675002837334,1.43265254858336));
#9401=CARTESIAN_POINT('Ctrl Pts',(2.44569088077085,109.612502837334,2.44569088077085));
#9402=CARTESIAN_POINT('Ctrl Pts',(1.43265254858337,109.550002837334,3.45872921295834));
#9403=CARTESIAN_POINT('Ctrl Pts',(6.35358248965031E-16,109.487502837334,
3.45872921295834));
#9404=CARTESIAN_POINT('Ctrl Pts',(-1.43265254858336,109.425002837334,3.45872921295834));
#9405=CARTESIAN_POINT('Ctrl Pts',(-2.44569088077085,109.362502837334,2.44569088077085));
#9406=CARTESIAN_POINT('Ctrl Pts',(-3.45872921295834,109.300002837334,1.43265254858337));
#9407=CARTESIAN_POINT('Ctrl Pts',(-3.45872921295834,109.237502837334,0.));
#9408=CARTESIAN_POINT('Ctrl Pts',(-3.45872921295834,109.175002837334,-1.43265254858336));
#9409=CARTESIAN_POINT('Ctrl Pts',(-2.44569088077085,109.112502837334,-2.44569088077085));
#9410=CARTESIAN_POINT('Ctrl Pts',(-1.43265254858336,109.050002837334,-3.45872921295834));
#9411=CARTESIAN_POINT('Ctrl Pts',(-2.11786082988344E-16,108.987502837334,
-3.45872921295834));
#9412=CARTESIAN_POINT('Ctrl Pts',(1.43265254858336,108.925002837334,-3.45872921295834));
#9413=CARTESIAN_POINT('Ctrl Pts',(2.44569088077085,108.862502837334,-2.44569088077085));
#9414=CARTESIAN_POINT('Ctrl Pts',(3.45872921295834,108.800002837334,-1.43265254858336));
#9415=CARTESIAN_POINT('Ctrl Pts',(3.45872921295834,108.737502837334,-4.23572165976687E-16));
#9416=CARTESIAN_POINT('Ctrl Pts',(3.45872921295834,108.675002837334,1.43265254858336));
#9417=CARTESIAN_POINT('Ctrl Pts',(2.44569088077085,108.612502837334,2.44569088077085));
#9418=CARTESIAN_POINT('Ctrl Pts',(1.43265254858337,108.550002837334,3.45872921295834));
#9419=CARTESIAN_POINT('Ctrl Pts',(6.35358248965031E-16,108.487502837334,
3.45872921295834));
#9420=CARTESIAN_POINT('Ctrl Pts',(-1.43265254858336,108.425002837334,3.45872921295834));
#9421=CARTESIAN_POINT('Ctrl Pts',(-2.44569088077085,108.362502837334,2.44569088077085));
#9422=CARTESIAN_POINT('Ctrl Pts',(-3.45872921295834,108.300002837334,1.43265254858337));
#9423=CARTESIAN_POINT('Ctrl Pts',(-3.45872921295834,108.237502837334,0.));
#9424=CARTESIAN_POINT('Ctrl Pts',(-3.45872921295834,108.175002837334,-1.43265254858336));
#9425=CARTESIAN_POINT('Ctrl Pts',(-2.44569088077085,108.112502837334,-2.44569088077085));
#9426=CARTESIAN_POINT('Ctrl Pts',(-1.43265254858336,108.050002837334,-3.45872921295834));
#9427=CARTESIAN_POINT('Ctrl Pts',(-2.11786082988344E-16,107.987502837334,
-3.45872921295834));
#9428=CARTESIAN_POINT('Ctrl Pts',(1.43265254858336,107.925002837334,-3.45872921295834));
#9429=CARTESIAN_POINT('Ctrl Pts',(2.44569088077085,107.862502837334,-2.44569088077085));
#9430=CARTESIAN_POINT('Ctrl Pts',(3.45872921295834,107.800002837334,-1.43265254858336));
#9431=CARTESIAN_POINT('Ctrl Pts',(3.45872921295834,107.737502837334,-4.23572165976687E-16));
#9432=CARTESIAN_POINT('Ctrl Pts',(3.45872921295834,107.675002837334,1.43265254858336));
#9433=CARTESIAN_POINT('Ctrl Pts',(2.44569088077085,107.612502837334,2.44569088077085));
#9434=CARTESIAN_POINT('Ctrl Pts',(1.43265254858337,107.550002837334,3.45872921295834));
#9435=CARTESIAN_POINT('Ctrl Pts',(6.35358248965031E-16,107.487502837334,
3.45872921295834));
#9436=CARTESIAN_POINT('Ctrl Pts',(-1.43265254858336,107.425002837334,3.45872921295834));
#9437=CARTESIAN_POINT('Ctrl Pts',(-2.44569088077085,107.362502837334,2.44569088077085));
#9438=CARTESIAN_POINT('Ctrl Pts',(-3.45872921295834,107.300002837334,1.43265254858337));
#9439=CARTESIAN_POINT('Ctrl Pts',(-3.45872921295834,107.237502837334,0.));
#9440=CARTESIAN_POINT('Ctrl Pts',(-3.45872921295834,107.175002837334,-1.43265254858336));
#9441=CARTESIAN_POINT('Ctrl Pts',(-2.44569088077085,107.112502837334,-2.44569088077085));
#9442=CARTESIAN_POINT('Ctrl Pts',(-1.43265254858336,107.050002837334,-3.45872921295834));
#9443=CARTESIAN_POINT('Ctrl Pts',(-2.11786082988344E-16,106.987502837334,
-3.45872921295834));
#9444=CARTESIAN_POINT('Ctrl Pts',(1.43265254858336,106.925002837334,-3.45872921295834));
#9445=CARTESIAN_POINT('Ctrl Pts',(2.44569088077085,106.862502837334,-2.44569088077085));
#9446=CARTESIAN_POINT('Ctrl Pts',(3.45872921295834,106.800002837334,-1.43265254858336));
#9447=CARTESIAN_POINT('Ctrl Pts',(3.45872921295834,106.737502837334,-4.23572165976687E-16));
#9448=CARTESIAN_POINT('Ctrl Pts',(3.45872921295834,106.675002837334,1.43265254858336));
#9449=CARTESIAN_POINT('Ctrl Pts',(2.44569088077085,106.612502837334,2.44569088077085));
#9450=CARTESIAN_POINT('Ctrl Pts',(1.43265254858337,106.550002837334,3.45872921295834));
#9451=CARTESIAN_POINT('Ctrl Pts',(6.35358248965031E-16,106.487502837334,
3.45872921295834));
#9452=CARTESIAN_POINT('Ctrl Pts',(-1.43265254858336,106.425002837334,3.45872921295834));
#9453=CARTESIAN_POINT('Ctrl Pts',(-2.44569088077085,106.362502837334,2.44569088077085));
#9454=CARTESIAN_POINT('Ctrl Pts',(-3.45872921295834,106.300002837334,1.43265254858337));
#9455=CARTESIAN_POINT('Ctrl Pts',(-3.45872921295834,106.237502837334,0.));
#9456=CARTESIAN_POINT('Ctrl Pts',(-3.45872921295834,106.175002837334,-1.43265254858336));
#9457=CARTESIAN_POINT('Ctrl Pts',(-2.44569088077085,106.112502837334,-2.44569088077085));
#9458=CARTESIAN_POINT('Ctrl Pts',(-1.43265254858336,106.050002837334,-3.45872921295834));
#9459=CARTESIAN_POINT('Ctrl Pts',(-2.11786082988344E-16,105.987502837334,
-3.45872921295834));
#9460=CARTESIAN_POINT('Ctrl Pts',(1.43265254858336,105.925002837334,-3.45872921295834));
#9461=CARTESIAN_POINT('Ctrl Pts',(2.44569088077085,105.862502837334,-2.44569088077085));
#9462=CARTESIAN_POINT('Ctrl Pts',(3.45872921295834,105.800002837334,-1.43265254858336));
#9463=CARTESIAN_POINT('Ctrl Pts',(3.45872921295834,105.737502837334,-4.23572165976687E-16));
#9464=CARTESIAN_POINT('Ctrl Pts',(3.45872921295834,105.675002837334,1.43265254858336));
#9465=CARTESIAN_POINT('Ctrl Pts',(2.44569088077085,105.612502837334,2.44569088077085));
#9466=CARTESIAN_POINT('Ctrl Pts',(1.43265254858337,105.550002837334,3.45872921295834));
#9467=CARTESIAN_POINT('Ctrl Pts',(6.35358248965031E-16,105.487502837334,
3.45872921295834));
#9468=CARTESIAN_POINT('Ctrl Pts',(-1.43265254858336,105.425002837334,3.45872921295834));
#9469=CARTESIAN_POINT('Ctrl Pts',(-2.44569088077085,105.362502837334,2.44569088077085));
#9470=CARTESIAN_POINT('Ctrl Pts',(-3.45872921295834,105.300002837334,1.43265254858337));
#9471=CARTESIAN_POINT('Ctrl Pts',(-3.45872921295834,105.237502837334,0.));
#9472=CARTESIAN_POINT('Ctrl Pts',(-3.45872921295834,105.175002837334,-1.43265254858336));
#9473=CARTESIAN_POINT('Ctrl Pts',(-2.44569088077085,105.112502837334,-2.44569088077085));
#9474=CARTESIAN_POINT('Ctrl Pts',(-1.43265254858336,105.050002837334,-3.45872921295834));
#9475=CARTESIAN_POINT('Ctrl Pts',(-2.11786082988344E-16,104.987502837334,
-3.45872921295834));
#9476=CARTESIAN_POINT('Ctrl Pts',(1.43265254858336,104.925002837334,-3.45872921295834));
#9477=CARTESIAN_POINT('Ctrl Pts',(2.44569088077085,104.862502837334,-2.44569088077085));
#9478=CARTESIAN_POINT('Ctrl Pts',(3.45872921295834,104.800002837334,-1.43265254858336));
#9479=CARTESIAN_POINT('Ctrl Pts',(3.45872921295834,104.737502837334,-4.23572165976687E-16));
#9480=CARTESIAN_POINT('Ctrl Pts',(3.45872921295834,104.675002837334,1.43265254858336));
#9481=CARTESIAN_POINT('Ctrl Pts',(2.44569088077085,104.612502837334,2.44569088077085));
#9482=CARTESIAN_POINT('Ctrl Pts',(1.43265254858337,104.550002837334,3.45872921295834));
#9483=CARTESIAN_POINT('Ctrl Pts',(6.35358248965031E-16,104.487502837334,
3.45872921295834));
#9484=CARTESIAN_POINT('Ctrl Pts',(-1.43265254858336,104.425002837334,3.45872921295834));
#9485=CARTESIAN_POINT('Ctrl Pts',(-2.44569088077085,104.362502837334,2.44569088077085));
#9486=CARTESIAN_POINT('Ctrl Pts',(-3.45872921295834,104.300002837334,1.43265254858337));
#9487=CARTESIAN_POINT('Ctrl Pts',(-3.45872921295834,104.237502837334,0.));
#9488=CARTESIAN_POINT('Ctrl Pts',(-3.45872921295834,104.175002837334,-1.43265254858336));
#9489=CARTESIAN_POINT('Ctrl Pts',(-2.44569088077085,104.112502837334,-2.44569088077085));
#9490=CARTESIAN_POINT('Ctrl Pts',(-1.43265254858336,104.050002837334,-3.45872921295834));
#9491=CARTESIAN_POINT('Ctrl Pts',(-2.11786082988344E-16,103.987502837334,
-3.45872921295834));
#9492=CARTESIAN_POINT('Ctrl Pts',(1.43265254858336,103.925002837334,-3.45872921295834));
#9493=CARTESIAN_POINT('Ctrl Pts',(2.44569088077085,103.862502837334,-2.44569088077085));
#9494=CARTESIAN_POINT('Ctrl Pts',(3.45872921295834,103.800002837334,-1.43265254858336));
#9495=CARTESIAN_POINT('Ctrl Pts',(3.45872921295834,103.737502837334,-4.23572165976687E-16));
#9496=CARTESIAN_POINT('Ctrl Pts',(3.45872921295834,103.675002837334,1.43265254858336));
#9497=CARTESIAN_POINT('Ctrl Pts',(2.44569088077085,103.612502837334,2.44569088077085));
#9498=CARTESIAN_POINT('Ctrl Pts',(1.43265254858337,103.550002837334,3.45872921295834));
#9499=CARTESIAN_POINT('Ctrl Pts',(6.35358248965031E-16,103.487502837334,
3.45872921295834));
#9500=CARTESIAN_POINT('Ctrl Pts',(-1.43265254858336,103.425002837334,3.45872921295834));
#9501=CARTESIAN_POINT('Ctrl Pts',(-2.44569088077085,103.362502837334,2.44569088077085));
#9502=CARTESIAN_POINT('Ctrl Pts',(-3.45872921295834,103.300002837334,1.43265254858337));
#9503=CARTESIAN_POINT('Ctrl Pts',(-3.45872921295834,103.237502837334,0.));
#9504=CARTESIAN_POINT('Ctrl Pts',(-3.45872921295834,103.175002837334,-1.43265254858336));
#9505=CARTESIAN_POINT('Ctrl Pts',(-2.44569088077085,103.112502837334,-2.44569088077085));
#9506=CARTESIAN_POINT('Ctrl Pts',(-1.43265254858336,103.050002837334,-3.45872921295834));
#9507=CARTESIAN_POINT('Ctrl Pts',(-2.11786082988344E-16,102.987502837334,
-3.45872921295834));
#9508=CARTESIAN_POINT('Ctrl Pts',(1.43265254858336,102.925002837334,-3.45872921295834));
#9509=CARTESIAN_POINT('Ctrl Pts',(2.44569088077085,102.862502837334,-2.44569088077085));
#9510=CARTESIAN_POINT('Ctrl Pts',(3.45872921295834,102.800002837334,-1.43265254858336));
#9511=CARTESIAN_POINT('Ctrl Pts',(3.45872921295834,102.737502837334,-4.23572165976687E-16));
#9512=CARTESIAN_POINT('Ctrl Pts',(3.45872921295834,102.675002837334,1.43265254858336));
#9513=CARTESIAN_POINT('Ctrl Pts',(2.44569088077085,102.612502837334,2.44569088077085));
#9514=CARTESIAN_POINT('Ctrl Pts',(1.43265254858337,102.550002837334,3.45872921295834));
#9515=CARTESIAN_POINT('Ctrl Pts',(6.35358248965031E-16,102.487502837334,
3.45872921295834));
#9516=CARTESIAN_POINT('Ctrl Pts',(-1.43265254858336,102.425002837334,3.45872921295834));
#9517=CARTESIAN_POINT('Ctrl Pts',(-2.44569088077085,102.362502837334,2.44569088077085));
#9518=CARTESIAN_POINT('Ctrl Pts',(-3.45872921295834,102.300002837334,1.43265254858337));
#9519=CARTESIAN_POINT('Ctrl Pts',(-3.45872921295834,102.237502837334,0.));
#9520=CARTESIAN_POINT('Ctrl Pts',(-3.42617413336679,109.258743582956,0.473468642348932));
#9521=CARTESIAN_POINT('Ctrl Pts',(-3.39213803942371,109.26785192717,0.786423707806124));
#9522=CARTESIAN_POINT('Ctrl Pts',(-3.31589983927688,109.277199193894,1.09296374873866));
#9523=CARTESIAN_POINT('Ctrl Pts',(-3.08235369192216,109.295949094521,1.67960204164217));
#9524=CARTESIAN_POINT('Ctrl Pts',(-2.92547799897853,109.305254483902,1.9568105734645));
#9525=CARTESIAN_POINT('Ctrl Pts',(-2.6029781075553,109.320276787784,2.37961564482835));
#9526=CARTESIAN_POINT('Ctrl Pts',(-2.45782118147587,109.325984659178,2.53709419394819));
#9527=CARTESIAN_POINT('Ctrl Pts',(-1.98887862309706,109.34363053852,2.9628240461144));
#9528=CARTESIAN_POINT('Ctrl Pts',(-1.62989910613976,109.355855913669,3.18818426323078));
#9529=CARTESIAN_POINT('Ctrl Pts',(-1.04397496128507,109.374186193736,3.42481612251061));
#9530=CARTESIAN_POINT('Ctrl Pts',(-0.841158092089092,109.380260424696,3.48646745711842));
#9531=CARTESIAN_POINT('Ctrl Pts',(-0.426055772405304,109.392224238467,3.57318261746422));
#9532=CARTESIAN_POINT('Ctrl Pts',(-0.215983568258393,109.398032750263,3.59803275026225));
#9533=CARTESIAN_POINT('Ctrl Pts',(5.02375918642883E-14,109.403765879097,
3.60376587909676));
#9534=CARTESIAN_POINT('Ctrl Pts',(3.458734125,103.737500001366,-4.23572767528297E-16));
#9535=CARTESIAN_POINT('Ctrl Pts',(3.458734125,103.675000001366,1.43265458321764));
#9536=CARTESIAN_POINT('Ctrl Pts',(2.44569435410882,103.612500001366,2.44569435410882));
#9537=CARTESIAN_POINT('Ctrl Pts',(1.43265458321764,103.550000001366,3.458734125));
#9538=CARTESIAN_POINT('Ctrl Pts',(6.35359151292446E-16,103.487500001366,
3.458734125));
#9539=CARTESIAN_POINT('Ctrl Pts',(-1.43265458321764,103.425000001366,3.458734125));
#9540=CARTESIAN_POINT('Ctrl Pts',(-2.44569435410882,103.362500001366,2.44569435410882));
#9541=CARTESIAN_POINT('Ctrl Pts',(-3.458734125,103.300000001366,1.43265458321764));
#9542=CARTESIAN_POINT('Ctrl Pts',(-3.458734125,103.237500001366,0.));
#9543=CARTESIAN_POINT('Ctrl Pts',(-3.458734125,103.175000001366,-1.43265458321764));
#9544=CARTESIAN_POINT('Ctrl Pts',(-2.44569435410882,103.112500001366,-2.44569435410882));
#9545=CARTESIAN_POINT('Ctrl Pts',(-1.43265458321764,103.050000001366,-3.458734125));
#9546=CARTESIAN_POINT('Ctrl Pts',(-2.11786383764149E-16,102.987500001366,
-3.458734125));
#9547=CARTESIAN_POINT('Ctrl Pts',(1.43265458321764,102.925000001366,-3.458734125));
#9548=CARTESIAN_POINT('Ctrl Pts',(2.44569435410882,102.862500001366,-2.44569435410882));
#9549=CARTESIAN_POINT('Ctrl Pts',(3.458734125,102.800000001366,-1.43265458321764));
#9550=CARTESIAN_POINT('Ctrl Pts',(3.458734125,102.737500001366,-4.23572767528297E-16));
#9551=CARTESIAN_POINT('Origin',(-6.10622663543836E-15,110.362500001366,
1.81322035841033E-16));
#9552=CARTESIAN_POINT('Ctrl Pts',(3.458734125,103.987500001366,-4.23572767528297E-16));
#9553=CARTESIAN_POINT('Ctrl Pts',(3.458734125,103.925000001366,1.43265458321764));
#9554=CARTESIAN_POINT('Ctrl Pts',(2.44569435410882,103.862500001366,2.44569435410882));
#9555=CARTESIAN_POINT('Ctrl Pts',(1.43265458321764,103.800000001366,3.458734125));
#9556=CARTESIAN_POINT('Ctrl Pts',(6.35359151292446E-16,103.737500001366,
3.458734125));
#9557=CARTESIAN_POINT('Ctrl Pts',(-1.43265458321764,103.675000001366,3.458734125));
#9558=CARTESIAN_POINT('Ctrl Pts',(-2.44569435410882,103.612500001366,2.44569435410882));
#9559=CARTESIAN_POINT('Ctrl Pts',(-3.458734125,103.550000001366,1.43265458321764));
#9560=CARTESIAN_POINT('Ctrl Pts',(-3.458734125,103.487500001366,0.));
#9561=CARTESIAN_POINT('Ctrl Pts',(-3.458734125,103.425000001366,-1.43265458321764));
#9562=CARTESIAN_POINT('Ctrl Pts',(-2.44569435410882,103.362500001366,-2.44569435410882));
#9563=CARTESIAN_POINT('Ctrl Pts',(-1.43265458321764,103.300000001366,-3.458734125));
#9564=CARTESIAN_POINT('Ctrl Pts',(-2.11786383764149E-16,103.237500001366,
-3.458734125));
#9565=CARTESIAN_POINT('Ctrl Pts',(1.43265458321764,103.175000001366,-3.458734125));
#9566=CARTESIAN_POINT('Ctrl Pts',(2.44569435410882,103.112500001366,-2.44569435410882));
#9567=CARTESIAN_POINT('Ctrl Pts',(3.458734125,103.050000001366,-1.43265458321764));
#9568=CARTESIAN_POINT('Ctrl Pts',(3.458734125,102.987500001366,-4.23572767528297E-16));
#9569=CARTESIAN_POINT('Ctrl Pts',(-3.458734125,110.487500001366,0.));
#9570=CARTESIAN_POINT('Ctrl Pts',(-3.458734125,110.425000001366,-1.43265458321764));
#9571=CARTESIAN_POINT('Ctrl Pts',(-2.44569435410882,110.362500001366,-2.44569435410882));
#9572=CARTESIAN_POINT('Ctrl Pts',(-1.43265458321764,110.300000001366,-3.458734125));
#9573=CARTESIAN_POINT('Ctrl Pts',(-2.11786383764149E-16,110.237500001366,
-3.458734125));
#9574=CARTESIAN_POINT('Ctrl Pts',(1.43265458321764,110.175000001366,-3.458734125));
#9575=CARTESIAN_POINT('Ctrl Pts',(2.44569435410882,110.112500001366,-2.44569435410882));
#9576=CARTESIAN_POINT('Ctrl Pts',(3.458734125,110.050000001366,-1.43265458321764));
#9577=CARTESIAN_POINT('Ctrl Pts',(3.458734125,109.987500001366,-4.23572767528297E-16));
#9578=CARTESIAN_POINT('Ctrl Pts',(3.458734125,109.925000001366,1.43265458321764));
#9579=CARTESIAN_POINT('Ctrl Pts',(2.44569435410882,109.862500001366,2.44569435410882));
#9580=CARTESIAN_POINT('Ctrl Pts',(1.43265458321764,109.800000001366,3.458734125));
#9581=CARTESIAN_POINT('Ctrl Pts',(6.35359151292446E-16,109.737500001366,
3.458734125));
#9582=CARTESIAN_POINT('Ctrl Pts',(-1.43265458321764,109.675000001366,3.458734125));
#9583=CARTESIAN_POINT('Ctrl Pts',(-2.44569435410882,109.612500001366,2.44569435410882));
#9584=CARTESIAN_POINT('Ctrl Pts',(-3.458734125,109.550000001366,1.43265458321764));
#9585=CARTESIAN_POINT('Ctrl Pts',(-3.458734125,109.487500001366,0.));
#9586=CARTESIAN_POINT('Ctrl Pts',(-3.458734125,109.425000001366,-1.43265458321764));
#9587=CARTESIAN_POINT('Ctrl Pts',(-2.44569435410882,109.362500001366,-2.44569435410882));
#9588=CARTESIAN_POINT('Ctrl Pts',(-1.43265458321764,109.300000001366,-3.458734125));
#9589=CARTESIAN_POINT('Ctrl Pts',(-2.11786383764149E-16,109.237500001366,
-3.458734125));
#9590=CARTESIAN_POINT('Ctrl Pts',(1.43265458321764,109.175000001366,-3.458734125));
#9591=CARTESIAN_POINT('Ctrl Pts',(2.44569435410882,109.112500001366,-2.44569435410882));
#9592=CARTESIAN_POINT('Ctrl Pts',(3.458734125,109.050000001366,-1.43265458321764));
#9593=CARTESIAN_POINT('Ctrl Pts',(3.458734125,108.987500001366,-4.23572767528297E-16));
#9594=CARTESIAN_POINT('Ctrl Pts',(3.458734125,108.925000001366,1.43265458321764));
#9595=CARTESIAN_POINT('Ctrl Pts',(2.44569435410882,108.862500001366,2.44569435410882));
#9596=CARTESIAN_POINT('Ctrl Pts',(1.43265458321764,108.800000001366,3.458734125));
#9597=CARTESIAN_POINT('Ctrl Pts',(6.35359151292446E-16,108.737500001366,
3.458734125));
#9598=CARTESIAN_POINT('Ctrl Pts',(-1.43265458321764,108.675000001366,3.458734125));
#9599=CARTESIAN_POINT('Ctrl Pts',(-2.44569435410882,108.612500001366,2.44569435410882));
#9600=CARTESIAN_POINT('Ctrl Pts',(-3.458734125,108.550000001366,1.43265458321764));
#9601=CARTESIAN_POINT('Ctrl Pts',(-3.458734125,108.487500001366,0.));
#9602=CARTESIAN_POINT('Ctrl Pts',(-3.458734125,108.425000001366,-1.43265458321764));
#9603=CARTESIAN_POINT('Ctrl Pts',(-2.44569435410882,108.362500001366,-2.44569435410882));
#9604=CARTESIAN_POINT('Ctrl Pts',(-1.43265458321764,108.300000001366,-3.458734125));
#9605=CARTESIAN_POINT('Ctrl Pts',(-2.11786383764149E-16,108.237500001366,
-3.458734125));
#9606=CARTESIAN_POINT('Ctrl Pts',(1.43265458321764,108.175000001366,-3.458734125));
#9607=CARTESIAN_POINT('Ctrl Pts',(2.44569435410882,108.112500001366,-2.44569435410882));
#9608=CARTESIAN_POINT('Ctrl Pts',(3.458734125,108.050000001366,-1.43265458321764));
#9609=CARTESIAN_POINT('Ctrl Pts',(3.458734125,107.987500001366,-4.23572767528297E-16));
#9610=CARTESIAN_POINT('Ctrl Pts',(3.458734125,107.925000001366,1.43265458321764));
#9611=CARTESIAN_POINT('Ctrl Pts',(2.44569435410882,107.862500001366,2.44569435410882));
#9612=CARTESIAN_POINT('Ctrl Pts',(1.43265458321764,107.800000001366,3.458734125));
#9613=CARTESIAN_POINT('Ctrl Pts',(6.35359151292446E-16,107.737500001366,
3.458734125));
#9614=CARTESIAN_POINT('Ctrl Pts',(-1.43265458321764,107.675000001366,3.458734125));
#9615=CARTESIAN_POINT('Ctrl Pts',(-2.44569435410882,107.612500001366,2.44569435410882));
#9616=CARTESIAN_POINT('Ctrl Pts',(-3.458734125,107.550000001366,1.43265458321764));
#9617=CARTESIAN_POINT('Ctrl Pts',(-3.458734125,107.487500001366,0.));
#9618=CARTESIAN_POINT('Ctrl Pts',(-3.458734125,107.425000001366,-1.43265458321764));
#9619=CARTESIAN_POINT('Ctrl Pts',(-2.44569435410882,107.362500001366,-2.44569435410882));
#9620=CARTESIAN_POINT('Ctrl Pts',(-1.43265458321764,107.300000001366,-3.458734125));
#9621=CARTESIAN_POINT('Ctrl Pts',(-2.11786383764149E-16,107.237500001366,
-3.458734125));
#9622=CARTESIAN_POINT('Ctrl Pts',(1.43265458321764,107.175000001366,-3.458734125));
#9623=CARTESIAN_POINT('Ctrl Pts',(2.44569435410882,107.112500001366,-2.44569435410882));
#9624=CARTESIAN_POINT('Ctrl Pts',(3.458734125,107.050000001366,-1.43265458321764));
#9625=CARTESIAN_POINT('Ctrl Pts',(3.458734125,106.987500001366,-4.23572767528297E-16));
#9626=CARTESIAN_POINT('Ctrl Pts',(3.458734125,106.925000001366,1.43265458321764));
#9627=CARTESIAN_POINT('Ctrl Pts',(2.44569435410882,106.862500001366,2.44569435410882));
#9628=CARTESIAN_POINT('Ctrl Pts',(1.43265458321764,106.800000001366,3.458734125));
#9629=CARTESIAN_POINT('Ctrl Pts',(6.35359151292446E-16,106.737500001366,
3.458734125));
#9630=CARTESIAN_POINT('Ctrl Pts',(-1.43265458321764,106.675000001366,3.458734125));
#9631=CARTESIAN_POINT('Ctrl Pts',(-2.44569435410882,106.612500001366,2.44569435410882));
#9632=CARTESIAN_POINT('Ctrl Pts',(-3.458734125,106.550000001366,1.43265458321764));
#9633=CARTESIAN_POINT('Ctrl Pts',(-3.458734125,106.487500001366,0.));
#9634=CARTESIAN_POINT('Ctrl Pts',(-3.458734125,106.425000001366,-1.43265458321764));
#9635=CARTESIAN_POINT('Ctrl Pts',(-2.44569435410882,106.362500001366,-2.44569435410882));
#9636=CARTESIAN_POINT('Ctrl Pts',(-1.43265458321764,106.300000001366,-3.458734125));
#9637=CARTESIAN_POINT('Ctrl Pts',(-2.11786383764149E-16,106.237500001366,
-3.458734125));
#9638=CARTESIAN_POINT('Ctrl Pts',(1.43265458321764,106.175000001366,-3.458734125));
#9639=CARTESIAN_POINT('Ctrl Pts',(2.44569435410882,106.112500001366,-2.44569435410882));
#9640=CARTESIAN_POINT('Ctrl Pts',(3.458734125,106.050000001366,-1.43265458321764));
#9641=CARTESIAN_POINT('Ctrl Pts',(3.458734125,105.987500001366,-4.23572767528297E-16));
#9642=CARTESIAN_POINT('Ctrl Pts',(3.458734125,105.925000001366,1.43265458321764));
#9643=CARTESIAN_POINT('Ctrl Pts',(2.44569435410882,105.862500001366,2.44569435410882));
#9644=CARTESIAN_POINT('Ctrl Pts',(1.43265458321764,105.800000001366,3.458734125));
#9645=CARTESIAN_POINT('Ctrl Pts',(6.35359151292446E-16,105.737500001366,
3.458734125));
#9646=CARTESIAN_POINT('Ctrl Pts',(-1.43265458321764,105.675000001366,3.458734125));
#9647=CARTESIAN_POINT('Ctrl Pts',(-2.44569435410882,105.612500001366,2.44569435410882));
#9648=CARTESIAN_POINT('Ctrl Pts',(-3.458734125,105.550000001366,1.43265458321764));
#9649=CARTESIAN_POINT('Ctrl Pts',(-3.458734125,105.487500001366,0.));
#9650=CARTESIAN_POINT('Ctrl Pts',(-3.458734125,105.425000001366,-1.43265458321764));
#9651=CARTESIAN_POINT('Ctrl Pts',(-2.44569435410882,105.362500001366,-2.44569435410882));
#9652=CARTESIAN_POINT('Ctrl Pts',(-1.43265458321764,105.300000001366,-3.458734125));
#9653=CARTESIAN_POINT('Ctrl Pts',(-2.11786383764149E-16,105.237500001366,
-3.458734125));
#9654=CARTESIAN_POINT('Ctrl Pts',(1.43265458321764,105.175000001366,-3.458734125));
#9655=CARTESIAN_POINT('Ctrl Pts',(2.44569435410882,105.112500001366,-2.44569435410882));
#9656=CARTESIAN_POINT('Ctrl Pts',(3.458734125,105.050000001366,-1.43265458321764));
#9657=CARTESIAN_POINT('Ctrl Pts',(3.458734125,104.987500001366,-4.23572767528297E-16));
#9658=CARTESIAN_POINT('Ctrl Pts',(3.458734125,104.925000001366,1.43265458321764));
#9659=CARTESIAN_POINT('Ctrl Pts',(2.44569435410882,104.862500001366,2.44569435410882));
#9660=CARTESIAN_POINT('Ctrl Pts',(1.43265458321764,104.800000001366,3.458734125));
#9661=CARTESIAN_POINT('Ctrl Pts',(6.35359151292446E-16,104.737500001366,
3.458734125));
#9662=CARTESIAN_POINT('Ctrl Pts',(-1.43265458321764,104.675000001366,3.458734125));
#9663=CARTESIAN_POINT('Ctrl Pts',(-2.44569435410882,104.612500001366,2.44569435410882));
#9664=CARTESIAN_POINT('Ctrl Pts',(-3.458734125,104.550000001366,1.43265458321764));
#9665=CARTESIAN_POINT('Ctrl Pts',(-3.458734125,104.487500001366,0.));
#9666=CARTESIAN_POINT('Ctrl Pts',(-3.458734125,104.425000001366,-1.43265458321764));
#9667=CARTESIAN_POINT('Ctrl Pts',(-2.44569435410882,104.362500001366,-2.44569435410882));
#9668=CARTESIAN_POINT('Ctrl Pts',(-1.43265458321764,104.300000001366,-3.458734125));
#9669=CARTESIAN_POINT('Ctrl Pts',(-2.11786383764149E-16,104.237500001366,
-3.458734125));
#9670=CARTESIAN_POINT('Ctrl Pts',(1.43265458321764,104.175000001366,-3.458734125));
#9671=CARTESIAN_POINT('Ctrl Pts',(2.44569435410882,104.112500001366,-2.44569435410882));
#9672=CARTESIAN_POINT('Ctrl Pts',(3.458734125,104.050000001366,-1.43265458321764));
#9673=CARTESIAN_POINT('Ctrl Pts',(3.458734125,103.987500001366,-4.23572767528297E-16));
#9674=CARTESIAN_POINT('Ctrl Pts',(3.458734125,103.925000001366,1.43265458321764));
#9675=CARTESIAN_POINT('Ctrl Pts',(2.44569435410882,103.862500001366,2.44569435410882));
#9676=CARTESIAN_POINT('Ctrl Pts',(1.43265458321764,103.800000001366,3.458734125));
#9677=CARTESIAN_POINT('Ctrl Pts',(6.35359151292446E-16,103.737500001366,
3.458734125));
#9678=CARTESIAN_POINT('Ctrl Pts',(-1.43265458321764,103.675000001366,3.458734125));
#9679=CARTESIAN_POINT('Ctrl Pts',(-2.44569435410882,103.612500001366,2.44569435410882));
#9680=CARTESIAN_POINT('Ctrl Pts',(-3.458734125,103.550000001366,1.43265458321764));
#9681=CARTESIAN_POINT('Ctrl Pts',(-3.458734125,103.487500001366,0.));
#9682=CARTESIAN_POINT('Ctrl Pts',(-3.458734125,103.425000001366,-1.43265458321764));
#9683=CARTESIAN_POINT('Ctrl Pts',(-2.44569435410882,103.362500001366,-2.44569435410882));
#9684=CARTESIAN_POINT('Ctrl Pts',(-1.43265458321764,103.300000001366,-3.458734125));
#9685=CARTESIAN_POINT('Ctrl Pts',(-2.11786383764149E-16,103.237500001366,
-3.458734125));
#9686=CARTESIAN_POINT('Ctrl Pts',(1.43265458321764,103.175000001366,-3.458734125));
#9687=CARTESIAN_POINT('Ctrl Pts',(2.44569435410882,103.112500001366,-2.44569435410882));
#9688=CARTESIAN_POINT('Ctrl Pts',(3.458734125,103.050000001366,-1.43265458321764));
#9689=CARTESIAN_POINT('Ctrl Pts',(3.458734125,102.987500001366,-4.23572767528297E-16));
#9690=CARTESIAN_POINT('Ctrl Pts',(3.458734125,102.925000001366,1.43265458321764));
#9691=CARTESIAN_POINT('Ctrl Pts',(2.44569435410882,102.862500001366,2.44569435410882));
#9692=CARTESIAN_POINT('Ctrl Pts',(1.43265458321764,102.800000001366,3.458734125));
#9693=CARTESIAN_POINT('Ctrl Pts',(6.35359151292446E-16,102.737500001366,
3.458734125));
#9694=CARTESIAN_POINT('Ctrl Pts',(-1.43265458321764,102.675000001366,3.458734125));
#9695=CARTESIAN_POINT('Ctrl Pts',(-2.44569435410882,102.612500001366,2.44569435410882));
#9696=CARTESIAN_POINT('Ctrl Pts',(-3.458734125,102.550000001366,1.43265458321764));
#9697=CARTESIAN_POINT('Ctrl Pts',(-3.458734125,102.487500001366,0.));
#9698=CARTESIAN_POINT('Ctrl Pts',(-4.,110.8,0.));
#9699=CARTESIAN_POINT('Ctrl Pts',(-4.,110.7375,-1.65685424949238));
#9700=CARTESIAN_POINT('Ctrl Pts',(-2.82842712474619,110.675,-2.82842712474619));
#9701=CARTESIAN_POINT('Ctrl Pts',(-1.65685424949238,110.6125,-4.));
#9702=CARTESIAN_POINT('Ctrl Pts',(-2.44929359829471E-16,110.55,-4.));
#9703=CARTESIAN_POINT('Ctrl Pts',(1.65685424949238,110.4875,-4.));
#9704=CARTESIAN_POINT('Ctrl Pts',(2.82842712474619,110.425,-2.82842712474619));
#9705=CARTESIAN_POINT('Ctrl Pts',(4.,110.3625,-1.65685424949238));
#9706=CARTESIAN_POINT('Ctrl Pts',(4.,110.3,-4.89858719658941E-16));
#9707=CARTESIAN_POINT('Ctrl Pts',(4.,110.2375,1.65685424949238));
#9708=CARTESIAN_POINT('Ctrl Pts',(2.82842712474619,110.175,2.82842712474619));
#9709=CARTESIAN_POINT('Ctrl Pts',(1.65685424949238,110.1125,4.));
#9710=CARTESIAN_POINT('Ctrl Pts',(7.34788079488412E-16,110.05,4.));
#9711=CARTESIAN_POINT('Ctrl Pts',(-1.65685424949238,109.9875,4.));
#9712=CARTESIAN_POINT('Ctrl Pts',(-2.82842712474619,109.925,2.82842712474619));
#9713=CARTESIAN_POINT('Ctrl Pts',(-4.,109.8625,1.65685424949238));
#9714=CARTESIAN_POINT('Ctrl Pts',(-4.,109.8,0.));
#9715=CARTESIAN_POINT('Ctrl Pts',(-4.,109.7375,-1.65685424949238));
#9716=CARTESIAN_POINT('Ctrl Pts',(-2.82842712474619,109.675,-2.82842712474619));
#9717=CARTESIAN_POINT('Ctrl Pts',(-1.65685424949238,109.6125,-4.));
#9718=CARTESIAN_POINT('Ctrl Pts',(-2.44929359829471E-16,109.55,-4.));
#9719=CARTESIAN_POINT('Ctrl Pts',(1.65685424949238,109.4875,-4.));
#9720=CARTESIAN_POINT('Ctrl Pts',(2.82842712474619,109.425,-2.82842712474619));
#9721=CARTESIAN_POINT('Ctrl Pts',(4.,109.3625,-1.65685424949238));
#9722=CARTESIAN_POINT('Ctrl Pts',(4.,109.3,-4.89858719658941E-16));
#9723=CARTESIAN_POINT('Ctrl Pts',(4.,109.2375,1.65685424949238));
#9724=CARTESIAN_POINT('Ctrl Pts',(2.82842712474619,109.175,2.82842712474619));
#9725=CARTESIAN_POINT('Ctrl Pts',(1.65685424949238,109.1125,4.));
#9726=CARTESIAN_POINT('Ctrl Pts',(7.34788079488412E-16,109.05,4.));
#9727=CARTESIAN_POINT('Ctrl Pts',(-1.65685424949238,108.9875,4.));
#9728=CARTESIAN_POINT('Ctrl Pts',(-2.82842712474619,108.925,2.82842712474619));
#9729=CARTESIAN_POINT('Ctrl Pts',(-4.,108.8625,1.65685424949238));
#9730=CARTESIAN_POINT('Ctrl Pts',(-4.,108.8,0.));
#9731=CARTESIAN_POINT('Ctrl Pts',(-4.,108.7375,-1.65685424949238));
#9732=CARTESIAN_POINT('Ctrl Pts',(-2.82842712474619,108.675,-2.82842712474619));
#9733=CARTESIAN_POINT('Ctrl Pts',(-1.65685424949238,108.6125,-4.));
#9734=CARTESIAN_POINT('Ctrl Pts',(-2.44929359829471E-16,108.55,-4.));
#9735=CARTESIAN_POINT('Ctrl Pts',(1.65685424949238,108.4875,-4.));
#9736=CARTESIAN_POINT('Ctrl Pts',(2.82842712474619,108.425,-2.82842712474619));
#9737=CARTESIAN_POINT('Ctrl Pts',(4.,108.3625,-1.65685424949238));
#9738=CARTESIAN_POINT('Ctrl Pts',(4.,108.3,-4.89858719658941E-16));
#9739=CARTESIAN_POINT('Ctrl Pts',(4.,108.2375,1.65685424949238));
#9740=CARTESIAN_POINT('Ctrl Pts',(2.82842712474619,108.175,2.82842712474619));
#9741=CARTESIAN_POINT('Ctrl Pts',(1.65685424949238,108.1125,4.));
#9742=CARTESIAN_POINT('Ctrl Pts',(7.34788079488412E-16,108.05,4.));
#9743=CARTESIAN_POINT('Ctrl Pts',(-1.65685424949238,107.9875,4.));
#9744=CARTESIAN_POINT('Ctrl Pts',(-2.82842712474619,107.925,2.82842712474619));
#9745=CARTESIAN_POINT('Ctrl Pts',(-4.,107.8625,1.65685424949238));
#9746=CARTESIAN_POINT('Ctrl Pts',(-4.,107.8,0.));
#9747=CARTESIAN_POINT('Ctrl Pts',(-4.,107.7375,-1.65685424949238));
#9748=CARTESIAN_POINT('Ctrl Pts',(-2.82842712474619,107.675,-2.82842712474619));
#9749=CARTESIAN_POINT('Ctrl Pts',(-1.65685424949238,107.6125,-4.));
#9750=CARTESIAN_POINT('Ctrl Pts',(-2.44929359829471E-16,107.55,-4.));
#9751=CARTESIAN_POINT('Ctrl Pts',(1.65685424949238,107.4875,-4.));
#9752=CARTESIAN_POINT('Ctrl Pts',(2.82842712474619,107.425,-2.82842712474619));
#9753=CARTESIAN_POINT('Ctrl Pts',(4.,107.3625,-1.65685424949238));
#9754=CARTESIAN_POINT('Ctrl Pts',(4.,107.3,-4.89858719658941E-16));
#9755=CARTESIAN_POINT('Ctrl Pts',(4.,107.2375,1.65685424949238));
#9756=CARTESIAN_POINT('Ctrl Pts',(2.82842712474619,107.175,2.82842712474619));
#9757=CARTESIAN_POINT('Ctrl Pts',(1.65685424949238,107.1125,4.));
#9758=CARTESIAN_POINT('Ctrl Pts',(7.34788079488412E-16,107.05,4.));
#9759=CARTESIAN_POINT('Ctrl Pts',(-1.65685424949238,106.9875,4.));
#9760=CARTESIAN_POINT('Ctrl Pts',(-2.82842712474619,106.925,2.82842712474619));
#9761=CARTESIAN_POINT('Ctrl Pts',(-4.,106.8625,1.65685424949238));
#9762=CARTESIAN_POINT('Ctrl Pts',(-4.,106.8,0.));
#9763=CARTESIAN_POINT('Ctrl Pts',(-4.,106.7375,-1.65685424949238));
#9764=CARTESIAN_POINT('Ctrl Pts',(-2.82842712474619,106.675,-2.82842712474619));
#9765=CARTESIAN_POINT('Ctrl Pts',(-1.65685424949238,106.6125,-4.));
#9766=CARTESIAN_POINT('Ctrl Pts',(-2.44929359829471E-16,106.55,-4.));
#9767=CARTESIAN_POINT('Ctrl Pts',(1.65685424949238,106.4875,-4.));
#9768=CARTESIAN_POINT('Ctrl Pts',(2.82842712474619,106.425,-2.82842712474619));
#9769=CARTESIAN_POINT('Ctrl Pts',(4.,106.3625,-1.65685424949238));
#9770=CARTESIAN_POINT('Ctrl Pts',(4.,106.3,-4.89858719658941E-16));
#9771=CARTESIAN_POINT('Ctrl Pts',(4.,106.2375,1.65685424949238));
#9772=CARTESIAN_POINT('Ctrl Pts',(2.82842712474619,106.175,2.82842712474619));
#9773=CARTESIAN_POINT('Ctrl Pts',(1.65685424949238,106.1125,4.));
#9774=CARTESIAN_POINT('Ctrl Pts',(7.34788079488412E-16,106.05,4.));
#9775=CARTESIAN_POINT('Ctrl Pts',(-1.65685424949238,105.9875,4.));
#9776=CARTESIAN_POINT('Ctrl Pts',(-2.82842712474619,105.925,2.82842712474619));
#9777=CARTESIAN_POINT('Ctrl Pts',(-4.,105.8625,1.65685424949238));
#9778=CARTESIAN_POINT('Ctrl Pts',(-4.,105.8,0.));
#9779=CARTESIAN_POINT('Ctrl Pts',(-4.,105.7375,-1.65685424949238));
#9780=CARTESIAN_POINT('Ctrl Pts',(-2.82842712474619,105.675,-2.82842712474619));
#9781=CARTESIAN_POINT('Ctrl Pts',(-1.65685424949238,105.6125,-4.));
#9782=CARTESIAN_POINT('Ctrl Pts',(-2.44929359829471E-16,105.55,-4.));
#9783=CARTESIAN_POINT('Ctrl Pts',(1.65685424949238,105.4875,-4.));
#9784=CARTESIAN_POINT('Ctrl Pts',(2.82842712474619,105.425,-2.82842712474619));
#9785=CARTESIAN_POINT('Ctrl Pts',(4.,105.3625,-1.65685424949238));
#9786=CARTESIAN_POINT('Ctrl Pts',(4.,105.3,-4.89858719658941E-16));
#9787=CARTESIAN_POINT('Ctrl Pts',(4.,105.2375,1.65685424949238));
#9788=CARTESIAN_POINT('Ctrl Pts',(2.82842712474619,105.175,2.82842712474619));
#9789=CARTESIAN_POINT('Ctrl Pts',(1.65685424949238,105.1125,4.));
#9790=CARTESIAN_POINT('Ctrl Pts',(7.34788079488412E-16,105.05,4.));
#9791=CARTESIAN_POINT('Ctrl Pts',(-1.65685424949238,104.9875,4.));
#9792=CARTESIAN_POINT('Ctrl Pts',(-2.82842712474619,104.925,2.82842712474619));
#9793=CARTESIAN_POINT('Ctrl Pts',(-4.,104.8625,1.65685424949238));
#9794=CARTESIAN_POINT('Ctrl Pts',(-4.,104.8,0.));
#9795=CARTESIAN_POINT('Ctrl Pts',(-4.,104.7375,-1.65685424949238));
#9796=CARTESIAN_POINT('Ctrl Pts',(-2.82842712474619,104.675,-2.82842712474619));
#9797=CARTESIAN_POINT('Ctrl Pts',(-1.65685424949238,104.6125,-4.));
#9798=CARTESIAN_POINT('Ctrl Pts',(-2.44929359829471E-16,104.55,-4.));
#9799=CARTESIAN_POINT('Ctrl Pts',(1.65685424949238,104.4875,-4.));
#9800=CARTESIAN_POINT('Ctrl Pts',(2.82842712474619,104.425,-2.82842712474619));
#9801=CARTESIAN_POINT('Ctrl Pts',(4.,104.3625,-1.65685424949238));
#9802=CARTESIAN_POINT('Ctrl Pts',(4.,104.3,-4.89858719658941E-16));
#9803=CARTESIAN_POINT('Ctrl Pts',(4.,104.2375,1.65685424949238));
#9804=CARTESIAN_POINT('Ctrl Pts',(2.82842712474619,104.175,2.82842712474619));
#9805=CARTESIAN_POINT('Ctrl Pts',(1.65685424949238,104.1125,4.));
#9806=CARTESIAN_POINT('Ctrl Pts',(7.34788079488412E-16,104.05,4.));
#9807=CARTESIAN_POINT('Ctrl Pts',(-1.65685424949238,103.9875,4.));
#9808=CARTESIAN_POINT('Ctrl Pts',(-2.82842712474619,103.925,2.82842712474619));
#9809=CARTESIAN_POINT('Ctrl Pts',(-4.,103.8625,1.65685424949238));
#9810=CARTESIAN_POINT('Ctrl Pts',(-4.,103.8,0.));
#9811=CARTESIAN_POINT('Ctrl Pts',(-4.,103.7375,-1.65685424949238));
#9812=CARTESIAN_POINT('Ctrl Pts',(-2.82842712474619,103.675,-2.82842712474619));
#9813=CARTESIAN_POINT('Ctrl Pts',(-1.65685424949238,103.6125,-4.));
#9814=CARTESIAN_POINT('Ctrl Pts',(-2.44929359829471E-16,103.55,-4.));
#9815=CARTESIAN_POINT('Ctrl Pts',(1.65685424949238,103.4875,-4.));
#9816=CARTESIAN_POINT('Ctrl Pts',(2.82842712474619,103.425,-2.82842712474619));
#9817=CARTESIAN_POINT('Ctrl Pts',(4.,103.3625,-1.65685424949238));
#9818=CARTESIAN_POINT('Ctrl Pts',(4.,103.3,-4.89858719658941E-16));
#9819=CARTESIAN_POINT('Ctrl Pts',(4.,103.2375,1.65685424949238));
#9820=CARTESIAN_POINT('Ctrl Pts',(2.82842712474619,103.175,2.82842712474619));
#9821=CARTESIAN_POINT('Ctrl Pts',(1.65685424949238,103.1125,4.));
#9822=CARTESIAN_POINT('Ctrl Pts',(7.34788079488412E-16,103.05,4.));
#9823=CARTESIAN_POINT('Ctrl Pts',(-1.65685424949238,102.9875,4.));
#9824=CARTESIAN_POINT('Ctrl Pts',(-2.82842712474619,102.925,2.82842712474619));
#9825=CARTESIAN_POINT('Ctrl Pts',(-4.,102.8625,1.65685424949238));
#9826=CARTESIAN_POINT('Ctrl Pts',(-4.,102.8,0.));
#9827=CARTESIAN_POINT('Ctrl Pts',(-4.00000000000006,109.8,-5.05963326791203E-12));
#9828=CARTESIAN_POINT('Ctrl Pts',(-3.95927909846401,109.759279098465,-0.456249361604692));
#9829=CARTESIAN_POINT('Ctrl Pts',(-3.83704998827881,109.715226999311,-0.902604766212808));
#9830=CARTESIAN_POINT('Ctrl Pts',(-3.44886950098215,109.626073196595,-1.71335414291123));
#9831=CARTESIAN_POINT('Ctrl Pts',(-3.19272339862532,109.581701015878,-2.07342011382746));
#9832=CARTESIAN_POINT('Ctrl Pts',(-2.63412776179667,109.504366505663,-2.62733178543211));
#9833=CARTESIAN_POINT('Ctrl Pts',(-2.26568736531977,109.460004513666,-2.92940117829768));
#9834=CARTESIAN_POINT('Ctrl Pts',(-1.33986975037263,109.353410612983,-3.31960462545823));
#9835=CARTESIAN_POINT('Ctrl Pts',(-0.910280562084615,109.305740336261,-3.41327682376402));
#9836=CARTESIAN_POINT('Ctrl Pts',(-0.473468642341194,109.258743582956,-3.42617413336796));
#9837=CARTESIAN_POINT('Ctrl Pts',(0.,108.929478593772,3.12947859377234));
#9838=CARTESIAN_POINT('Ctrl Pts',(0.,109.583159531258,3.78315953125753));
#9839=CARTESIAN_POINT('Ctrl Pts',(0.,110.236840468743,4.43684046874276));
#9840=CARTESIAN_POINT('Ctrl Pts',(0.,110.890521406228,5.0905214062277));
#9841=CARTESIAN_POINT('Ctrl Pts',(0.204823894994985,108.929478593773,3.12947859377214));
#9842=CARTESIAN_POINT('Ctrl Pts',(0.247607212307328,109.583159531258,3.78315953125777));
#9843=CARTESIAN_POINT('Ctrl Pts',(0.290390529619881,110.236840468744,4.43684046874113));
#9844=CARTESIAN_POINT('Ctrl Pts',(0.333173846932256,110.890521406228,5.09052140622717));
#9845=CARTESIAN_POINT('Ctrl Pts',(0.409642725315758,108.929478593771,3.10930569974087));
#9846=CARTESIAN_POINT('Ctrl Pts',(0.495208302038769,109.583159531256,3.75877295245762));
#9847=CARTESIAN_POINT('Ctrl Pts',(0.580773878761509,110.236840468743,4.40824020517361));
#9848=CARTESIAN_POINT('Ctrl Pts',(0.666339455484438,110.890521406227,5.0577074578919));
#9849=CARTESIAN_POINT('Ctrl Pts',(0.811419247887732,108.929478593772,3.02938738047782));
#9850=CARTESIAN_POINT('Ctrl Pts',(0.980907320343631,109.583159531259,3.66216141089005));
#9851=CARTESIAN_POINT('Ctrl Pts',(1.15039539280073,110.236840468743,4.29493544130632));
#9852=CARTESIAN_POINT('Ctrl Pts',(1.31988346525778,110.890521406227,4.92770947172072));
#9853=CARTESIAN_POINT('Ctrl Pts',(1.00836700542289,108.929478593772,2.96964393138597));
#9854=CARTESIAN_POINT('Ctrl Pts',(1.21899323905415,109.583159531256,3.58993883703903));
#9855=CARTESIAN_POINT('Ctrl Pts',(1.42961947268403,110.236840468744,4.21023374269036));
#9856=CARTESIAN_POINT('Ctrl Pts',(1.64024570631429,110.890521406228,4.83052864834252));
#9857=CARTESIAN_POINT('Ctrl Pts',(1.38683221413327,108.929478593772,2.81287850905177));
#9858=CARTESIAN_POINT('Ctrl Pts',(1.67651171015921,109.583159531259,3.40042848126959));
#9859=CARTESIAN_POINT('Ctrl Pts',(1.96619120618541,110.236840468742,3.98797845348853));
#9860=CARTESIAN_POINT('Ctrl Pts',(2.25587070221266,110.890521406227,4.57552842570616));
#9861=CARTESIAN_POINT('Ctrl Pts',(1.56834030701025,108.929478593772,2.71586041214385));
#9862=CARTESIAN_POINT('Ctrl Pts',(1.89593294951039,109.583159531257,3.28314538537139));
#9863=CARTESIAN_POINT('Ctrl Pts',(2.22352559201056,110.236840468744,3.85043035859964));
#9864=CARTESIAN_POINT('Ctrl Pts',(2.55111823451071,110.890521406228,4.41771533183038));
#9865=CARTESIAN_POINT('Ctrl Pts',(1.90894999613405,108.929478593772,2.48827229400318));
#9866=CARTESIAN_POINT('Ctrl Pts',(2.3076886951513,109.583159531258,3.00801899209467));
#9867=CARTESIAN_POINT('Ctrl Pts',(2.70642739416893,110.236840468743,3.52776569018641));
#9868=CARTESIAN_POINT('Ctrl Pts',(3.10516609318768,110.890521406227,4.04751238827787));
#9869=CARTESIAN_POINT('Ctrl Pts',(2.06804317013463,108.929478593772,2.35770790033419));
#9870=CARTESIAN_POINT('Ctrl Pts',(2.50001301996964,109.583159531258,2.85018249775642));
#9871=CARTESIAN_POINT('Ctrl Pts',(2.93198286980454,110.236840468742,3.34265709517791));
#9872=CARTESIAN_POINT('Ctrl Pts',(3.36395271963897,110.890521406228,3.83513169259912));
#9873=CARTESIAN_POINT('Ctrl Pts',(2.35770790033456,108.929478593773,2.068043170135));
#9874=CARTESIAN_POINT('Ctrl Pts',(2.85018249775486,109.583159531257,2.50001301996834));
#9875=CARTESIAN_POINT('Ctrl Pts',(3.34265709517725,110.236840468744,2.93198286980358));
#9876=CARTESIAN_POINT('Ctrl Pts',(3.83513169259918,110.890521406227,3.36395271963876));
#9877=CARTESIAN_POINT('Ctrl Pts',(2.48827229400291,108.929478593772,1.90894999613373));
#9878=CARTESIAN_POINT('Ctrl Pts',(3.00801899209492,109.583159531257,2.30768869515181));
#9879=CARTESIAN_POINT('Ctrl Pts',(3.5277656901861,110.236840468742,2.70642739417004));
#9880=CARTESIAN_POINT('Ctrl Pts',(4.04751238827757,110.890521406228,3.10516609318729));
#9881=CARTESIAN_POINT('Ctrl Pts',(2.71586041214403,108.929478593771,1.56834030701068));
#9882=CARTESIAN_POINT('Ctrl Pts',(3.28314538537068,109.583159531258,1.89593294951));
#9883=CARTESIAN_POINT('Ctrl Pts',(3.85043035860266,110.236840468742,2.22352559201025));
#9884=CARTESIAN_POINT('Ctrl Pts',(4.41771533183071,110.890521406227,2.55111823451169));
#9885=CARTESIAN_POINT('Ctrl Pts',(2.81287850905098,108.929478593773,1.38683221413268));
#9886=CARTESIAN_POINT('Ctrl Pts',(3.40042848127105,109.583159531257,1.67651171015974));
#9887=CARTESIAN_POINT('Ctrl Pts',(3.98797845348603,110.236840468743,1.96619120618604));
#9888=CARTESIAN_POINT('Ctrl Pts',(4.57552842570597,110.890521406228,2.25587070221149));
#9889=CARTESIAN_POINT('Ctrl Pts',(2.9696439313864,108.929478593771,1.00836700542309));
#9890=CARTESIAN_POINT('Ctrl Pts',(3.5899388370355,109.583159531258,1.21899323905291));
#9891=CARTESIAN_POINT('Ctrl Pts',(4.21023374269082,110.236840468742,1.42961947268375));
#9892=CARTESIAN_POINT('Ctrl Pts',(4.83052864834342,110.890521406227,1.64024570631485));
#9893=CARTESIAN_POINT('Ctrl Pts',(3.02938738047746,108.929478593772,0.81141924788758));
#9894=CARTESIAN_POINT('Ctrl Pts',(3.66216141089389,109.583159531257,0.98090732034422));
#9895=CARTESIAN_POINT('Ctrl Pts',(4.29493544130599,110.236840468743,1.15039539280086));
#9896=CARTESIAN_POINT('Ctrl Pts',(4.92770947172004,110.890521406228,1.31988346525745));
#9897=CARTESIAN_POINT('Ctrl Pts',(3.10930569974103,108.929478593771,0.409642725315746));
#9898=CARTESIAN_POINT('Ctrl Pts',(3.75877295245581,109.583159531258,0.49520830203842));
#9899=CARTESIAN_POINT('Ctrl Pts',(4.40824020517337,110.236840468743,0.580773878761468));
#9900=CARTESIAN_POINT('Ctrl Pts',(5.05770745789214,110.890521406227,0.666339455484659));
#9901=CARTESIAN_POINT('Ctrl Pts',(3.12947859377189,108.929478593773,0.20482389499502));
#9902=CARTESIAN_POINT('Ctrl Pts',(3.78315953125763,109.583159531258,0.247607212307466));
#9903=CARTESIAN_POINT('Ctrl Pts',(4.43684046874239,110.236840468741,0.290390529619904));
#9904=CARTESIAN_POINT('Ctrl Pts',(5.09052140622729,110.890521406228,0.333173846932187));
#9905=CARTESIAN_POINT('Ctrl Pts',(3.12947859377213,108.929478593772,-0.204823894995052));
#9906=CARTESIAN_POINT('Ctrl Pts',(3.78315953125737,109.583159531258,-0.247607212307355));
#9907=CARTESIAN_POINT('Ctrl Pts',(4.4368404687422,110.236840468744,-0.290390529619869));
#9908=CARTESIAN_POINT('Ctrl Pts',(5.09052140622809,110.890521406228,-0.333173846932249));
#9909=CARTESIAN_POINT('Ctrl Pts',(3.10930569974036,108.929478593772,-0.409642725315606));
#9910=CARTESIAN_POINT('Ctrl Pts',(3.75877295245744,109.583159531258,-0.495208302038794));
#9911=CARTESIAN_POINT('Ctrl Pts',(4.4082402051748,110.236840468742,-0.580773878761575));
#9912=CARTESIAN_POINT('Ctrl Pts',(5.05770745789061,110.890521406228,-0.666339455484452));
#9913=CARTESIAN_POINT('Ctrl Pts',(3.02938738047862,108.929478593771,-0.811419247887909));
#9914=CARTESIAN_POINT('Ctrl Pts',(3.66216141089194,109.583159531258,-0.980907320343611));
#9915=CARTESIAN_POINT('Ctrl Pts',(4.29493544130602,110.236840468743,-1.15039539280086));
#9916=CARTESIAN_POINT('Ctrl Pts',(4.92770947172157,110.890521406227,-1.31988346525767));
#9917=CARTESIAN_POINT('Ctrl Pts',(2.96964393138477,108.929478593774,-1.00836700542252));
#9918=CARTESIAN_POINT('Ctrl Pts',(3.58993883703814,109.583159531257,-1.2189932390539));
#9919=CARTESIAN_POINT('Ctrl Pts',(4.21023374269008,110.236840468743,-1.42961947268384));
#9920=CARTESIAN_POINT('Ctrl Pts',(4.83052864834197,110.890521406228,-1.64024570631429));
#9921=CARTESIAN_POINT('Ctrl Pts',(2.81287850905156,108.929478593772,-1.38683221413318));
#9922=CARTESIAN_POINT('Ctrl Pts',(3.40042848126981,109.583159531256,-1.67651171015898));
#9923=CARTESIAN_POINT('Ctrl Pts',(3.98797845348889,110.236840468743,-1.96619120618585));
#9924=CARTESIAN_POINT('Ctrl Pts',(4.57552842570612,110.890521406228,-2.25587070221186));
#9925=CARTESIAN_POINT('Ctrl Pts',(2.71586041214342,108.929478593772,-1.56834030700995));
#9926=CARTESIAN_POINT('Ctrl Pts',(3.2831453853718,109.583159531258,-1.89593294951042));
#9927=CARTESIAN_POINT('Ctrl Pts',(3.85043035860058,110.236840468742,-2.22352559201042));
#9928=CARTESIAN_POINT('Ctrl Pts',(4.41771533183036,110.890521406227,-2.55111823451148));
#9929=CARTESIAN_POINT('Ctrl Pts',(2.48827229400194,108.929478593773,-1.90894999613407));
#9930=CARTESIAN_POINT('Ctrl Pts',(3.00801899209457,109.583159531257,-2.30768869515109));
#9931=CARTESIAN_POINT('Ctrl Pts',(3.52776569018605,110.236840468742,-2.70642739416988));
#9932=CARTESIAN_POINT('Ctrl Pts',(4.04751238827673,110.890521406229,-3.10516609318707));
#9933=CARTESIAN_POINT('Ctrl Pts',(2.3577079003347,108.929478593772,-2.0680431701338));
#9934=CARTESIAN_POINT('Ctrl Pts',(2.85018249775557,109.583159531257,-2.50001301997024));
#9935=CARTESIAN_POINT('Ctrl Pts',(3.34265709517749,110.236840468742,-2.93198286980362));
#9936=CARTESIAN_POINT('Ctrl Pts',(3.83513169259912,110.890521406227,-3.36395271963922));
#9937=CARTESIAN_POINT('Ctrl Pts',(2.06804317013422,108.929478593773,-2.35770790033506));
#9938=CARTESIAN_POINT('Ctrl Pts',(2.50001301996922,109.583159531258,-2.85018249775519));
#9939=CARTESIAN_POINT('Ctrl Pts',(2.93198286980433,110.236840468742,-3.34265709517691));
#9940=CARTESIAN_POINT('Ctrl Pts',(3.3639527196393,110.890521406228,-3.83513169259833));
#9941=CARTESIAN_POINT('Ctrl Pts',(1.90894999613397,108.929478593773,-2.488272294002));
#9942=CARTESIAN_POINT('Ctrl Pts',(2.30768869515192,109.583159531257,-3.00801899209334));
#9943=CARTESIAN_POINT('Ctrl Pts',(2.70642739416833,110.236840468743,-3.52776569018681));
#9944=CARTESIAN_POINT('Ctrl Pts',(3.10516609318706,110.890521406228,-4.04751238827765));
#9945=CARTESIAN_POINT('Ctrl Pts',(1.56834030700992,108.929478593772,-2.7158604121434));
#9946=CARTESIAN_POINT('Ctrl Pts',(1.89593294951068,109.583159531257,-3.28314538537278));
#9947=CARTESIAN_POINT('Ctrl Pts',(2.22352559201142,110.236840468744,-3.85043035860089));
#9948=CARTESIAN_POINT('Ctrl Pts',(2.55111823451081,110.890521406228,-4.41771533183035));
#9949=CARTESIAN_POINT('Ctrl Pts',(1.38683221413314,108.929478593772,-2.81287850905142));
#9950=CARTESIAN_POINT('Ctrl Pts',(1.67651171015871,109.583159531258,-3.40042848126915));
#9951=CARTESIAN_POINT('Ctrl Pts',(1.96619120618515,110.236840468742,-3.98797845348803));
#9952=CARTESIAN_POINT('Ctrl Pts',(2.25587070221215,110.890521406228,-4.57552842570597));
#9953=CARTESIAN_POINT('Ctrl Pts',(1.00836700542245,108.929478593773,-2.96964393138516));
#9954=CARTESIAN_POINT('Ctrl Pts',(1.21899323905414,109.583159531257,-3.58993883703742));
#9955=CARTESIAN_POINT('Ctrl Pts',(1.42961947268426,110.236840468742,-4.21023374269092));
#9956=CARTESIAN_POINT('Ctrl Pts',(1.64024570631416,110.890521406228,-4.83052864834232));
#9957=CARTESIAN_POINT('Ctrl Pts',(0.811419247887684,108.929478593772,-3.02938738047833));
#9958=CARTESIAN_POINT('Ctrl Pts',(0.980907320343833,109.583159531257,-3.66216141089258));
#9959=CARTESIAN_POINT('Ctrl Pts',(1.15039539280061,110.236840468744,-4.29493544130533));
#9960=CARTESIAN_POINT('Ctrl Pts',(1.3198834652576,110.890521406227,-4.92770947172059));
#9961=CARTESIAN_POINT('Ctrl Pts',(0.409642725315548,108.929478593773,-3.10930569973886));
#9962=CARTESIAN_POINT('Ctrl Pts',(0.495208302038668,109.583159531258,-3.75877295245581));
#9963=CARTESIAN_POINT('Ctrl Pts',(0.580773878761509,110.236840468742,-4.40824020517444));
#9964=CARTESIAN_POINT('Ctrl Pts',(0.666339455484396,110.890521406228,-5.05770745789042));
#9965=CARTESIAN_POINT('Ctrl Pts',(0.204823894995018,108.929478593772,-3.12947859377247));
#9966=CARTESIAN_POINT('Ctrl Pts',(0.247607212307344,109.583159531257,-3.7831595312587));
#9967=CARTESIAN_POINT('Ctrl Pts',(0.29039052961985,110.236840468743,-4.43684046874202));
#9968=CARTESIAN_POINT('Ctrl Pts',(0.333173846932223,110.890521406228,-5.09052140622765));
#9969=CARTESIAN_POINT('Ctrl Pts',(-0.204823894994971,108.929478593772,-3.12947859377229));
#9970=CARTESIAN_POINT('Ctrl Pts',(-0.247607212307344,109.583159531259,-3.78315953125589));
#9971=CARTESIAN_POINT('Ctrl Pts',(-0.29039052961988,110.236840468743,-4.43684046874199));
#9972=CARTESIAN_POINT('Ctrl Pts',(-0.33317384693216,110.890521406228,-5.09052140622753));
#9973=CARTESIAN_POINT('Ctrl Pts',(-0.409642725315651,108.929478593773,-3.10930569973941));
#9974=CARTESIAN_POINT('Ctrl Pts',(-0.495208302038644,109.583159531256,-3.75877295245798));
#9975=CARTESIAN_POINT('Ctrl Pts',(-0.580773878761405,110.236840468742,-4.40824020517339));
#9976=CARTESIAN_POINT('Ctrl Pts',(-0.666339455484628,110.890521406228,-5.05770745789081));
#9977=CARTESIAN_POINT('Ctrl Pts',(-0.811419247887376,108.929478593772,-3.02938738047782));
#9978=CARTESIAN_POINT('Ctrl Pts',(-0.980907320344164,109.583159531258,-3.6621614108912));
#9979=CARTESIAN_POINT('Ctrl Pts',(-1.15039539280089,110.236840468744,-4.2949354413073));
#9980=CARTESIAN_POINT('Ctrl Pts',(-1.31988346525713,110.890521406227,-4.92770947172054));
#9981=CARTESIAN_POINT('Ctrl Pts',(-1.00836700542308,108.929478593771,-2.96964393138618));
#9982=CARTESIAN_POINT('Ctrl Pts',(-1.21899323905379,109.583159531256,-3.5899388370384));
#9983=CARTESIAN_POINT('Ctrl Pts',(-1.42961947268386,110.236840468742,-4.21023374268945));
#9984=CARTESIAN_POINT('Ctrl Pts',(-1.64024570631494,110.890521406228,-4.83052864834275));
#9985=CARTESIAN_POINT('Ctrl Pts',(-1.38683221413302,108.929478593773,-2.81287850905101));
#9986=CARTESIAN_POINT('Ctrl Pts',(-1.67651171015889,109.583159531258,-3.40042848127007));
#9987=CARTESIAN_POINT('Ctrl Pts',(-1.96619120618521,110.236840468744,-3.98797845348783));
#9988=CARTESIAN_POINT('Ctrl Pts',(-2.25587070221135,110.890521406227,-4.57552842570644));
#9989=CARTESIAN_POINT('Ctrl Pts',(-1.56834030700976,108.929478593772,-2.71586041214384));
#9990=CARTESIAN_POINT('Ctrl Pts',(-1.89593294951105,109.583159531258,-3.2831453853721));
#9991=CARTESIAN_POINT('Ctrl Pts',(-2.22352559201127,110.236840468742,-3.85043035860118));
#9992=CARTESIAN_POINT('Ctrl Pts',(-2.55111823451154,110.890521406228,-4.4177153318298));
#9993=CARTESIAN_POINT('Ctrl Pts',(-1.90894999613426,108.929478593773,-2.48827229400191));
#9994=CARTESIAN_POINT('Ctrl Pts',(-2.30768869515063,109.583159531257,-3.0080189920939));
#9995=CARTESIAN_POINT('Ctrl Pts',(-2.7064273941691,110.236840468742,-3.5277656901854));
#9996=CARTESIAN_POINT('Ctrl Pts',(-3.10516609318732,110.890521406227,-4.04751238827817));
#9997=CARTESIAN_POINT('Ctrl Pts',(-2.06804317013375,108.929478593773,-2.35770790033471));
#9998=CARTESIAN_POINT('Ctrl Pts',(-2.50001301997034,109.583159531257,-2.85018249775639));
#9999=CARTESIAN_POINT('Ctrl Pts',(-2.93198286980411,110.236840468742,-3.34265709517777));
#10000=CARTESIAN_POINT('Ctrl Pts',(-3.36395271963859,110.890521406228,-3.83513169259807));
#10001=CARTESIAN_POINT('Ctrl Pts',(-2.35770790033554,108.929478593772,-2.06804317013484));
#10002=CARTESIAN_POINT('Ctrl Pts',(-2.85018249775434,109.583159531258,-2.5000130199676));
#10003=CARTESIAN_POINT('Ctrl Pts',(-3.34265709517659,110.236840468744,-2.93198286980408));
#10004=CARTESIAN_POINT('Ctrl Pts',(-3.83513169259918,110.890521406227,-3.36395271963916));
#10005=CARTESIAN_POINT('Ctrl Pts',(-2.48827229400197,108.929478593773,-1.90894999613285));
#10006=CARTESIAN_POINT('Ctrl Pts',(-3.00801899209554,109.583159531257,-2.30768869515277));
#10007=CARTESIAN_POINT('Ctrl Pts',(-3.52776569018562,110.236840468742,-2.70642739417001));
#10008=CARTESIAN_POINT('Ctrl Pts',(-4.04751238827733,110.890521406228,-3.105166093187));
#10009=CARTESIAN_POINT('Ctrl Pts',(-2.71586041214441,108.92947859377,-1.56834030701122));
#10010=CARTESIAN_POINT('Ctrl Pts',(-3.28314538537225,109.583159531258,-1.8959329495094));
#10011=CARTESIAN_POINT('Ctrl Pts',(-3.85043035860046,110.236840468743,-2.22352559201048));
#10012=CARTESIAN_POINT('Ctrl Pts',(-4.41771533183172,110.890521406227,-2.5511182345116));
#10013=CARTESIAN_POINT('Ctrl Pts',(-2.81287850905073,108.929478593774,-1.38683221413216));
#10014=CARTESIAN_POINT('Ctrl Pts',(-3.40042848127,109.583159531257,-1.6765117101604));
#10015=CARTESIAN_POINT('Ctrl Pts',(-3.98797845348746,110.236840468743,-1.96619120618562));
#10016=CARTESIAN_POINT('Ctrl Pts',(-4.57552842570461,110.890521406229,-2.25587070221144));
#10017=CARTESIAN_POINT('Ctrl Pts',(-2.96964393138683,108.92947859377,-1.00836700542339));
#10018=CARTESIAN_POINT('Ctrl Pts',(-3.58993883703691,109.583159531258,-1.21899323905274));
#10019=CARTESIAN_POINT('Ctrl Pts',(-4.21023374269083,110.236840468743,-1.42961947268388));
#10020=CARTESIAN_POINT('Ctrl Pts',(-4.83052864834414,110.890521406226,-1.6402457063149));
#10021=CARTESIAN_POINT('Ctrl Pts',(-3.02938738047661,108.929478593774,-0.811419247887289));
#10022=CARTESIAN_POINT('Ctrl Pts',(-3.66216141089193,109.583159531257,-0.980907320344349));
#10023=CARTESIAN_POINT('Ctrl Pts',(-4.2949354413071,110.236840468742,-1.1503953928005));
#10024=CARTESIAN_POINT('Ctrl Pts',(-4.92770947171902,110.890521406229,-1.31988346525707));
#10025=CARTESIAN_POINT('Ctrl Pts',(-3.10930569973947,108.929478593773,-0.409642725315626));
#10026=CARTESIAN_POINT('Ctrl Pts',(-3.75877295245726,109.583159531258,-0.495208302038566));
#10027=CARTESIAN_POINT('Ctrl Pts',(-4.40824020517346,110.236840468743,-0.580773878761594));
#10028=CARTESIAN_POINT('Ctrl Pts',(-5.05770745789101,110.890521406228,-0.666339455484478));
#10029=CARTESIAN_POINT('Ctrl Pts',(-3.12947859377248,108.929478593772,-0.204823894995027));
#10030=CARTESIAN_POINT('Ctrl Pts',(-3.78315953125679,109.583159531258,-0.247607212307376));
#10031=CARTESIAN_POINT('Ctrl Pts',(-4.43684046874274,110.236840468742,-0.290390529619889));
#10032=CARTESIAN_POINT('Ctrl Pts',(-5.09052140622772,110.890521406228,-0.333173846932262));
#10033=CARTESIAN_POINT('Ctrl Pts',(-3.12947859377155,108.929478593773,0.204823894995018));
#10034=CARTESIAN_POINT('Ctrl Pts',(-3.78315953125773,109.583159531256,0.247607212307409));
#10035=CARTESIAN_POINT('Ctrl Pts',(-4.43684046874263,110.236840468742,0.290390529619922));
#10036=CARTESIAN_POINT('Ctrl Pts',(-5.09052140622706,110.890521406228,0.333173846932265));
#10037=CARTESIAN_POINT('Ctrl Pts',(-3.10930569973965,108.929478593773,0.409642725315577));
#10038=CARTESIAN_POINT('Ctrl Pts',(-3.75877295245725,109.583159531259,0.495208302038602));
#10039=CARTESIAN_POINT('Ctrl Pts',(-4.40824020517382,110.236840468743,0.580773878761513));
#10040=CARTESIAN_POINT('Ctrl Pts',(-5.05770745789109,110.890521406228,0.666339455484331));
#10041=CARTESIAN_POINT('Ctrl Pts',(-3.0293873804773,108.929478593773,0.811419247887502));
#10042=CARTESIAN_POINT('Ctrl Pts',(-3.66216141089236,109.583159531256,0.980907320344351));
#10043=CARTESIAN_POINT('Ctrl Pts',(-4.29493544130571,110.236840468743,1.15039539280076));
#10044=CARTESIAN_POINT('Ctrl Pts',(-4.9277094717196,110.890521406228,1.31988346525765));
#10045=CARTESIAN_POINT('Ctrl Pts',(-2.96964393138513,108.929478593773,1.00836700542266));
#10046=CARTESIAN_POINT('Ctrl Pts',(-3.58993883703721,109.583159531258,1.21899323905322));
#10047=CARTESIAN_POINT('Ctrl Pts',(-4.21023374268992,110.236840468742,1.42961947268382));
#10048=CARTESIAN_POINT('Ctrl Pts',(-4.83052864834279,110.890521406228,1.64024570631395));
#10049=CARTESIAN_POINT('Ctrl Pts',(-2.81287850905249,108.929478593771,1.3868322141334));
#10050=CARTESIAN_POINT('Ctrl Pts',(-3.40042848126947,109.583159531258,1.67651171015883));
#10051=CARTESIAN_POINT('Ctrl Pts',(-3.98797845348753,110.236840468742,1.96619120618483));
#10052=CARTESIAN_POINT('Ctrl Pts',(-4.57552842570672,110.890521406227,2.25587070221283));
#10053=CARTESIAN_POINT('Ctrl Pts',(-2.71586041214208,108.929478593773,1.56834030700982));
#10054=CARTESIAN_POINT('Ctrl Pts',(-3.28314538537244,109.583159531257,1.89593294951114));
#10055=CARTESIAN_POINT('Ctrl Pts',(-3.85043035860171,110.236840468743,2.22352559201143));
#10056=CARTESIAN_POINT('Ctrl Pts',(-4.41771533182916,110.890521406229,2.55111823451028));
#10057=CARTESIAN_POINT('Ctrl Pts',(-2.4882722940044,108.92947859377,1.90894999613421));
#10058=CARTESIAN_POINT('Ctrl Pts',(-3.00801899209485,109.583159531257,2.30768869515119));
#10059=CARTESIAN_POINT('Ctrl Pts',(-3.52776569018565,110.236840468742,2.70642739416919));
#10060=CARTESIAN_POINT('Ctrl Pts',(-4.04751238827881,110.890521406226,3.10516609318843));
#10061=CARTESIAN_POINT('Ctrl Pts',(-2.35770790033313,108.929478593774,2.06804317013419));
#10062=CARTESIAN_POINT('Ctrl Pts',(-2.85018249775479,109.583159531257,2.50001301996907));
#10063=CARTESIAN_POINT('Ctrl Pts',(-3.34265709517798,110.236840468743,2.93198286980375));
#10064=CARTESIAN_POINT('Ctrl Pts',(-3.83513169259803,110.890521406229,3.36395271963786));
#10065=CARTESIAN_POINT('Ctrl Pts',(-2.06804317013385,108.929478593773,2.35770790033415));
#10066=CARTESIAN_POINT('Ctrl Pts',(-2.50001301997073,109.583159531258,2.85018249775521));
#10067=CARTESIAN_POINT('Ctrl Pts',(-2.93198286980363,110.236840468742,3.34265709517764));
#10068=CARTESIAN_POINT('Ctrl Pts',(-3.3639527196393,110.890521406228,3.83513169259852));
#10069=CARTESIAN_POINT('Ctrl Pts',(-1.90894999613447,108.929478593772,2.48827229400257));
#10070=CARTESIAN_POINT('Ctrl Pts',(-2.30768869515057,109.583159531257,3.00801899209482));
#10071=CARTESIAN_POINT('Ctrl Pts',(-2.70642739417011,110.236840468744,3.52776569018527));
#10072=CARTESIAN_POINT('Ctrl Pts',(-3.10516609318694,110.890521406227,4.04751238827823));
#10073=CARTESIAN_POINT('Ctrl Pts',(-1.56834030701058,108.929478593771,2.71586041214407));
#10074=CARTESIAN_POINT('Ctrl Pts',(-1.89593294951032,109.583159531257,3.28314538537196));
#10075=CARTESIAN_POINT('Ctrl Pts',(-2.22352559201069,110.236840468742,3.85043035860032));
#10076=CARTESIAN_POINT('Ctrl Pts',(-2.55111823451149,110.890521406227,4.41771533183108));
#10077=CARTESIAN_POINT('Ctrl Pts',(-1.38683221413267,108.929478593773,2.81287850905116));
#10078=CARTESIAN_POINT('Ctrl Pts',(-1.67651171015937,109.583159531258,3.40042848127007));
#10079=CARTESIAN_POINT('Ctrl Pts',(-1.96619120618589,110.236840468743,3.987978453488));
#10080=CARTESIAN_POINT('Ctrl Pts',(-2.25587070221159,110.890521406228,4.57552842570557));
#10081=CARTESIAN_POINT('Ctrl Pts',(-1.00836700542321,108.929478593771,2.96964393138664));
#10082=CARTESIAN_POINT('Ctrl Pts',(-1.21899323905316,109.583159531257,3.58993883703652));
#10083=CARTESIAN_POINT('Ctrl Pts',(-1.42961947268336,110.236840468743,4.21023374268967));
#10084=CARTESIAN_POINT('Ctrl Pts',(-1.64024570631459,110.890521406227,4.8305286483436));
#10085=CARTESIAN_POINT('Ctrl Pts',(-0.811419247887277,108.929478593774,
3.02938738047669));
#10086=CARTESIAN_POINT('Ctrl Pts',(-0.980907320344314,109.583159531258,
3.66216141089287));
#10087=CARTESIAN_POINT('Ctrl Pts',(-1.15039539280112,110.236840468741,4.29493544130587));
#10088=CARTESIAN_POINT('Ctrl Pts',(-1.31988346525728,110.890521406229,4.9277094717194));
#10089=CARTESIAN_POINT('Ctrl Pts',(-0.409642725315489,108.929478593773,
3.10930569973969));
#10090=CARTESIAN_POINT('Ctrl Pts',(-0.495208302038594,109.583159531257,
3.75877295245611));
#10091=CARTESIAN_POINT('Ctrl Pts',(-0.580773878761556,110.236840468742,
4.40824020517518));
#10092=CARTESIAN_POINT('Ctrl Pts',(-0.666339455484472,110.890521406228,
5.05770745789067));
#10093=CARTESIAN_POINT('Ctrl Pts',(-0.204823894995115,108.929478593772,
3.12947859377211));
#10094=CARTESIAN_POINT('Ctrl Pts',(-0.247607212307325,109.583159531257,
3.78315953125719));
#10095=CARTESIAN_POINT('Ctrl Pts',(-0.29039052961981,110.236840468744,4.43684046874063));
#10096=CARTESIAN_POINT('Ctrl Pts',(-0.333173846932228,110.890521406228,
5.09052140622765));
#10097=CARTESIAN_POINT('Ctrl Pts',(0.,108.929478593772,3.12947859377234));
#10098=CARTESIAN_POINT('Ctrl Pts',(0.,109.583159531258,3.78315953125753));
#10099=CARTESIAN_POINT('Ctrl Pts',(0.,110.236840468743,4.43684046874276));
#10100=CARTESIAN_POINT('Ctrl Pts',(0.,110.890521406228,5.0905214062277));
#10101=CARTESIAN_POINT('',(0.,0.,0.));
#10102=CARTESIAN_POINT('Origin',(0.,2.8,-10.));
#10103=CARTESIAN_POINT('',(-1.525,2.8,-6.));
#10104=CARTESIAN_POINT('Origin',(0.,2.8,-6.));
#10105=CARTESIAN_POINT('',(-1.525,2.8,-5.2));
#10106=CARTESIAN_POINT('',(-1.525,2.8,-10.));
#10107=CARTESIAN_POINT('Origin',(0.,2.8,-5.2));
#10108=CARTESIAN_POINT('Origin',(0.,109.2,-10.));
#10109=CARTESIAN_POINT('',(-1.52500000000001,109.2,-6.));
#10110=CARTESIAN_POINT('Origin',(0.,109.2,-6.));
#10111=CARTESIAN_POINT('',(-1.52500000000001,109.2,-5.2));
#10112=CARTESIAN_POINT('',(-1.52500000000001,109.2,-10.));
#10113=CARTESIAN_POINT('Origin',(0.,109.2,-5.2));
#10114=CARTESIAN_POINT('Origin',(0.,2.8,-10.));
#10115=CARTESIAN_POINT('',(-1.525,2.8,5.2));
#10116=CARTESIAN_POINT('Origin',(0.,2.8,5.2));
#10117=CARTESIAN_POINT('',(-1.525,2.8,6.));
#10118=CARTESIAN_POINT('',(-1.525,2.8,-10.));
#10119=CARTESIAN_POINT('Origin',(0.,2.8,6.));
#10120=CARTESIAN_POINT('Origin',(0.,109.2,-10.));
#10121=CARTESIAN_POINT('',(-1.52500000000001,109.2,5.2));
#10122=CARTESIAN_POINT('Origin',(0.,109.2,5.2));
#10123=CARTESIAN_POINT('',(-1.52500000000001,109.2,6.));
#10124=CARTESIAN_POINT('',(-1.52500000000001,109.2,-10.));
#10125=CARTESIAN_POINT('Origin',(0.,109.2,6.));
#10126=CARTESIAN_POINT('Origin',(-2.60209095487104E-15,112.,-1.6841629358356E-21));
#10127=CARTESIAN_POINT('',(4.89897948556635,112.,-6.));
#10128=CARTESIAN_POINT('',(-4.89897948556636,112.,-6.));
#10129=CARTESIAN_POINT('',(-5.29150262212918,112.,-6.));
#10130=CARTESIAN_POINT('',(-5.59883369779012,112.,-5.71428571428572));
#10131=CARTESIAN_POINT('Origin',(-4.89897948556636,112.,-5.));
#10132=CARTESIAN_POINT('',(-5.59883369779013,112.,5.71428571428571));
#10133=CARTESIAN_POINT('Origin',(-2.60209095487104E-15,112.,-1.6841629358356E-21));
#10134=CARTESIAN_POINT('',(-4.89897948556636,112.,6.));
#10135=CARTESIAN_POINT('Origin',(-4.89897948556636,112.,5.));
#10136=CARTESIAN_POINT('',(4.89897948556635,112.,6.));
#10137=CARTESIAN_POINT('',(5.29150262212918,112.,6.));
#10138=CARTESIAN_POINT('',(5.59883369779012,112.,5.71428571428571));
#10139=CARTESIAN_POINT('Origin',(4.89897948556635,112.,5.));
#10140=CARTESIAN_POINT('',(5.59883369779012,112.,-5.71428571428572));
#10141=CARTESIAN_POINT('Origin',(-2.60209095487104E-15,112.,-1.6841629358356E-21));
#10142=CARTESIAN_POINT('Origin',(4.89897948556635,112.,-5.));
#10143=CARTESIAN_POINT('',(5.14999999999999,112.,-5.2));
#10144=CARTESIAN_POINT('',(-5.15000000000001,112.,-5.2));
#10145=CARTESIAN_POINT('',(-5.25000000000001,112.,-5.2));
#10146=CARTESIAN_POINT('',(5.25,112.,-5.1));
#10147=CARTESIAN_POINT('Origin',(5.15,112.,-5.1));
#10148=CARTESIAN_POINT('',(5.25,112.,5.1));
#10149=CARTESIAN_POINT('',(5.25,112.,-5.2));
#10150=CARTESIAN_POINT('',(5.15,112.,5.2));
#10151=CARTESIAN_POINT('Origin',(5.15,112.,5.1));
#10152=CARTESIAN_POINT('',(-5.15,112.,5.2));
#10153=CARTESIAN_POINT('',(-5.25,112.,5.2));
#10154=CARTESIAN_POINT('',(-5.25,112.,5.1));
#10155=CARTESIAN_POINT('Origin',(-5.15,112.,5.1));
#10156=CARTESIAN_POINT('',(-5.25000000000001,112.,-5.1));
#10157=CARTESIAN_POINT('',(-5.25000000000001,112.,-5.2));
#10158=CARTESIAN_POINT('Origin',(-5.15000000000001,112.,-5.1));
#10159=CARTESIAN_POINT('Origin',(-2.60209095487104E-15,0.,-1.6841629358356E-21));
#10160=CARTESIAN_POINT('',(-5.59883369779012,0.,-5.71428571428572));
#10161=CARTESIAN_POINT('',(-5.59883369779013,0.,5.71428571428571));
#10162=CARTESIAN_POINT('Origin',(-2.60209095487104E-15,0.,-1.6841629358356E-21));
#10163=CARTESIAN_POINT('',(-4.89897948556636,0.,-6.));
#10164=CARTESIAN_POINT('Origin',(-4.89897948556636,0.,-5.));
#10165=CARTESIAN_POINT('',(4.89897948556635,0.,-6.));
#10166=CARTESIAN_POINT('',(-5.29150262212918,0.,-6.));
#10167=CARTESIAN_POINT('',(5.59883369779012,0.,-5.71428571428572));
#10168=CARTESIAN_POINT('Origin',(4.89897948556635,0.,-5.));
#10169=CARTESIAN_POINT('',(5.59883369779012,0.,5.71428571428571));
#10170=CARTESIAN_POINT('Origin',(-2.60209095487104E-15,0.,-1.6841629358356E-21));
#10171=CARTESIAN_POINT('',(4.89897948556635,0.,6.));
#10172=CARTESIAN_POINT('Origin',(4.89897948556635,0.,5.));
#10173=CARTESIAN_POINT('',(-4.89897948556636,0.,6.));
#10174=CARTESIAN_POINT('',(5.29150262212918,0.,6.));
#10175=CARTESIAN_POINT('Origin',(-4.89897948556636,0.,5.));
#10176=CARTESIAN_POINT('',(-5.15,0.,5.2));
#10177=CARTESIAN_POINT('',(5.15,0.,5.2));
#10178=CARTESIAN_POINT('',(-5.25,0.,5.2));
#10179=CARTESIAN_POINT('',(5.25,0.,5.1));
#10180=CARTESIAN_POINT('Origin',(5.15,0.,5.1));
#10181=CARTESIAN_POINT('',(5.25,0.,-5.1));
#10182=CARTESIAN_POINT('',(5.25,0.,-5.2));
#10183=CARTESIAN_POINT('',(5.14999999999999,0.,-5.2));
#10184=CARTESIAN_POINT('Origin',(5.15,0.,-5.1));
#10185=CARTESIAN_POINT('',(-5.15000000000001,0.,-5.2));
#10186=CARTESIAN_POINT('',(-5.25000000000001,0.,-5.2));
#10187=CARTESIAN_POINT('',(-5.25000000000001,0.,-5.1));
#10188=CARTESIAN_POINT('Origin',(-5.15000000000001,0.,-5.1));
#10189=CARTESIAN_POINT('',(-5.25,0.,5.1));
#10190=CARTESIAN_POINT('',(-5.25000000000001,0.,-5.2));
#10191=CARTESIAN_POINT('Origin',(-5.15,0.,5.1));
#10192=CARTESIAN_POINT('Origin',(-2.60209095487104E-15,112.,-1.6841629358356E-21));
#10193=CARTESIAN_POINT('',(-5.59883369779012,112.,-5.71428571428572));
#10194=CARTESIAN_POINT('',(-5.59883369779013,112.,5.71428571428571));
#10195=CARTESIAN_POINT('Origin',(5.29150262212918,112.,6.));
#10196=CARTESIAN_POINT('',(4.89897948556635,112.,6.));
#10197=CARTESIAN_POINT('',(-4.89897948556636,112.,6.));
#10198=CARTESIAN_POINT('Origin',(-2.60209095487104E-15,112.,-1.6841629358356E-21));
#10199=CARTESIAN_POINT('',(5.59883369779012,112.,-5.71428571428572));
#10200=CARTESIAN_POINT('',(5.59883369779012,112.,5.71428571428571));
#10201=CARTESIAN_POINT('Origin',(-5.29150262212918,112.,-6.));
#10202=CARTESIAN_POINT('',(-4.89897948556636,112.,-6.));
#10203=CARTESIAN_POINT('',(4.89897948556635,112.,-6.));
#10204=CARTESIAN_POINT('Origin',(5.25,112.,-5.2));
#10205=CARTESIAN_POINT('',(5.25,0.,-5.1));
#10206=CARTESIAN_POINT('',(5.25,112.,5.1));
#10207=CARTESIAN_POINT('Origin',(-5.25000000000001,112.,-5.2));
#10208=CARTESIAN_POINT('',(5.15,112.,-5.2));
#10209=CARTESIAN_POINT('',(-5.15000000000001,0.,-5.2));
#10210=CARTESIAN_POINT('Origin',(-5.25000000000001,112.,-5.2));
#10211=CARTESIAN_POINT('',(-5.25000000000001,112.,-5.1));
#10212=CARTESIAN_POINT('',(-5.25,0.,5.1));
#10213=CARTESIAN_POINT('Origin',(-5.25,112.,5.2));
#10214=CARTESIAN_POINT('',(-5.15,112.,5.2));
#10215=CARTESIAN_POINT('',(5.15,0.,5.2));
#10216=CARTESIAN_POINT('Origin',(-4.89897948556636,112.,-5.));
#10217=CARTESIAN_POINT('Origin',(4.89897948556635,112.,-5.));
#10218=CARTESIAN_POINT('Origin',(4.89897948556635,112.,5.));
#10219=CARTESIAN_POINT('Origin',(-4.89897948556636,112.,5.));
#10220=CARTESIAN_POINT('Origin',(5.15,112.,-5.1));
#10221=CARTESIAN_POINT('Origin',(-5.15000000000001,112.,-5.1));
#10222=CARTESIAN_POINT('Origin',(-5.15,112.,5.1));
#10223=CARTESIAN_POINT('Origin',(5.15,112.,5.1));
#10224=CARTESIAN_POINT('',(0.,0.,0.));
#10225=CARTESIAN_POINT('Origin',(0.,4.91,5.85));
#10226=CARTESIAN_POINT('',(1.5,4.91,-5.80625));
#10227=CARTESIAN_POINT('',(1.5,4.91,-5.14999999748588));
#10228=CARTESIAN_POINT('',(1.5,4.91,5.85));
#10229=CARTESIAN_POINT('',(-5.70780854399993E-17,6.41000000191335,-5.14999999916196));
#10230=CARTESIAN_POINT('Origin',(9.82547376793264E-14,4.91000000000009,
-5.80624999999996));
#10231=CARTESIAN_POINT('Origin',(0.,4.91,-5.15));
#10232=CARTESIAN_POINT('Origin',(0.,4.91,5.85));
#10233=CARTESIAN_POINT('',(1.5,4.91,5.14999999743224));
#10234=CARTESIAN_POINT('',(1.5,4.91,5.80625));
#10235=CARTESIAN_POINT('',(1.5,4.91,5.85));
#10236=CARTESIAN_POINT('',(-2.35517338578144E-17,6.41000000195552,5.14999999914408));
#10237=CARTESIAN_POINT('Origin',(0.,4.91,5.15));
#10238=CARTESIAN_POINT('Origin',(5.46929031029019E-14,4.91000000000005,
5.80624999999998));
#10239=CARTESIAN_POINT('Origin',(0.,7.55,0.));
#10240=CARTESIAN_POINT('',(-4.3,7.55,-1.48744747806435));
#10241=CARTESIAN_POINT('',(4.3,7.55,-1.48744747806436));
#10242=CARTESIAN_POINT('Origin',(0.,7.55,0.));
#10243=CARTESIAN_POINT('',(-4.3,5.19622433315227,-1.48744747806435));
#10244=CARTESIAN_POINT('',(-4.3,7.55,-1.48744747806436));
#10245=CARTESIAN_POINT('',(-4.3,5.19622433315227,1.48744747806436));
#10246=CARTESIAN_POINT('Origin',(4.22994972382185E-13,20.1921064416697,
2.02615701994091E-14));
#10247=CARTESIAN_POINT('',(-4.3,7.55,1.48744747806435));
#10248=CARTESIAN_POINT('',(-4.3,7.55,1.48744747806436));
#10249=CARTESIAN_POINT('',(-5.57214293612046E-16,7.55,4.55));
#10250=CARTESIAN_POINT('Origin',(0.,7.55,0.));
#10251=CARTESIAN_POINT('',(-5.57214293612046E-16,0.,4.55));
#10252=CARTESIAN_POINT('',(-5.57214293612046E-16,7.55,4.55));
#10253=CARTESIAN_POINT('Origin',(0.,0.,0.));
#10254=CARTESIAN_POINT('',(4.3,7.55,1.48744747806436));
#10255=CARTESIAN_POINT('Origin',(0.,7.55,0.));
#10256=CARTESIAN_POINT('',(4.3,5.19622433315227,1.48744747806436));
#10257=CARTESIAN_POINT('',(4.3,7.55,1.48744747806436));
#10258=CARTESIAN_POINT('',(4.3,5.19622433315227,-1.48744747806435));
#10259=CARTESIAN_POINT('Origin',(-3.68594044175552E-13,20.1921064416694,
3.69149155687865E-14));
#10260=CARTESIAN_POINT('',(4.3,7.55,-1.48744747806436));
#10261=CARTESIAN_POINT('Origin',(0.,4.91,5.85));
#10262=CARTESIAN_POINT('',(1.49666295470958,4.81,5.85));
#10263=CARTESIAN_POINT('Origin',(5.46929031029019E-14,4.91000000000005,
5.80624999999998));
#10264=CARTESIAN_POINT('',(-1.49666295470958,4.81,5.85));
#10265=CARTESIAN_POINT('Origin',(0.,4.91,5.85));
#10266=CARTESIAN_POINT('Origin',(1.10231720973353E-8,4.91000000034812,5.80624999984661));
#10267=CARTESIAN_POINT('Origin',(0.,4.91,5.15));
#10268=CARTESIAN_POINT('Origin',(0.,4.91,5.85));
#10269=CARTESIAN_POINT('Origin',(0.,4.91,-5.15));
#10270=CARTESIAN_POINT('',(-1.49666295470958,4.81,-5.85));
#10271=CARTESIAN_POINT('Origin',(1.07408121285957E-8,4.91000000036224,-5.80624999983877));
#10272=CARTESIAN_POINT('',(1.49666295470958,4.81,-5.85));
#10273=CARTESIAN_POINT('Origin',(0.,4.91,-5.85));
#10274=CARTESIAN_POINT('Origin',(9.82547376793264E-14,4.91000000000009,
-5.80624999999996));
#10275=CARTESIAN_POINT('Origin',(4.3,7.55,5.15));
#10276=CARTESIAN_POINT('',(4.3,7.55,-5.15));
#10277=CARTESIAN_POINT('',(4.3,7.55,5.15));
#10278=CARTESIAN_POINT('',(4.3,5.19622433315227,-5.15));
#10279=CARTESIAN_POINT('',(4.3,5.19622433315227,5.15));
#10280=CARTESIAN_POINT('',(4.3,7.55,-5.15));
#10281=CARTESIAN_POINT('Origin',(-4.3,7.55,5.15));
#10282=CARTESIAN_POINT('',(4.3,7.55,5.15));
#10283=CARTESIAN_POINT('',(4.3,7.55,5.15));
#10284=CARTESIAN_POINT('',(-4.3,7.55,5.15));
#10285=CARTESIAN_POINT('',(-4.3,7.55,5.15));
#10286=CARTESIAN_POINT('',(-4.3,7.55,5.15));
#10287=CARTESIAN_POINT('Origin',(-4.3,5.19622433315227,5.15));
#10288=CARTESIAN_POINT('',(-4.3,5.19622433315227,5.15));
#10289=CARTESIAN_POINT('',(-4.3,5.19622433315227,5.15));
#10290=CARTESIAN_POINT('',(-4.3,5.19622433315227,5.15));
#10291=CARTESIAN_POINT('Origin',(0.,2.15,0.));
#10292=CARTESIAN_POINT('',(5.59883369779012,2.15,5.71428571428572));
#10293=CARTESIAN_POINT('',(5.59883369779012,2.15,-5.71428571428572));
#10294=CARTESIAN_POINT('Origin',(0.,2.15,0.));
#10295=CARTESIAN_POINT('',(4.89897948556636,2.15,-6.));
#10296=CARTESIAN_POINT('Origin',(4.89897948556636,2.15,-5.));
#10297=CARTESIAN_POINT('',(-4.89897948556636,2.15,-6.));
#10298=CARTESIAN_POINT('',(-5.29150262212918,2.15,-6.));
#10299=CARTESIAN_POINT('',(-5.59883369779012,2.15,-5.71428571428572));
#10300=CARTESIAN_POINT('Origin',(-4.89897948556636,2.15,-5.));
#10301=CARTESIAN_POINT('',(-5.59883369779012,2.15,5.71428571428572));
#10302=CARTESIAN_POINT('Origin',(0.,2.15,0.));
#10303=CARTESIAN_POINT('',(-4.89897948556636,2.15,6.));
#10304=CARTESIAN_POINT('Origin',(-4.89897948556636,2.15,5.));
#10305=CARTESIAN_POINT('',(4.89897948556636,2.15,6.));
#10306=CARTESIAN_POINT('',(5.29150262212918,2.15,6.));
#10307=CARTESIAN_POINT('Origin',(4.89897948556636,2.15,5.));
#10308=CARTESIAN_POINT('',(-4.6,2.15,5.15));
#10309=CARTESIAN_POINT('',(-4.6,2.15,-5.15));
#10310=CARTESIAN_POINT('',(-4.6,2.15,5.15));
#10311=CARTESIAN_POINT('',(4.6,2.15,-5.15));
#10312=CARTESIAN_POINT('',(4.6,2.15,-5.15));
#10313=CARTESIAN_POINT('',(4.6,2.15,5.15));
#10314=CARTESIAN_POINT('',(4.6,2.15,5.15));
#10315=CARTESIAN_POINT('',(4.6,2.15,5.15));
#10316=CARTESIAN_POINT('Origin',(0.,2.15,0.));
#10317=CARTESIAN_POINT('',(5.59883369779012,0.,5.71428571428572));
#10318=CARTESIAN_POINT('',(5.59883369779012,0.,-5.71428571428572));
#10319=CARTESIAN_POINT('Origin',(0.,0.,0.));
#10320=CARTESIAN_POINT('',(5.59883369779012,2.15,-5.71428571428572));
#10321=CARTESIAN_POINT('',(5.59883369779012,2.15,5.71428571428572));
#10322=CARTESIAN_POINT('Origin',(-5.29150262212918,2.15,-6.));
#10323=CARTESIAN_POINT('',(4.89897948556636,0.,-6.));
#10324=CARTESIAN_POINT('',(4.89897948556636,2.15,-6.));
#10325=CARTESIAN_POINT('',(-4.89897948556636,0.,-6.));
#10326=CARTESIAN_POINT('',(-5.29150262212918,0.,-6.));
#10327=CARTESIAN_POINT('',(-4.89897948556636,2.15,-6.));
#10328=CARTESIAN_POINT('Origin',(0.,2.15,0.));
#10329=CARTESIAN_POINT('',(-5.59883369779012,0.,-5.71428571428572));
#10330=CARTESIAN_POINT('',(-5.59883369779012,2.15,-5.71428571428572));
#10331=CARTESIAN_POINT('',(-5.59883369779012,0.,5.71428571428572));
#10332=CARTESIAN_POINT('Origin',(0.,0.,0.));
#10333=CARTESIAN_POINT('',(-5.59883369779012,2.15,5.71428571428572));
#10334=CARTESIAN_POINT('Origin',(5.29150262212918,2.15,6.));
#10335=CARTESIAN_POINT('',(-4.89897948556636,0.,6.));
#10336=CARTESIAN_POINT('',(-4.89897948556636,2.15,6.));
#10337=CARTESIAN_POINT('',(4.89897948556636,0.,6.));
#10338=CARTESIAN_POINT('',(5.29150262212918,0.,6.));
#10339=CARTESIAN_POINT('',(4.89897948556636,2.15,6.));
#10340=CARTESIAN_POINT('Origin',(0.,0.,0.));
#10341=CARTESIAN_POINT('Origin',(4.89897948556636,0.,-5.));
#10342=CARTESIAN_POINT('Origin',(4.89897948556636,0.,5.));
#10343=CARTESIAN_POINT('Origin',(-4.89897948556636,0.,5.));
#10344=CARTESIAN_POINT('Origin',(-4.89897948556636,0.,-5.));
#10345=CARTESIAN_POINT('Origin',(4.6,4.15,5.15));
#10346=CARTESIAN_POINT('',(4.6,4.15,-5.15));
#10347=CARTESIAN_POINT('',(4.6,4.15,-5.15));
#10348=CARTESIAN_POINT('',(4.6,4.15,5.15));
#10349=CARTESIAN_POINT('',(4.6,4.15,5.15));
#10350=CARTESIAN_POINT('',(4.6,4.15,5.15));
#10351=CARTESIAN_POINT('Origin',(4.3,5.19622433315227,5.15));
#10352=CARTESIAN_POINT('',(4.3,5.19622433315227,5.15));
#10353=CARTESIAN_POINT('',(4.3,5.19622433315227,5.15));
#10354=CARTESIAN_POINT('',(4.3,5.19622433315227,5.15));
#10355=CARTESIAN_POINT('',(4.3,5.19622433315227,-5.15));
#10356=CARTESIAN_POINT('Origin',(4.3,7.55,5.15));
#10357=CARTESIAN_POINT('',(4.3,7.55,5.15));
#10358=CARTESIAN_POINT('Origin',(-4.3,7.55,5.15));
#10359=CARTESIAN_POINT('',(-4.3,7.55,-5.15));
#10360=CARTESIAN_POINT('',(-4.3,7.55,5.15));
#10361=CARTESIAN_POINT('',(-4.3,7.55,-5.15));
#10362=CARTESIAN_POINT('Origin',(-4.3,5.19622433315227,5.15));
#10363=CARTESIAN_POINT('',(-4.3,5.19622433315227,-5.15));
#10364=CARTESIAN_POINT('',(-4.3,5.19622433315227,5.15));
#10365=CARTESIAN_POINT('',(-4.3,5.19622433315227,-5.15));
#10366=CARTESIAN_POINT('Origin',(-4.6,4.15,5.15));
#10367=CARTESIAN_POINT('',(-4.6,4.15,-5.15));
#10368=CARTESIAN_POINT('',(-4.6,4.15,-5.15));
#10369=CARTESIAN_POINT('',(-4.6,4.15,5.15));
#10370=CARTESIAN_POINT('',(-4.6,4.15,5.15));
#10371=CARTESIAN_POINT('',(-4.6,4.15,5.15));
#10372=CARTESIAN_POINT('Origin',(-4.6,2.15,5.15));
#10373=CARTESIAN_POINT('',(-4.6,2.15,-5.15));
#10374=CARTESIAN_POINT('',(-4.6,2.15,5.15));
#10375=CARTESIAN_POINT('Origin',(0.,0.,5.15));
#10376=CARTESIAN_POINT('Origin',(0.,0.,-5.15));
#10377=CARTESIAN_POINT('Origin',(0.,4.91,-5.85));
#10378=CARTESIAN_POINT('',(-7.1,4.81,-5.85));
#10379=CARTESIAN_POINT('Origin',(0.,4.91,5.85));
#10380=CARTESIAN_POINT('',(0.,4.81,5.85));
#10381=CARTESIAN_POINT('Origin',(-7.1,6.41,5.15));
#10382=CARTESIAN_POINT('Origin',(-7.1,4.81,-5.85));
#10383=CARTESIAN_POINT('Origin',(4.89897948556636,2.15,-5.));
#10384=CARTESIAN_POINT('Origin',(-4.89897948556636,2.15,-5.));
#10385=CARTESIAN_POINT('Origin',(-4.89897948556636,2.15,5.));
#10386=CARTESIAN_POINT('Origin',(4.89897948556636,2.15,5.));
#10387=CARTESIAN_POINT('',(0.,0.,0.));
#10388=CARTESIAN_POINT('Origin',(3.,0.,0.));
#10389=CARTESIAN_POINT('',(2.59399399399399,0.,0.507601342676564));
#10390=CARTESIAN_POINT('',(2.59399399399399,0.,-0.507601342676564));
#10391=CARTESIAN_POINT('Origin',(3.,0.,0.));
#10392=CARTESIAN_POINT('',(2.59399399399399,4.,0.507601342676564));
#10393=CARTESIAN_POINT('',(2.59399399399399,0.,0.507601342676564));
#10394=CARTESIAN_POINT('',(2.59399399399399,4.,-0.507601342676564));
#10395=CARTESIAN_POINT('Origin',(3.,4.,0.));
#10396=CARTESIAN_POINT('',(2.59399399399399,0.,-0.507601342676564));
#10397=CARTESIAN_POINT('Origin',(2.35,0.,-0.812650226496615));
#10398=CARTESIAN_POINT('',(2.10600600600601,0.,-0.507601342676564));
#10399=CARTESIAN_POINT('Origin',(2.35,0.,-0.812650226496615));
#10400=CARTESIAN_POINT('',(2.10600600600601,4.,-0.507601342676564));
#10401=CARTESIAN_POINT('Origin',(2.35,4.,-0.812650226496615));
#10402=CARTESIAN_POINT('',(2.10600600600601,0.,-0.507601342676564));
#10403=CARTESIAN_POINT('Origin',(1.7,0.,0.));
#10404=CARTESIAN_POINT('',(2.10600600600601,0.,0.507601342676565));
#10405=CARTESIAN_POINT('Origin',(1.7,0.,0.));
#10406=CARTESIAN_POINT('',(2.10600600600601,4.,0.507601342676565));
#10407=CARTESIAN_POINT('Origin',(1.7,4.,0.));
#10408=CARTESIAN_POINT('',(2.10600600600601,0.,0.507601342676565));
#10409=CARTESIAN_POINT('Origin',(5.25,4.,-1.5));
#10410=CARTESIAN_POINT('',(5.25,1.,1.5));
#10411=CARTESIAN_POINT('',(5.25,1.,-1.5));
#10412=CARTESIAN_POINT('',(5.25,1.,-1.5));
#10413=CARTESIAN_POINT('',(5.25,0.,1.5));
#10414=CARTESIAN_POINT('',(5.25,4.,1.5));
#10415=CARTESIAN_POINT('',(5.25,0.,-1.5));
#10416=CARTESIAN_POINT('',(5.25,0.,-1.5));
#10417=CARTESIAN_POINT('',(5.25,4.,-1.5));
#10418=CARTESIAN_POINT('Origin',(-5.25,4.,-1.5));
#10419=CARTESIAN_POINT('',(-5.25,1.,-1.5));
#10420=CARTESIAN_POINT('',(-5.25,1.,-1.5));
#10421=CARTESIAN_POINT('',(-5.25,0.,-1.5));
#10422=CARTESIAN_POINT('',(-5.25,0.,-1.5));
#10423=CARTESIAN_POINT('',(-5.25,4.,-1.5));
#10424=CARTESIAN_POINT('Origin',(-5.25,4.,-1.5));
#10425=CARTESIAN_POINT('',(-5.25,1.,1.5));
#10426=CARTESIAN_POINT('',(-5.25,1.,-1.5));
#10427=CARTESIAN_POINT('',(-5.25,0.,1.5));
#10428=CARTESIAN_POINT('',(-5.25,0.,-1.5));
#10429=CARTESIAN_POINT('',(-5.25,4.,1.5));
#10430=CARTESIAN_POINT('Origin',(-5.25,4.,1.5));
#10431=CARTESIAN_POINT('',(-5.25,1.,1.5));
#10432=CARTESIAN_POINT('',(-5.25,0.,1.5));
#10433=CARTESIAN_POINT('Origin',(0.,0.,0.));
#10434=CARTESIAN_POINT('Origin',(2.35,0.,0.812650226496616));
#10435=CARTESIAN_POINT('Origin',(-2.60208521396521E-15,1.,0.));
#10436=CARTESIAN_POINT('',(4.75,1.,1.25));
#10437=CARTESIAN_POINT('',(4.75,1.,-1.25));
#10438=CARTESIAN_POINT('',(4.75,1.,1.25));
#10439=CARTESIAN_POINT('',(-4.75,1.,1.25));
#10440=CARTESIAN_POINT('',(-5.,1.,1.25));
#10441=CARTESIAN_POINT('',(-4.75,1.,-1.25));
#10442=CARTESIAN_POINT('',(-4.75,1.,-1.25));
#10443=CARTESIAN_POINT('',(-5.,1.,-1.25));
#10444=CARTESIAN_POINT('Origin',(-5.,1.,1.25));
#10445=CARTESIAN_POINT('',(4.75,4.,1.25));
#10446=CARTESIAN_POINT('',(4.75,-1.51246890528022,1.25));
#10447=CARTESIAN_POINT('',(-4.75,4.,1.25));
#10448=CARTESIAN_POINT('',(-5.,4.,1.25));
#10449=CARTESIAN_POINT('',(-4.75,-1.51246890528022,1.25));
#10450=CARTESIAN_POINT('Origin',(-5.,1.,-1.25));
#10451=CARTESIAN_POINT('',(4.75,4.,-1.25));
#10452=CARTESIAN_POINT('',(4.75,-1.51246890528022,-1.25));
#10453=CARTESIAN_POINT('',(-4.75,4.,-1.25));
#10454=CARTESIAN_POINT('',(-4.75,-1.51246890528022,-1.25));
#10455=CARTESIAN_POINT('',(-5.,4.,-1.25));
#10456=CARTESIAN_POINT('Origin',(0.,4.,0.));
#10457=CARTESIAN_POINT('',(4.75,4.,1.25));
#10458=CARTESIAN_POINT('',(-4.75,4.,-1.25));
#10459=CARTESIAN_POINT('Origin',(2.35,4.,0.812650226496616));
#10460=CARTESIAN_POINT('Origin',(2.35,0.,0.812650226496616));
#10461=CARTESIAN_POINT('Origin',(-4.75,-1.51246890528022,-1.25));
#10462=CARTESIAN_POINT('Origin',(4.75,-1.51246890528022,1.25));
#10463=CARTESIAN_POINT('',(0.,0.,0.));
#10464=CARTESIAN_POINT('Origin',(0.65,-15.,0.));
#10465=CARTESIAN_POINT('',(1.3,-7.9602041944578E-17,0.));
#10466=CARTESIAN_POINT('',(0.65,-0.65,0.));
#10467=CARTESIAN_POINT('Origin',(0.65,0.,0.));
#10468=CARTESIAN_POINT('',(0.65,-29.35,-1.87677121969332E-15));
#10469=CARTESIAN_POINT('Origin',(0.65,-15.,0.));
#10470=CARTESIAN_POINT('',(0.,-30.,0.));
#10471=CARTESIAN_POINT('Origin',(0.65,-30.,-1.83697019872103E-15));
#10472=CARTESIAN_POINT('Origin',(0.65,-30.,-1.83697019872103E-15));
#10473=CARTESIAN_POINT('Origin',(0.65,0.,0.));
#10474=CARTESIAN_POINT('Origin',(0.65,-30.,-100.));
#10475=CARTESIAN_POINT('',(0.,-30.,-100.));
#10476=CARTESIAN_POINT('',(0.,-30.,-100.));
#10477=CARTESIAN_POINT('Origin',(0.65,-30.,-100.));
#10478=CARTESIAN_POINT('Origin',(0.65,0.,0.));
#10479=CARTESIAN_POINT('',(1.3,-7.9602041944578E-17,-30.));
#10480=CARTESIAN_POINT('Origin',(0.65,0.,-30.));
#10481=CARTESIAN_POINT('',(1.3,-7.9602041944578E-17,0.));
#10482=CARTESIAN_POINT('Origin',(0.65,0.,-30.));
#10483=CARTESIAN_POINT('Origin',(0.65,-30.,-100.));
#10484=CARTESIAN_POINT('Origin',(-0.65,-15.,0.));
#10485=CARTESIAN_POINT('',(0.,-7.9602041944578E-17,0.));
#10486=CARTESIAN_POINT('',(-0.65,-0.65,0.));
#10487=CARTESIAN_POINT('Origin',(-0.65,0.,0.));
#10488=CARTESIAN_POINT('',(-0.65,-29.35,-1.87677121969332E-15));
#10489=CARTESIAN_POINT('Origin',(-0.65,-15.,0.));
#10490=CARTESIAN_POINT('',(-1.3,-30.,0.));
#10491=CARTESIAN_POINT('Origin',(-0.65,-30.,-1.83697019872103E-15));
#10492=CARTESIAN_POINT('Origin',(-0.65,-30.,-1.83697019872103E-15));
#10493=CARTESIAN_POINT('Origin',(-0.65,0.,0.));
#10494=CARTESIAN_POINT('Origin',(-0.65,-30.,-100.));
#10495=CARTESIAN_POINT('',(-1.3,-30.,-100.));
#10496=CARTESIAN_POINT('',(-1.3,-30.,-100.));
#10497=CARTESIAN_POINT('Origin',(-0.65,-30.,-100.));
#10498=CARTESIAN_POINT('Origin',(-0.65,0.,0.));
#10499=CARTESIAN_POINT('',(0.,-7.9602041944578E-17,-30.));
#10500=CARTESIAN_POINT('Origin',(-0.65,0.,-30.));
#10501=CARTESIAN_POINT('',(0.,-7.9602041944578E-17,0.));
#10502=CARTESIAN_POINT('Origin',(-0.65,0.,-30.));
#10503=CARTESIAN_POINT('Origin',(-0.65,-30.,-100.));
#10504=CARTESIAN_POINT('',(0.,0.,0.));
#10505=CARTESIAN_POINT('Origin',(0.,-5.,0.));
#10506=CARTESIAN_POINT('',(-5.94283729189043E-5,-4.03514782825245,-3.94844030507064));
#10507=CARTESIAN_POINT('',(1.41320356468687E-8,-4.13906106930656,-3.95));
#10508=CARTESIAN_POINT('',(-4.83735485663205E-16,-5.,-3.95));
#10509=CARTESIAN_POINT('',(0.719436694933088,-4.06429621507946,-3.88392981939476));
#10510=CARTESIAN_POINT('Origin',(-0.112501812545145,-4.05499892791889,-0.9138149247067));
#10511=CARTESIAN_POINT('',(1.67768573584381,-4.10497356400319,-3.57601322309443));
#10512=CARTESIAN_POINT('Ctrl Pts',(1.67768573584381,-4.10497356400319,-3.57601322309443));
#10513=CARTESIAN_POINT('Ctrl Pts',(1.59713794409212,-4.1011854765413,-3.61380220004866));
#10514=CARTESIAN_POINT('Ctrl Pts',(1.51533532659939,-4.09740584373432,-3.648859437502));
#10515=CARTESIAN_POINT('Ctrl Pts',(1.39008548642975,-4.0917727363784,-3.69759729012474));
#10516=CARTESIAN_POINT('Ctrl Pts',(1.34747139195903,-4.08988255116282,-3.71333870713601));
#10517=CARTESIAN_POINT('Ctrl Pts',(1.27268248305586,-4.08662087970067,-3.7395083067008));
#10518=CARTESIAN_POINT('Ctrl Pts',(1.24062773298594,-4.08524049816854,-3.75026478746455));
#10519=CARTESIAN_POINT('Ctrl Pts',(1.17593954749115,-4.08249512098181,-3.77105176499436));
#10520=CARTESIAN_POINT('Ctrl Pts',(1.14330804922285,-4.08113205170154,-3.78107285235049));
#10521=CARTESIAN_POINT('Ctrl Pts',(1.06539531956142,-4.0779219671109,-3.80389888676865));
#10522=CARTESIAN_POINT('Ctrl Pts',(1.0200072859099,-4.07608587935461,-3.816320114438));
#10523=CARTESIAN_POINT('Ctrl Pts',(0.890058867150967,-4.07090038735533,
-3.84939877213253));
#10524=CARTESIAN_POINT('Ctrl Pts',(0.805022151099718,-4.06759180460744,
-3.86807646452428));
#10525=CARTESIAN_POINT('Ctrl Pts',(0.719436694933087,-4.06429621507946,
-3.88392981939475));
#10526=CARTESIAN_POINT('',(3.00855078654663,-4.17295534986828,-2.55951600205383));
#10527=CARTESIAN_POINT('Ctrl Pts',(3.00855078654663,-4.17295534986828,-2.55951600205384));
#10528=CARTESIAN_POINT('Ctrl Pts',(2.9519019403784,-4.16942383758606,-2.62575627284476));
#10529=CARTESIAN_POINT('Ctrl Pts',(2.893334745812,-4.16590940217614,-2.68978358167063));
#10530=CARTESIAN_POINT('Ctrl Pts',(2.8329205556034,-4.16240637211793,-2.75167316177466));
#10531=CARTESIAN_POINT('Ctrl Pts',(2.77192548146543,-4.15886966033928,-2.81415781171832));
#10532=CARTESIAN_POINT('Ctrl Pts',(2.70904730689369,-4.15534457430567,-2.8744637903782));
#10533=CARTESIAN_POINT('Ctrl Pts',(2.64431672748627,-4.15182527692237,-2.93263668214144));
#10534=CARTESIAN_POINT('Ctrl Pts',(2.57927120733052,-4.14828885671764,-2.99109260882004));
#10535=CARTESIAN_POINT('Ctrl Pts',(2.51235477973204,-4.14475828163037,-3.04739501594037));
#10536=CARTESIAN_POINT('Ctrl Pts',(2.44356210753895,-4.14122762843287,-3.10155262857263));
#10537=CARTESIAN_POINT('Ctrl Pts',(2.4286277210883,-4.14046114942292,-3.11330985053408));
#10538=CARTESIAN_POINT('Ctrl Pts',(2.41360478664974,-4.13969466672978,-3.12496583782235));
#10539=CARTESIAN_POINT('Ctrl Pts',(2.3984930545313,-4.1389281197474,-3.13652042004726));
#10540=CARTESIAN_POINT('Ctrl Pts',(2.31059315443536,-4.13446937189229,-3.20372956690486));
#10541=CARTESIAN_POINT('Ctrl Pts',(2.21960488803861,-4.13000458742476,-3.26756664531501));
#10542=CARTESIAN_POINT('Ctrl Pts',(2.12591565326588,-4.12553604164572,-3.32763880102341));
#10543=CARTESIAN_POINT('Ctrl Pts',(2.03200599675525,-4.12105698276313,-3.38785228789962));
#10544=CARTESIAN_POINT('Ctrl Pts',(1.93538317906452,-4.11657414481236,-3.4442826157293));
#10545=CARTESIAN_POINT('Ctrl Pts',(1.83647481577413,-4.11208982011835,-3.4965703724262));
#10546=CARTESIAN_POINT('Ctrl Pts',(1.78416166948633,-4.10971803753176,-3.52422563811001));
#10547=CARTESIAN_POINT('Ctrl Pts',(1.73120974360222,-4.10734583906262,-3.55072271163256));
#10548=CARTESIAN_POINT('Ctrl Pts',(1.67768573584381,-4.10497356400319,-3.57601322309443));
#10549=CARTESIAN_POINT('',(3.52513624759191,-4.21065815864855,-1.78210954655411));
#10550=CARTESIAN_POINT('Ctrl Pts',(3.52513624759128,-4.2106581586479,-1.78210954655377));
#10551=CARTESIAN_POINT('Ctrl Pts',(3.48992120476526,-4.2073473960557,-1.85176734293701));
#10552=CARTESIAN_POINT('Ctrl Pts',(3.45264874197748,-4.20404724326557,-1.92036696354467));
#10553=CARTESIAN_POINT('Ctrl Pts',(3.39141174073449,-4.19896371625216,-2.02551966231406));
#10554=CARTESIAN_POINT('Ctrl Pts',(3.36883214116857,-4.19715377158719,-2.06285569386072));
#10555=CARTESIAN_POINT('Ctrl Pts',(3.32743438681636,-4.19395627356199,-2.12881493879431));
#10556=CARTESIAN_POINT('Ctrl Pts',(3.30885373500171,-4.19256175901674,-2.15758190454253));
#10557=CARTESIAN_POINT('Ctrl Pts',(3.27093499461061,-4.18980079731236,-2.21464639168158));
#10558=CARTESIAN_POINT('Ctrl Pts',(3.25159791086014,-4.18843444839208,-2.24294125477789));
#10559=CARTESIAN_POINT('Ctrl Pts',(3.20673526520792,-4.18534900793316,-2.30678650223076));
#10560=CARTESIAN_POINT('Ctrl Pts',(3.18098199572126,-4.18363735511894,-2.34217178690506));
#10561=CARTESIAN_POINT('Ctrl Pts',(3.10775757274021,-4.17891343727316,-2.43934689412374));
#10562=CARTESIAN_POINT('Ctrl Pts',(3.05903796789243,-4.1759293077942,-2.50017148182949));
#10563=CARTESIAN_POINT('Ctrl Pts',(3.00855078654663,-4.17295534986828,-2.55951600205383));
#10564=CARTESIAN_POINT('',(3.94658711598185,-4.2785282148127,-0.164164965708616));
#10565=CARTESIAN_POINT('Ctrl Pts',(3.94658711598184,-4.2785282148127,-0.164164965708616));
#10566=CARTESIAN_POINT('Ctrl Pts',(3.94273314300874,-4.27499692553713,-0.251203534566932));
#10567=CARTESIAN_POINT('Ctrl Pts',(3.93601257378502,-4.27148326625772,-0.33768033154523));
#10568=CARTESIAN_POINT('Ctrl Pts',(3.9265261301634,-4.26798139720773,-0.423610799301648));
#10569=CARTESIAN_POINT('Ctrl Pts',(3.91695050686673,-4.26444660796589,-0.51034907781385));
#10570=CARTESIAN_POINT('Ctrl Pts',(3.90455666091132,-4.26092383166828,-0.596531252271653));
#10571=CARTESIAN_POINT('Ctrl Pts',(3.88939493635091,-4.25740706185144,-0.682174489212509));
#10572=CARTESIAN_POINT('Ctrl Pts',(3.87416496859325,-4.25387446298987,-0.768203207916279));
#10573=CARTESIAN_POINT('Ctrl Pts',(3.85614204076262,-4.25034792478891,-0.853688689542641));
#10574=CARTESIAN_POINT('Ctrl Pts',(3.835325357249,-4.24682135896412,-0.938641263233669));
#10575=CARTESIAN_POINT('Ctrl Pts',(3.83086945387822,-4.24606648191871,-0.956825738163015));
#10576=CARTESIAN_POINT('Ctrl Pts',(3.82628535776963,-4.24531160360679,-0.97498575212682));
#10577=CARTESIAN_POINT('Ctrl Pts',(3.82157276112956,-4.24455666431458,-0.993121325842577));
#10578=CARTESIAN_POINT('Ctrl Pts',(3.79385848066554,-4.24011694649536,-1.09977470925788));
#10579=CARTESIAN_POINT('Ctrl Pts',(3.7616693486832,-4.2356710933019,-1.20568357285886));
#10580=CARTESIAN_POINT('Ctrl Pts',(3.72506438120729,-4.2312211661263,-1.31030258154364));
#10581=CARTESIAN_POINT('Ctrl Pts',(3.68840362589457,-4.22676445703479,-1.4150810349319));
#10582=CARTESIAN_POINT('Ctrl Pts',(3.64731367371637,-4.22230366154597,-1.51856497887154));
#10583=CARTESIAN_POINT('Ctrl Pts',(3.6019055417654,-4.21784085173019,-1.62021212115402));
#10584=CARTESIAN_POINT('Ctrl Pts',(3.57754956652135,-4.21544709359213,-1.6747335289876));
#10585=CARTESIAN_POINT('Ctrl Pts',(3.5519521134458,-4.2130527559483,-1.72872664361363));
#10586=CARTESIAN_POINT('Ctrl Pts',(3.52513624759191,-4.21065815864855,-1.78210954655411));
#10587=CARTESIAN_POINT('',(3.86484427750293,-4.31826309636597,0.815768785044733));
#10588=CARTESIAN_POINT('Ctrl Pts',(3.86484427750287,-4.31826309636591,0.815768785044719));
#10589=CARTESIAN_POINT('Ctrl Pts',(3.8821988667008,-4.31468000509346,0.733548447640683));
#10590=CARTESIAN_POINT('Ctrl Pts',(3.89692558082467,-4.31110987231774,0.650793972028777));
#10591=CARTESIAN_POINT('Ctrl Pts',(3.9155998309086,-4.30566673865221,0.522193578238875));
#10592=CARTESIAN_POINT('Ctrl Pts',(3.92140533782832,-4.30375905234454,0.47664293622654));
#10593=CARTESIAN_POINT('Ctrl Pts',(3.93016517505665,-4.30046299405612,0.396840843492072));
#10594=CARTESIAN_POINT('Ctrl Pts',(3.93346900145536,-4.29906543197139,0.362633080961437));
#10595=CARTESIAN_POINT('Ctrl Pts',(3.9391635700253,-4.29631085420255,0.294372588051937));
#10596=CARTESIAN_POINT('Ctrl Pts',(3.9415600782271,-4.29495253877077,0.260324934588913));
#10597=CARTESIAN_POINT('Ctrl Pts',(3.94607931104061,-4.29183832969589,0.181555161409605));
#10598=CARTESIAN_POINT('Ctrl Pts',(3.94788358575728,-4.29009067701239,0.136819271877188));
#10599=CARTESIAN_POINT('Ctrl Pts',(3.95091820840457,-4.28504546121734,0.00665124253501674));
#10600=CARTESIAN_POINT('Ctrl Pts',(3.95013790500445,-4.28178280797484,-0.0788026708504258));
#10601=CARTESIAN_POINT('Ctrl Pts',(3.94658711598184,-4.2785282148127,-0.164164965708616));
#10602=CARTESIAN_POINT('',(3.15342860270643,-4.38799830728542,2.37873664949127));
#10603=CARTESIAN_POINT('Ctrl Pts',(3.15342860270643,-4.38799830728542,2.37873664949127));
#10604=CARTESIAN_POINT('Ctrl Pts',(3.20566690851654,-4.38446588238734,2.30905136711009));
#10605=CARTESIAN_POINT('Ctrl Pts',(3.25533546842597,-4.38095138891154,2.23798365692597));
#10606=CARTESIAN_POINT('Ctrl Pts',(3.30252311155072,-4.37744896515435,2.16558558526685));
#10607=CARTESIAN_POINT('Ctrl Pts',(3.35015534307258,-4.37391354256819,2.09250539980628));
#10608=CARTESIAN_POINT('Ctrl Pts',(3.39525995449466,-4.37039041818829,2.01806917913762));
#10609=CARTESIAN_POINT('Ctrl Pts',(3.43788795655189,-4.36687356368536,1.94229560999637));
#10610=CARTESIAN_POINT('Ctrl Pts',(3.4807073671571,-4.36334091777816,1.86618180185388));
#10611=CARTESIAN_POINT('Ctrl Pts',(3.52102814827687,-4.35981459817556,1.78871810289544));
#10612=CARTESIAN_POINT('Ctrl Pts',(3.55885747888729,-4.35628849577973,1.70989596900539));
#10613=CARTESIAN_POINT('Ctrl Pts',(3.57032758506779,-4.35521935793799,1.68599657056233));
#10614=CARTESIAN_POINT('Ctrl Pts',(3.58156831713321,-4.3541502400707,1.66197212367137));
#10615=CARTESIAN_POINT('Ctrl Pts',(3.59257901062897,-4.3530809719007,1.63782200226747));
#10616=CARTESIAN_POINT('Ctrl Pts',(3.64019576900587,-4.34845682319373,1.53338257743885));
#10617=CARTESIAN_POINT('Ctrl Pts',(3.68352460169139,-4.34382831256366,1.42655022194339));
#10618=CARTESIAN_POINT('Ctrl Pts',(3.72224608245855,-4.33919658238952,1.31782298554562));
#10619=CARTESIAN_POINT('Ctrl Pts',(3.76106603073963,-4.33455307387048,1.20881925918798));
#10620=CARTESIAN_POINT('Ctrl Pts',(3.79525477039339,-4.32990632949204,1.09791165005867));
#10621=CARTESIAN_POINT('Ctrl Pts',(3.82453358224151,-4.32525749889031,0.985631230884774));
#10622=CARTESIAN_POINT('Ctrl Pts',(3.83921440392161,-4.32292650767937,0.929332197282962));
#10623=CARTESIAN_POINT('Ctrl Pts',(3.85266150168907,-4.32059499192568,0.872688413504483));
#10624=CARTESIAN_POINT('Ctrl Pts',(3.86484427750293,-4.31826309636597,0.815768785044733));
#10625=CARTESIAN_POINT('',(2.40997780499274,-4.43071974595948,3.1296177049989));
#10626=CARTESIAN_POINT('Ctrl Pts',(2.40997780499273,-4.43071974595946,3.12961770499888));
#10627=CARTESIAN_POINT('Ctrl Pts',(2.48620474373524,-4.42659781034478,3.07091876863404));
#10628=CARTESIAN_POINT('Ctrl Pts',(2.56026295850253,-4.42248849319103,3.00945348587645));
#10629=CARTESIAN_POINT('Ctrl Pts',(2.66850276340575,-4.41639212253696,2.91272878348041));
#10630=CARTESIAN_POINT('Ctrl Pts',(2.70439293178262,-4.41435490539909,2.87943657997661));
#10631=CARTESIAN_POINT('Ctrl Pts',(2.76233336439607,-4.41105209407176,2.82365107560292));
#10632=CARTESIAN_POINT('Ctrl Pts',(2.78474988304961,-4.40977079108462,2.80154586478806));
#10633=CARTESIAN_POINT('Ctrl Pts',(2.82898071878249,-4.40723940075386,2.75687376132159));
#10634=CARTESIAN_POINT('Ctrl Pts',(2.85079467552875,-4.40598879182502,2.73431062984089));
#10635=CARTESIAN_POINT('Ctrl Pts',(2.90549365284822,-4.40284038057144,2.67636685745793));
#10636=CARTESIAN_POINT('Ctrl Pts',(2.93800316110079,-4.40095734633996,2.64063827682408));
#10637=CARTESIAN_POINT('Ctrl Pts',(3.03379011832244,-4.39534442343529,2.53140720604908));
#10638=CARTESIAN_POINT('Ctrl Pts',(3.09502470236514,-4.39166684248062,2.4561611638381));
#10639=CARTESIAN_POINT('Ctrl Pts',(3.15342860270643,-4.38799830728542,2.37873664949127));
#10640=CARTESIAN_POINT('',(0.821642756679543,-4.501796215091,3.86359976969614));
#10641=CARTESIAN_POINT('Ctrl Pts',(0.821642756679543,-4.501796215091,3.86359976969614));
#10642=CARTESIAN_POINT('Ctrl Pts',(0.906843836627751,-4.49826180270655,
3.84521756241179));
#10643=CARTESIAN_POINT('Ctrl Pts',(0.991007254333234,-4.49474466558057,
3.82409585635463));
#10644=CARTESIAN_POINT('Ctrl Pts',(1.07416639607469,-4.4912391355069,3.80033466757103));
#10645=CARTESIAN_POINT('Ctrl Pts',(1.15812630521502,-4.48769984950285,3.77634467429357));
#10646=CARTESIAN_POINT('Ctrl Pts',(1.2410630204157,-4.48417239516894,3.74966392320526));
#10647=CARTESIAN_POINT('Ctrl Pts',(1.32300320087721,-4.48065093964938,3.72034250229228));
#10648=CARTESIAN_POINT('Ctrl Pts',(1.40534007221629,-4.47711243597014,3.69087912977354));
#10649=CARTESIAN_POINT('Ctrl Pts',(1.48667126992362,-4.47357998935072,3.65874924979445));
#10650=CARTESIAN_POINT('Ctrl Pts',(1.56700819426478,-4.47004768228752,3.62395369979272));
#10651=CARTESIAN_POINT('Ctrl Pts',(1.59614588101442,-4.46876653719073,3.61133357717107));
#10652=CARTESIAN_POINT('Ctrl Pts',(1.62515258640057,-4.46748541045486,3.59836233566962));
#10653=CARTESIAN_POINT('Ctrl Pts',(1.65402813596378,-4.46620401975362,3.58503847940385));
#10654=CARTESIAN_POINT('Ctrl Pts',(1.76257966937552,-4.4613869018936,3.53495025422771));
#10655=CARTESIAN_POINT('Ctrl Pts',(1.8692652354881,-4.45656681266002,3.47987906979493));
#10656=CARTESIAN_POINT('Ctrl Pts',(1.9734739738187,-4.45174427017167,3.42001486629988));
#10657=CARTESIAN_POINT('Ctrl Pts',(2.07817693794115,-4.44689885604205,3.35986674771431));
#10658=CARTESIAN_POINT('Ctrl Pts',(2.18037877578369,-4.44205096528482,3.29488026969187));
#10659=CARTESIAN_POINT('Ctrl Pts',(2.27947238438944,-4.43720112069355,3.22529889241959));
#10660=CARTESIAN_POINT('Ctrl Pts',(2.32360796672542,-4.43504103470731,3.19430784618704));
#10661=CARTESIAN_POINT('Ctrl Pts',(2.3671271882508,-4.43288056109818,3.1624059379637));
#10662=CARTESIAN_POINT('Ctrl Pts',(2.40997780499274,-4.43071974595948,3.1296177049989));
#10663=CARTESIAN_POINT('',(-0.181498498899967,-4.54247356400199,3.94582796063205));
#10664=CARTESIAN_POINT('Ctrl Pts',(0.821642756679543,-4.501796215091,3.86359976969614));
#10665=CARTESIAN_POINT('Ctrl Pts',(0.736517354331496,-4.5050913375889,3.88170274992646));
#10666=CARTESIAN_POINT('Ctrl Pts',(0.65081823550081,-4.50839945063756,3.89698719241688));
#10667=CARTESIAN_POINT('Ctrl Pts',(0.518105110536158,-4.51358483826974,
3.91615655170496));
#10668=CARTESIAN_POINT('Ctrl Pts',(0.471408507007476,-4.51542131852294,
3.92205162013269));
#10669=CARTESIAN_POINT('Ctrl Pts',(0.390682080281417,-4.51863177003978,
3.93078015960727));
#10670=CARTESIAN_POINT('Ctrl Pts',(0.356700497334551,-4.51999480099908,
3.93400939577196));
#10671=CARTESIAN_POINT('Ctrl Pts',(0.28898302280511,-4.5227401149166,3.93955986389879));
#10672=CARTESIAN_POINT('Ctrl Pts',(0.255252520673494,-4.52412047185417,
3.94188903881724));
#10673=CARTESIAN_POINT('Ctrl Pts',(0.176132852105323,-4.52738251160577,
3.94633267685552));
#10674=CARTESIAN_POINT('Ctrl Pts',(0.130728990095406,-4.52927309776097,
3.94809753964322));
#10675=CARTESIAN_POINT('Ctrl Pts',(-0.00364146679252886,-4.53490636315904,
3.95100012702918));
#10676=CARTESIAN_POINT('Ctrl Pts',(-0.0926269436846668,-4.53868573722761,
3.94991583623715));
#10677=CARTESIAN_POINT('Ctrl Pts',(-0.181498498899963,-4.542473564001,3.94582796063096));
#10678=CARTESIAN_POINT('',(-1.80005412516246,-4.61045534985949,3.51600698896996));
#10679=CARTESIAN_POINT('Ctrl Pts',(-1.80005412516246,-4.61045534985949,
3.51600698896997));
#10680=CARTESIAN_POINT('Ctrl Pts',(-1.72236836145931,-4.6069238375773,3.55552644448577));
#10681=CARTESIAN_POINT('Ctrl Pts',(-1.64375713881568,-4.60340940216746,
3.59226726958635));
#10682=CARTESIAN_POINT('Ctrl Pts',(-1.56425758806651,-4.59990637210933,
3.62632627624291));
#10683=CARTESIAN_POINT('Ctrl Pts',(-1.48399364717605,-4.59636966033079,
3.66071276108855));
#10684=CARTESIAN_POINT('Ctrl Pts',(-1.40282368974228,-4.59284457429731,
3.69236578478964));
#10685=CARTESIAN_POINT('Ctrl Pts',(-1.32075863041031,-4.58932527691414,
3.72133920852527));
#10686=CARTESIAN_POINT('Ctrl Pts',(-1.23829429099687,-4.58578885670967,
3.75045359981864));
#10687=CARTESIAN_POINT('Ctrl Pts',(-1.15492557474638,-4.58225828162267,
3.7768624331877));
#10688=CARTESIAN_POINT('Ctrl Pts',(-1.07064421183362,-4.57872762842544,
3.80057172710664));
#10689=CARTESIAN_POINT('Ctrl Pts',(-1.05234734384328,-4.57796114941707,
3.80571884155741));
#10690=CARTESIAN_POINT('Ctrl Pts',(-1.03400740901163,-4.57719466672551,
3.81073854151824));
#10691=CARTESIAN_POINT('Ctrl Pts',(-1.01562424185892,-4.57642811974471,
3.81563057401614));
#10692=CARTESIAN_POINT('Ctrl Pts',(-0.908695495092801,-4.57196937184165,
3.84408589402679));
#10693=CARTESIAN_POINT('Ctrl Pts',(-0.800203904606183,-4.56750458732545,
3.86824396230717));
#10694=CARTESIAN_POINT('Ctrl Pts',(-0.690657718237106,-4.56303604149748,
3.88789007961466));
#10695=CARTESIAN_POINT('Ctrl Pts',(-0.580853803566789,-4.55855698256301,
3.90758241816095));
#10696=CARTESIAN_POINT('Ctrl Pts',(-0.469991007077414,-4.5540741445601,
3.92274129155828));
#10697=CARTESIAN_POINT('Ctrl Pts',(-0.358601935113754,-4.54958981981417,
3.93319828772857));
#10698=CARTESIAN_POINT('Ctrl Pts',(-0.299687680471035,-4.54721803732846,
3.93872904693424));
#10699=CARTESIAN_POINT('Ctrl Pts',(-0.24062649139707,-4.54484583896031,
3.94294532585032));
#10700=CARTESIAN_POINT('Ctrl Pts',(-0.181498498899967,-4.54247356400199,
3.94582796063205));
#10701=CARTESIAN_POINT('',(-2.57481743043222,-4.64815815865386,2.99546577345555));
#10702=CARTESIAN_POINT('Ctrl Pts',(-2.57481743043212,-4.64815815865372,
2.99546577345543));
#10703=CARTESIAN_POINT('Ctrl Pts',(-2.51562608851022,-4.64484739606097,
3.04634497236391));
#10704=CARTESIAN_POINT('Ctrl Pts',(-2.45493888472338,-4.64154724326972,
3.09545920380634));
#10705=CARTESIAN_POINT('Ctrl Pts',(-2.35812307688522,-4.63646371625242,
3.16917324421996));
#10706=CARTESIAN_POINT('Ctrl Pts',(-2.3229743662385,-4.63465377158471,3.1950264009658));
#10707=CARTESIAN_POINT('Ctrl Pts',(-2.25948631799822,-4.63145627355676,
3.24012256264801));
#10708=CARTESIAN_POINT('Ctrl Pts',(-2.23131139289326,-4.63006175901146,
3.25958926590283));
#10709=CARTESIAN_POINT('Ctrl Pts',(-2.17444141093974,-4.62730079730693,
3.29779910387929));
#10710=CARTESIAN_POINT('Ctrl Pts',(-2.14574829971461,-4.62593444838657,
3.31654016718728));
#10711=CARTESIAN_POINT('Ctrl Pts',(-2.07986810118361,-4.62284900792751,
3.35835729333272));
#10712=CARTESIAN_POINT('Ctrl Pts',(-2.04253382041377,-4.62113735511321,
3.38119368403274));
#10713=CARTESIAN_POINT('Ctrl Pts',(-1.93769597114677,-4.61641343726635,
3.44295000315146));
#10714=CARTESIAN_POINT('Ctrl Pts',(-1.86940836337731,-4.61342930778641,
3.48050040920838));
#10715=CARTESIAN_POINT('Ctrl Pts',(-1.80005412516246,-4.61045534985948,
3.51600698896996));
#10716=CARTESIAN_POINT('',(-3.58334784706079,-4.71602821480164,1.66196215569574));
#10717=CARTESIAN_POINT('Ctrl Pts',(-3.58334784706079,-4.71602821480164,
1.66196215569574));
#10718=CARTESIAN_POINT('Ctrl Pts',(-3.54647902202672,-4.712496925526,1.74090045639701));
#10719=CARTESIAN_POINT('Ctrl Pts',(-3.50717678817998,-4.70898326624651,
1.81822274866373));
#10720=CARTESIAN_POINT('Ctrl Pts',(-3.46552829072936,-4.70548139719645,
1.893981844236));
#10721=CARTESIAN_POINT('Ctrl Pts',(-3.4234882662121,-4.70194660795477,1.97045313204272));
#10722=CARTESIAN_POINT('Ctrl Pts',(-3.37905735527097,-4.69842383165732,
2.04533215957534));
#10723=CARTESIAN_POINT('Ctrl Pts',(-3.33227550039729,-4.69490706184063,
2.11865405248179));
#10724=CARTESIAN_POINT('Ctrl Pts',(-3.28528307954528,-4.69137446297914,
2.19230596855971));
#10725=CARTESIAN_POINT('Ctrl Pts',(-3.23591818787631,-4.68784792477826,
2.26438717947322));
#10726=CARTESIAN_POINT('Ctrl Pts',(-3.18417613755099,-4.68432135895355,
2.33490692363848));
#10727=CARTESIAN_POINT('Ctrl Pts',(-3.17310052243803,-4.68356648191448,
2.3500019873116));
#10728=CARTESIAN_POINT('Ctrl Pts',(-3.16191583348648,-4.6828116036089,2.36502539476358));
#10729=CARTESIAN_POINT('Ctrl Pts',(-3.15062177840383,-4.68205666432303,
2.37997704734738));
#10730=CARTESIAN_POINT('Ctrl Pts',(-3.08420263558776,-4.67761694626967,
2.46790613402465));
#10731=CARTESIAN_POINT('Ctrl Pts',(-3.01393418403192,-4.67317109283819,
2.55343492229129));
#10732=CARTESIAN_POINT('Ctrl Pts',(-2.94007963816391,-4.66872116542343,
2.63608217261331));
#10733=CARTESIAN_POINT('Ctrl Pts',(-2.86611253393892,-4.66426445607653,
2.71885538185358));
#10734=CARTESIAN_POINT('Ctrl Pts',(-2.78854877228936,-4.65980366033117,
2.79873763972481));
#10735=CARTESIAN_POINT('Ctrl Pts',(-2.70769844590436,-4.65534085026051,
2.87527041790016));
#10736=CARTESIAN_POINT('Ctrl Pts',(-2.66433202788476,-4.65294709261327,
2.9163209936857));
#10737=CARTESIAN_POINT('Ctrl Pts',(-2.62002080334834,-4.65055275546104,
2.95640839758689));
#10738=CARTESIAN_POINT('Ctrl Pts',(-2.57481743043222,-4.64815815865386,
2.99546577345555));
#10739=CARTESIAN_POINT('',(-3.88283172301015,-4.75576309636701,0.725339789883092));
#10740=CARTESIAN_POINT('Ctrl Pts',(-3.88283172300995,-4.75576309636682,
0.725339789883054));
#10741=CARTESIAN_POINT('Ctrl Pts',(-3.86740091182364,-4.75218000509132,
0.807942790603107));
#10742=CARTESIAN_POINT('Ctrl Pts',(-3.84933785479549,-4.74860987231261,
0.890033626423963));
#10743=CARTESIAN_POINT('Ctrl Pts',(-3.81737737211296,-4.7431667386447,1.01599122429485));
#10744=CARTESIAN_POINT('Ctrl Pts',(-3.80530948510164,-4.7412590523376,1.06029620144438));
#10745=CARTESIAN_POINT('Ctrl Pts',(-3.78286358067063,-4.73796299405006,
1.13737596612849));
#10746=CARTESIAN_POINT('Ctrl Pts',(-3.77282517428214,-4.73656543196567,
1.17024413740044));
#10747=CARTESIAN_POINT('Ctrl Pts',(-3.7519641099112,-4.73381085419737,1.23548782671007));
#10748=CARTESIAN_POINT('Ctrl Pts',(-3.74114872189785,-4.73245253876579,
1.26786086085344));
#10749=CARTESIAN_POINT('Ctrl Pts',(-3.71518006142577,-4.72933832969061,
1.34236407760439));
#10750=CARTESIAN_POINT('Ctrl Pts',(-3.69972731014582,-4.72759067700662,
1.38438511636429));
#10751=CARTESIAN_POINT('Ctrl Pts',(-3.65271778762157,-4.72254546120944,
1.50580599432004));
#10752=CARTESIAN_POINT('Ctrl Pts',(-3.61929508437702,-4.71928280796536,
1.58445650672326));
#10753=CARTESIAN_POINT('Ctrl Pts',(-3.58334784706079,-4.71602821480164,
1.66196215569574));
#10754=CARTESIAN_POINT('',(-3.82369124942666,-4.82549830721664,-0.990901220636061));
#10755=CARTESIAN_POINT('Ctrl Pts',(-3.82369124942666,-4.82549830721664,
-0.990901220636061));
#10756=CARTESIAN_POINT('Ctrl Pts',(-3.84528574789445,-4.82196588231858,
-0.906529680348634));
#10757=CARTESIAN_POINT('Ctrl Pts',(-3.86397707850417,-4.81845138884282,
-0.821864342491853));
#10758=CARTESIAN_POINT('Ctrl Pts',(-3.87986723357903,-4.81494896508565,
-0.73691931664921));
#10759=CARTESIAN_POINT('Ctrl Pts',(-3.89590710112287,-4.8114135424996,-0.651173963214642));
#10760=CARTESIAN_POINT('Ctrl Pts',(-3.90909281998275,-4.8078904181198,-0.565143074942718));
#10761=CARTESIAN_POINT('Ctrl Pts',(-3.91947866903664,-4.80437356361698,
-0.478824395162741));
#10762=CARTESIAN_POINT('Ctrl Pts',(-3.92991115270148,-4.80084091770984,
-0.392118126652337));
#10763=CARTESIAN_POINT('Ctrl Pts',(-3.93751862287456,-4.79731459810731,
-0.305120905754907));
#10764=CARTESIAN_POINT('Ctrl Pts',(-3.94230444237338,-4.79378849571153,
-0.217822091461585));
#10765=CARTESIAN_POINT('Ctrl Pts',(-3.943755534854,-4.7927193578818,-0.191352507094816));
#10766=CARTESIAN_POINT('Ctrl Pts',(-3.94494685932096,-4.79165024002654,
-0.164855170700814));
#10767=CARTESIAN_POINT('Ctrl Pts',(-3.94587756231363,-4.79058097186856,
-0.138329758146742));
#10768=CARTESIAN_POINT('Ctrl Pts',(-3.94990247321106,-4.78595682313879,
-0.0236181660608462));
#10769=CARTESIAN_POINT('Ctrl Pts',(-3.94905012235571,-4.78132831248539,
0.0916632875758995));
#10770=CARTESIAN_POINT('Ctrl Pts',(-3.94321599378605,-4.77669658228776,
0.206932225649463));
#10771=CARTESIAN_POINT('Ctrl Pts',(-3.93736702920643,-4.77205307374235,
0.322494289095987));
#10772=CARTESIAN_POINT('Ctrl Pts',(-3.92651080131476,-4.76740632933737,
0.438043024054842));
#10773=CARTESIAN_POINT('Ctrl Pts',(-3.91059303989905,-4.76275749870933,
0.552981122084409));
#10774=CARTESIAN_POINT('Ctrl Pts',(-3.90261164329365,-4.76042650755896,
0.610612752656515));
#10775=CARTESIAN_POINT('Ctrl Pts',(-3.89335850430147,-4.75809499186593,
0.668090765167433));
#10776=CARTESIAN_POINT('Ctrl Pts',(-3.88283172301015,-4.75576309636701,
0.725339789883092));
#10777=CARTESIAN_POINT('',(-3.42418201414112,-4.86821974588135,-1.9691311622251));
#10778=CARTESIAN_POINT('Ctrl Pts',(-3.42418201413961,-4.8682197458798,-1.9691311622243));
#10779=CARTESIAN_POINT('Ctrl Pts',(-3.47214341218912,-4.86409781026475,
-1.88572962974912));
#10780=CARTESIAN_POINT('Ctrl Pts',(-3.5170425355974,-4.85998849311212,-1.80060226122493));
#10781=CARTESIAN_POINT('Ctrl Pts',(-3.58002813472983,-4.85389212246348,
-1.66981870840908));
#10782=CARTESIAN_POINT('Ctrl Pts',(-3.60044595194463,-4.85185490532973,
-1.62532615025399));
#10783=CARTESIAN_POINT('Ctrl Pts',(-3.63262774341217,-4.84855209400359,
-1.55161422093444));
#10784=CARTESIAN_POINT('Ctrl Pts',(-3.6448786082541,-4.84727079101366,-1.52261323872878));
#10785=CARTESIAN_POINT('Ctrl Pts',(-3.66864729822921,-4.84473940067816,
-1.46441518849863));
#10786=CARTESIAN_POINT('Ctrl Pts',(-3.68016622979622,-4.84348879174733,
-1.43522173323668));
#10787=CARTESIAN_POINT('Ctrl Pts',(-3.70852737365117,-4.84034038049446,
-1.36075627550069));
#10788=CARTESIAN_POINT('Ctrl Pts',(-3.7248895070244,-4.83845734626555,-1.31530652097534));
#10789=CARTESIAN_POINT('Ctrl Pts',(-3.77158419510595,-4.83284442336463,
-1.1777340888713));
#10790=CARTESIAN_POINT('Ctrl Pts',(-3.79936216022998,-4.82916684241096,
-1.08478234978447));
#10791=CARTESIAN_POINT('Ctrl Pts',(-3.82369124942665,-4.82549830721664,
-0.99090122063606));
#10792=CARTESIAN_POINT('',(-2.23763454725184,-4.93929621508273,-3.25507167861862));
#10793=CARTESIAN_POINT('Ctrl Pts',(-2.23763454725184,-4.93929621508273,
-3.25507167861862));
#10794=CARTESIAN_POINT('Ctrl Pts',(-2.30931551498652,-4.93576180269808,
-3.20548369182443));
#10795=CARTESIAN_POINT('Ctrl Pts',(-2.37898944701985,-4.9322446655719,-3.15376183433322));
#10796=CARTESIAN_POINT('Ctrl Pts',(-2.44672546273524,-4.92873913549801,
-3.09998573254751));
#10797=CARTESIAN_POINT('Ctrl Pts',(-2.51511373137145,-4.92519984949376,
-3.04569180255638));
#10798=CARTESIAN_POINT('Ctrl Pts',(-2.58152698363402,-4.92167239515964,
-2.98930349586555));
#10799=CARTESIAN_POINT('Ctrl Pts',(-2.64600901725508,-4.91815093963987,
-2.93085688570597));
#10800=CARTESIAN_POINT('Ctrl Pts',(-2.71080322292973,-4.91461243596049,
-2.87212732233765));
#10801=CARTESIAN_POINT('Ctrl Pts',(-2.77364787909206,-4.91107998934093,
-2.81131908194064));
#10802=CARTESIAN_POINT('Ctrl Pts',(-2.83455383868762,-4.90754768227758,
-2.74842857551378));
#10803=CARTESIAN_POINT('Ctrl Pts',(-2.85664403937981,-4.90626653717366,
-2.72561859242136));
#10804=CARTESIAN_POINT('Ctrl Pts',(-2.87847886169016,-4.90498541043066,
-2.70253434217715));
#10805=CARTESIAN_POINT('Ctrl Pts',(-2.90005757198897,-4.90370401972229,
-2.67917450952676));
#10806=CARTESIAN_POINT('Ctrl Pts',(-2.98117818362192,-4.89888690152733,
-2.59135814395152));
#10807=CARTESIAN_POINT('Ctrl Pts',(-3.05866796979808,-4.89406681195472,
-2.49965219853704));
#10808=CARTESIAN_POINT('Ctrl Pts',(-3.13203525591084,-4.88924426912626,
-2.40446592138276));
#10809=CARTESIAN_POINT('Ctrl Pts',(-3.20575049798419,-4.88439885462553,
-2.30882820825125));
#10810=CARTESIAN_POINT('Ctrl Pts',(-3.27530344004296,-4.87955096349608,
-2.20967757292123));
#10811=CARTESIAN_POINT('Ctrl Pts',(-3.34022636018349,-4.87470111853454,
-2.10747127158611));
#10812=CARTESIAN_POINT('Ctrl Pts',(-3.36914255154859,-4.87254103324116,
-2.06194933631691));
#10813=CARTESIAN_POINT('Ctrl Pts',(-3.3971407285679,-4.87038056032558,-2.01582174575651));
#10814=CARTESIAN_POINT('Ctrl Pts',(-3.42418201414112,-4.86821974588135,
-1.9691311622251));
#10815=CARTESIAN_POINT('',(-1.34219946954593,-4.97997871359891,-3.71496961840426));
#10816=CARTESIAN_POINT('Ctrl Pts',(-2.23763454725185,-4.93929621508273,
-3.25507167861862));
#10817=CARTESIAN_POINT('Ctrl Pts',(-2.16590866495223,-4.94259170404212,
-3.30437821562055));
#10818=CARTESIAN_POINT('Ctrl Pts',(-2.09257377448241,-4.94590018619314,
-3.35129978313299));
#10819=CARTESIAN_POINT('Ctrl Pts',(-1.97728596725048,-4.95108614037514,
-3.41980345447469));
#10820=CARTESIAN_POINT('Ctrl Pts',(-1.93639578396465,-4.95292280484054,
-3.44312164753838));
#10821=CARTESIAN_POINT('Ctrl Pts',(-1.8651447012834,-4.95613370684921,-3.48208282839196));
#10822=CARTESIAN_POINT('Ctrl Pts',(-1.83497979436923,-4.95749700747297,
-3.49807300654799));
#10823=CARTESIAN_POINT('Ctrl Pts',(-1.77453149662237,-4.96024276959607,
-3.52911906050195));
#10824=CARTESIAN_POINT('Ctrl Pts',(-1.7442561561053,-4.96162330295707,-3.54418026732016));
#10825=CARTESIAN_POINT('Ctrl Pts',(-1.67286477361454,-4.9648851164968,-3.57855933187416));
#10826=CARTESIAN_POINT('Ctrl Pts',(-1.63160153489272,-4.9667752878486,-3.59756024930309));
#10827=CARTESIAN_POINT('Ctrl Pts',(-1.50855275204969,-4.97240935033097,
-3.65166934000289));
#10828=CARTESIAN_POINT('Ctrl Pts',(-1.42589853602002,-4.97618996921353,
-3.68472975208346));
#10829=CARTESIAN_POINT('Ctrl Pts',(-1.34219953856354,-4.97997902815252,
-3.71496977089718));
#10830=CARTESIAN_POINT('',(-0.828819414039718,-5.,-3.86206659431332));
#10831=CARTESIAN_POINT('Ctrl Pts',(-0.828809643874581,-5.00000038426524,
-3.86206869102823));
#10832=CARTESIAN_POINT('Ctrl Pts',(-0.915909788820439,-4.99657469564728,
-3.84337655060706));
#10833=CARTESIAN_POINT('Ctrl Pts',(-1.0023541322711,-4.99321561162902,-3.82174340424098));
#10834=CARTESIAN_POINT('Ctrl Pts',(-1.17363576829039,-4.98656665191431,
-3.77266690549665));
#10835=CARTESIAN_POINT('Ctrl Pts',(-1.25841289961859,-4.98327899442454,
-3.74524145344268));
#10836=CARTESIAN_POINT('Ctrl Pts',(-1.34219951154837,-4.97997831996191,
-3.71496978065762));
#10837=CARTESIAN_POINT('',(-3.02079436835987,-5.,-2.54505429884812));
#10838=CARTESIAN_POINT('Origin',(0.,-5.,0.));
#10839=CARTESIAN_POINT('Ctrl Pts',(-3.02079436835987,-5.,-2.54505429884812));
#10840=CARTESIAN_POINT('Ctrl Pts',(-3.06274190696992,-4.99731951604827,
-2.49526562107526));
#10841=CARTESIAN_POINT('Ctrl Pts',(-3.1034465362661,-4.99466512800591,-2.44445461949796));
#10842=CARTESIAN_POINT('Ctrl Pts',(-3.18574763678523,-4.98918141716144,
-2.33634747486871));
#10843=CARTESIAN_POINT('Ctrl Pts',(-3.22709164930503,-4.98635849092152,
-2.27890047382871));
#10844=CARTESIAN_POINT('Ctrl Pts',(-3.34227693372625,-4.97827112075137,
-2.10942647316885));
#10845=CARTESIAN_POINT('Ctrl Pts',(-3.41198366237415,-4.97309344904066,
-1.99470903309656));
#10846=CARTESIAN_POINT('Ctrl Pts',(-3.57035899474105,-4.96034110985809,
-1.7013864547658));
#10847=CARTESIAN_POINT('Ctrl Pts',(-3.65160026229997,-4.95284957200065,
-1.51920681696093));
#10848=CARTESIAN_POINT('Ctrl Pts',(-3.73085480925503,-4.9436138423277,-1.29788718884527));
#10849=CARTESIAN_POINT('Ctrl Pts',(-3.74249626895045,-4.9421924450964,-1.26392656703345));
#10850=CARTESIAN_POINT('Ctrl Pts',(-3.76496164391976,-4.93930641641361,
-1.19535703099679));
#10851=CARTESIAN_POINT('Ctrl Pts',(-3.77577455157666,-4.93784087446114,
-1.16075025148082));
#10852=CARTESIAN_POINT('Ctrl Pts',(-3.80435755497558,-4.93374259069866,
-1.06464129566915));
#10853=CARTESIAN_POINT('Ctrl Pts',(-3.82111035332466,-4.93108136060162,
-1.00285232841552));
#10854=CARTESIAN_POINT('Ctrl Pts',(-3.87812144245197,-4.92102947803976,
-0.770346567922806));
#10855=CARTESIAN_POINT('Ctrl Pts',(-3.90849767918844,-4.91348945789007,
-0.597416049384857));
#10856=CARTESIAN_POINT('Ctrl Pts',(-3.94074535750111,-4.9007222327651,-0.298045098455083));
#10857=CARTESIAN_POINT('Ctrl Pts',(-3.94823487718977,-4.89544888938608,
-0.172476189519484));
#10858=CARTESIAN_POINT('Ctrl Pts',(-3.95051758959825,-4.88751961527299,
0.020338397111179));
#10859=CARTESIAN_POINT('Ctrl Pts',(-3.94960202161393,-4.88479016607585,
0.0874475861951567));
#10860=CARTESIAN_POINT('Ctrl Pts',(-3.94428604436599,-4.87932491311512,
0.223251752508301));
#10861=CARTESIAN_POINT('Ctrl Pts',(-3.93979905759745,-4.87659165860535,
0.291920323432268));
#10862=CARTESIAN_POINT('Ctrl Pts',(-3.92158833177816,-4.86875078360407,
0.49065704765148));
#10863=CARTESIAN_POINT('Ctrl Pts',(-3.90319687508151,-4.86372980239039,
0.620205622628445));
#10864=CARTESIAN_POINT('Ctrl Pts',(-3.85064227670602,-4.85318424756974,
0.892482998430466));
#10865=CARTESIAN_POINT('Ctrl Pts',(-3.81488718592599,-4.8476808421734,1.03470125838282));
#10866=CARTESIAN_POINT('Ctrl Pts',(-3.7476235878566,-4.83902152105035,1.25066553858302));
#10867=CARTESIAN_POINT('Ctrl Pts',(-3.72163796441092,-4.83594098108898,
1.32599286625407));
#10868=CARTESIAN_POINT('Ctrl Pts',(-3.68012271251674,-4.83131462607976,
1.43547822918567));
#10869=CARTESIAN_POINT('Ctrl Pts',(-3.66635566483453,-4.82982117660476,
1.47028465427795));
#10870=CARTESIAN_POINT('Ctrl Pts',(-3.63667693117242,-4.8266738680362,1.54230960529627));
#10871=CARTESIAN_POINT('Ctrl Pts',(-3.62068360918942,-4.82501701935533,
1.57948981967862));
#10872=CARTESIAN_POINT('Ctrl Pts',(-3.5244915444703,-4.81529755838003,1.79396911612257));
#10873=CARTESIAN_POINT('Ctrl Pts',(-3.43185098461186,-4.80689824485138,
1.96539120015384));
#10874=CARTESIAN_POINT('Ctrl Pts',(-3.25832489963071,-4.7931376686351,2.23652163511359));
#10875=CARTESIAN_POINT('Ctrl Pts',(-3.18454602609156,-4.78773359560838,
2.34037998214458));
#10876=CARTESIAN_POINT('Ctrl Pts',(-3.05873997840806,-4.77925173947188,
2.50048606449492));
#10877=CARTESIAN_POINT('Ctrl Pts',(-3.00987277879302,-4.77611048131527,
2.55909889663741));
#10878=CARTESIAN_POINT('Ctrl Pts',(-2.91799932661703,-4.77047400285325,
2.66301993672233));
#10879=CARTESIAN_POINT('Ctrl Pts',(-2.87555805897553,-4.76796592610261,
2.708793343449));
#10880=CARTESIAN_POINT('Ctrl Pts',(-2.77277945078637,-4.76210451541858,
2.81450228064661));
#10881=CARTESIAN_POINT('Ctrl Pts',(-2.7115559990423,-4.75877605977933,2.87353330003904));
#10882=CARTESIAN_POINT('Ctrl Pts',(-2.50142460047898,-4.74781942935344,
3.06343918073751));
#10883=CARTESIAN_POINT('Ctrl Pts',(-2.344583810588,-4.74039944195905,3.1850763458734));
#10884=CARTESIAN_POINT('Ctrl Pts',(-2.09480569236122,-4.72901008805708,
3.3503054447254));
#10885=CARTESIAN_POINT('Ctrl Pts',(-2.00821993922916,-4.72512745987682,
3.40291184354674));
#10886=CARTESIAN_POINT('Ctrl Pts',(-1.88596634179819,-4.71962185007609,
3.47089639815873));
#10887=CARTESIAN_POINT('Ctrl Pts',(-1.85194721435509,-4.7180873790397,3.48916644890618));
#10888=CARTESIAN_POINT('Ctrl Pts',(-1.78065990915025,-4.71485323919616,
3.52611507734166));
#10889=CARTESIAN_POINT('Ctrl Pts',(-1.74335417846588,-4.7131525392975,3.54470779185347));
#10890=CARTESIAN_POINT('Ctrl Pts',(-1.61543688279489,-4.70730915172264,
3.60595237352265));
#10891=CARTESIAN_POINT('Ctrl Pts',(-1.52350176780319,-4.70309052137023,
3.64574687541671));
#10892=CARTESIAN_POINT('Ctrl Pts',(-1.28498597329064,-4.69223873466574,
3.73839069558163));
#10893=CARTESIAN_POINT('Ctrl Pts',(-1.13660487080939,-4.68558032841236,
3.78614377312973));
#10894=CARTESIAN_POINT('Ctrl Pts',(-0.909982826824022,-4.67573503130994,
3.84454938502246));
#10895=CARTESIAN_POINT('Ctrl Pts',(-0.833608630507428,-4.67246898033699,
3.86182933332597));
#10896=CARTESIAN_POINT('Ctrl Pts',(-0.685186893730216,-4.66623125815531,
3.89080175736635));
#10897=CARTESIAN_POINT('Ctrl Pts',(-0.613229339893674,-4.6632558683794,
3.90278997329165));
#10898=CARTESIAN_POINT('Ctrl Pts',(-0.469948505999776,-4.65742384269277,
3.9225999382267));
#10899=CARTESIAN_POINT('Ctrl Pts',(-0.398662022385566,-4.65456713095113,
3.93048480901408));
#10900=CARTESIAN_POINT('Ctrl Pts',(-0.187582317706944,-4.64621923883616,
3.94802993671247));
#10901=CARTESIAN_POINT('Ctrl Pts',(-0.0474446728175932,-4.64082435105621,
3.95219913973565));
#10902=CARTESIAN_POINT('Ctrl Pts',(0.252387369919413,-4.62935855259987,
3.94516667827887));
#10903=CARTESIAN_POINT('Ctrl Pts',(0.411775859673948,-4.62331082245325,
3.93172710260554));
#10904=CARTESIAN_POINT('Ctrl Pts',(0.596729362656684,-4.61603259899537,
3.90475975564731));
#10905=CARTESIAN_POINT('Ctrl Pts',(0.623509587568197,-4.6149720692759,3.90057309266405));
#10906=CARTESIAN_POINT('Ctrl Pts',(0.693492099821744,-4.61217902136124,
3.88889330937269));
#10907=CARTESIAN_POINT('Ctrl Pts',(0.736615863583231,-4.61043638558627,
3.88095598574751));
#10908=CARTESIAN_POINT('Ctrl Pts',(0.822423354709393,-4.60691098843713,
3.86368065782859));
#10909=CARTESIAN_POINT('Ctrl Pts',(0.865102555638811,-4.60512830213739,
3.85434894968218));
#10910=CARTESIAN_POINT('Ctrl Pts',(1.07703139066856,-4.59615641214396,3.80431390790166));
#10911=CARTESIAN_POINT('Ctrl Pts',(1.24361351991722,-4.58873283883553,3.75316195857417));
#10912=CARTESIAN_POINT('Ctrl Pts',(1.50642593442282,-4.576814340097,3.65303529944156));
#10913=CARTESIAN_POINT('Ctrl Pts',(1.60498380702955,-4.57229240735803,3.61081898758592));
#10914=CARTESIAN_POINT('Ctrl Pts',(1.78015303137458,-4.56420871218558,3.52719603954028));
#10915=CARTESIAN_POINT('Ctrl Pts',(1.85734552243643,-4.56062868489257,3.48716575025953));
#10916=CARTESIAN_POINT('Ctrl Pts',(1.99314249282552,-4.55430180115003,3.41095510315059));
#10917=CARTESIAN_POINT('Ctrl Pts',(2.05224025207781,-4.55153787931319,3.37572836486415));
#10918=CARTESIAN_POINT('Ctrl Pts',(2.1786236004194,-4.5455947206867,3.29584816706667));
#10919=CARTESIAN_POINT('Ctrl Pts',(2.24552109192207,-4.5424282093089,3.25063861690349));
#10920=CARTESIAN_POINT('Ctrl Pts',(2.4681186865331,-4.53176991021627,3.09005341014042));
#10921=CARTESIAN_POINT('Ctrl Pts',(2.61669425460109,-4.52446177994162,2.96529101642396));
#10922=CARTESIAN_POINT('Ctrl Pts',(2.80385124218003,-4.51445253273645,2.78306834734859));
#10923=CARTESIAN_POINT('Ctrl Pts',(2.85097322653899,-4.51185290150811,2.73477651881337));
#10924=CARTESIAN_POINT('Ctrl Pts',(2.93198963007479,-4.50719885970246,2.64737812594804));
#10925=CARTESIAN_POINT('Ctrl Pts',(2.96639589104064,-4.5051592378718,2.60876778233814));
#10926=CARTESIAN_POINT('Ctrl Pts',(3.02370749659553,-4.50163260394053,2.5418531518419));
#10927=CARTESIAN_POINT('Ctrl Pts',(3.04699670725988,-4.50016009309769,2.5138885210177));
#10928=CARTESIAN_POINT('Ctrl Pts',(3.11175154163775,-4.49595059389815,2.4339117180518));
#10929=CARTESIAN_POINT('Ctrl Pts',(3.15229241888252,-4.49318188028968,2.38117114243092));
#10930=CARTESIAN_POINT('Ctrl Pts',(3.29423177888126,-4.4830548793855,2.18653751912326));
#10931=CARTESIAN_POINT('Ctrl Pts',(3.38753889116549,-4.47555841932546,2.03899240556327));
#10932=CARTESIAN_POINT('Ctrl Pts',(3.52978305995391,-4.46293069485809,1.77718885804732));
#10933=CARTESIAN_POINT('Ctrl Pts',(3.58364898173643,-4.45775062859633,1.66590228087748));
#10934=CARTESIAN_POINT('Ctrl Pts',(3.6585162633429,-4.44991877570051,1.49071776871046));
#10935=CARTESIAN_POINT('Ctrl Pts',(3.68325313760731,-4.44719678965827,1.42850529239729));
#10936=CARTESIAN_POINT('Ctrl Pts',(3.73026063465595,-4.44173079169033,1.30093015650312));
#10937=CARTESIAN_POINT('Ctrl Pts',(3.75242259117247,-4.43898969710012,1.23555198971396));
#10938=CARTESIAN_POINT('Ctrl Pts',(3.81662275007983,-4.4304738798857,1.02846154728631));
#10939=CARTESIAN_POINT('Ctrl Pts',(3.85242876178714,-4.42481988173279,0.884950218815294));
#10940=CARTESIAN_POINT('Ctrl Pts',(3.91073075788905,-4.41300747245121,0.57915395342787));
#10941=CARTESIAN_POINT('Ctrl Pts',(3.93134978145985,-4.40687123878158,0.41679830306535));
#10942=CARTESIAN_POINT('Ctrl Pts',(3.94361790189907,-4.39947487451972,0.226135552463684));
#10943=CARTESIAN_POINT('Ctrl Pts',(3.94509958710489,-4.3984024953745,0.198616879907106));
#10944=CARTESIAN_POINT('Ctrl Pts',(3.94818491743815,-4.39561225369282,0.127449900620056));
#10945=CARTESIAN_POINT('Ctrl Pts',(3.94935275885824,-4.39388394036381,0.0837870003039008));
#10946=CARTESIAN_POINT('Ctrl Pts',(3.95015510404446,-4.39071431251363,0.00478583644575067));
#10947=CARTESIAN_POINT('Ctrl Pts',(3.95003988940342,-4.38928038752155,-0.0305442050093974));
#10948=CARTESIAN_POINT('Ctrl Pts',(3.94833706374419,-4.38509328566271,-0.132646677817296));
#10949=CARTESIAN_POINT('Ctrl Pts',(3.94552984027359,-4.3823048313953,-0.199385463117431));
#10950=CARTESIAN_POINT('Ctrl Pts',(3.92777845819697,-4.37118598091089,-0.462369371355248));
#10951=CARTESIAN_POINT('Ctrl Pts',(3.89986977301119,-4.36266874161529,-0.657454472211997));
#10952=CARTESIAN_POINT('Ctrl Pts',(3.83971837219695,-4.35080453971175,-0.930551216306243));
#10953=CARTESIAN_POINT('Ctrl Pts',(3.81935806921013,-4.34731930609639,-1.01087447524571));
#10954=CARTESIAN_POINT('Ctrl Pts',(3.77624119161166,-4.34083001635622,-1.16098241397673));
#10955=CARTESIAN_POINT('Ctrl Pts',(3.75403654981567,-4.33781779616974,-1.23088899858085));
#10956=CARTESIAN_POINT('Ctrl Pts',(3.70924040197606,-4.33229800233613,-1.35940229137999));
#10957=CARTESIAN_POINT('Ctrl Pts',(3.68717283747976,-4.32978099159549,-1.41816631386405));
#10958=CARTESIAN_POINT('Ctrl Pts',(3.62993999147921,-4.32370578214121,-1.56019254377967));
#10959=CARTESIAN_POINT('Ctrl Pts',(3.59329946450568,-4.32017880802963,-1.64282219362016));
#10960=CARTESIAN_POINT('Ctrl Pts',(3.46648409987672,-4.30897384793676,-1.90422073274919));
#10961=CARTESIAN_POINT('Ctrl Pts',(3.3655502510011,-4.30149443089231,-2.07741167710786));
#10962=CARTESIAN_POINT('Ctrl Pts',(3.20036159755541,-4.29039935675156,-2.31698876472979));
#10963=CARTESIAN_POINT('Ctrl Pts',(3.14623541154105,-4.28690420921231,-2.38996928120363));
#10964=CARTESIAN_POINT('Ctrl Pts',(3.06609063143282,-4.28183439419412,-2.49058573117894));
#10965=CARTESIAN_POINT('Ctrl Pts',(3.0421143098689,-4.28032977617735,-2.51981540842221));
#10966=CARTESIAN_POINT('Ctrl Pts',(2.99012731619892,-4.27708069596821,-2.58136931477094));
#10967=CARTESIAN_POINT('Ctrl Pts',(2.96200488868372,-4.27533337596161,-2.61359059687479));
#10968=CARTESIAN_POINT('Ctrl Pts',(2.81007657090203,-4.26597377621962,-2.78206038952459));
#10969=CARTESIAN_POINT('Ctrl Pts',(2.67738318360413,-4.25808843401442,-2.90998417586089));
#10970=CARTESIAN_POINT('Ctrl Pts',(2.45491070871245,-4.2457584710589,-3.09631589395064));
#10971=CARTESIAN_POINT('Ctrl Pts',(2.3708524155044,-4.24127293318006,-3.16114193547001));
#10972=CARTESIAN_POINT('Ctrl Pts',(2.25106368357582,-4.23514810245599,-3.24605460014075));
#10973=CARTESIAN_POINT('Ctrl Pts',(2.21748030167343,-4.23345834553552,-3.26908845857344));
#10974=CARTESIAN_POINT('Ctrl Pts',(2.12270732584687,-4.22876672990774,-3.33195795890338));
#10975=CARTESIAN_POINT('Ctrl Pts',(2.06075998810852,-4.22578804630029,-3.37062292583292));
#10976=CARTESIAN_POINT('Ctrl Pts',(1.9359701852118,-4.21995510976756,-3.4437845899374));
#10977=CARTESIAN_POINT('Ctrl Pts',(1.87318970228111,-4.21710064847493,-3.47833200927135));
#10978=CARTESIAN_POINT('Ctrl Pts',(1.67874664149874,-4.20847851781818,-3.57853991262466));
#10979=CARTESIAN_POINT('Ctrl Pts',(1.5443257679458,-4.20282115334979,-3.63857084496311));
#10980=CARTESIAN_POINT('Ctrl Pts',(1.24254538407554,-4.19048177204255,-3.75359904782979));
#10981=CARTESIAN_POINT('Ctrl Pts',(1.07422915490511,-4.18383144109096,-3.80518761579648));
#10982=CARTESIAN_POINT('Ctrl Pts',(0.858631771049583,-4.17513009070732,
-3.85581801266852));
#10983=CARTESIAN_POINT('Ctrl Pts',(0.814045618830302,-4.17332032103434,
-3.86547674436274));
#10984=CARTESIAN_POINT('Ctrl Pts',(0.733335023647615,-4.17001140287972,
-3.88150286951639));
#10985=CARTESIAN_POINT('Ctrl Pts',(0.697268812937055,-4.16852013637859,
-3.8881436313001));
#10986=CARTESIAN_POINT('Ctrl Pts',(0.584166128367532,-4.16381400870214,
-3.9073446061098));
#10987=CARTESIAN_POINT('Ctrl Pts',(0.506847487384894,-4.16055448898653,
-3.91812417349601));
#10988=CARTESIAN_POINT('Ctrl Pts',(0.286686714946484,-4.15122987218953,
-3.94219246629602));
#10989=CARTESIAN_POINT('Ctrl Pts',(0.143387660363986,-4.14511389888018,
-3.94999999948609));
#10990=CARTESIAN_POINT('Ctrl Pts',(1.41571743564328E-8,-4.13906106871107,
-3.95));
#10991=CARTESIAN_POINT('Origin',(0.,-5.,0.));
#10992=CARTESIAN_POINT('',(-1.04276488261152E-9,-3.03229074783397,-3.95));
#10993=CARTESIAN_POINT('',(8.50361087302069E-10,-3.13836086535452,-3.95));
#10994=CARTESIAN_POINT('',(-4.83735485663205E-16,-5.,-3.95));
#10995=CARTESIAN_POINT('',(-3.95,-3.78513931663062,-1.61380570654184E-13));
#10996=CARTESIAN_POINT('Ctrl Pts',(-2.08552928193436E-9,-3.03229074783397,
-3.95));
#10997=CARTESIAN_POINT('Ctrl Pts',(0.0141404207799105,-3.03286946258593,
-3.95000000000747));
#10998=CARTESIAN_POINT('Ctrl Pts',(0.0282813092616498,-3.03344686281109,
-3.94992406905122));
#10999=CARTESIAN_POINT('Ctrl Pts',(0.106103428293683,-3.03661719939229,
-3.9490882299287));
#11000=CARTESIAN_POINT('Ctrl Pts',(0.169759916895181,-3.03918330972019,
-3.94686427961826));
#11001=CARTESIAN_POINT('Ctrl Pts',(0.313645056961374,-3.04492856625662,
-3.93834976977249));
#11002=CARTESIAN_POINT('Ctrl Pts',(0.393791474941936,-3.04808967477501,
-3.93114498798601));
#11003=CARTESIAN_POINT('Ctrl Pts',(0.568806422060527,-3.0549359629151,-3.91000555771375));
#11004=CARTESIAN_POINT('Ctrl Pts',(0.663500648177689,-3.0586031163971,-3.89505476649795));
#11005=CARTESIAN_POINT('Ctrl Pts',(0.931150538548399,-3.06896942679682,
-3.84275207953795));
#11006=CARTESIAN_POINT('Ctrl Pts',(1.10226314840438,-3.07558964048728,-3.79720923417888));
#11007=CARTESIAN_POINT('Ctrl Pts',(1.32526617668091,-3.08469718353177,-3.72150609675357));
#11008=CARTESIAN_POINT('Ctrl Pts',(1.38036146888883,-3.08698900482524,-3.70142404847396));
#11009=CARTESIAN_POINT('Ctrl Pts',(1.46757087284058,-3.09071040430121,-3.667418546138));
#11010=CARTESIAN_POINT('Ctrl Pts',(1.4999830479975,-3.09211493147269,-3.65428158700179));
#11011=CARTESIAN_POINT('Ctrl Pts',(1.57567072174548,-3.09545140058934,-3.62242797621038));
#11012=CARTESIAN_POINT('Ctrl Pts',(1.61879268426814,-3.09739458578891,-3.60336408496316));
#11013=CARTESIAN_POINT('Ctrl Pts',(1.71568176485957,-3.10184173546899,-3.55843992456327));
#11014=CARTESIAN_POINT('Ctrl Pts',(1.76922516197828,-3.10435705732574,-3.53212410673785));
#11015=CARTESIAN_POINT('Ctrl Pts',(1.96687587757953,-3.11381403157131,-3.4293595084107));
#11016=CARTESIAN_POINT('Ctrl Pts',(2.10680086007275,-3.1208480392624,-3.34522022096346));
#11017=CARTESIAN_POINT('Ctrl Pts',(2.34034190479841,-3.13289844911095,-3.18430798904331));
#11018=CARTESIAN_POINT('Ctrl Pts',(2.43638247564874,-3.13795778698181,-3.11144013869724));
#11019=CARTESIAN_POINT('Ctrl Pts',(2.57937228830673,-3.14562171526269,-2.99226469349031));
#11020=CARTESIAN_POINT('Ctrl Pts',(2.62874519059459,-3.14829490800653,-2.94898430684258));
#11021=CARTESIAN_POINT('Ctrl Pts',(2.72591050497098,-3.15361459755526,-2.85942882366896));
#11022=CARTESIAN_POINT('Ctrl Pts',(2.77365863546058,-3.15625943896266,-2.81313692734047));
#11023=CARTESIAN_POINT('Ctrl Pts',(2.91269240196737,-3.1640718339781,-2.67136057739416));
#11024=CARTESIAN_POINT('Ctrl Pts',(3.00038234042119,-3.16914612469091,-2.57247968778035));
#11025=CARTESIAN_POINT('Ctrl Pts',(3.19260635886104,-3.18084045008094,-2.3324940082055));
#11026=CARTESIAN_POINT('Ctrl Pts',(3.29301454696859,-3.18740424596217,-2.18845066889067));
#11027=CARTESIAN_POINT('Ctrl Pts',(3.41493228609797,-3.19652330282415,-1.98606253428032));
#11028=CARTESIAN_POINT('Ctrl Pts',(3.44513821881681,-3.19889796079188,-1.93319146531569));
#11029=CARTESIAN_POINT('Ctrl Pts',(3.49095389721341,-3.20271880281997,-1.84851126948752));
#11030=CARTESIAN_POINT('Ctrl Pts',(3.50737775216316,-3.20413920835506,-1.81715550877675));
#11031=CARTESIAN_POINT('Ctrl Pts',(3.54617671314978,-3.20762167734338,-1.74059596743265));
#11032=CARTESIAN_POINT('Ctrl Pts',(3.56811115800983,-3.20969751171643,-1.69517732488453));
#11033=CARTESIAN_POINT('Ctrl Pts',(3.60326410202379,-3.21319671577156,-1.61868069978955));
#11034=CARTESIAN_POINT('Ctrl Pts',(3.61696487140311,-3.2146087268308,-1.58783011451524));
#11035=CARTESIAN_POINT('Ctrl Pts',(3.67405768035221,-3.22069621284495,-1.45469730941672));
#11036=CARTESIAN_POINT('Ctrl Pts',(3.71351889258713,-3.22543079568415,-1.35078538038175));
#11037=CARTESIAN_POINT('Ctrl Pts',(3.79858157850043,-3.23690655100789,-1.09474360588231));
#11038=CARTESIAN_POINT('Ctrl Pts',(3.8394957765297,-3.24362243828627,-0.941254897416076));
#11039=CARTESIAN_POINT('Ctrl Pts',(3.88604268833324,-3.25330031843562,-0.711927949294146));
#11040=CARTESIAN_POINT('Ctrl Pts',(3.89890720707945,-3.25637993250357,-0.637724245152007));
#11041=CARTESIAN_POINT('Ctrl Pts',(3.9196269110874,-3.26225234741731,-0.493890562497265));
#11042=CARTESIAN_POINT('Ctrl Pts',(3.92776618739302,-3.26504913778226,-0.424330218398935));
#11043=CARTESIAN_POINT('Ctrl Pts',(3.94560937505438,-3.27290391604685,-0.226365702894287));
#11044=CARTESIAN_POINT('Ctrl Pts',(3.95089107228013,-3.27788354034073,-0.0976518448292319));
#11045=CARTESIAN_POINT('Ctrl Pts',(3.9484912305973,-3.28956738960705,0.207214727261017));
#11046=CARTESIAN_POINT('Ctrl Pts',(3.93532677481938,-3.29621371798185,0.383042505934255));
#11047=CARTESIAN_POINT('Ctrl Pts',(3.9030161560299,-3.30511870260343,0.609719418954411));
#11048=CARTESIAN_POINT('Ctrl Pts',(3.89450949665247,-3.30719245078144,0.661882516043917));
#11049=CARTESIAN_POINT('Ctrl Pts',(3.87797988459761,-3.31083178985349,0.75183996751233));
#11050=CARTESIAN_POINT('Ctrl Pts',(3.87044458097393,-3.31238445785351,0.789715155209907));
#11051=CARTESIAN_POINT('Ctrl Pts',(3.85017238109871,-3.31631993910815,0.8843384253995));
#11052=CARTESIAN_POINT('Ctrl Pts',(3.83673596078107,-3.31872152467399,0.940924387066394));
#11053=CARTESIAN_POINT('Ctrl Pts',(3.78114250290469,-3.32790306809317,1.15400404402554));
#11054=CARTESIAN_POINT('Ctrl Pts',(3.73061802874565,-3.33482151763424,1.30814855158048));
#11055=CARTESIAN_POINT('Ctrl Pts',(3.62072309483054,-3.34741172604098,1.58468543306167));
#11056=CARTESIAN_POINT('Ctrl Pts',(3.56422909366261,-3.35309530643745,1.70796272151827));
#11057=CARTESIAN_POINT('Ctrl Pts',(3.46822625511514,-3.36162436550759,1.89184524109825));
#11058=CARTESIAN_POINT('Ctrl Pts',(3.43320804330486,-3.36454942766976,1.95467508462708));
#11059=CARTESIAN_POINT('Ctrl Pts',(3.35854946321068,-3.37043005352578,2.08042538124523));
#11060=CARTESIAN_POINT('Ctrl Pts',(3.31880873408343,-3.37338213914035,2.14325296015752));
#11061=CARTESIAN_POINT('Ctrl Pts',(3.18793141867185,-3.3825936208603,2.33778428739223));
#11062=CARTESIAN_POINT('Ctrl Pts',(3.09054669965443,-3.38872021117792,2.46508923785943));
#11063=CARTESIAN_POINT('Ctrl Pts',(2.87951321423682,-3.40100778272891,2.70872838962918));
#11064=CARTESIAN_POINT('Ctrl Pts',(2.76587749768901,-3.40715804434197,2.8246635574054));
#11065=CARTESIAN_POINT('Ctrl Pts',(2.61300904372081,-3.41525858643409,2.96253121260272));
#11066=CARTESIAN_POINT('Ctrl Pts',(2.58009403224134,-3.4169939836591,2.99124089532074));
#11067=CARTESIAN_POINT('Ctrl Pts',(2.51705281959299,-3.42031452167252,3.04441298239667));
#11068=CARTESIAN_POINT('Ctrl Pts',(2.48703004720496,-3.4218962847118,3.06898787134641));
#11069=CARTESIAN_POINT('Ctrl Pts',(2.37971371999707,-3.42753861411408,3.15422193252559));
#11070=CARTESIAN_POINT('Ctrl Pts',(2.30052467738228,-3.43167830541317,3.21243500109299));
#11071=CARTESIAN_POINT('Ctrl Pts',(2.05772835197185,-3.44414020098079,3.37733286219044));
#11072=CARTESIAN_POINT('Ctrl Pts',(1.88828883700027,-3.45252233897911,3.47490900115724));
#11073=CARTESIAN_POINT('Ctrl Pts',(1.63478564238136,-3.46428712976179,3.59685697486725));
#11074=CARTESIAN_POINT('Ctrl Pts',(1.55604389968992,-3.46784425636547,3.63161565154641));
#11075=CARTESIAN_POINT('Ctrl Pts',(1.41712534496261,-3.47394817666236,3.68758945200984));
#11076=CARTESIAN_POINT('Ctrl Pts',(1.35745434457383,-3.47651692658252,3.70997010753091));
#11077=CARTESIAN_POINT('Ctrl Pts',(1.22212361971576,-3.4822306392428,3.75702582435725));
#11078=CARTESIAN_POINT('Ctrl Pts',(1.14620692723301,-3.48535860586274,3.78087812077478));
#11079=CARTESIAN_POINT('Ctrl Pts',(0.979097470075758,-3.4921048365418,3.82788595699542));
#11080=CARTESIAN_POINT('Ctrl Pts',(0.887693257129734,-3.49570623154221,
3.85010960361197));
#11081=CARTESIAN_POINT('Ctrl Pts',(0.616842374119143,-3.50622328005743,
3.90580389664829));
#11082=CARTESIAN_POINT('Ctrl Pts',(0.43577620280607,-3.51304719706303,3.93012652792479));
#11083=CARTESIAN_POINT('Ctrl Pts',(0.196659562688978,-3.52231897137697,
3.94551518900784));
#11084=CARTESIAN_POINT('Ctrl Pts',(0.139564776821642,-3.52455341747423,
3.94794712326321));
#11085=CARTESIAN_POINT('Ctrl Pts',(0.0465488664197493,-3.52825230127936,
3.94988883917144));
#11086=CARTESIAN_POINT('Ctrl Pts',(0.0106531075915704,-3.52969493329687,
3.95014874597657));
#11087=CARTESIAN_POINT('Ctrl Pts',(-0.081008971737727,-3.53341935528353,
3.94956294856632));
#11088=CARTESIAN_POINT('Ctrl Pts',(-0.136759785192116,-3.53571934799397,
3.94802563893385));
#11089=CARTESIAN_POINT('Ctrl Pts',(-0.353248535809765,-3.54474485501982,
3.93746499140387));
#11090=CARTESIAN_POINT('Ctrl Pts',(-0.513407567209066,-3.55161595855272,
3.91979936748861));
#11091=CARTESIAN_POINT('Ctrl Pts',(-0.816823574216849,-3.56465730115082,
3.86741339601047));
#11092=CARTESIAN_POINT('Ctrl Pts',(-0.960103437881007,-3.57082682214334,
3.83435667144614));
#11093=CARTESIAN_POINT('Ctrl Pts',(-1.17164551473147,-3.57988054522132,
3.77294655431029));
#11094=CARTESIAN_POINT('Ctrl Pts',(-1.24149680286279,-3.58286222377311,
3.75054196066762));
#11095=CARTESIAN_POINT('Ctrl Pts',(-1.38448838390578,-3.58895529948288,
3.70024495958975));
#11096=CARTESIAN_POINT('Ctrl Pts',(-1.45750515788883,-3.59206064572426,
3.67209749395488));
#11097=CARTESIAN_POINT('Ctrl Pts',(-1.57133246045704,-3.59690891853331,
3.62428741941669));
#11098=CARTESIAN_POINT('Ctrl Pts',(-1.61272221446521,-3.59867354409616,
3.60606047214687));
#11099=CARTESIAN_POINT('Ctrl Pts',(-1.77008738730382,-3.60540150411272,
3.53350965153286));
#11100=CARTESIAN_POINT('Ctrl Pts',(-1.88370923466861,-3.61029541424192,
3.47426823813892));
#11101=CARTESIAN_POINT('Ctrl Pts',(-2.10947656620289,-3.62031198058922,
3.34221887457084));
#11102=CARTESIAN_POINT('Ctrl Pts',(-2.22120700927097,-3.62542944156795,
3.26902980236587));
#11103=CARTESIAN_POINT('Ctrl Pts',(-2.36086462527032,-3.63226030050977,
3.16707645730951));
#11104=CARTESIAN_POINT('Ctrl Pts',(-2.39236730351566,-3.63383093689191,
3.14334759033401));
#11105=CARTESIAN_POINT('Ctrl Pts',(-2.45826960423737,-3.63720281723199,
3.09214297293701));
#11106=CARTESIAN_POINT('Ctrl Pts',(-2.49257455475761,-3.63900591874862,
3.06455699164125));
#11107=CARTESIAN_POINT('Ctrl Pts',(-2.56938779072857,-3.64313734098481,
3.00064528215259));
#11108=CARTESIAN_POINT('Ctrl Pts',(-2.61160041336122,-3.64547543500648,
2.96397854868474));
#11109=CARTESIAN_POINT('Ctrl Pts',(-2.81795516863299,-3.65718594768923,
2.77690300159197));
#11110=CARTESIAN_POINT('Ctrl Pts',(-2.96996670623134,-3.66667108272283,
2.61368893690222));
#11111=CARTESIAN_POINT('Ctrl Pts',(-3.14702616600677,-3.67842137793724,
2.38806249795549));
#11112=CARTESIAN_POINT('Ctrl Pts',(-3.18539885092342,-3.68102227615667,
2.33663232841598));
#11113=CARTESIAN_POINT('Ctrl Pts',(-3.26381608632642,-3.6864587103298,2.22600722430348));
#11114=CARTESIAN_POINT('Ctrl Pts',(-3.30354151042346,-3.68928624250065,
2.16661428807773));
#11115=CARTESIAN_POINT('Ctrl Pts',(-3.4221640205626,-3.69799473121967,1.978409094346));
#11116=CARTESIAN_POINT('Ctrl Pts',(-3.49529995990922,-3.70375177282775,
1.84612790339015));
#11117=CARTESIAN_POINT('Ctrl Pts',(-3.61146926663981,-3.7139908288614,1.60422971999625));
#11118=CARTESIAN_POINT('Ctrl Pts',(-3.65751853157094,-3.7184684230967,1.4962686343943));
#11119=CARTESIAN_POINT('Ctrl Pts',(-3.71233735272009,-3.72460858053685,
1.35002311887517));
#11120=CARTESIAN_POINT('Ctrl Pts',(-3.72544291166009,-3.72615160784191,
1.31342530889041));
#11121=CARTESIAN_POINT('Ctrl Pts',(-3.74752839176965,-3.72890074922643,
1.24875899390326));
#11122=CARTESIAN_POINT('Ctrl Pts',(-3.75673844070105,-3.7300979441223,1.22077200822855));
#11123=CARTESIAN_POINT('Ctrl Pts',(-3.77559106396841,-3.73266618001383,
1.16124910327925));
#11124=CARTESIAN_POINT('Ctrl Pts',(-3.78515349208289,-3.73404082057702,
1.12969035167112));
#11125=CARTESIAN_POINT('Ctrl Pts',(-3.83875444356914,-3.74221077104641,
0.944466233904819));
#11126=CARTESIAN_POINT('Ctrl Pts',(-3.87383546144234,-3.74939285453494,
0.788332482203813));
#11127=CARTESIAN_POINT('Ctrl Pts',(-3.93308902161961,-3.76621378521548,
0.42186344338889));
#11128=CARTESIAN_POINT('Ctrl Pts',(-3.95000000000001,-3.77587120686332,
0.211024002666312));
#11129=CARTESIAN_POINT('Ctrl Pts',(-3.95,-3.78513931663062,-1.69725344889571E-13));
#11130=CARTESIAN_POINT('',(-3.89452550523187,-3.81185015197486,-0.659674987473634));
#11131=CARTESIAN_POINT('Origin',(-0.799498676199484,-3.79235782817425,0.379789350147271));
#11132=CARTESIAN_POINT('',(-3.69558679275923,-3.84259134060379,-1.39468213483102));
#11133=CARTESIAN_POINT('Ctrl Pts',(-3.69558679275523,-3.84259134059997,
-1.3946821348297));
#11134=CARTESIAN_POINT('Ctrl Pts',(-3.71892398506361,-3.83965133193255,
-1.3328439442334));
#11135=CARTESIAN_POINT('Ctrl Pts',(-3.74070663439862,-3.83677238669649,
-1.27042643581013));
#11136=CARTESIAN_POINT('Ctrl Pts',(-3.76698575999906,-3.83314940792939,
-1.18857597744599));
#11137=CARTESIAN_POINT('Ctrl Pts',(-3.77291535522447,-3.83232073209258,
-1.16961716901772));
#11138=CARTESIAN_POINT('Ctrl Pts',(-3.7835080512508,-3.83082092867917,-1.13482997172789));
#11139=CARTESIAN_POINT('Ctrl Pts',(-3.78821544929897,-3.83014690524362,
-1.11901562388246));
#11140=CARTESIAN_POINT('Ctrl Pts',(-3.79970548192571,-3.82848381419457,
-1.07951165843613));
#11141=CARTESIAN_POINT('Ctrl Pts',(-3.80636595421789,-3.82750421737725,
-1.05578640810941));
#11142=CARTESIAN_POINT('Ctrl Pts',(-3.82094070128889,-3.82530023787818,
-1.00193945080949));
#11143=CARTESIAN_POINT('Ctrl Pts',(-3.82872406703846,-3.82408234985532,
-0.97177290453558));
#11144=CARTESIAN_POINT('Ctrl Pts',(-3.85902554675011,-3.81914929418664,
-0.848311499437011));
#11145=CARTESIAN_POINT('Ctrl Pts',(-3.87849711466672,-3.8155111895968,-0.754301852292201));
#11146=CARTESIAN_POINT('Ctrl Pts',(-3.89452550523188,-3.81185015197487,
-0.659674987473637));
#11147=CARTESIAN_POINT('',(-1.83664975010217,-3.95816847115432,-3.49702983908482));
#11148=CARTESIAN_POINT('Ctrl Pts',(-1.83664975010217,-3.95816847115432,
-3.49702983908482));
#11149=CARTESIAN_POINT('Ctrl Pts',(-2.01524248859121,-3.94875259617196,
-3.40323243854512));
#11150=CARTESIAN_POINT('Ctrl Pts',(-2.18638404298228,-3.93863855643067,
-3.29589434420208));
#11151=CARTESIAN_POINT('Ctrl Pts',(-2.45708849240603,-3.92224195452279,
-3.09571124803594));
#11152=CARTESIAN_POINT('Ctrl Pts',(-2.56141946359596,-3.91580205385787,
-3.00995827067122));
#11153=CARTESIAN_POINT('Ctrl Pts',(-2.7245112786176,-3.90576811799977,-2.86127349415644));
#11154=CARTESIAN_POINT('Ctrl Pts',(-2.78596358686936,-3.90199374077886,
-2.8014740141639));
#11155=CARTESIAN_POINT('Ctrl Pts',(-2.86802264402817,-3.89698158788495,
-2.71624878445155));
#11156=CARTESIAN_POINT('Ctrl Pts',(-2.89032825895864,-3.8956219860139,-2.69250144179848));
#11157=CARTESIAN_POINT('Ctrl Pts',(-2.92784060568103,-3.89334040609546,
-2.65156104387676));
#11158=CARTESIAN_POINT('Ctrl Pts',(-2.94319556566353,-3.89240792908231,
-2.63450687658522));
#11159=CARTESIAN_POINT('Ctrl Pts',(-2.97392152495228,-3.89054472878444,
-2.5997767956181));
#11160=CARTESIAN_POINT('Ctrl Pts',(-2.98928562514479,-3.88961448117018,
-2.58209607009395));
#11161=CARTESIAN_POINT('Ctrl Pts',(-3.0272130444842,-3.88732112567507,-2.53765761171081));
#11162=CARTESIAN_POINT('Ctrl Pts',(-3.04957991747288,-3.88597143347152,
-2.51073443956685));
#11163=CARTESIAN_POINT('Ctrl Pts',(-3.13786998408075,-3.88065025591303,
-2.40153824015341));
#11164=CARTESIAN_POINT('Ctrl Pts',(-3.20084741222801,-3.87687288011512,
-2.31693602452001));
#11165=CARTESIAN_POINT('Ctrl Pts',(-3.43828185485616,-3.86246471672929,
-1.96978094031302));
#11166=CARTESIAN_POINT('Ctrl Pts',(-3.58436093090007,-3.8534210930106,-1.68940507980745));
#11167=CARTESIAN_POINT('Ctrl Pts',(-3.69558679275538,-3.84259134060928,
-1.39468213482929));
#11168=CARTESIAN_POINT('',(-1.02887632338954,-3.99321974592212,-3.81364832033257));
#11169=CARTESIAN_POINT('Ctrl Pts',(-1.02887632338927,-3.99321974592131,
-3.81364832033173));
#11170=CARTESIAN_POINT('Ctrl Pts',(-1.12158711652981,-3.98910565704327,
-3.78863606645493));
#11171=CARTESIAN_POINT('Ctrl Pts',(-1.213356556444,-3.98500414032478,-3.76025096980996));
#11172=CARTESIAN_POINT('Ctrl Pts',(-1.35012849528306,-3.97891849413856,
-3.71241713699219));
#11173=CARTESIAN_POINT('Ctrl Pts',(-1.395953134859,-3.97688448539371,-3.69543001287155));
#11174=CARTESIAN_POINT('Ctrl Pts',(-1.47025962291721,-3.97360666598942,
-3.66630523038638));
#11175=CARTESIAN_POINT('Ctrl Pts',(-1.49893568656726,-3.97234395133565,
-3.65467491953518));
#11176=CARTESIAN_POINT('Ctrl Pts',(-1.54298566470811,-3.97042565571881,
-3.63620386189195));
#11177=CARTESIAN_POINT('Ctrl Pts',(-1.55846590978756,-3.9697566304188,-3.62959602608809));
#11178=CARTESIAN_POINT('Ctrl Pts',(-1.59254087322489,-3.96829406286702,
-3.61479272808142));
#11179=CARTESIAN_POINT('Ctrl Pts',(-1.6111156265755,-3.9675034729196,-3.60655228242541));
#11180=CARTESIAN_POINT('Ctrl Pts',(-1.65776040812791,-3.96553257996111,
-3.5854266578862));
#11181=CARTESIAN_POINT('Ctrl Pts',(-1.68574476538471,-3.96436342179917,
-3.57235476406824));
#11182=CARTESIAN_POINT('Ctrl Pts',(-1.75495477383433,-3.96149669333424,
-3.53903138281596));
#11183=CARTESIAN_POINT('Ctrl Pts',(-1.79598647205103,-3.95981927685814,
-3.5183863052597));
#11184=CARTESIAN_POINT('Ctrl Pts',(-1.83664975010217,-3.95816847115432,
-3.49702983908482));
#11185=CARTESIAN_POINT('Ctrl Pts',(-6.0344600993528E-5,-4.03514779182815,
-3.94844030481204));
#11186=CARTESIAN_POINT('Ctrl Pts',(-0.12918844802784,-4.02988205969185,
-3.94825854576935));
#11187=CARTESIAN_POINT('Ctrl Pts',(-0.258744516958284,-4.02463369396304,
-3.94190255504731));
#11188=CARTESIAN_POINT('Ctrl Pts',(-0.387988956696176,-4.01939529558919,
-3.9292854276875));
#11189=CARTESIAN_POINT('Ctrl Pts',(-0.518979623776174,-4.0140861209832,
-3.91649782976185));
#11190=CARTESIAN_POINT('Ctrl Pts',(-0.649649413491061,-4.00878718490418,
-3.89727855945263));
#11191=CARTESIAN_POINT('Ctrl Pts',(-0.779209236776441,-4.00349077790972,
-3.87158708554332));
#11192=CARTESIAN_POINT('Ctrl Pts',(-0.862967519323884,-4.00006673840211,
-3.85497797265486));
#11193=CARTESIAN_POINT('Ctrl Pts',(-0.946261539364875,-3.99664375573714,
-3.83566488556244));
#11194=CARTESIAN_POINT('Ctrl Pts',(-1.02887632338954,-3.99321974592212,
-3.81364832033257));
#11195=CARTESIAN_POINT('Ctrl Pts',(1.41571725894882E-8,-4.13906106871107,
-3.95));
#11196=CARTESIAN_POINT('Ctrl Pts',(-0.0267380865453797,-4.13793237187505,
-3.95000000009583));
#11197=CARTESIAN_POINT('Ctrl Pts',(-0.0534792588387715,-4.13680565804358,
-3.9497285093539));
#11198=CARTESIAN_POINT('Ctrl Pts',(-0.160732163898784,-4.13229688656916,
-3.94754989274395));
#11199=CARTESIAN_POINT('Ctrl Pts',(-0.241177322545131,-4.12893882016831,
-3.94345266586187));
#11200=CARTESIAN_POINT('Ctrl Pts',(-0.395458330708685,-4.1225564741382,
-3.93085583436644));
#11201=CARTESIAN_POINT('Ctrl Pts',(-0.469290328343434,-4.11952775563717,
-3.92272633351817));
#11202=CARTESIAN_POINT('Ctrl Pts',(-0.614561394483486,-4.11361629338063,
-3.90257039761375));
#11203=CARTESIAN_POINT('Ctrl Pts',(-0.685986046277523,-4.11073290235239,
-3.89065096561227));
#11204=CARTESIAN_POINT('Ctrl Pts',(-0.8927438214157,-4.10243313422107,-3.85027597417862));
#11205=CARTESIAN_POINT('Ctrl Pts',(-1.02696093992969,-4.09710870709562,
-3.81666992940063));
#11206=CARTESIAN_POINT('Ctrl Pts',(-1.31476643780644,-4.08560493244817,
-3.72832273424917));
#11207=CARTESIAN_POINT('Ctrl Pts',(-1.46728539988176,-4.07945408213242,
-3.67097705956085));
#11208=CARTESIAN_POINT('Ctrl Pts',(-1.66871888384971,-4.07087163236272,
-3.58067549656015));
#11209=CARTESIAN_POINT('Ctrl Pts',(-1.721081077732,-4.06859557271976,-3.55580361873979));
#11210=CARTESIAN_POINT('Ctrl Pts',(-1.80515942984583,-4.06484144088543,
-3.51357433144829));
#11211=CARTESIAN_POINT('Ctrl Pts',(-1.83721682004605,-4.06338565919768,
-3.49691858908075));
#11212=CARTESIAN_POINT('Ctrl Pts',(-1.91979419523802,-4.05956402004538,
-3.45256553097829));
#11213=CARTESIAN_POINT('Ctrl Pts',(-1.96994019575276,-4.05717778234295,
-3.42420119665836));
#11214=CARTESIAN_POINT('Ctrl Pts',(-2.1930163353633,-4.04631756186578,-3.29149915798774));
#11215=CARTESIAN_POINT('Ctrl Pts',(-2.35841120883335,-4.0376106079203,-3.17508820258914));
#11216=CARTESIAN_POINT('Ctrl Pts',(-2.60288221233217,-4.02420497796071,
-2.9733366805153));
#11217=CARTESIAN_POINT('Ctrl Pts',(-2.68834776107322,-4.0193957972987,-2.89629324928506));
#11218=CARTESIAN_POINT('Ctrl Pts',(-2.81286327050265,-4.0122239200825,-2.77378087217231));
#11219=CARTESIAN_POINT('Ctrl Pts',(-2.85444163852888,-4.00979795950287,
-2.73097478424464));
#11220=CARTESIAN_POINT('Ctrl Pts',(-2.94134927988326,-4.00465646692079,
-2.63734695936592));
#11221=CARTESIAN_POINT('Ctrl Pts',(-2.98636657650572,-4.00194926592782,
-2.58626169918222));
#11222=CARTESIAN_POINT('Ctrl Pts',(-3.11802900833961,-3.99387737355245,
-2.42882808079782));
#11223=CARTESIAN_POINT('Ctrl Pts',(-3.20047842554813,-3.98861299461684,
-2.31910548918536));
#11224=CARTESIAN_POINT('Ctrl Pts',(-3.37620122223521,-3.97664890458512,
-2.05798475563961));
#11225=CARTESIAN_POINT('Ctrl Pts',(-3.46529647769822,-3.97000135754784,
-1.90414109410309));
#11226=CARTESIAN_POINT('Ctrl Pts',(-3.56922139491185,-3.96089602416947,
-1.69307032862115));
#11227=CARTESIAN_POINT('Ctrl Pts',(-3.59356858973563,-3.95863934838279,
-1.64075988801851));
#11228=CARTESIAN_POINT('Ctrl Pts',(-3.63080216579275,-3.95495519989766,
-1.55595488311387));
#11229=CARTESIAN_POINT('Ctrl Pts',(-3.64441850000272,-3.95355164067503,
-1.52378927833948));
#11230=CARTESIAN_POINT('Ctrl Pts',(-3.67570949373703,-3.95018266790041,
-1.44705160832025));
#11231=CARTESIAN_POINT('Ctrl Pts',(-3.69300216356356,-3.94820511916782,
-1.4023314403123));
#11232=CARTESIAN_POINT('Ctrl Pts',(-3.73048646699425,-3.94365916862458,
-1.29988817148094));
#11233=CARTESIAN_POINT('Ctrl Pts',(-3.75016036649415,-3.94107867375873,
-1.24198853307096));
#11234=CARTESIAN_POINT('Ctrl Pts',(-3.82054907423515,-3.93109889302059,
-1.01788758465104));
#11235=CARTESIAN_POINT('Ctrl Pts',(-3.86162184297637,-3.92360058322287,
-0.848863118422199));
#11236=CARTESIAN_POINT('Ctrl Pts',(-3.91058625396931,-3.91150301012539,
-0.567696043486776));
#11237=CARTESIAN_POINT('Ctrl Pts',(-3.92506889848312,-3.90682790746466,
-0.456945491325148));
#11238=CARTESIAN_POINT('Ctrl Pts',(-3.94051442961581,-3.89957269606165,
-0.281154466280647));
#11239=CARTESIAN_POINT('Ctrl Pts',(-3.94459770786384,-3.89693682107915,
-0.216451005061433));
#11240=CARTESIAN_POINT('Ctrl Pts',(-3.94968180971847,-3.89161353961905,
-0.0841458846919089));
#11241=CARTESIAN_POINT('Ctrl Pts',(-3.95054338319014,-3.8889296239755,-0.0165601588650998));
#11242=CARTESIAN_POINT('Ctrl Pts',(-3.94773491691516,-3.88038850160652,
0.200873142031192));
#11243=CARTESIAN_POINT('Ctrl Pts',(-3.93727208027256,-3.87465998691812,
0.350501809815805));
#11244=CARTESIAN_POINT('Ctrl Pts',(-3.89380746143625,-3.86161834994389,
0.691681202246048));
#11245=CARTESIAN_POINT('Ctrl Pts',(-3.85513136944635,-3.85435867527889,
0.88210867652298));
#11246=CARTESIAN_POINT('Ctrl Pts',(-3.79169238330791,-3.84515550806431,
1.10779044862266));
#11247=CARTESIAN_POINT('Ctrl Pts',(-3.78016825872135,-3.84355495424184,
1.14649852830095));
#11248=CARTESIAN_POINT('Ctrl Pts',(-3.75606156995577,-3.8403251998537,1.22315126485184));
#11249=CARTESIAN_POINT('Ctrl Pts',(-3.74349277259243,-3.83869815045874,
1.26109447633153));
#11250=CARTESIAN_POINT('Ctrl Pts',(-3.69937593449903,-3.83318325307329,
1.38780085640455));
#11251=CARTESIAN_POINT('Ctrl Pts',(-3.66522955479177,-3.82922586012235,
1.47562359042909));
#11252=CARTESIAN_POINT('Ctrl Pts',(-3.55103620890478,-3.81699985553728,
1.74083099570461));
#11253=CARTESIAN_POINT('Ctrl Pts',(-3.46099520832287,-3.80866366931265,
1.91360040640292));
#11254=CARTESIAN_POINT('Ctrl Pts',(-3.31087844404357,-3.79673894303786,
2.15610784753736));
#11255=CARTESIAN_POINT('Ctrl Pts',(-3.26052688322699,-3.79299238441767,
2.23152017741082));
#11256=CARTESIAN_POINT('Ctrl Pts',(-3.16804859525758,-3.78653548977192,
2.36020486392668));
#11257=CARTESIAN_POINT('Ctrl Pts',(-3.12706088145069,-3.78380268085378,
2.41424718503621));
#11258=CARTESIAN_POINT('Ctrl Pts',(-3.02900215653575,-3.77754402542956,
2.53684804580352));
#11259=CARTESIAN_POINT('Ctrl Pts',(-2.97095984581161,-3.77404172115351,
2.60458255577986));
#11260=CARTESIAN_POINT('Ctrl Pts',(-2.83420863311748,-3.76618487919081,
2.75364398435934));
#11261=CARTESIAN_POINT('Ctrl Pts',(-2.75419828466151,-3.76185841505569,
2.83367008183989));
#11262=CARTESIAN_POINT('Ctrl Pts',(-2.55157104975316,-3.75136228665644,
3.01963614094361));
#11263=CARTESIAN_POINT('Ctrl Pts',(-2.42566355063377,-3.74521643942039,
3.1216774891513));
#11264=CARTESIAN_POINT('Ctrl Pts',(-2.25832576793337,-3.73712280395641,
3.24104447967624));
#11265=CARTESIAN_POINT('Ctrl Pts',(-2.22238003853846,-3.7353878776066,3.26579720800784));
#11266=CARTESIAN_POINT('Ctrl Pts',(-2.14947846655273,-3.7318618260991,3.31423723512897));
#11267=CARTESIAN_POINT('Ctrl Pts',(-2.11252287277011,-3.73007046051293,
3.33791448317525));
#11268=CARTESIAN_POINT('Ctrl Pts',(-1.95832678471815,-3.7226021447227,3.43312055942144));
#11269=CARTESIAN_POINT('Ctrl Pts',(-1.83779135813115,-3.71678264185086,
3.49912589173056));
#11270=CARTESIAN_POINT('Ctrl Pts',(-1.54964466441168,-3.70321630816946,
3.63791254715178));
#11271=CARTESIAN_POINT('Ctrl Pts',(-1.37992610396192,-3.69549023683559,
3.70561934316817));
#11272=CARTESIAN_POINT('Ctrl Pts',(-1.13569732812306,-3.68491900755632,
3.78393479110387));
#11273=CARTESIAN_POINT('Ctrl Pts',(-1.06464258539501,-3.68190340240663,
3.80453775158248));
#11274=CARTESIAN_POINT('Ctrl Pts',(-0.922743881722004,-3.67599590751421,
3.84139559876756));
#11275=CARTESIAN_POINT('Ctrl Pts',(-0.85194653112167,-3.67310389036902,
3.8577148552823));
#11276=CARTESIAN_POINT('Ctrl Pts',(-0.61065459372165,-3.66340946499817,
3.90636729790766));
#11277=CARTESIAN_POINT('Ctrl Pts',(-0.438495700086071,-3.65677576212259,
3.92941829437042));
#11278=CARTESIAN_POINT('Ctrl Pts',(-0.110234891681936,-3.64423423692477,
3.95152197272692));
#11279=CARTESIAN_POINT('Ctrl Pts',(0.0453821830826466,-3.63832985185853,
3.9527983984106));
#11280=CARTESIAN_POINT('Ctrl Pts',(0.244807883590714,-3.63047569387013,
3.94265429070735));
#11281=CARTESIAN_POINT('Ctrl Pts',(0.288910546369811,-3.62872010754741,
3.9396680455127));
#11282=CARTESIAN_POINT('Ctrl Pts',(0.371602394292622,-3.62537986083424,
3.9326728990236));
#11283=CARTESIAN_POINT('Ctrl Pts',(0.410199311568009,-3.62379911325842,
3.92883452260789));
#11284=CARTESIAN_POINT('Ctrl Pts',(0.544850236538233,-3.61822105189262,
3.91343809505241));
#11285=CARTESIAN_POINT('Ctrl Pts',(0.64053005634162,-3.61414737590424,3.89892034053824));
#11286=CARTESIAN_POINT('Ctrl Pts',(0.9269043685388,-3.60177750337583,3.84464163247472));
#11287=CARTESIAN_POINT('Ctrl Pts',(1.11529468682578,-3.59341770749399,3.79427762261284));
#11288=CARTESIAN_POINT('Ctrl Pts',(1.38144853553131,-3.58162657772441,3.70157870674742));
#11289=CARTESIAN_POINT('Ctrl Pts',(1.46272627158265,-3.57802500078732,3.67022036371211));
#11290=CARTESIAN_POINT('Ctrl Pts',(1.60182983682639,-3.57186519716034,3.61119630484699));
#11291=CARTESIAN_POINT('Ctrl Pts',(1.66014122436938,-3.56928411211734,3.58476344873151));
#11292=CARTESIAN_POINT('Ctrl Pts',(1.78943506006972,-3.56355726750447,3.52232212486535));
#11293=CARTESIAN_POINT('Ctrl Pts',(1.86002382677634,-3.56042824103239,3.4855620560758));
#11294=CARTESIAN_POINT('Ctrl Pts',(2.01137050746392,-3.55368642777979,3.40083835117137));
#11295=CARTESIAN_POINT('Ctrl Pts',(2.09162569034513,-3.55009031374741,3.35207626734037));
#11296=CARTESIAN_POINT('Ctrl Pts',(2.3168736790935,-3.53983525676564,3.20397643826171));
#11297=CARTESIAN_POINT('Ctrl Pts',(2.45707160726451,-3.53325875871286,3.09776778242029));
#11298=CARTESIAN_POINT('Ctrl Pts',(2.63652414984772,-3.52408539031457,2.94195188095136));
#11299=CARTESIAN_POINT('Ctrl Pts',(2.68235419444296,-3.52166780595782,2.90022690480362));
#11300=CARTESIAN_POINT('Ctrl Pts',(2.7527209494962,-3.51780525401294,2.83306789266282));
#11301=CARTESIAN_POINT('Ctrl Pts',(2.77793125779695,-3.51638933294865,2.80835258671802));
#11302=CARTESIAN_POINT('Ctrl Pts',(2.83495991827818,-3.51310460146741,2.75092428132741));
#11303=CARTESIAN_POINT('Ctrl Pts',(2.86654859317066,-3.51122640785498,2.7179921143767));
#11304=CARTESIAN_POINT('Ctrl Pts',(2.93617080327225,-3.50696651304767,2.64284482638832));
#11305=CARTESIAN_POINT('Ctrl Pts',(2.97387839456064,-3.50457476732203,2.60034129335899));
#11306=CARTESIAN_POINT('Ctrl Pts',(3.10412426706907,-3.49604487383187,2.44698998290855));
#11307=CARTESIAN_POINT('Ctrl Pts',(3.19148844086449,-3.48982650325661,2.33189815874912));
#11308=CARTESIAN_POINT('Ctrl Pts',(3.34801600015504,-3.47790420143773,2.10036628156767));
#11309=CARTESIAN_POINT('Ctrl Pts',(3.41788770813597,-3.47220051155375,1.98463990165157));
#11310=CARTESIAN_POINT('Ctrl Pts',(3.51382587683042,-3.46380772069244,1.80559026422664));
#11311=CARTESIAN_POINT('Ctrl Pts',(3.5444033135088,-3.461028064214,1.74480199541078));
#11312=CARTESIAN_POINT('Ctrl Pts',(3.60089772192176,-3.45567539491453,1.62486940630483));
#11313=CARTESIAN_POINT('Ctrl Pts',(3.62696486063527,-3.4530998901325,1.56581965374171));
#11314=CARTESIAN_POINT('Ctrl Pts',(3.69323535463163,-3.44623892094652,1.40515136004262));
#11315=CARTESIAN_POINT('Ctrl Pts',(3.73068869222454,-3.44200972450059,1.30245947184341));
#11316=CARTESIAN_POINT('Ctrl Pts',(3.81741531418017,-3.43107351430777,1.03006289272713));
#11317=CARTESIAN_POINT('Ctrl Pts',(3.85964645866789,-3.42446620605769,0.858380649252875));
#11318=CARTESIAN_POINT('Ctrl Pts',(3.90361411075655,-3.4147696712971,0.608479375518613));
#11319=CARTESIAN_POINT('Ctrl Pts',(3.91475191248568,-3.41179491228319,0.532134574039286));
#11320=CARTESIAN_POINT('Ctrl Pts',(3.92813751820087,-3.40722882767493,0.416835546633369));
#11321=CARTESIAN_POINT('Ctrl Pts',(3.93205590279167,-3.40568220588094,0.378090940363508));
#11322=CARTESIAN_POINT('Ctrl Pts',(3.9389489995346,-3.40245129014199,0.298139367078064));
#11323=CARTESIAN_POINT('Ctrl Pts',(3.94185134306217,-3.40076662288169,0.256932219763513));
#11324=CARTESIAN_POINT('Ctrl Pts',(3.95027707025202,-3.39441207231657,0.10285793359281));
#11325=CARTESIAN_POINT('Ctrl Pts',(3.95160268608408,-3.38964050028523,-0.0101824221299214));
#11326=CARTESIAN_POINT('Ctrl Pts',(3.94090518463896,-3.37506532092862,-0.353216385478141));
#11327=CARTESIAN_POINT('Ctrl Pts',(3.91362764711305,-3.36523878304571,-0.58225747947619));
#11328=CARTESIAN_POINT('Ctrl Pts',(3.85199151368172,-3.35283307801969,-0.877345297600858));
#11329=CARTESIAN_POINT('Ctrl Pts',(3.83554472752763,-3.34993389192215,-0.946662777273931));
#11330=CARTESIAN_POINT('Ctrl Pts',(3.79832471130229,-3.34410825302224,-1.08657177566699));
#11331=CARTESIAN_POINT('Ctrl Pts',(3.77743566436891,-3.34118515764849,-1.15710372456239));
#11332=CARTESIAN_POINT('Ctrl Pts',(3.74173038110365,-3.33666582937808,-1.26635986292171));
#11333=CARTESIAN_POINT('Ctrl Pts',(3.72825376571862,-3.33504836030581,-1.30550276335906));
#11334=CARTESIAN_POINT('Ctrl Pts',(3.6767612401586,-3.32916774444342,-1.44775794325121));
#11335=CARTESIAN_POINT('Ctrl Pts',(3.63506199120645,-3.32495994493188,-1.54948415679772));
#11336=CARTESIAN_POINT('Ctrl Pts',(3.51865179655673,-3.31431721450698,-1.80280762346793));
#11337=CARTESIAN_POINT('Ctrl Pts',(3.43836050890948,-3.30791563285148,-1.95158888153702));
#11338=CARTESIAN_POINT('Ctrl Pts',(3.32578226267079,-3.29955437357467,-2.13156180635878));
#11339=CARTESIAN_POINT('Ctrl Pts',(3.30216286204559,-3.29782863110367,-2.16797225323751));
#11340=CARTESIAN_POINT('Ctrl Pts',(3.25332000251067,-3.29430133553824,-2.24061538514756));
#11341=CARTESIAN_POINT('Ctrl Pts',(3.22807931595845,-3.29249915354052,-2.2768294022392));
#11342=CARTESIAN_POINT('Ctrl Pts',(3.12247005122219,-3.2850631777094,-2.42306488887243));
#11343=CARTESIAN_POINT('Ctrl Pts',(3.03704280301759,-3.27929025738786,-2.52931457763898));
#11344=CARTESIAN_POINT('Ctrl Pts',(2.82432997646262,-3.26574389039374,-2.76752475911));
#11345=CARTESIAN_POINT('Ctrl Pts',(2.69300572101813,-3.25799108424899,-2.89547195208919));
#11346=CARTESIAN_POINT('Ctrl Pts',(2.49687557594252,-3.2473968148565,-3.06162968236304));
#11347=CARTESIAN_POINT('Ctrl Pts',(2.43914472050416,-3.24438329607682,-3.10781875256394));
#11348=CARTESIAN_POINT('Ctrl Pts',(2.32214803167637,-3.23847637397202,-3.19615561855942));
#11349=CARTESIAN_POINT('Ctrl Pts',(2.2629469602841,-3.23558292739304,-3.23834118857015));
#11350=CARTESIAN_POINT('Ctrl Pts',(2.05968746006572,-3.22593964836335,-3.3748828350561));
#11351=CARTESIAN_POINT('Ctrl Pts',(1.91063502644568,-3.21935511150937,-3.46144803109102));
#11352=CARTESIAN_POINT('Ctrl Pts',(1.61583938848563,-3.20680870354279,-3.60779597645333));
#11353=CARTESIAN_POINT('Ctrl Pts',(1.47124283614376,-3.20085106661917,-3.66913753647487));
#11354=CARTESIAN_POINT('Ctrl Pts',(1.28185300571815,-3.1929437647792,-3.73648176765302));
#11355=CARTESIAN_POINT('Ctrl Pts',(1.24007611378793,-3.19119272394039,-3.75055385482391));
#11356=CARTESIAN_POINT('Ctrl Pts',(1.16103968629416,-3.18785385187246,-3.77571149458222));
#11357=CARTESIAN_POINT('Ctrl Pts',(1.12383630730189,-3.18626973773126,-3.78695155836444));
#11358=CARTESIAN_POINT('Ctrl Pts',(0.992431244100482,-3.18064366963179,
-3.82454549671678));
#11359=CARTESIAN_POINT('Ctrl Pts',(0.897423099727526,-3.17652354412992,
-3.84794735676632));
#11360=CARTESIAN_POINT('Ctrl Pts',(0.610705117057817,-3.16409423960841,
-3.90737306978974));
#11361=CARTESIAN_POINT('Ctrl Pts',(0.417087380830524,-3.15572436857454,
-3.93275567269704));
#11362=CARTESIAN_POINT('Ctrl Pts',(0.148329960605319,-3.144467092588,-3.94791083977769));
#11363=CARTESIAN_POINT('Ctrl Pts',(0.0741719295240599,-3.14139569098728,
-3.94999999996807));
#11364=CARTESIAN_POINT('Ctrl Pts',(1.7007226587462E-9,-3.13836086535452,
-3.95));
#11365=CARTESIAN_POINT('Origin',(0.,-5.,0.));
#11366=CARTESIAN_POINT('',(-1.0087284167772E-8,-2.03158858743918,-3.95));
#11367=CARTESIAN_POINT('',(2.82124540229489E-5,-2.13588606568755,-3.94896905715543));
#11368=CARTESIAN_POINT('',(-4.83735485663205E-16,-5.,-3.95));
#11369=CARTESIAN_POINT('Ctrl Pts',(-1.01052219746651E-8,-2.03158858786422,
-3.95));
#11370=CARTESIAN_POINT('Ctrl Pts',(0.0628607391996112,-2.03424199930854,
-3.95000000016082));
#11371=CARTESIAN_POINT('Ctrl Pts',(0.125720291257049,-2.0368833919107,-3.948499440395));
#11372=CARTESIAN_POINT('Ctrl Pts',(0.230611503272703,-2.04126302648727,
-3.94348749994907));
#11373=CARTESIAN_POINT('Ctrl Pts',(0.272663619628174,-2.04301141333151,
-3.94080321070858));
#11374=CARTESIAN_POINT('Ctrl Pts',(0.388949641510476,-2.04782372693078,
-3.93151009217342));
#11375=CARTESIAN_POINT('Ctrl Pts',(0.463052465282376,-2.05086457755994,
-3.9234724753765));
#11376=CARTESIAN_POINT('Ctrl Pts',(0.607998116877825,-2.05676434338557,
-3.9035868820815));
#11377=CARTESIAN_POINT('Ctrl Pts',(0.678833125839719,-2.05962475833521,
-3.89189391058735));
#11378=CARTESIAN_POINT('Ctrl Pts',(0.967385808994063,-2.07121057555592,
-3.83614341906382));
#11379=CARTESIAN_POINT('Ctrl Pts',(1.18151512625011,-2.07961863627866,-3.775692691371));
#11380=CARTESIAN_POINT('Ctrl Pts',(1.49904400951268,-2.09256901855844,-3.65637504897701));
#11381=CARTESIAN_POINT('Ctrl Pts',(1.60676795972225,-2.09706088939369,-3.61033331746755));
#11382=CARTESIAN_POINT('Ctrl Pts',(1.74984825306638,-2.103324363752,-3.54150655362838));
#11383=CARTESIAN_POINT('Ctrl Pts',(1.78712335128115,-2.10498471986582,-3.522843678139));
#11384=CARTESIAN_POINT('Ctrl Pts',(1.85998997720429,-2.10829920692719,-3.48490673442086));
#11385=CARTESIAN_POINT('Ctrl Pts',(1.89559353914661,-2.10995346998947,-3.46566912168125));
#11386=CARTESIAN_POINT('Ctrl Pts',(2.01647655628265,-2.11567237248342,-3.39793269477252));
#11387=CARTESIAN_POINT('Ctrl Pts',(2.10024165834962,-2.11981184580573,-3.34680569691286));
#11388=CARTESIAN_POINT('Ctrl Pts',(2.31245034353784,-2.13062902341046,-3.20617510833603));
#11389=CARTESIAN_POINT('Ctrl Pts',(2.43763734940389,-2.13733600261564,-3.11205896012009));
#11390=CARTESIAN_POINT('Ctrl Pts',(2.63592902953664,-2.14830191190941,-2.94365847004944));
#11391=CARTESIAN_POINT('Ctrl Pts',(2.71227595527539,-2.15262104207942,-2.87346607360627));
#11392=CARTESIAN_POINT('Ctrl Pts',(2.83186595425608,-2.15953244638207,-2.75449848690254));
#11393=CARTESIAN_POINT('Ctrl Pts',(2.87681861289449,-2.16216746592512,-2.70751577473886));
#11394=CARTESIAN_POINT('Ctrl Pts',(2.96895797059774,-2.16765289559299,-2.60632865899319));
#11395=CARTESIAN_POINT('Ctrl Pts',(3.01586674234547,-2.17049577959871,-2.55190295406037));
#11396=CARTESIAN_POINT('Ctrl Pts',(3.15154437640639,-2.17889703187996,-2.38551371410935));
#11397=CARTESIAN_POINT('Ctrl Pts',(3.23575170498918,-2.18435046875038,-2.26998240732836));
#11398=CARTESIAN_POINT('Ctrl Pts',(3.3837619523431,-2.19466017307467,-2.04188838870613));
#11399=CARTESIAN_POINT('Ctrl Pts',(3.44865924952172,-2.19951844335018,-1.93025949258376));
#11400=CARTESIAN_POINT('Ctrl Pts',(3.54239685952524,-2.20733886483222,-1.74915183795942));
#11401=CARTESIAN_POINT('Ctrl Pts',(3.57491924947288,-2.21024029784319,-1.68168352666203));
#11402=CARTESIAN_POINT('Ctrl Pts',(3.62051377042427,-2.21465524181024,-1.57978816154149));
#11403=CARTESIAN_POINT('Ctrl Pts',(3.63505494813802,-2.21612300203231,-1.54603558349888));
#11404=CARTESIAN_POINT('Ctrl Pts',(3.66495266731168,-2.21928098335534,-1.47388328999092));
#11405=CARTESIAN_POINT('Ctrl Pts',(3.68018153868969,-2.22097539857093,-1.43543504881588));
#11406=CARTESIAN_POINT('Ctrl Pts',(3.74007913394527,-2.22798609557114,-1.27698934976727));
#11407=CARTESIAN_POINT('Ctrl Pts',(3.77950341455314,-2.23344163564578,-1.15509568372373));
#11408=CARTESIAN_POINT('Ctrl Pts',(3.85001398391076,-2.24499357085874,-0.894455186112705));
#11409=CARTESIAN_POINT('Ctrl Pts',(3.8796747878998,-2.25108492928987,-0.755501626855124));
#11410=CARTESIAN_POINT('Ctrl Pts',(3.91726923893569,-2.26126981785943,-0.517085885713178));
#11411=CARTESIAN_POINT('Ctrl Pts',(3.9290386332447,-2.26541228880538,-0.418368901141915));
#11412=CARTESIAN_POINT('Ctrl Pts',(3.94221326455252,-2.27209425962763,-0.255926745003405));
#11413=CARTESIAN_POINT('Ctrl Pts',(3.94582260275057,-2.27467318753105,-0.192427135349908));
#11414=CARTESIAN_POINT('Ctrl Pts',(3.9501838809281,-2.28003471901156,-0.0588172975698971));
#11415=CARTESIAN_POINT('Ctrl Pts',(3.95060568185175,-2.28281019803523,0.0112817908505333));
#11416=CARTESIAN_POINT('Ctrl Pts',(3.94518921715768,-2.29310841222235,0.274205196507391));
#11417=CARTESIAN_POINT('Ctrl Pts',(3.92709602360074,-2.30039603840612,0.466503379022241));
#11418=CARTESIAN_POINT('Ctrl Pts',(3.87330189710568,-2.31264697760476,0.785560851844112));
#11419=CARTESIAN_POINT('Ctrl Pts',(3.84519849481519,-2.3175999924122,0.913247020381854));
#11420=CARTESIAN_POINT('Ctrl Pts',(3.79904356741076,-2.32445396989751,1.08248389652276));
#11421=CARTESIAN_POINT('Ctrl Pts',(3.78653348503127,-2.32621969602626,1.12546321957868));
#11422=CARTESIAN_POINT('Ctrl Pts',(3.76220102226266,-2.32951412411309,1.20405600111196));
#11423=CARTESIAN_POINT('Ctrl Pts',(3.75059606891968,-2.33103502993683,1.23973239547183));
#11424=CARTESIAN_POINT('Ctrl Pts',(3.72010488453189,-2.33490126342799,1.3291203274001));
#11425=CARTESIAN_POINT('Ctrl Pts',(3.70056239136382,-2.33726533399102,1.38259861600564));
#11426=CARTESIAN_POINT('Ctrl Pts',(3.61508054134496,-2.34711810410331,1.60170881925891));
#11427=CARTESIAN_POINT('Ctrl Pts',(3.53912195335755,-2.35476612209359,1.76320576466403));
#11428=CARTESIAN_POINT('Ctrl Pts',(3.4085780126941,-2.36613596976515,1.99806781238922));
#11429=CARTESIAN_POINT('Ctrl Pts',(3.36193814568813,-2.36993515872,2.07558462703773));
#11430=CARTESIAN_POINT('Ctrl Pts',(3.26963857703647,-2.37696723447674,2.21770323129611));
#11431=CARTESIAN_POINT('Ctrl Pts',(3.22461978955867,-2.38020964564369,2.2826676859802));
#11432=CARTESIAN_POINT('Ctrl Pts',(3.13687207276178,-2.38619543175292,2.40151076287853));
#11433=CARTESIAN_POINT('Ctrl Pts',(3.09462678461964,-2.38894777863252,2.45570880626771));
#11434=CARTESIAN_POINT('Ctrl Pts',(2.98140137736147,-2.39601365921716,2.59340507356549));
#11435=CARTESIAN_POINT('Ctrl Pts',(2.90832237683629,-2.40027778664559,2.67510111838142));
#11436=CARTESIAN_POINT('Ctrl Pts',(2.70959299825058,-2.41125517201404,2.87948024233305));
#11437=CARTESIAN_POINT('Ctrl Pts',(2.57899871103464,-2.41787810493661,2.9970093548981));
#11438=CARTESIAN_POINT('Ctrl Pts',(2.38086828902941,-2.42759400344801,3.1527481171567));
#11439=CARTESIAN_POINT('Ctrl Pts',(2.31935299205398,-2.43057104735545,3.19827385783209));
#11440=CARTESIAN_POINT('Ctrl Pts',(2.22433915540842,-2.43516373756953,3.264407464314));
#11441=CARTESIAN_POINT('Ctrl Pts',(2.19179020795749,-2.43673659395987,3.28635002249145));
#11442=CARTESIAN_POINT('Ctrl Pts',(2.11489844610615,-2.4404602157761,3.33653530844625));
#11443=CARTESIAN_POINT('Ctrl Pts',(2.07030942930181,-2.44262301968904,3.36438433421536));
#11444=CARTESIAN_POINT('Ctrl Pts',(1.99448849507366,-2.44629156309257,3.40966177640208));
#11445=CARTESIAN_POINT('Ctrl Pts',(1.9635509889414,-2.44778597689476,3.4275713344765));
#11446=CARTESIAN_POINT('Ctrl Pts',(1.8249088840736,-2.45446083310115,3.50533737142893));
#11447=CARTESIAN_POINT('Ctrl Pts',(1.7146817298636,-2.45970592999503,3.56055456926686));
#11448=CARTESIAN_POINT('Ctrl Pts',(1.47985344793537,-2.47058927138459,3.66475197900083));
#11449=CARTESIAN_POINT('Ctrl Pts',(1.35497522638797,-2.47621491982658,3.71273716259768));
#11450=CARTESIAN_POINT('Ctrl Pts',(1.15602614720775,-2.48485975608596,3.77780653639196));
#11451=CARTESIAN_POINT('Ctrl Pts',(1.08348942632896,-2.48794900152613,3.79924594914854));
#11452=CARTESIAN_POINT('Ctrl Pts',(0.941653606433723,-2.49387118760832,
3.83677502016627));
#11453=CARTESIAN_POINT('Ctrl Pts',(0.872447299721193,-2.496707355277,3.85310136623133));
#11454=CARTESIAN_POINT('Ctrl Pts',(0.669569733212239,-2.50488503982749,
3.89521523970622));
#11455=CARTESIAN_POINT('Ctrl Pts',(0.534959580479571,-2.51013632086982,
3.91597308225436));
#11456=CARTESIAN_POINT('Ctrl Pts',(0.193832110615309,-2.52324929427939,
3.9506561403662));
#11457=CARTESIAN_POINT('Ctrl Pts',(-0.0131954176078227,-2.53101896989392,
3.95538544808582));
#11458=CARTESIAN_POINT('Ctrl Pts',(-0.261265821896377,-2.54082009093346,
3.94157061768851));
#11459=CARTESIAN_POINT('Ctrl Pts',(-0.302859757935468,-2.54248098255407,
3.93859297287592));
#11460=CARTESIAN_POINT('Ctrl Pts',(-0.38469724791863,-2.54579539707647,
3.9314303377849));
#11461=CARTESIAN_POINT('Ctrl Pts',(-0.424938044256608,-2.54744902506401,
3.92728453206862));
#11462=CARTESIAN_POINT('Ctrl Pts',(-0.598917740056026,-2.55467961160888,
3.90665520718757));
#11463=CARTESIAN_POINT('Ctrl Pts',(-0.73182713507989,-2.56040881736386,
3.88395220425983));
#11464=CARTESIAN_POINT('Ctrl Pts',(-1.05539726492255,-2.57454424350492,
3.81148056083462));
#11465=CARTESIAN_POINT('Ctrl Pts',(-1.24400563442268,-2.5829335382657,3.75415815764159));
#11466=CARTESIAN_POINT('Ctrl Pts',(-1.49316195611815,-2.59397430928952,
3.65758359688347));
#11467=CARTESIAN_POINT('Ctrl Pts',(-1.5580752679811,-2.59684947070611,3.6304066213388));
#11468=CARTESIAN_POINT('Ctrl Pts',(-1.68208388310056,-2.60234129549053,
3.57454937519638));
#11469=CARTESIAN_POINT('Ctrl Pts',(-1.74125795152128,-2.60496155020708,
3.54610074278468));
#11470=CARTESIAN_POINT('Ctrl Pts',(-1.8974513109779,-2.61188950615161,3.46615606894934));
#11471=CARTESIAN_POINT('Ctrl Pts',(-1.99307850436806,-2.61614188293397,
3.41206660499989));
#11472=CARTESIAN_POINT('Ctrl Pts',(-2.23568652191848,-2.62707648679206,
3.26115691073396));
#11473=CARTESIAN_POINT('Ctrl Pts',(-2.37866831872593,-2.63366107395852,
3.15838164157868));
#11474=CARTESIAN_POINT('Ctrl Pts',(-2.57678995618094,-2.64347670632499,
2.99486454197789));
#11475=CARTESIAN_POINT('Ctrl Pts',(-2.63765470262227,-2.64660033771538,
2.94140054233598));
#11476=CARTESIAN_POINT('Ctrl Pts',(-2.72547978483336,-2.65133494144458,
2.8593351146919));
#11477=CARTESIAN_POINT('Ctrl Pts',(-2.75372762688813,-2.65289477600622,
2.83214078062276));
#11478=CARTESIAN_POINT('Ctrl Pts',(-2.80870999349028,-2.6560152455522,2.77760864984156));
#11479=CARTESIAN_POINT('Ctrl Pts',(-2.83546133435415,-2.65757539867245,
2.75029461385892));
#11480=CARTESIAN_POINT('Ctrl Pts',(-2.92415705955902,-2.66287922637487,
2.65706364114817));
#11481=CARTESIAN_POINT('Ctrl Pts',(-2.98423207887892,-2.66669191410088,
2.58940915116863));
#11482=CARTESIAN_POINT('Ctrl Pts',(-3.1678822814258,-2.67893657910443,2.36770060300075));
#11483=CARTESIAN_POINT('Ctrl Pts',(-3.28226097339863,-2.68746220277808,
2.20641130448457));
#11484=CARTESIAN_POINT('Ctrl Pts',(-3.43269103053104,-2.69974220965317,
1.95652972471498));
#11485=CARTESIAN_POINT('Ctrl Pts',(-3.47838034094147,-2.7036607355917,1.8740990788107));
#11486=CARTESIAN_POINT('Ctrl Pts',(-3.54967616194494,-2.71010144513629,
1.73386296948003));
#11487=CARTESIAN_POINT('Ctrl Pts',(-3.57692128454928,-2.71265675778359,
1.67693651093268));
#11488=CARTESIAN_POINT('Ctrl Pts',(-3.63219378435144,-2.71805673584369,
1.55396648264646));
#11489=CARTESIAN_POINT('Ctrl Pts',(-3.65980959765084,-2.72089215349406,
1.48776261939494));
#11490=CARTESIAN_POINT('Ctrl Pts',(-3.74261317005997,-2.72989093338564,
1.27297345201178));
#11491=CARTESIAN_POINT('Ctrl Pts',(-3.79066866076931,-2.73591503672101,
1.12180553273206));
#11492=CARTESIAN_POINT('Ctrl Pts',(-3.87018321707684,-2.74819886197157,
0.807288551549293));
#11493=CARTESIAN_POINT('Ctrl Pts',(-3.90067492146719,-2.75444517969564,
0.644022052250938));
#11494=CARTESIAN_POINT('Ctrl Pts',(-3.92589606023258,-2.76258998814585,
0.437718431872963));
#11495=CARTESIAN_POINT('Ctrl Pts',(-3.93032045465002,-2.76424841273461,
0.396028403917317));
#11496=CARTESIAN_POINT('Ctrl Pts',(-3.93756906963227,-2.76749203648634,
0.315535772050014));
#11497=CARTESIAN_POINT('Ctrl Pts',(-3.94048528501822,-2.76907285796472,
0.276746472844889));
#11498=CARTESIAN_POINT('Ctrl Pts',(-3.94787318304705,-2.77410616702553,
0.154314282452911));
#11499=CARTESIAN_POINT('Ctrl Pts',(-3.95025756102792,-2.77761271531902,
0.0705698726587266));
#11500=CARTESIAN_POINT('Ctrl Pts',(-3.94943213601289,-2.78805579504976,
-0.176717698290607));
#11501=CARTESIAN_POINT('Ctrl Pts',(-3.93873126472145,-2.7950600065987,-0.340059301762294));
#11502=CARTESIAN_POINT('Ctrl Pts',(-3.90332232051245,-2.80681070903297,
-0.616266042603078));
#11503=CARTESIAN_POINT('Ctrl Pts',(-3.88373948907298,-2.81160641079813,
-0.729573809551935));
#11504=CARTESIAN_POINT('Ctrl Pts',(-3.844646778086,-2.81912674157067,-0.908780089326311));
#11505=CARTESIAN_POINT('Ctrl Pts',(-3.82831274119809,-2.82190445745984,
-0.975300974549315));
#11506=CARTESIAN_POINT('Ctrl Pts',(-3.78992412679976,-2.8277458926204,-1.11576134962233));
#11507=CARTESIAN_POINT('Ctrl Pts',(-3.76741626878612,-2.83080009806011,
-1.18954754969655));
#11508=CARTESIAN_POINT('Ctrl Pts',(-3.71493227825821,-2.8372315854639,-1.34512381353491));
#11509=CARTESIAN_POINT('Ctrl Pts',(-3.68438229082117,-2.84059784154548,
-1.42667707396254));
#11510=CARTESIAN_POINT('Ctrl Pts',(-3.58313901683764,-2.85078500252623,
-1.67194415827739));
#11511=CARTESIAN_POINT('Ctrl Pts',(-3.50403969037738,-2.8575085090803,-1.83193508396664));
#11512=CARTESIAN_POINT('Ctrl Pts',(-3.3826147007045,-2.86687064851113,-2.04069005212139));
#11513=CARTESIAN_POINT('Ctrl Pts',(-3.34951561004282,-2.86934554945976,
-2.09457464645445));
#11514=CARTESIAN_POINT('Ctrl Pts',(-3.29415691450466,-2.87339804893482,
-2.18002737566908));
#11515=CARTESIAN_POINT('Ctrl Pts',(-3.27270342033653,-2.87495011891091,
-2.21210339032128));
#11516=CARTESIAN_POINT('Ctrl Pts',(-3.21737653168003,-2.87891213861141,
-2.29225793786711));
#11517=CARTESIAN_POINT('Ctrl Pts',(-3.18289460843696,-2.88134164966374,
-2.33990166985183));
#11518=CARTESIAN_POINT('Ctrl Pts',(-3.04895130183454,-2.89058755335163,
-2.516529711649));
#11519=CARTESIAN_POINT('Ctrl Pts',(-2.94260861325253,-2.89754150865055,
-2.64009090576295));
#11520=CARTESIAN_POINT('Ctrl Pts',(-2.73506095237936,-2.91012112954043,
-2.85307501680277));
#11521=CARTESIAN_POINT('Ctrl Pts',(-2.63631647428824,-2.9157608380387,-2.94455988538398));
#11522=CARTESIAN_POINT('Ctrl Pts',(-2.47806343823768,-2.92423858104108,
-3.07682390897214));
#11523=CARTESIAN_POINT('Ctrl Pts',(-2.42178939150678,-2.92715487673893,
-3.12131066911948));
#11524=CARTESIAN_POINT('Ctrl Pts',(-2.30457503325637,-2.93303714459547,
-3.20889371906874));
#11525=CARTESIAN_POINT('Ctrl Pts',(-2.24356203034679,-2.935999182702,-3.251844830971));
#11526=CARTESIAN_POINT('Ctrl Pts',(-2.14623566390611,-2.94058433710354,
-3.31631548003349));
#11527=CARTESIAN_POINT('Ctrl Pts',(-2.11073278459495,-2.94222906430781,
-3.33902426800274));
#11528=CARTESIAN_POINT('Ctrl Pts',(-1.97905174310652,-2.94823698237187,
-3.42031208900146));
#11529=CARTESIAN_POINT('Ctrl Pts',(-1.88074383256868,-2.95254222363,-3.47533937850217));
#11530=CARTESIAN_POINT('Ctrl Pts',(-1.63119094236681,-2.96320108351019,
-3.60133118082025));
#11531=CARTESIAN_POINT('Ctrl Pts',(-1.47754838732202,-2.96952541179442,
-3.66704477145898));
#11532=CARTESIAN_POINT('Ctrl Pts',(-1.27922353777326,-2.97780761053654,
-3.73737592625912));
#11533=CARTESIAN_POINT('Ctrl Pts',(-1.23799483992714,-2.97953617690215,
-3.75123450510208));
#11534=CARTESIAN_POINT('Ctrl Pts',(-1.15945287632272,-2.98285500647952,
-3.7761996744275));
#11535=CARTESIAN_POINT('Ctrl Pts',(-1.12218913139957,-2.98444219171028,
-3.78744058804242));
#11536=CARTESIAN_POINT('Ctrl Pts',(-0.988584814806221,-2.99016392659439,
-3.82559873378233));
#11537=CARTESIAN_POINT('Ctrl Pts',(-0.891396144204163,-2.99438065429767,
-3.84940482739721));
#11538=CARTESIAN_POINT('Ctrl Pts',(-0.601786163617978,-3.00693743996884,
-3.9087872224901));
#11539=CARTESIAN_POINT('Ctrl Pts',(-0.407499297964962,-3.01533264762225,
-3.93379113189802));
#11540=CARTESIAN_POINT('Ctrl Pts',(-0.141501639301555,-3.02646581424256,
-3.94809880208705));
#11541=CARTESIAN_POINT('Ctrl Pts',(-0.0707566582249202,-3.02939494188129,
-3.94999999996264));
#11542=CARTESIAN_POINT('Ctrl Pts',(-2.08552928193436E-9,-3.03229074783397,
-3.95));
#11543=CARTESIAN_POINT('',(-2.49522318872668,-3.02630605832906,-3.06208445971705));
#11544=CARTESIAN_POINT('Ctrl Pts',(1.7007226587462E-9,-3.13836086535452,
-3.95));
#11545=CARTESIAN_POINT('Ctrl Pts',(-0.0121823448342474,-3.1378624113084,
-3.95000000000525));
#11546=CARTESIAN_POINT('Ctrl Pts',(-0.0243650657012546,-3.1373649304808,
-3.94994364195136));
#11547=CARTESIAN_POINT('Ctrl Pts',(-0.100530561591873,-3.13426086407406,
-3.94923888289441));
#11548=CARTESIAN_POINT('Ctrl Pts',(-0.164490496471835,-3.13168162591681,
-3.947092260643));
#11549=CARTESIAN_POINT('Ctrl Pts',(-0.308342994074575,-3.12593603714354,
-3.93876142036555));
#11550=CARTESIAN_POINT('Ctrl Pts',(-0.388156618259929,-3.12278705071272,
-3.93169834474826));
#11551=CARTESIAN_POINT('Ctrl Pts',(-0.561991203635183,-3.11598506924925,
-3.91096954250113));
#11552=CARTESIAN_POINT('Ctrl Pts',(-0.655845551785132,-3.11234943724787,
-3.89632955710784));
#11553=CARTESIAN_POINT('Ctrl Pts',(-0.922418217823425,-3.10202482450199,
-3.84484210301879));
#11554=CARTESIAN_POINT('Ctrl Pts',(-1.09330999071379,-3.0954166380839,-3.79978113845621));
#11555=CARTESIAN_POINT('Ctrl Pts',(-1.31687434193181,-3.08630039725676,
-3.72449548252501));
#11556=CARTESIAN_POINT('Ctrl Pts',(-1.37270293673601,-3.08398186272718,
-3.70428278847636));
#11557=CARTESIAN_POINT('Ctrl Pts',(-1.45858951204203,-3.08032253758797,
-3.67097933641109));
#11558=CARTESIAN_POINT('Ctrl Pts',(-1.48896677683906,-3.07901165714293,
-3.65876327966281));
#11559=CARTESIAN_POINT('Ctrl Pts',(-1.5391958504083,-3.0768023604226,-3.63783543484625));
#11560=CARTESIAN_POINT('Ctrl Pts',(-1.55914934785913,-3.07591019129602,
-3.62932828345213));
#11561=CARTESIAN_POINT('Ctrl Pts',(-1.61814075027358,-3.07323227254365,
-3.60360111206991));
#11562=CARTESIAN_POINT('Ctrl Pts',(-1.65696988797889,-3.07141693377087,
-3.58591285363582));
#11563=CARTESIAN_POINT('Ctrl Pts',(-1.74804875066789,-3.06705100819994,
-3.54262758207811));
#11564=CARTESIAN_POINT('Ctrl Pts',(-1.80003414099178,-3.0644736573522,-3.51649843137514));
#11565=CARTESIAN_POINT('Ctrl Pts',(-2.0794567103418,-3.05024805433103,-3.36823400720105));
#11566=CARTESIAN_POINT('Ctrl Pts',(-2.29508359040691,-3.03797370378903,
-3.22517367991318));
#11567=CARTESIAN_POINT('Ctrl Pts',(-2.49522318872668,-3.02630605832906,
-3.06208445971705));
#11568=CARTESIAN_POINT('',(-3.32569313570427,-2.9758916281026,-2.13125905678534));
#11569=CARTESIAN_POINT('Ctrl Pts',(-3.32569313570427,-2.9758916281026,-2.13125905678534));
#11570=CARTESIAN_POINT('Ctrl Pts',(-3.09889825402788,-2.9926722095161,-2.48089735080978));
#11571=CARTESIAN_POINT('Ctrl Pts',(-2.81742607978877,-3.00948954214298,
-2.79655422376545));
#11572=CARTESIAN_POINT('Ctrl Pts',(-2.49522318872668,-3.02630605832906,
-3.06208445971705));
#11573=CARTESIAN_POINT('',(-3.94999999999977,-2.88513931662866,4.84218419232469E-11));
#11574=CARTESIAN_POINT('Ctrl Pts',(-3.95,-2.88513931662846,4.84112055998409E-11));
#11575=CARTESIAN_POINT('Ctrl Pts',(-3.95000000000268,-2.89491126274461,
-0.218994681258011));
#11576=CARTESIAN_POINT('Ctrl Pts',(-3.93178690521504,-2.90526298864403,
-0.437602734887757));
#11577=CARTESIAN_POINT('Ctrl Pts',(-3.87737703432416,-2.92031819305348,
-0.761920398448833));
#11578=CARTESIAN_POINT('Ctrl Pts',(-3.8546796809328,-2.92525176006353,-0.869495851416557));
#11579=CARTESIAN_POINT('Ctrl Pts',(-3.82071991977931,-2.93109517826358,
-1.00267526270731));
#11580=CARTESIAN_POINT('Ctrl Pts',(-3.81363637775916,-2.93224933893023,
-1.02928909894774));
#11581=CARTESIAN_POINT('Ctrl Pts',(-3.80154632262738,-2.93411279714662,
-1.07287394516717));
#11582=CARTESIAN_POINT('Ctrl Pts',(-3.79670351311727,-2.93483325059326,
-1.08988777156623));
#11583=CARTESIAN_POINT('Ctrl Pts',(-3.78638453725658,-2.93631667618408,
-1.12523699004167));
#11584=CARTESIAN_POINT('Ctrl Pts',(-3.78088903234403,-2.93707837850549,
-1.14356648229926));
#11585=CARTESIAN_POINT('Ctrl Pts',(-3.76603067336421,-2.93906714023637,
-1.19184629687629));
#11586=CARTESIAN_POINT('Ctrl Pts',(-3.75644361300331,-2.9402800643039,-1.22172669254835));
#11587=CARTESIAN_POINT('Ctrl Pts',(-3.70102585379235,-2.94693489140112,
-1.38762704934751));
#11588=CARTESIAN_POINT('Ctrl Pts',(-3.64816043896981,-2.95199767718861,
-1.52119439899724));
#11589=CARTESIAN_POINT('Ctrl Pts',(-3.5118415859359,-2.96328103843575,-1.81735107274314));
#11590=CARTESIAN_POINT('Ctrl Pts',(-3.42414916176213,-2.96943975995725,
-1.97762473955539));
#11591=CARTESIAN_POINT('Ctrl Pts',(-3.32569313570427,-2.9758916281026,-2.13125905678534));
#11592=CARTESIAN_POINT('',(-3.89656663022192,-2.85892863131835,0.647509456487721));
#11593=CARTESIAN_POINT('Origin',(0.00639599550796233,-2.87205135956518,
-0.000527102579599564));
#11594=CARTESIAN_POINT('',(-3.76684391307506,-2.83647362208265,1.18885951000503));
#11595=CARTESIAN_POINT('Ctrl Pts',(-3.76684391307505,-2.83647362208266,
1.18885951000503));
#11596=CARTESIAN_POINT('Ctrl Pts',(-3.7817528590852,-2.83860716696563,1.14162123495567));
#11597=CARTESIAN_POINT('Ctrl Pts',(-3.79577376484328,-2.84073065759968,
1.09410013205851));
#11598=CARTESIAN_POINT('Ctrl Pts',(-3.81428163595799,-2.84364818159624,
1.0267273824636));
#11599=CARTESIAN_POINT('Ctrl Pts',(-3.81951690634181,-2.84448727157279,
1.00707703270939));
#11600=CARTESIAN_POINT('Ctrl Pts',(-3.83034458130473,-2.84625619465269,
0.965136497860717));
#11601=CARTESIAN_POINT('Ctrl Pts',(-3.83589469591336,-2.84718360549045,
0.942836139075072));
#11602=CARTESIAN_POINT('Ctrl Pts',(-3.84700859809175,-2.84908966328255,
0.896457192777907));
#11603=CARTESIAN_POINT('Ctrl Pts',(-3.85254167605913,-2.85006686511084,
0.872372241344167));
#11604=CARTESIAN_POINT('Ctrl Pts',(-3.87248374894669,-2.85370955617796,
0.781674081035023));
#11605=CARTESIAN_POINT('Ctrl Pts',(-3.88539419933912,-2.85632265282488,
0.71474263882997));
#11606=CARTESIAN_POINT('Ctrl Pts',(-3.89656663022192,-2.85892863131835,
0.647509456487721));
#11607=CARTESIAN_POINT('',(-2.55157833886056,-2.74690403277711,3.0152857212316));
#11608=CARTESIAN_POINT('Ctrl Pts',(-2.55157833886056,-2.74690403277711,
3.0152857212316));
#11609=CARTESIAN_POINT('Ctrl Pts',(-3.1163552310309,-2.77678377358075,2.53537348988409));
#11610=CARTESIAN_POINT('Ctrl Pts',(-3.54308183421243,-2.80680244940066,
1.89038609125286));
#11611=CARTESIAN_POINT('Ctrl Pts',(-3.76684391307506,-2.83647362208265,
1.18885951000503));
#11612=CARTESIAN_POINT('',(-2.2049029354651,-2.72938205318996,3.27733169593457));
#11613=CARTESIAN_POINT('Ctrl Pts',(-2.2049029354651,-2.72938205318996,3.27733169593457));
#11614=CARTESIAN_POINT('Ctrl Pts',(-2.2387001387737,-2.73108119272856,3.25459382265855));
#11615=CARTESIAN_POINT('Ctrl Pts',(-2.27214400596635,-2.73277109725181,
3.23133423749611));
#11616=CARTESIAN_POINT('Ctrl Pts',(-2.33099647428221,-2.73575336627342,
3.18903791935619));
#11617=CARTESIAN_POINT('Ctrl Pts',(-2.35653768255345,-2.73705059160815,
3.17021075192623));
#11618=CARTESIAN_POINT('Ctrl Pts',(-2.4006016948021,-2.73929008611587,3.13690365975298));
#11619=CARTESIAN_POINT('Ctrl Pts',(-2.41923581811767,-2.74023352062425,
3.12255522920207));
#11620=CARTESIAN_POINT('Ctrl Pts',(-2.45504231483663,-2.74204226059041,
3.09447099104606));
#11621=CARTESIAN_POINT('Ctrl Pts',(-2.47223027428623,-2.7429086231823,3.08075655926675));
#11622=CARTESIAN_POINT('Ctrl Pts',(-2.51023680177089,-2.74482282499866,
3.04990788796758));
#11623=CARTESIAN_POINT('Ctrl Pts',(-2.53099633904125,-2.74586734671463,
3.03270250682402));
#11624=CARTESIAN_POINT('Ctrl Pts',(-2.55157833886008,-2.74690403277776,
3.01528572123108));
#11625=CARTESIAN_POINT('',(-0.389209593128778,-2.65084237314582,3.93077802637296));
#11626=CARTESIAN_POINT('Ctrl Pts',(-0.389209593128778,-2.65084237314582,
3.93077802637296));
#11627=CARTESIAN_POINT('Ctrl Pts',(-1.03539916650231,-2.67702234277638,
3.86545720119769));
#11628=CARTESIAN_POINT('Ctrl Pts',(-1.66531880525387,-2.70320218825657,
3.6391330076986));
#11629=CARTESIAN_POINT('Ctrl Pts',(-2.2049029354651,-2.72938205318996,3.27733169593457));
#11630=CARTESIAN_POINT('',(0.316075320891277,-2.62237496382991,3.93733366525159));
#11631=CARTESIAN_POINT('Ctrl Pts',(-0.389209593128778,-2.65084237314582,
3.93077802637296));
#11632=CARTESIAN_POINT('Ctrl Pts',(-0.307957291233074,-2.64770350353296,
3.93882329760157));
#11633=CARTESIAN_POINT('Ctrl Pts',(-0.226476600576797,-2.64454223226871,
3.94434715387002));
#11634=CARTESIAN_POINT('Ctrl Pts',(-0.108832688863399,-2.63989846716051,
3.94866521529211));
#11635=CARTESIAN_POINT('Ctrl Pts',(-0.0727642211600878,-2.63846391032942,
3.94949450290134));
#11636=CARTESIAN_POINT('Ctrl Pts',(-0.00024103891824237,-2.63554977645937,
3.95016817169878));
#11637=CARTESIAN_POINT('Ctrl Pts',(0.0362085159806001,-2.63406897782345,
3.95000221203692));
#11638=CARTESIAN_POINT('Ctrl Pts',(0.106513539439667,-2.63118085164423,
3.94870889023667));
#11639=CARTESIAN_POINT('Ctrl Pts',(0.140365829951188,-2.62977677972725,
3.94765049151248));
#11640=CARTESIAN_POINT('Ctrl Pts',(0.221541394559418,-2.62638379301915,
3.94406706371381));
#11641=CARTESIAN_POINT('Ctrl Pts',(0.268840909495142,-2.62438547262374,
3.94112547793714));
#11642=CARTESIAN_POINT('Ctrl Pts',(0.316075320891277,-2.62237496382991,
3.93733366525159));
#11643=CARTESIAN_POINT('',(2.31733869875531,-2.53535169960742,3.19881874373198));
#11644=CARTESIAN_POINT('Ctrl Pts',(2.31733869875531,-2.53535169960742,3.19881874373198));
#11645=CARTESIAN_POINT('Ctrl Pts',(1.73360159565926,-2.56435944109968,3.61983322831414));
#11646=CARTESIAN_POINT('Ctrl Pts',(1.03322270260245,-2.59336711764246,3.87808583902165));
#11647=CARTESIAN_POINT('Ctrl Pts',(0.316075320891277,-2.62237496382991,
3.93733366525159));
#11648=CARTESIAN_POINT('',(2.77067741280628,-2.51139650287527,2.81528802685713));
#11649=CARTESIAN_POINT('Ctrl Pts',(2.77067741280628,-2.51139650287527,2.81528802685713));
#11650=CARTESIAN_POINT('Ctrl Pts',(2.72382915505021,-2.51416581011065,2.86139393444306));
#11651=CARTESIAN_POINT('Ctrl Pts',(2.67583631476637,-2.5169115821054,2.90632429098388));
#11652=CARTESIAN_POINT('Ctrl Pts',(2.60185208387766,-2.52098464686959,2.97220062606917));
#11653=CARTESIAN_POINT('Ctrl Pts',(2.57668051159027,-2.52234373946859,2.99404883682668));
#11654=CARTESIAN_POINT('Ctrl Pts',(2.52571936674081,-2.52503752326795,3.03716293937064));
#11655=CARTESIAN_POINT('Ctrl Pts',(2.49993166013532,-2.52637052497672,3.05842421432608));
#11656=CARTESIAN_POINT('Ctrl Pts',(2.42269955748835,-2.53028462688506,3.12047054140813));
#11657=CARTESIAN_POINT('Ctrl Pts',(2.37050390650552,-2.53283119248747,3.16030396586645));
#11658=CARTESIAN_POINT('Ctrl Pts',(2.31733869875531,-2.53535169960742,3.19881874373198));
#11659=CARTESIAN_POINT('',(3.82711585205381,-2.42493278114539,0.977591046889452));
#11660=CARTESIAN_POINT('Ctrl Pts',(3.82711585205381,-2.42493278114539,0.977591046889452));
#11661=CARTESIAN_POINT('Ctrl Pts',(3.64903014236602,-2.45375396758853,1.67022158692367));
#11662=CARTESIAN_POINT('Ctrl Pts',(3.27925311580724,-2.48257526703894,2.31276620873586));
#11663=CARTESIAN_POINT('Ctrl Pts',(2.77067741280628,-2.51139650287527,2.81528802685713));
#11664=CARTESIAN_POINT('',(3.91304145499979,-2.40691687378134,0.539079373982371));
#11665=CARTESIAN_POINT('Ctrl Pts',(3.91304145499978,-2.40691687378134,0.53907937398237));
#11666=CARTESIAN_POINT('Ctrl Pts',(3.9074115882999,-2.40863822169584,0.579945158959445));
#11667=CARTESIAN_POINT('Ctrl Pts',(3.90114181104384,-2.41034778616067,0.620720850368438));
#11668=CARTESIAN_POINT('Ctrl Pts',(3.88866513728194,-2.41340558441323,0.694182788258322));
#11669=CARTESIAN_POINT('Ctrl Pts',(3.88268184329425,-2.4147595321655,0.726903063435415));
#11670=CARTESIAN_POINT('Ctrl Pts',(3.86989066536235,-2.41743985017506,0.792182022402708));
#11671=CARTESIAN_POINT('Ctrl Pts',(3.86308335773481,-2.41876612661319,0.824738228649897));
#11672=CARTESIAN_POINT('Ctrl Pts',(3.84691184207832,-2.42171378090021,0.897480694112855));
#11673=CARTESIAN_POINT('Ctrl Pts',(3.83732741325191,-2.42332909226364,0.937614383989556));
#11674=CARTESIAN_POINT('Ctrl Pts',(3.82711585205381,-2.42493278114539,0.977591046889452));
#11675=CARTESIAN_POINT('',(3.62478679133802,-2.32009661969456,-1.5695288201691));
#11676=CARTESIAN_POINT('Ctrl Pts',(3.62478679133802,-2.32009661969456,-1.5695288201691));
#11677=CARTESIAN_POINT('Ctrl Pts',(3.90884402253103,-2.34903669872076,-0.910171529973805));
#11678=CARTESIAN_POINT('Ctrl Pts',(4.00992769825947,-2.37797684133029,-0.172433175065461));
#11679=CARTESIAN_POINT('Ctrl Pts',(3.91304145499979,-2.40691687378134,0.539079373982371));
#11680=CARTESIAN_POINT('',(3.37572072871065,-2.29822917264518,-2.05109959820416));
#11681=CARTESIAN_POINT('Ctrl Pts',(3.37572072871065,-2.29822917264518,-2.05109959820416));
#11682=CARTESIAN_POINT('Ctrl Pts',(3.40510594224341,-2.30060853257754,-2.00273711277098));
#11683=CARTESIAN_POINT('Ctrl Pts',(3.43344907314703,-2.30296708102338,-1.9537477151843));
#11684=CARTESIAN_POINT('Ctrl Pts',(3.47704295697373,-2.30668198299238,-1.87451789849712));
#11685=CARTESIAN_POINT('Ctrl Pts',(3.49297439057364,-2.30805948804343,-1.84466126389916));
#11686=CARTESIAN_POINT('Ctrl Pts',(3.52641594667671,-2.31098992839447,-1.78000222656185));
#11687=CARTESIAN_POINT('Ctrl Pts',(3.54379831564903,-2.31253936188789,-1.74513923687118));
#11688=CARTESIAN_POINT('Ctrl Pts',(3.58295042737302,-2.31610373251613,-1.66361556826679));
#11689=CARTESIAN_POINT('Ctrl Pts',(3.60432934036977,-2.31810779665693,-1.61677478156927));
#11690=CARTESIAN_POINT('Ctrl Pts',(3.62478679133802,-2.32009661969456,-1.5695288201691));
#11691=CARTESIAN_POINT('',(1.83676037758262,-2.21210830203756,-3.49697173499337));
#11692=CARTESIAN_POINT('Ctrl Pts',(1.83676037758262,-2.21210830203756,-3.49697173499337));
#11693=CARTESIAN_POINT('Ctrl Pts',(2.4664340938539,-2.24081534421931,-3.16440265947616));
#11694=CARTESIAN_POINT('Ctrl Pts',(3.00468632170447,-2.26952222471655,-2.65912527652209));
#11695=CARTESIAN_POINT('Ctrl Pts',(3.37572072871065,-2.29822917264518,-2.05109959820416));
#11696=CARTESIAN_POINT('',(1.21473684198944,-2.1848749638429,-3.7585787745787));
#11697=CARTESIAN_POINT('Ctrl Pts',(1.21473684198944,-2.1848749638429,-3.7585787745787));
#11698=CARTESIAN_POINT('Ctrl Pts',(1.25984575161091,-2.18688631714066,-3.74400000486133));
#11699=CARTESIAN_POINT('Ctrl Pts',(1.30468921361587,-2.18888547163283,-3.72861013445122));
#11700=CARTESIAN_POINT('Ctrl Pts',(1.38106353480695,-2.19227873995356,-3.70085255549891));
#11701=CARTESIAN_POINT('Ctrl Pts',(1.41273221238675,-2.19368228494475,-3.68887976021148));
#11702=CARTESIAN_POINT('Ctrl Pts',(1.47341086635033,-2.19635992912568,-3.66504330646082));
#11703=CARTESIAN_POINT('Ctrl Pts',(1.50244176385924,-2.19763575175534,-3.65323841245117));
#11704=CARTESIAN_POINT('Ctrl Pts',(1.56017761909234,-2.20015861714413,-3.62895648448666));
#11705=CARTESIAN_POINT('Ctrl Pts',(1.58888031749678,-2.20140614098329,-3.61648154498419));
#11706=CARTESIAN_POINT('Ctrl Pts',(1.64825244044837,-2.20397830602243,-3.58983358065665));
#11707=CARTESIAN_POINT('Ctrl Pts',(1.67889441701326,-2.2053010931159,-3.57560552062495));
#11708=CARTESIAN_POINT('Ctrl Pts',(1.75220159390595,-2.20846216465318,-3.54041648631094));
#11709=CARTESIAN_POINT('Ctrl Pts',(1.7946785118035,-2.21029091350581,-3.51907494586704));
#11710=CARTESIAN_POINT('Ctrl Pts',(1.83676037758262,-2.21210830203756,-3.49697173499337));
#11711=CARTESIAN_POINT('Origin',(-0.025606473064973,-2.17164210448621,-0.940044498069579));
#11712=CARTESIAN_POINT('Origin',(0.,-5.,0.));
#11713=CARTESIAN_POINT('',(-2.03606083719111E-8,-1.03059317104578,-3.95));
#11714=CARTESIAN_POINT('',(1.49398965062012E-5,-1.13558289387017,-3.94937860029003));
#11715=CARTESIAN_POINT('',(-4.83735485663205E-16,-5.,-3.95));
#11716=CARTESIAN_POINT('Ctrl Pts',(-2.03967786063797E-8,-1.03059317190329,
-3.95));
#11717=CARTESIAN_POINT('Ctrl Pts',(0.155121114330538,-1.03713790977845,
-3.95000000080101));
#11718=CARTESIAN_POINT('Ctrl Pts',(0.310134376634298,-1.04378014945059,
-3.94086236231613));
#11719=CARTESIAN_POINT('Ctrl Pts',(0.585774348514534,-1.05551745242361,
-3.90824093633451));
#11720=CARTESIAN_POINT('Ctrl Pts',(0.706582722863423,-1.06063761542973,
-3.88821569525034));
#11721=CARTESIAN_POINT('Ctrl Pts',(0.887773644697853,-1.06824688455971,
-3.84945630017252));
#11722=CARTESIAN_POINT('Ctrl Pts',(0.948955614042214,-1.07080466638118,
-3.83483237627175));
#11723=CARTESIAN_POINT('Ctrl Pts',(1.08031484334676,-1.07627472210763,-3.80009807462421));
#11724=CARTESIAN_POINT('Ctrl Pts',(1.15033686780439,-1.07917693514506,-3.77949084028296));
#11725=CARTESIAN_POINT('Ctrl Pts',(1.39784889098569,-1.08941515227628,-3.69913252724046));
#11726=CARTESIAN_POINT('Ctrl Pts',(1.57161133883842,-1.09654863468808,-3.62871915090371));
#11727=CARTESIAN_POINT('Ctrl Pts',(1.85411892742299,-1.10855742442477,-3.49012576761805));
#11728=CARTESIAN_POINT('Ctrl Pts',(1.96572593379641,-1.11342407816336,-3.42850620740839));
#11729=CARTESIAN_POINT('Ctrl Pts',(2.11362550195376,-1.1202468146022,-3.33725007931784));
#11730=CARTESIAN_POINT('Ctrl Pts',(2.15266173171723,-1.12208529207182,-3.31220442668496));
#11731=CARTESIAN_POINT('Ctrl Pts',(2.22581391883521,-1.12561839402065,-3.26343047087559));
#11732=CARTESIAN_POINT('Ctrl Pts',(2.26001345781715,-1.1273091799217,-3.23984026219224));
#11733=CARTESIAN_POINT('Ctrl Pts',(2.36270044552225,-1.13249244465469,-3.16659162326953));
#11734=CARTESIAN_POINT('Ctrl Pts',(2.42997051725478,-1.13603429013932,-3.11526862012084));
#11735=CARTESIAN_POINT('Ctrl Pts',(2.62198764345652,-1.14648436780589,-2.95876522807211));
#11736=CARTESIAN_POINT('Ctrl Pts',(2.74193261149563,-1.15344712474773,-2.84796728966193));
#11737=CARTESIAN_POINT('Ctrl Pts',(2.90954244405618,-1.16363386566715,-2.67270704997246));
#11738=CARTESIAN_POINT('Ctrl Pts',(2.96266155648645,-1.16694160945386,-2.61370180792463));
#11739=CARTESIAN_POINT('Ctrl Pts',(3.06153916627224,-1.17324545488515,-2.49697711326257));
#11740=CARTESIAN_POINT('Ctrl Pts',(3.10753259989076,-1.17624555074018,-2.43949960425354));
#11741=CARTESIAN_POINT('Ctrl Pts',(3.1955909056189,-1.18213180495094,-2.32291945447434));
#11742=CARTESIAN_POINT('Ctrl Pts',(3.23768735770032,-1.18501788033917,-2.26387653790463));
#11743=CARTESIAN_POINT('Ctrl Pts',(3.39662159956462,-1.19623652408715,-2.02745312031559));
#11744=CARTESIAN_POINT('Ctrl Pts',(3.5006988600372,-1.20428781244354,-1.84193206681835));
#11745=CARTESIAN_POINT('Ctrl Pts',(3.64054836996399,-1.21707073284804,-1.53751234751299));
#11746=CARTESIAN_POINT('Ctrl Pts',(3.68652027639833,-1.22176770624607,-1.42376375219083));
#11747=CARTESIAN_POINT('Ctrl Pts',(3.74100517075466,-1.2282562722434,-1.26851762222495));
#11748=CARTESIAN_POINT('Ctrl Pts',(3.75425412632832,-1.22992521888772,-1.22875240549804));
#11749=CARTESIAN_POINT('Ctrl Pts',(3.7789774457499,-1.23323877550641,-1.15041233876783));
#11750=CARTESIAN_POINT('Ctrl Pts',(3.79049971169289,-1.23488308801246,-1.11185911286062));
#11751=CARTESIAN_POINT('Ctrl Pts',(3.82630417720995,-1.24032056397561,-0.985027245640466));
#11752=CARTESIAN_POINT('Ctrl Pts',(3.84810642869696,-1.24417754787617,-0.896079499042975));
#11753=CARTESIAN_POINT('Ctrl Pts',(3.8997306607137,-1.25490986570905,-0.648551781435722));
#11754=CARTESIAN_POINT('Ctrl Pts',(3.92296060837365,-1.26182887985908,-0.488774107691409));
#11755=CARTESIAN_POINT('Ctrl Pts',(3.94508190377767,-1.27306289045165,-0.223313902647737));
#11756=CARTESIAN_POINT('Ctrl Pts',(3.94962627655555,-1.27744280626404,-0.118295135126044));
#11757=CARTESIAN_POINT('Ctrl Pts',(3.95019585614558,-1.28441918124675,0.0519224872448585));
#11758=CARTESIAN_POINT('Ctrl Pts',(3.94880245103638,-1.28706017901033,0.117058770546827));
#11759=CARTESIAN_POINT('Ctrl Pts',(3.94250220657608,-1.29253857520812,0.253550385302388));
#11760=CARTESIAN_POINT('Ctrl Pts',(3.93726721825228,-1.29536891359485,0.324867171087562));
#11761=CARTESIAN_POINT('Ctrl Pts',(3.91552539293969,-1.30385835306351,0.54064159132416));
#11762=CARTESIAN_POINT('Ctrl Pts',(3.89297778700168,-1.30940671460168,0.684366891490653));
#11763=CARTESIAN_POINT('Ctrl Pts',(3.83575055356868,-1.31977527249494,0.951804289633585));
#11764=CARTESIAN_POINT('Ctrl Pts',(3.80286388705552,-1.32459923853213,1.07570403168346));
#11765=CARTESIAN_POINT('Ctrl Pts',(3.74139038891754,-1.33237438025635,1.2688833097398));
#11766=CARTESIAN_POINT('Ctrl Pts',(3.71675597660957,-1.33526561246547,1.33932496901414));
#11767=CARTESIAN_POINT('Ctrl Pts',(3.67704563089106,-1.33966863403939,1.44332372082191));
#11768=CARTESIAN_POINT('Ctrl Pts',(3.66347177020097,-1.3411350424385,1.47743779163352));
#11769=CARTESIAN_POINT('Ctrl Pts',(3.63357808199503,-1.3442943046917,1.54962110595212));
#11770=CARTESIAN_POINT('Ctrl Pts',(3.6171308898802,-1.34599143254483,1.58763324170561));
#11771=CARTESIAN_POINT('Ctrl Pts',(3.55551067237132,-1.35218972599287,1.72411724793145));
#11772=CARTESIAN_POINT('Ctrl Pts',(3.50688998687901,-1.35678660861195,1.82097717596358));
#11773=CARTESIAN_POINT('Ctrl Pts',(3.37945364202804,-1.36800850104004,2.05076620182116));
#11774=CARTESIAN_POINT('Ctrl Pts',(3.29669870264476,-1.37464970794702,2.1813133984241));
#11775=CARTESIAN_POINT('Ctrl Pts',(3.14609407063229,-1.38554979975495,2.39066862600291));
#11776=CARTESIAN_POINT('Ctrl Pts',(3.08239757135612,-1.38986941185511,2.47225215639882));
#11777=CARTESIAN_POINT('Ctrl Pts',(2.97423397150353,-1.39674239449531,2.60010155311987));
#11778=CARTESIAN_POINT('Ctrl Pts',(2.93171640213722,-1.39934038785811,2.64794921394422));
#11779=CARTESIAN_POINT('Ctrl Pts',(2.84092437982572,-1.40468289343317,2.74525430881397));
#11780=CARTESIAN_POINT('Ctrl Pts',(2.79247684226981,-1.40742166658623,2.79452070826885));
#11781=CARTESIAN_POINT('Ctrl Pts',(2.63147743580877,-1.41619307680811,2.94987133130613));
#11782=CARTESIAN_POINT('Ctrl Pts',(2.51398187530023,-1.42208967075855,3.05062476133344));
#11783=CARTESIAN_POINT('Ctrl Pts',(2.2923663603944,-1.43263926050997,3.21914164463588));
#11784=CARTESIAN_POINT('Ctrl Pts',(2.1903878761632,-1.43730203541218,3.28937937073885));
#11785=CARTESIAN_POINT('Ctrl Pts',(2.02302458457904,-1.44486271599294,3.39341202204753));
#11786=CARTESIAN_POINT('Ctrl Pts',(1.95970322817689,-1.44770441769373,3.43036971323889));
#11787=CARTESIAN_POINT('Ctrl Pts',(1.86361219931016,-1.45203655679869,3.48292429243215));
#11788=CARTESIAN_POINT('Ctrl Pts',(1.83159620772825,-1.4534841845669,3.49986676689516));
#11789=CARTESIAN_POINT('Ctrl Pts',(1.75898336914163,-1.45678370386186,3.53702327963461));
#11790=CARTESIAN_POINT('Ctrl Pts',(1.71826435141147,-1.4586426781145,3.55698237772078));
#11791=CARTESIAN_POINT('Ctrl Pts',(1.54927290521754,-1.46636897805772,3.63623733793425));
#11792=CARTESIAN_POINT('Ctrl Pts',(1.41820887247207,-1.47238274419725,3.68932929627771));
#11793=CARTESIAN_POINT('Ctrl Pts',(1.1672103274234,-1.48367520911091,3.77564912388735));
#11794=CARTESIAN_POINT('Ctrl Pts',(1.04799605697723,-1.48894870710463,3.81046080826428));
#11795=CARTESIAN_POINT('Ctrl Pts',(0.884213050311212,-1.4960049811416,3.85001761347911));
#11796=CARTESIAN_POINT('Ctrl Pts',(0.840914210000562,-1.49785329928108,
3.85970616914556));
#11797=CARTESIAN_POINT('Ctrl Pts',(0.722580063402622,-1.50285587835436,
3.88409879450844));
#11798=CARTESIAN_POINT('Ctrl Pts',(0.647265604711884,-1.50598637874316,
3.8973571932177));
#11799=CARTESIAN_POINT('Ctrl Pts',(0.503626826678625,-1.51185803245094,
3.91836456915651));
#11800=CARTESIAN_POINT('Ctrl Pts',(0.435392562613207,-1.51460556578962,
3.92653212436487));
#11801=CARTESIAN_POINT('Ctrl Pts',(0.248264497847385,-1.52204202741976,
3.9439929647036));
#11802=CARTESIAN_POINT('Ctrl Pts',(0.129108001069886,-1.52666703471563,
3.9496896175529));
#11803=CARTESIAN_POINT('Ctrl Pts',(-0.143553382150545,-1.53713815647673,
3.95037117079313));
#11804=CARTESIAN_POINT('Ctrl Pts',(-0.296870337458641,-1.54294254675246,
3.94181521816758));
#11805=CARTESIAN_POINT('Ctrl Pts',(-0.507598898779991,-1.5511064428119,
3.91768895238995));
#11806=CARTESIAN_POINT('Ctrl Pts',(-0.565741508767821,-1.55337971150568,
3.90971606565196));
#11807=CARTESIAN_POINT('Ctrl Pts',(-0.6703521984693,-1.55753516551778,3.89298876696068));
#11808=CARTESIAN_POINT('Ctrl Pts',(-0.716881918165011,-1.55940707260716,
3.88468966054716));
#11809=CARTESIAN_POINT('Ctrl Pts',(-0.803528645316979,-1.56295339062462,
3.86762549382214));
#11810=CARTESIAN_POINT('Ctrl Pts',(-0.843678747367535,-1.56462265648064,
3.85906609594154));
#11811=CARTESIAN_POINT('Ctrl Pts',(-0.962773681395473,-1.56963999694895,
3.83172952404994));
#11812=CARTESIAN_POINT('Ctrl Pts',(-1.04128102832013,-1.57303317758604,
3.81114386545445));
#11813=CARTESIAN_POINT('Ctrl Pts',(-1.2789073650175,-1.58347605355375,3.74094430570735));
#11814=CARTESIAN_POINT('Ctrl Pts',(-1.43557090871718,-1.5905919392875,3.68366743379332));
#11815=CARTESIAN_POINT('Ctrl Pts',(-1.66131561298964,-1.60095175746508,
3.58453843737295));
#11816=CARTESIAN_POINT('Ctrl Pts',(-1.73349013662351,-1.60428295226801,
3.55019686184985));
#11817=CARTESIAN_POINT('Ctrl Pts',(-1.87027773184668,-1.61062164941808,
3.4799449393873));
#11818=CARTESIAN_POINT('Ctrl Pts',(-1.93502258338274,-1.61363339013352,
3.44436403259676));
#11819=CARTESIAN_POINT('Ctrl Pts',(-2.06107434524744,-1.61952291276153,
3.37041489676999));
#11820=CARTESIAN_POINT('Ctrl Pts',(-2.1224011010188,-1.62240107835596,3.33213714808079));
#11821=CARTESIAN_POINT('Ctrl Pts',(-2.3058368604915,-1.63107094980808,3.21052384947219));
#11822=CARTESIAN_POINT('Ctrl Pts',(-2.42435027875096,-1.63675179595518,
3.12199847175954));
#11823=CARTESIAN_POINT('Ctrl Pts',(-2.66514208793941,-1.64874550692732,
2.92013797388071));
#11824=CARTESIAN_POINT('Ctrl Pts',(-2.78577312209669,-1.65503526930789,
2.80529025628071));
#11825=CARTESIAN_POINT('Ctrl Pts',(-2.93349707152875,-1.66353130972694,
2.64569539487956));
#11826=CARTESIAN_POINT('Ctrl Pts',(-2.96746414418738,-1.66554675547041,
2.60754013242191));
#11827=CARTESIAN_POINT('Ctrl Pts',(-3.02426808937057,-1.66904402669835,
2.54118438116933));
#11828=CARTESIAN_POINT('Ctrl Pts',(-3.04747288100955,-1.67051194346663,
2.51330947729448));
#11829=CARTESIAN_POINT('Ctrl Pts',(-3.11224006877315,-1.67472392921794,
2.43329146471765));
#11830=CARTESIAN_POINT('Ctrl Pts',(-3.15286858002838,-1.6775001107339,2.38041275992758));
#11831=CARTESIAN_POINT('Ctrl Pts',(-3.29464084264368,-1.68762170945916,
2.18589294798028));
#11832=CARTESIAN_POINT('Ctrl Pts',(-3.38773669400581,-1.69510436610998,
2.0386335567808));
#11833=CARTESIAN_POINT('Ctrl Pts',(-3.52992353089299,-1.707730403019,1.77692660903159));
#11834=CARTESIAN_POINT('Ctrl Pts',(-3.58388284333868,-1.71292179225887,
1.66541701434206));
#11835=CARTESIAN_POINT('Ctrl Pts',(-3.65874114630062,-1.72075765764919,
1.49015784998751));
#11836=CARTESIAN_POINT('Ctrl Pts',(-3.68340489046524,-1.7234729956077,1.4281057157712));
#11837=CARTESIAN_POINT('Ctrl Pts',(-3.73018123671905,-1.72891412580659,
1.30113299175685));
#11838=CARTESIAN_POINT('Ctrl Pts',(-3.75219990298636,-1.73163730008098,
1.23620198616223));
#11839=CARTESIAN_POINT('Ctrl Pts',(-3.81097253975712,-1.73942813232181,
1.04681509774503));
#11840=CARTESIAN_POINT('Ctrl Pts',(-3.84329917295221,-1.74441068490169,
0.921078971473835));
#11841=CARTESIAN_POINT('Ctrl Pts',(-3.89904270288016,-1.75495745830343,
0.649417732334819));
#11842=CARTESIAN_POINT('Ctrl Pts',(-3.92058083536623,-1.76049833503965,
0.503311421326726));
#11843=CARTESIAN_POINT('Ctrl Pts',(-3.93906697613569,-1.76834125986039,
0.299232254919682));
#11844=CARTESIAN_POINT('Ctrl Pts',(-3.94299596621791,-1.7705521931598,0.242014854341296));
#11845=CARTESIAN_POINT('Ctrl Pts',(-3.94782859772123,-1.77458907600903,
0.138795692350735));
#11846=CARTESIAN_POINT('Ctrl Pts',(-3.94917690710987,-1.77640427071522,
0.0928249659853399));
#11847=CARTESIAN_POINT('Ctrl Pts',(-3.95013864671287,-1.77965131675122,
0.0117312210853203));
#11848=CARTESIAN_POINT('Ctrl Pts',(-3.95008684847456,-1.78107313498388,
-0.0233816320932733));
#11849=CARTESIAN_POINT('Ctrl Pts',(-3.94866251236234,-1.78500940409779,
-0.119561976379315));
#11850=CARTESIAN_POINT('Ctrl Pts',(-3.94634165582748,-1.78755160786507,
-0.180604247990648));
#11851=CARTESIAN_POINT('Ctrl Pts',(-3.93189225548861,-1.79748813062049,
-0.416432799297317));
#11852=CARTESIAN_POINT('Ctrl Pts',(-3.90955636392807,-1.80505104190677,
-0.590391307322401));
#11853=CARTESIAN_POINT('Ctrl Pts',(-3.84946980744738,-1.81832485915519,
-0.895891491990338));
#11854=CARTESIAN_POINT('Ctrl Pts',(-3.81630203626397,-1.82406682218543,
-1.02804693207838));
#11855=CARTESIAN_POINT('Ctrl Pts',(-3.75675816648901,-1.8324437044185,-1.22218802283031));
#11856=CARTESIAN_POINT('Ctrl Pts',(-3.73551984873075,-1.83517297882192,
-1.28563886215421));
#11857=CARTESIAN_POINT('Ctrl Pts',(-3.69038418410292,-1.84050415725698,
-1.40990409583177));
#11858=CARTESIAN_POINT('Ctrl Pts',(-3.666569359713,-1.84310672913334,-1.47072581446837));
#11859=CARTESIAN_POINT('Ctrl Pts',(-3.59569224324898,-1.85031557226502,
-1.63930422920626));
#11860=CARTESIAN_POINT('Ctrl Pts',(-3.54531111177222,-1.85485315768896,
-1.74559199935027));
#11861=CARTESIAN_POINT('Ctrl Pts',(-3.41397162593797,-1.8655585426548,-1.99345095834294));
#11862=CARTESIAN_POINT('Ctrl Pts',(-3.328846050198,-1.87166518679931,-2.13256465981481));
#11863=CARTESIAN_POINT('Ctrl Pts',(-3.18746275591172,-1.88108429286236,
-2.33442841357165));
#11864=CARTESIAN_POINT('Ctrl Pts',(-3.13739555632111,-1.8843073765891,-2.40129616286997));
#11865=CARTESIAN_POINT('Ctrl Pts',(-3.06204881204283,-1.88906939535036,
-2.49554350027732));
#11866=CARTESIAN_POINT('Ctrl Pts',(-3.0384413478103,-1.89055029546197,-2.52423345860214));
#11867=CARTESIAN_POINT('Ctrl Pts',(-2.98608890365601,-1.89382084897943,
-2.58605813957137));
#11868=CARTESIAN_POINT('Ctrl Pts',(-2.9571909199736,-1.89561509564385,-2.61905428708329));
#11869=CARTESIAN_POINT('Ctrl Pts',(-2.82151509710632,-1.90396424512772,
-2.7688621905377));
#11870=CARTESIAN_POINT('Ctrl Pts',(-2.70832858058419,-1.91071429116953,
-2.87967009109953));
#11871=CARTESIAN_POINT('Ctrl Pts',(-2.46315234504127,-1.92452210906174,
-3.09241922570176));
#11872=CARTESIAN_POINT('Ctrl Pts',(-2.33073494231965,-1.93156162089446,
-3.19340795218221));
#11873=CARTESIAN_POINT('Ctrl Pts',(-2.13104248068965,-1.94147305883682,
-3.32664819484499));
#11874=CARTESIAN_POINT('Ctrl Pts',(-2.06861075108796,-1.94448208525631,
-3.36582534351592));
#11875=CARTESIAN_POINT('Ctrl Pts',(-1.94397023403408,-1.95031980959672,
-3.43926108073487));
#11876=CARTESIAN_POINT('Ctrl Pts',(-1.88186134928355,-1.95315002240297,
-3.47363430328801));
#11877=CARTESIAN_POINT('Ctrl Pts',(-1.69048944768085,-1.96165560062757,
-3.57290615236981));
#11878=CARTESIAN_POINT('Ctrl Pts',(-1.55855776769012,-1.96722448293357,
-3.63239759732023));
#11879=CARTESIAN_POINT('Ctrl Pts',(-1.27511943951725,-1.97884046989641,
-3.74191507014819));
#11880=CARTESIAN_POINT('Ctrl Pts',(-1.12324891055079,-1.9848679982732,-3.79027277681978));
#11881=CARTESIAN_POINT('Ctrl Pts',(-0.942806299051413,-1.99211794715847,
-3.83592746853007));
#11882=CARTESIAN_POINT('Ctrl Pts',(-0.916667875461944,-1.99317049884442,
-3.84225757118587));
#11883=CARTESIAN_POINT('Ctrl Pts',(-0.847968937424673,-1.99594706798326,
-3.85815389463569));
#11884=CARTESIAN_POINT('Ctrl Pts',(-0.805311620966544,-1.99768118880596,
-3.86728274342253));
#11885=CARTESIAN_POINT('Ctrl Pts',(-0.719626090307272,-2.0011990477853,
-3.8841406732685));
#11886=CARTESIAN_POINT('Ctrl Pts',(-0.676602858503926,-2.00298296606169,
-3.89186573625969));
#11887=CARTESIAN_POINT('Ctrl Pts',(-0.473587715320608,-2.01145833737109,
-3.92485017538357));
#11888=CARTESIAN_POINT('Ctrl Pts',(-0.312270717536526,-2.01835190752602,
-3.94096682610956));
#11889=CARTESIAN_POINT('Ctrl Pts',(-0.100299814315737,-2.02734728325487,
-3.94904494684797));
#11890=CARTESIAN_POINT('Ctrl Pts',(-0.0501495299009081,-2.02947172939173,
-3.9499999998717));
#11891=CARTESIAN_POINT('Ctrl Pts',(-1.01052219746651E-8,-2.03158858786422,
-3.95));
#11892=CARTESIAN_POINT('',(-0.916806857707114,-2.09785169959103,-3.84213029264511));
#11893=CARTESIAN_POINT('Ctrl Pts',(-0.916806857707114,-2.09785169959103,
-3.84213029264511));
#11894=CARTESIAN_POINT('Ctrl Pts',(-0.616749375460116,-2.11027854970886,
-3.91306444898061));
#11895=CARTESIAN_POINT('Ctrl Pts',(-0.308345801872907,-2.12270538790682,
-3.94820961160913));
#11896=CARTESIAN_POINT('Ctrl Pts',(2.82124540228099E-5,-2.13588606568755,
-3.94896905715543));
#11897=CARTESIAN_POINT('',(-1.48240806810585,-2.07389650285623,-3.66127932826965));
#11898=CARTESIAN_POINT('Ctrl Pts',(-1.48240806810585,-2.07389650285623,
-3.66127932826965));
#11899=CARTESIAN_POINT('Ctrl Pts',(-1.42148195465511,-2.07666581009219,
-3.68594758054976));
#11900=CARTESIAN_POINT('Ctrl Pts',(-1.35994824874221,-2.07941158208752,
-3.70909175250897));
#11901=CARTESIAN_POINT('Ctrl Pts',(-1.26638595006696,-2.08348464685219,
-3.74164101076751));
#11902=CARTESIAN_POINT('Ctrl Pts',(-1.23476950134877,-2.08484373945112,
-3.75219338183029));
#11903=CARTESIAN_POINT('Ctrl Pts',(-1.1711884899296,-2.08753752325038,-3.77252363291105));
#11904=CARTESIAN_POINT('Ctrl Pts',(-1.13922741793248,-2.08887052495911,
-3.78229796160401));
#11905=CARTESIAN_POINT('Ctrl Pts',(-1.04413015762353,-2.09278462686784,
-3.81006584714658));
#11906=CARTESIAN_POINT('Ctrl Pts',(-0.980664072389899,-2.09533119247068,
-3.82689272185077));
#11907=CARTESIAN_POINT('Ctrl Pts',(-0.916806857707115,-2.09785169959103,
-3.84213029264511));
#11908=CARTESIAN_POINT('',(-3.16168610751068,-1.98743278111029,-2.36775018901361));
#11909=CARTESIAN_POINT('Ctrl Pts',(-3.16168610751068,-1.98743278111029,
-2.36775018901361));
#11910=CARTESIAN_POINT('Ctrl Pts',(-2.73209813292056,-2.01625396755877,
-2.93950691810769));
#11911=CARTESIAN_POINT('Ctrl Pts',(-2.14457752512815,-2.04507526701447,
-3.39163320137969));
#11912=CARTESIAN_POINT('Ctrl Pts',(-1.48240806810585,-2.07389650285623,
-3.66127932826965));
#11913=CARTESIAN_POINT('',(-3.40888216546861,-1.96941687374316,-1.99550053418937));
#11914=CARTESIAN_POINT('Ctrl Pts',(-3.40888216546861,-1.96941687374316,
-1.99550053418937));
#11915=CARTESIAN_POINT('Ctrl Pts',(-3.38804218799718,-1.97113822165798,
-2.03110113980884));
#11916=CARTESIAN_POINT('Ctrl Pts',(-3.36664548757556,-1.97284778612316,
-2.06637362665717));
#11917=CARTESIAN_POINT('Ctrl Pts',(-3.327005877521,-1.97590558437627,-2.12946899117294));
#11918=CARTESIAN_POINT('Ctrl Pts',(-3.30895652745989,-1.97725953212876,
-2.15740887623547));
#11919=CARTESIAN_POINT('Ctrl Pts',(-3.27215784390336,-1.9799398501385,-2.21282379846621));
#11920=CARTESIAN_POINT('Ctrl Pts',(-3.25340999096991,-1.98126612657659,
-2.24029676723004));
#11921=CARTESIAN_POINT('Ctrl Pts',(-3.2106321222898,-1.9842137808641,-2.30131347111812));
#11922=CARTESIAN_POINT('Ctrl Pts',(-3.18641876647042,-1.98582909222804,
-2.33472436365516));
#11923=CARTESIAN_POINT('Ctrl Pts',(-3.16168610751068,-1.98743278111029,
-2.36775018901361));
#11924=CARTESIAN_POINT('',(-3.94949900231921,-1.88259661966055,0.0629097025870419));
#11925=CARTESIAN_POINT('Ctrl Pts',(-3.94949900231921,-1.88259661966055,
0.0629097025870419));
#11926=CARTESIAN_POINT('Ctrl Pts',(-3.95960855346751,-1.91153669868557,
-0.654960998621099));
#11927=CARTESIAN_POINT('Ctrl Pts',(-3.77067744687263,-1.94047684129353,
-1.37522541306081));
#11928=CARTESIAN_POINT('Ctrl Pts',(-3.40888216546861,-1.96941687374316,
-1.99550053418937));
#11929=CARTESIAN_POINT('',(-3.90368112299349,-1.86072917261872,0.603136543399836));
#11930=CARTESIAN_POINT('Ctrl Pts',(-3.90368112299349,-1.86072917261872,
0.603136543399836));
#11931=CARTESIAN_POINT('Ctrl Pts',(-3.91232199841612,-1.86310853254973,
0.547210198623393));
#11932=CARTESIAN_POINT('Ctrl Pts',(-3.91976020613315,-1.86546708099425,
0.491103450296939));
#11933=CARTESIAN_POINT('Ctrl Pts',(-3.92971576496123,-1.86918198296192,
0.401221987236162));
#11934=CARTESIAN_POINT('Ctrl Pts',(-3.93300885098721,-1.87055948801295,
0.367541357930714));
#11935=CARTESIAN_POINT('Ctrl Pts',(-3.93916087787737,-1.87348992836363,
0.295006667281549));
#11936=CARTESIAN_POINT('Ctrl Pts',(-3.94187860424699,-1.87503936185671,
0.256145520053215));
#11937=CARTESIAN_POINT('Ctrl Pts',(-3.94685268161888,-1.87860373248377,
0.165844606748763));
#11938=CARTESIAN_POINT('Ctrl Pts',(-3.94867902874561,-1.88060779662375,
0.114388006849511));
#11939=CARTESIAN_POINT('Ctrl Pts',(-3.94949900231921,-1.88259661966055,
0.0629097025870418));
#11940=CARTESIAN_POINT('',(-3.03517846566001,-1.77460830205338,2.52788284570186));
#11941=CARTESIAN_POINT('Ctrl Pts',(-3.03517846566001,-1.77460830205338,
2.52788284570186));
#11942=CARTESIAN_POINT('Ctrl Pts',(-3.48965244868787,-1.8033153442208,1.97966338489694));
#11943=CARTESIAN_POINT('Ctrl Pts',(-3.79357138198689,-1.83202222470395,
1.30686774287178));
#11944=CARTESIAN_POINT('Ctrl Pts',(-3.90368112299349,-1.86072917261872,
0.603136543399836));
#11945=CARTESIAN_POINT('',(-2.56061633224992,-1.7473749638577,3.00761433681497));
#11946=CARTESIAN_POINT('Ctrl Pts',(-2.56061633224992,-1.7473749638577,3.00761433681497));
#11947=CARTESIAN_POINT('Ctrl Pts',(-2.59671247694247,-1.74938631715532,
2.97688287749866));
#11948=CARTESIAN_POINT('Ctrl Pts',(-2.63225298521813,-1.75138547164737,
2.94550364125863));
#11949=CARTESIAN_POINT('Ctrl Pts',(-2.69219129177926,-1.75477873996787,
2.89063179481304));
#11950=CARTESIAN_POINT('Ctrl Pts',(-2.71686754441776,-1.75618228495897,
2.86745129606456));
#11951=CARTESIAN_POINT('Ctrl Pts',(-2.76380549494025,-1.75885992914022,
2.82220856873677));
#11952=CARTESIAN_POINT('Ctrl Pts',(-2.78610900960609,-1.76013575177027,
2.8001926252652));
#11953=CARTESIAN_POINT('Ctrl Pts',(-2.83015769301931,-1.76265861715979,
2.75566449373987));
#11954=CARTESIAN_POINT('Ctrl Pts',(-2.85190157593964,-1.76390614099928,
2.73315510531208));
#11955=CARTESIAN_POINT('Ctrl Pts',(-2.89655653068006,-1.76647830603853,
2.68581486868112));
#11956=CARTESIAN_POINT('Ctrl Pts',(-2.91942118280961,-1.76780109313181,
2.66094367846525));
#11957=CARTESIAN_POINT('Ctrl Pts',(-2.97368192268549,-1.77096216466892,
2.60037980782087));
#11958=CARTESIAN_POINT('Ctrl Pts',(-3.00475842378318,-1.77279091352158,
2.56440758267139));
#11959=CARTESIAN_POINT('Ctrl Pts',(-3.03517846566001,-1.77460830205338,
2.52788284570186));
#11960=CARTESIAN_POINT('',(-0.623300517105636,-1.66035169960017,3.90051233370385));
#11961=CARTESIAN_POINT('Ctrl Pts',(-0.623300517105636,-1.66035169960017,
3.90051233370385));
#11962=CARTESIAN_POINT('Ctrl Pts',(-1.33376717845064,-1.6893594411041,3.78545006668572));
#11963=CARTESIAN_POINT('Ctrl Pts',(-2.01162201569448,-1.71836711765868,
3.47281957411671));
#11964=CARTESIAN_POINT('Ctrl Pts',(-2.56061633224992,-1.7473749638577,3.00761433681497));
#11965=CARTESIAN_POINT('',(-0.0315444676641459,-1.63639650287349,3.94987404186004));
#11966=CARTESIAN_POINT('Ctrl Pts',(-0.0315444676641464,-1.63639650287349,
3.94987404186004));
#11967=CARTESIAN_POINT('Ctrl Pts',(-0.0972729883061324,-1.63916581010846,
3.94934912102155));
#11968=CARTESIAN_POINT('Ctrl Pts',(-0.162979610899536,-1.64191158210278,
3.94718361800094));
#11969=CARTESIAN_POINT('Ctrl Pts',(-0.261875965497741,-1.64598464686606,
3.94145046990043));
#11970=CARTESIAN_POINT('Ctrl Pts',(-0.295123972927006,-1.64734373946458,
3.93910049842794));
#11971=CARTESIAN_POINT('Ctrl Pts',(-0.361645218277941,-1.65003752326303,
3.93355180160527));
#11972=CARTESIAN_POINT('Ctrl Pts',(-0.394913872176535,-1.65137052497136,
3.93035113109311));
#11973=CARTESIAN_POINT('Ctrl Pts',(-0.493398594288775,-1.6552846268788,
3.91961316621966));
#11974=CARTESIAN_POINT('Ctrl Pts',(-0.558472977588481,-1.65783119248073,
3.91087175201784));
#11975=CARTESIAN_POINT('Ctrl Pts',(-0.623300517105636,-1.66035169960017,
3.90051233370385));
#11976=CARTESIAN_POINT('',(-0.000121514077175274,-1.63517201408629,3.94996766031666));
#11977=CARTESIAN_POINT('Ctrl Pts',(-0.000121514077175274,-1.63517201408629,
3.94996766031666));
#11978=CARTESIAN_POINT('Ctrl Pts',(-0.0105968607726313,-1.63555207001874,
3.94995715197862));
#11979=CARTESIAN_POINT('Ctrl Pts',(-0.021070757099331,-1.63597428645294,
3.94993675256457));
#11980=CARTESIAN_POINT('Ctrl Pts',(-0.0315444676641459,-1.63639650287349,
3.94987404186004));
#11981=CARTESIAN_POINT('',(2.01491831402692,-1.54993278109229,3.39744082918463));
#11982=CARTESIAN_POINT('Ctrl Pts',(2.01491831402692,-1.54993278109229,3.39744082918463));
#11983=CARTESIAN_POINT('Ctrl Pts',(1.40824848461277,-1.57833175185579,3.75594892501157));
#11984=CARTESIAN_POINT('Ctrl Pts',(0.704360739696603,-1.60673083233944,
3.94846703021595));
#11985=CARTESIAN_POINT('Ctrl Pts',(-0.000121514077175274,-1.63517201408629,
3.94996766031666));
#11986=CARTESIAN_POINT('',(2.38575146715252,-1.5319168737712,3.14812482868467));
#11987=CARTESIAN_POINT('Ctrl Pts',(2.38575146715243,-1.53191687377135,3.14812482868453));
#11988=CARTESIAN_POINT('Ctrl Pts',(2.35287407660327,-1.53363822168345,3.17304038540709));
#11989=CARTESIAN_POINT('Ctrl Pts',(2.31960790674599,-1.53534778614531,3.197439751256));
#11990=CARTESIAN_POINT('Ctrl Pts',(2.2588401318355,-1.53840558439044,3.24056284497432));
#11991=CARTESIAN_POINT('Ctrl Pts',(2.23147257571765,-1.53975953213827,3.2594687456227));
#11992=CARTESIAN_POINT('Ctrl Pts',(2.17626865291043,-1.54243985012893,3.29658321126768));
#11993=CARTESIAN_POINT('Ctrl Pts',(2.14843444562949,-1.54376612655279,3.31479043189953));
#11994=CARTESIAN_POINT('Ctrl Pts',(2.08556276684663,-1.54671378083166,3.35479213403487));
#11995=CARTESIAN_POINT('Ctrl Pts',(2.0504067478552,-1.54832909220086,3.3763937237727));
#11996=CARTESIAN_POINT('Ctrl Pts',(2.0149183140262,-1.54993278109365,3.39744082918331));
#11997=CARTESIAN_POINT('',(3.67293579256736,-1.4450966196895,1.45328684838113));
#11998=CARTESIAN_POINT('Ctrl Pts',(3.67293579256736,-1.4450966196895,1.45328684838113));
#11999=CARTESIAN_POINT('Ctrl Pts',(3.40755857590326,-1.47403669871433,2.12038165389776));
#12000=CARTESIAN_POINT('Ctrl Pts',(2.95737573503418,-1.50297684132174,2.71351839995762));
#12001=CARTESIAN_POINT('Ctrl Pts',(2.38575146715252,-1.5319168737712,3.14812482868467));
#12002=CARTESIAN_POINT('',(3.83734145346087,-1.42322917264193,0.936648583808699));
#12003=CARTESIAN_POINT('Ctrl Pts',(3.83734145346087,-1.42322917264193,0.936648583808699));
#12004=CARTESIAN_POINT('Ctrl Pts',(3.82392249581498,-1.42560853257392,0.991624508960258));
#12005=CARTESIAN_POINT('Ctrl Pts',(3.80932338064093,-1.42796708101939,1.04630686425319));
#12006=CARTESIAN_POINT('Ctrl Pts',(3.78412497086611,-1.43168198298809,1.13315633576938));
#12007=CARTESIAN_POINT('Ctrl Pts',(3.77427836681161,-1.4330594880392,1.16553338929065));
#12008=CARTESIAN_POINT('Ctrl Pts',(3.75220427414201,-1.43598992839016,1.23490098414855));
#12009=CARTESIAN_POINT('Ctrl Pts',(3.73984360869496,-1.43753936188344,1.27184403154138));
#12010=CARTESIAN_POINT('Ctrl Pts',(3.70988239350074,-1.44110373251139,1.35717469412929));
#12011=CARTESIAN_POINT('Ctrl Pts',(3.69187812994837,-1.44310779665203,1.40541330638968));
#12012=CARTESIAN_POINT('Ctrl Pts',(3.67293579256736,-1.4450966196895,1.45328684838113));
#12013=CARTESIAN_POINT('',(3.77151814581139,-1.33710830203433,-1.17394670910372));
#12014=CARTESIAN_POINT('Ctrl Pts',(3.77151814581139,-1.33710830203433,-1.17394670910372));
#12015=CARTESIAN_POINT('Ctrl Pts',(3.98160285202377,-1.36581534421593,-0.49353830588711));
#12016=CARTESIAN_POINT('Ctrl Pts',(4.00491958847391,-1.39452222471299,0.244348558284176));
#12017=CARTESIAN_POINT('Ctrl Pts',(3.83734145346087,-1.42322917264193,0.936648583808699));
#12018=CARTESIAN_POINT('',(3.51666519745872,-1.30987496384312,-1.7987678807958));
#12019=CARTESIAN_POINT('Ctrl Pts',(3.51666519745872,-1.30987496384312,-1.7987678807958));
#12020=CARTESIAN_POINT('Ctrl Pts',(3.53825326641314,-1.31188631714067,-1.75656231798646));
#12021=CARTESIAN_POINT('Ctrl Pts',(3.55908010075798,-1.31388547163265,-1.71397092018681));
#12022=CARTESIAN_POINT('Ctrl Pts',(3.59345732887069,-1.31727873995303,-1.64033854746561));
#12023=CARTESIAN_POINT('Ctrl Pts',(3.60738442079969,-1.31868228494407,-1.60947936606359));
#12024=CARTESIAN_POINT('Ctrl Pts',(3.63343579040064,-1.32135992912461,-1.54971816029491));
#12025=CARTESIAN_POINT('Ctrl Pts',(3.64561641428567,-1.32263575175403,-1.52084289520246));
#12026=CARTESIAN_POINT('Ctrl Pts',(3.66927191311077,-1.32515861714235,-1.46284756453654));
#12027=CARTESIAN_POINT('Ctrl Pts',(3.68074667147202,-1.32640614098127,-1.43373057754489));
#12028=CARTESIAN_POINT('Ctrl Pts',(3.70388614594148,-1.32897830602006,-1.37290519052));
#12029=CARTESIAN_POINT('Ctrl Pts',(3.71549253762746,-1.33030109311341,-1.34117728337323));
#12030=CARTESIAN_POINT('Ctrl Pts',(3.7424461347297,-1.33346216465037,-1.26445887670383));
#12031=CARTESIAN_POINT('Ctrl Pts',(3.75739110344935,-1.33529091350279,-1.21933241205078));
#12032=CARTESIAN_POINT('Ctrl Pts',(3.77151814581139,-1.33710830203433,-1.17394670910372));
#12033=CARTESIAN_POINT('',(2.06851603815396,-1.22285169959784,-3.36507673016528));
#12034=CARTESIAN_POINT('Ctrl Pts',(2.06851603815396,-1.22285169959784,-3.36507673016528));
#12035=CARTESIAN_POINT('Ctrl Pts',(2.68086922174348,-1.2518594410975,-2.98688923622025));
#12036=CARTESIAN_POINT('Ctrl Pts',(3.18748692188155,-1.28086711764804,-2.43865250724374));
#12037=CARTESIAN_POINT('Ctrl Pts',(3.51666519745872,-1.30987496384312,-1.7987678807958));
#12038=CARTESIAN_POINT('',(1.54069464375058,-1.19889650287195,-3.63713623812998));
#12039=CARTESIAN_POINT('Ctrl Pts',(1.54069464375058,-1.19889650287195,-3.63713623812998));
#12040=CARTESIAN_POINT('Ctrl Pts',(1.60121900017153,-1.20166581010719,-3.61149805862583));
#12041=CARTESIAN_POINT('Ctrl Pts',(1.66109530181295,-1.20441158210176,-3.58435255884235));
#12042=CARTESIAN_POINT('Ctrl Pts',(1.75026963887072,-1.2084846468649,-3.54120982423104));
#12043=CARTESIAN_POINT('Ctrl Pts',(1.78008749727477,-1.20984373946305,-3.52631527208742));
#12044=CARTESIAN_POINT('Ctrl Pts',(1.83942171997084,-1.21253752326075,-3.49573236617368));
#12045=CARTESIAN_POINT('Ctrl Pts',(1.86893310479651,-1.2138705249687,-3.48004396953794));
#12046=CARTESIAN_POINT('Ctrl Pts',(1.95581188256522,-1.21778462687598,-3.43243491208008));
#12047=CARTESIAN_POINT('Ctrl Pts',(2.01258757900249,-1.22033119247815,-3.39945601005123));
#12048=CARTESIAN_POINT('Ctrl Pts',(2.06851603815396,-1.22285169959784,-3.36507673016528));
#12049=CARTESIAN_POINT('Ctrl Pts',(1.49398965062012E-5,-1.13558289387017,
-3.94937860029003));
#12050=CARTESIAN_POINT('Ctrl Pts',(0.527426038227573,-1.15638799248188,
-3.9476252672364));
#12051=CARTESIAN_POINT('Ctrl Pts',(1.05479351308697,-1.17764226497469,-3.84182001168766));
#12052=CARTESIAN_POINT('Ctrl Pts',(1.54069464375058,-1.19889650287195,-3.63713623812998));
#12053=CARTESIAN_POINT('Origin',(0.,2.,0.));
#12054=CARTESIAN_POINT('',(-7.38296228646488E-17,2.,0.602864621179363));
#12055=CARTESIAN_POINT('Origin',(0.,2.,0.));
#12056=CARTESIAN_POINT('',(-3.18408167778312E-16,0.800000000000005,2.6));
#12057=CARTESIAN_POINT('',(-7.38296228646489E-17,2.,0.602864621179363));
#12058=CARTESIAN_POINT('Origin',(0.,0.800000000000005,0.));
#12059=CARTESIAN_POINT('Origin',(0.,8.,0.));
#12060=CARTESIAN_POINT('',(-5.51091059616309E-16,0.,4.5));
#12061=CARTESIAN_POINT('Origin',(0.,0.,0.));
#12062=CARTESIAN_POINT('',(-5.51091059616309E-16,0.5,4.5));
#12063=CARTESIAN_POINT('',(-5.51091059616309E-16,8.,4.5));
#12064=CARTESIAN_POINT('',(-3.30870065131314,0.5,3.05));
#12065=CARTESIAN_POINT('Origin',(0.,0.5,0.));
#12066=CARTESIAN_POINT('',(-3.30870065131314,8.5217096108281,3.05));
#12067=CARTESIAN_POINT('',(-3.30870065131314,8.,3.05));
#12068=CARTESIAN_POINT('',(-3.30870065131314,8.5217096108281,-3.05));
#12069=CARTESIAN_POINT('Ctrl Pts',(-3.30870065131314,8.5217096108281,3.05));
#12070=CARTESIAN_POINT('Ctrl Pts',(-3.65117059600314,8.39822453756255,2.67848179375378));
#12071=CARTESIAN_POINT('Ctrl Pts',(-3.94667278422023,8.2688311329517,2.22687212610378));
#12072=CARTESIAN_POINT('Ctrl Pts',(-4.38325984436187,8.06343887925481,1.18141692393873));
#12073=CARTESIAN_POINT('Ctrl Pts',(-4.5,8.00000000000002,0.57519490078732));
#12074=CARTESIAN_POINT('Ctrl Pts',(-4.5,8.00000000000002,0.));
#12075=CARTESIAN_POINT('Ctrl Pts',(-4.5,8.00000000000002,-0.575194900787321));
#12076=CARTESIAN_POINT('Ctrl Pts',(-4.38325984436187,8.06343887925481,-1.18141692393873));
#12077=CARTESIAN_POINT('Ctrl Pts',(-3.94667278422023,8.2688311329517,-2.22687212610378));
#12078=CARTESIAN_POINT('Ctrl Pts',(-3.65117059600314,8.39822453756255,-2.67848179375378));
#12079=CARTESIAN_POINT('Ctrl Pts',(-3.30870065131314,8.5217096108281,-3.05));
#12080=CARTESIAN_POINT('',(-3.30870065131314,0.5,-3.05));
#12081=CARTESIAN_POINT('',(-3.30870065131314,8.,-3.05));
#12082=CARTESIAN_POINT('',(3.30870065131314,0.5,-3.05));
#12083=CARTESIAN_POINT('Origin',(0.,0.5,0.));
#12084=CARTESIAN_POINT('',(3.30870065131314,8.5217096108281,-3.05));
#12085=CARTESIAN_POINT('',(3.30870065131314,8.,-3.05));
#12086=CARTESIAN_POINT('',(3.30870065131314,8.5217096108281,3.05));
#12087=CARTESIAN_POINT('Ctrl Pts',(3.30870065131314,8.5217096108281,-3.05));
#12088=CARTESIAN_POINT('Ctrl Pts',(3.65117059600314,8.39822453756255,-2.67848179375378));
#12089=CARTESIAN_POINT('Ctrl Pts',(3.94667278422023,8.2688311329517,-2.22687212610378));
#12090=CARTESIAN_POINT('Ctrl Pts',(4.38325984436187,8.06343887925481,-1.18141692393873));
#12091=CARTESIAN_POINT('Ctrl Pts',(4.5,8.00000000000002,-0.57519490078732));
#12092=CARTESIAN_POINT('Ctrl Pts',(4.5,8.00000000000002,0.57519490078732));
#12093=CARTESIAN_POINT('Ctrl Pts',(4.38325984436187,8.06343887925481,1.18141692393873));
#12094=CARTESIAN_POINT('Ctrl Pts',(3.94667278422023,8.2688311329517,2.22687212610378));
#12095=CARTESIAN_POINT('Ctrl Pts',(3.65117059600314,8.39822453756255,2.67848179375378));
#12096=CARTESIAN_POINT('Ctrl Pts',(3.30870065131314,8.5217096108281,3.05));
#12097=CARTESIAN_POINT('',(3.30870065131314,0.5,3.05));
#12098=CARTESIAN_POINT('',(3.30870065131314,8.,3.05));
#12099=CARTESIAN_POINT('Origin',(0.,0.5,0.));
#12100=CARTESIAN_POINT('Origin',(0.,4.5,-11.95));
#12101=CARTESIAN_POINT('',(-2.1,4.5,-3.05));
#12102=CARTESIAN_POINT('Origin',(0.,4.5,-3.05));
#12103=CARTESIAN_POINT('',(-2.1,4.5,3.05));
#12104=CARTESIAN_POINT('',(-2.1,4.5,-11.95));
#12105=CARTESIAN_POINT('Origin',(0.,4.5,3.05));
#12106=CARTESIAN_POINT('Origin',(0.,0.,0.));
#12107=CARTESIAN_POINT('',(-3.9801020972289E-16,-1.,3.25));
#12108=CARTESIAN_POINT('Origin',(0.,-1.,0.));
#12109=CARTESIAN_POINT('',(-3.9801020972289E-16,0.,3.25));
#12110=CARTESIAN_POINT('',(-3.9801020972289E-16,0.,3.25));
#12111=CARTESIAN_POINT('Origin',(0.,0.,0.));
#12112=CARTESIAN_POINT('Origin',(0.,2.,0.));
#12113=CARTESIAN_POINT('',(-3.18408167778312E-16,-5.,2.6));
#12114=CARTESIAN_POINT('',(-3.18408167778312E-16,2.,2.6));
#12115=CARTESIAN_POINT('Origin',(0.,-5.,0.));
#12116=CARTESIAN_POINT('Origin',(0.,-5.,0.));
#12117=CARTESIAN_POINT('',(-0.561397472837365,-1.11243278106805,-3.90990190126342));
#12118=CARTESIAN_POINT('Ctrl Pts',(-0.561397472837365,-1.11243278106805,
-3.90990190126342));
#12119=CARTESIAN_POINT('Ctrl Pts',(-0.375497372104541,-1.11999976606355,
-3.93629559540033));
#12120=CARTESIAN_POINT('Ctrl Pts',(-0.187730330277324,-1.12756675884887,
-3.94916019490979));
#12121=CARTESIAN_POINT('Ctrl Pts',(1.49398965062012E-5,-1.13558289387017,
-3.94937860029003));
#12122=CARTESIAN_POINT('',(-0.999411736002364,-1.09441687373802,-3.82147565502395));
#12123=CARTESIAN_POINT('Ctrl Pts',(-0.999411736002364,-1.09441687373802,
-3.82147565502395));
#12124=CARTESIAN_POINT('Ctrl Pts',(-0.959502217045373,-1.09613822164939,
-3.83191299526224));
#12125=CARTESIAN_POINT('Ctrl Pts',(-0.919431050523483,-1.09784778611117,
-3.84172465792171));
#12126=CARTESIAN_POINT('Ctrl Pts',(-0.846786453491755,-1.10090558435812,
-3.85831038093159));
#12127=CARTESIAN_POINT('Ctrl Pts',(-0.814267153545098,-1.10225953210781,
-3.86530404528955));
#12128=CARTESIAN_POINT('Ctrl Pts',(-0.749062287983151,-1.1049398501012,
-3.87846771382402));
#12129=CARTESIAN_POINT('Ctrl Pts',(-0.716379231867378,-1.10626612652591,
-3.88463730233988));
#12130=CARTESIAN_POINT('Ctrl Pts',(-0.642985385956156,-1.10921378080628,
-3.89753410639181));
#12131=CARTESIAN_POINT('Ctrl Pts',(-0.60223888904441,-1.11082909217611,
-3.90403774701339));
#12132=CARTESIAN_POINT('Ctrl Pts',(-0.561397472837203,-1.11243278106938,
-3.90990190126197));
#12133=CARTESIAN_POINT('',(-2.83720140373503,-1.00759661968346,-2.74823364993662));
#12134=CARTESIAN_POINT('Ctrl Pts',(-2.83720140373503,-1.00759661968346,
-2.74823364993662));
#12135=CARTESIAN_POINT('Ctrl Pts',(-2.33673869515362,-1.03653669869909,
-3.2629934227105));
#12136=CARTESIAN_POINT('Ctrl Pts',(-1.69384037700506,-1.06547684129746,
-3.63870280759233));
#12137=CARTESIAN_POINT('Ctrl Pts',(-0.999411736002364,-1.09441687373802,
-3.82147565502395));
#12138=CARTESIAN_POINT('',(-2.96520921355209,-1.00011312961397,-2.60979210294539));
#12139=CARTESIAN_POINT('Ctrl Pts',(-2.96511406109551,-1.00022625922794,
-2.60971236052821));
#12140=CARTESIAN_POINT('Ctrl Pts',(-2.94434061695903,-1.00147249052856,
-2.63331482041539));
#12141=CARTESIAN_POINT('Ctrl Pts',(-2.92328585500575,-1.0027085903668,-2.65666867837725));
#12142=CARTESIAN_POINT('Ctrl Pts',(-2.88064317404688,-1.00516395580799,
-2.70284695520684));
#12143=CARTESIAN_POINT('Ctrl Pts',(-2.85905734763335,-1.0063831474812,-2.7256701700412));
#12144=CARTESIAN_POINT('Ctrl Pts',(-2.83720140373503,-1.00759661968346,
-2.74823364993662));
#12145=CARTESIAN_POINT('',(-0.760040814972338,-1.,-3.87618858668739));
#12146=CARTESIAN_POINT('Origin',(0.,-1.,0.));
#12147=CARTESIAN_POINT('Ctrl Pts',(-0.760040814972753,-1.00000000000118,
-3.87618858668868));
#12148=CARTESIAN_POINT('Ctrl Pts',(-0.664570791327948,-1.00369913338691,
-3.89490829367756));
#12149=CARTESIAN_POINT('Ctrl Pts',(-0.56845386424646,-1.00742500675943,
-3.91009260932167));
#12150=CARTESIAN_POINT('Ctrl Pts',(-0.441237453662969,-1.01245239022378,
-3.92539950625294));
#12151=CARTESIAN_POINT('Ctrl Pts',(-0.410566582386964,-1.01367154564708,
-3.92872583062687));
#12152=CARTESIAN_POINT('Ctrl Pts',(-0.344598288714508,-1.01631623273735,
-3.93509938344062));
#12153=CARTESIAN_POINT('Ctrl Pts',(-0.309290918387933,-1.01774716107454,
-3.9380317644218));
#12154=CARTESIAN_POINT('Ctrl Pts',(-0.213338554599629,-1.0216697518843,
-3.9447025374162));
#12155=CARTESIAN_POINT('Ctrl Pts',(-0.152639632801606,-1.02418769855232,
-3.94751722884945));
#12156=CARTESIAN_POINT('Ctrl Pts',(-0.0612675154356169,-1.02801252199649,
-3.94964368461487));
#12157=CARTESIAN_POINT('Ctrl Pts',(-0.0306316580622996,-1.02930078811845,
-3.94999999984183));
#12158=CARTESIAN_POINT('Ctrl Pts',(-2.03967789208727E-8,-1.03059317190329,
-3.95));
#12159=CARTESIAN_POINT('Origin',(3.30870065131314,8.,3.05));
#12160=CARTESIAN_POINT('Origin',(0.,-0.654545454545451,3.05));
#12161=CARTESIAN_POINT('',(3.30870065131314,0.5,3.05));
#12162=CARTESIAN_POINT('Origin',(-3.30870065131314,8.,-3.05));
#12163=CARTESIAN_POINT('Origin',(0.,-0.654545454545451,-3.05));
#12164=CARTESIAN_POINT('',(-3.30870065131314,0.5,-3.05));
#12165=CARTESIAN_POINT('Origin',(0.,-0.654545454545451,3.05));
#12166=CARTESIAN_POINT('Ctrl Pts',(24.5402741839169,0.897024862541924,-21.3415021078452));
#12167=CARTESIAN_POINT('Ctrl Pts',(20.745795339961,0.66885332198924,-17.1269470476773));
#12168=CARTESIAN_POINT('Ctrl Pts',(16.9513164959652,0.440681781448818,-12.9123919875245));
#12169=CARTESIAN_POINT('Ctrl Pts',(11.2595982300091,0.0984244706279146,
-6.59055939729548));
#12170=CARTESIAN_POINT('Ctrl Pts',(9.3623588080186,-0.0156612996450064,
-4.48328186721326));
#12171=CARTESIAN_POINT('Ctrl Pts',(6.51649967504054,-0.186789955055458,
-1.32236557209599));
#12172=CARTESIAN_POINT('Ctrl Pts',(5.56787996404647,-0.243832840191922,
-0.26872680705605));
#12173=CARTESIAN_POINT('Ctrl Pts',(4.14495039755559,-0.329397167897148,
1.31173134050305));
#12174=CARTESIAN_POINT('Ctrl Pts',(3.67064054205871,-0.357918610465534,
1.83855072302318));
#12175=CARTESIAN_POINT('Ctrl Pts',(2.95917575881396,-0.400700774317916,
2.62877979680227));
#12176=CARTESIAN_POINT('Ctrl Pts',(2.72045435727311,-0.414983122833475,
2.89363607691773));
#12177=CARTESIAN_POINT('Ctrl Pts',(2.15725374685544,-0.443746126110212,
3.33395666201801));
#12178=CARTESIAN_POINT('Ctrl Pts',(1.84468573192255,-0.458194224864069,
3.51724403939095));
#12179=CARTESIAN_POINT('Ctrl Pts',(0.675526445323881,-0.509138290485953,
4.0020949633414));
#12180=CARTESIAN_POINT('Ctrl Pts',(-0.280894469667037,-0.545522120204098,
4.04762425547038));
#12181=CARTESIAN_POINT('Ctrl Pts',(-2.01551877343093,-0.618451144398713,
3.52260450015424));
#12182=CARTESIAN_POINT('Ctrl Pts',(-2.7852514609499,-0.654906500442193,
2.95087109476659));
#12183=CARTESIAN_POINT('Ctrl Pts',(-3.79225297765958,-0.727821673009854,
1.44405401984198));
#12184=CARTESIAN_POINT('Ctrl Pts',(-4.02562608953822,-0.764281668739059,
0.514015214353731));
#12185=CARTESIAN_POINT('Ctrl Pts',(-3.84715667544021,-0.837197810067105,
-1.28937496033685));
#12186=CARTESIAN_POINT('Ctrl Pts',(-3.43778781474331,-0.873654129731194,
-2.1564856510228));
#12187=CARTESIAN_POINT('Ctrl Pts',(-2.15627130298809,-0.946574756582353,
-3.43758760051357));
#12188=CARTESIAN_POINT('Ctrl Pts',(-1.28936220562878,-0.983031032368197,
-3.84717336490552));
#12189=CARTESIAN_POINT('Ctrl Pts',(0.514020815536525,-1.05594720526848,
-4.0257065886939));
#12190=CARTESIAN_POINT('Ctrl Pts',(1.44398929962346,-1.09240712496715,-3.79212656804857));
#12191=CARTESIAN_POINT('Ctrl Pts',(2.95097127771839,-1.16532176263938,-2.78536761260857));
#12192=CARTESIAN_POINT('Ctrl Pts',(3.52248767716268,-1.20178167856306,-2.01542833347527));
#12193=CARTESIAN_POINT('Ctrl Pts',(4.04773214122897,-1.27469785671607,-0.281017020074569));
#12194=CARTESIAN_POINT('Ctrl Pts',(4.00135307439026,-1.31115412352903,0.676748648286737));
#12195=CARTESIAN_POINT('Ctrl Pts',(3.30764271582313,-1.3840747641063,2.35074734080908));
#12196=CARTESIAN_POINT('Ctrl Pts',(2.66346485680321,-1.42053103139916,3.06090720219089));
#12197=CARTESIAN_POINT('Ctrl Pts',(1.06567790409831,-1.49344720574459,3.91597515557169));
#12198=CARTESIAN_POINT('Ctrl Pts',(0.117111851314895,-1.52990712490339,
4.05605890429787));
#12199=CARTESIAN_POINT('Ctrl Pts',(-1.66042792616394,-1.60282176263284,
3.7026319451199));
#12200=CARTESIAN_POINT('Ctrl Pts',(-2.48308323614091,-1.63928167856247,
3.21001066132379));
#12201=CARTESIAN_POINT('Ctrl Pts',(-3.63207632061022,-1.71219785671179,
1.80862590232965));
#12202=CARTESIAN_POINT('Ctrl Pts',(-3.95574870335067,-1.74865412352924,
0.906017303792057));
#12203=CARTESIAN_POINT('Ctrl Pts',(-3.95545546701804,-1.82157476410608,
-0.906027286736878));
#12204=CARTESIAN_POINT('Ctrl Pts',(-3.63207914104655,-1.85803103139919,
-1.80864564163921));
#12205=CARTESIAN_POINT('Ctrl Pts',(-2.48313681743857,-1.93094720574461,
-3.21007201791656));
#12206=CARTESIAN_POINT('Ctrl Pts',(-1.6603837858159,-1.96740712490359,-3.7024930391084));
#12207=CARTESIAN_POINT('Ctrl Pts',(0.117099474649836,-2.04032176263264,
-4.05620412849885));
#12208=CARTESIAN_POINT('Ctrl Pts',(1.0656518815911,-2.07678167856267,-3.91589796479457));
#12209=CARTESIAN_POINT('Ctrl Pts',(2.66346980496025,-2.14969785671159,-3.0608878861153));
#12210=CARTESIAN_POINT('Ctrl Pts',(3.30791745118596,-2.18615412352944,-2.35085033444387));
#12211=CARTESIAN_POINT('Ctrl Pts',(4.00108597964324,-2.25907476410588,-0.6766272085754));
#12212=CARTESIAN_POINT('Ctrl Pts',(4.04774230095082,-2.29553103139899,0.281034177557342));
#12213=CARTESIAN_POINT('Ctrl Pts',(3.52256066001005,-2.36844720574481,2.01546451491237));
#12214=CARTESIAN_POINT('Ctrl Pts',(2.95087734034338,-2.40490712490359,2.78525617190357));
#12215=CARTESIAN_POINT('Ctrl Pts',(1.44405631036996,-2.47782176263264,3.79225600288987));
#12216=CARTESIAN_POINT('Ctrl Pts',(0.514015311774917,-2.51428167856267,
4.02562530082993));
#12217=CARTESIAN_POINT('Ctrl Pts',(-1.28937415592132,-2.58719785671159,
3.8471574362566));
#12218=CARTESIAN_POINT('Ctrl Pts',(-2.15648575342693,-2.62365412352964,
3.43778771219141));
#12219=CARTESIAN_POINT('Ctrl Pts',(-3.43758742180012,-2.69657476410569,
2.15627134501955));
#12220=CARTESIAN_POINT('Ctrl Pts',(-3.84717338840548,-2.73303103139919,
1.28936219247121));
#12221=CARTESIAN_POINT('Ctrl Pts',(-4.02570657419211,-2.80594720574462,
-0.514020809738842));
#12222=CARTESIAN_POINT('Ctrl Pts',(-3.79212656957314,-2.84240712490379,
-1.44398930092508));
#12223=CARTESIAN_POINT('Ctrl Pts',(-2.7853676125391,-2.91532176263245,-2.95097127773861));
#12224=CARTESIAN_POINT('Ctrl Pts',(-2.01542833348698,-2.95178167856227,
-3.52248767719396));
#12225=CARTESIAN_POINT('Ctrl Pts',(-0.281017020147404,-3.02469785671199,
-4.04773214130106));
#12226=CARTESIAN_POINT('Ctrl Pts',(0.676748648294987,-3.06115412352905,
-4.00135307438047));
#12227=CARTESIAN_POINT('Ctrl Pts',(2.35074734080124,-3.13407476410628,-3.30764271583347));
#12228=CARTESIAN_POINT('Ctrl Pts',(3.06090720219407,-3.17053103139958,-2.66346485680224));
#12229=CARTESIAN_POINT('Ctrl Pts',(3.91597515556938,-3.24344720574422,-1.06567790409832));
#12230=CARTESIAN_POINT('Ctrl Pts',(4.05605890430308,-3.27990712490415,-0.117111851313374));
#12231=CARTESIAN_POINT('Ctrl Pts',(3.70263194511477,-3.35282176263208,1.66042792616261));
#12232=CARTESIAN_POINT('Ctrl Pts',(3.2100106613241,-3.38928167856245,2.48308323614202));
#12233=CARTESIAN_POINT('Ctrl Pts',(1.80862590232919,-3.46219785671182,3.63207632060921));
#12234=CARTESIAN_POINT('Ctrl Pts',(0.906017303794428,-3.49865412352944,
3.95574870334792));
#12235=CARTESIAN_POINT('Ctrl Pts',(-0.853233423557855,-3.56945022349479,
3.95546401045212));
#12236=CARTESIAN_POINT('Ctrl Pts',(-1.70389549370174,-3.60378272798465,
3.66979268569698));
#12237=CARTESIAN_POINT('Ctrl Pts',(-3.0658844008584,-3.67244914104889,2.64132502091893));
#12238=CARTESIAN_POINT('Ctrl Pts',(-3.57618653543862,-3.70700763201521,
1.89517388050005));
#12239=CARTESIAN_POINT('Ctrl Pts',(-3.9032275021616,-3.75571564942329,0.730538587693484));
#12240=CARTESIAN_POINT('Ctrl Pts',(-3.95147131135902,-3.77036963178818,
0.366438423209883));
#12241=CARTESIAN_POINT('Ctrl Pts',(-3.94852977255655,-3.79990997699926,
-0.366438423259949));
#12242=CARTESIAN_POINT('Ctrl Pts',(-3.89938003823789,-3.81457808886037,
-0.730319660678966));
#12243=CARTESIAN_POINT('Ctrl Pts',(-3.47906029453925,-3.87668866846541,
-2.21383290952936));
#12244=CARTESIAN_POINT('Ctrl Pts',(-2.60896253717838,-3.92481669869786,
-3.19600858976098));
#12245=CARTESIAN_POINT('Ctrl Pts',(-0.67584437243258,-4.00911028997122,
-3.99636627266125));
#12246=CARTESIAN_POINT('Ctrl Pts',(0.280702069408273,-4.04556827621961,
-4.04297316778639));
#12247=CARTESIAN_POINT('Ctrl Pts',(2.0130924003805,-4.11848485850313,-3.51841000115629));
#12248=CARTESIAN_POINT('Ctrl Pts',(2.78196932157158,-4.15494345978816,-2.947407418975));
#12249=CARTESIAN_POINT('Ctrl Pts',(3.78779130404549,-4.22785978538211,-1.44235041528952));
#12250=CARTESIAN_POINT('Ctrl Pts',(4.02088242881595,-4.2643183833879,-0.513415201893257));
#12251=CARTESIAN_POINT('Ctrl Pts',(3.84262521542067,-4.33723496955544,1.28785300142611));
#12252=CARTESIAN_POINT('Ctrl Pts',(3.43372849572297,-4.37369295527508,2.1539537616529));
#12253=CARTESIAN_POINT('Ctrl Pts',(2.15374194507396,-4.44661028997162,3.43352655954137));
#12254=CARTESIAN_POINT('Ctrl Pts',(1.28784395214822,-4.48306827621882,3.84264019160093));
#12255=CARTESIAN_POINT('Ctrl Pts',(-0.513417650055046,-4.55598485850391,
4.02096409649937));
#12256=CARTESIAN_POINT('Ctrl Pts',(-1.44228052860358,-4.59244345978738,
3.78766295707703));
#12257=CARTESIAN_POINT('Ctrl Pts',(-2.94749925163502,-4.66535978538291,
2.78208300470898));
#12258=CARTESIAN_POINT('Ctrl Pts',(-3.51833548693052,-4.7018183833879,2.01305888570523));
#12259=CARTESIAN_POINT('Ctrl Pts',(-4.04296279460425,-4.77473496955544,
0.280687977828836));
#12260=CARTESIAN_POINT('Ctrl Pts',(-3.99663389607805,-4.81119295527586,
-0.675962787810741));
#12261=CARTESIAN_POINT('Ctrl Pts',(-3.30375183027306,-4.88411028997083,
-2.34796355272763));
#12262=CARTESIAN_POINT('Ctrl Pts',(-2.66032740632522,-4.92056827621882,
-3.05730007986906));
#12263=CARTESIAN_POINT('Ctrl Pts',(-1.06442028334805,-4.99348485850391,
-3.91136285827601));
#12264=CARTESIAN_POINT('Ctrl Pts',(-0.116982400540102,-5.02994345978778,
-4.05128114521857));
#12265=CARTESIAN_POINT('Ctrl Pts',(1.65847715731156,-5.10285978538252,-3.69826867630275));
#12266=CARTESIAN_POINT('Ctrl Pts',(2.48015386094499,-5.13931838338791,-3.20623260259147));
#12267=CARTESIAN_POINT('Ctrl Pts',(3.62779593786394,-5.21223496955545,-1.80649675690349));
#12268=CARTESIAN_POINT('Ctrl Pts',(3.95108801531151,-5.24869295527429,-0.904937392860626));
#12269=CARTESIAN_POINT('Ctrl Pts',(3.95079544791824,-5.3216102899724,0.904944379356696));
#12270=CARTESIAN_POINT('Ctrl Pts',(3.62780012881814,-5.35806827622,1.80651374546848));
#12271=CARTESIAN_POINT('Ctrl Pts',(2.48020987760442,-5.43098485850274,3.20629208147565));
#12272=CARTESIAN_POINT('Ctrl Pts',(1.65843581965111,-5.46744345978738,3.69812850395492));
#12273=CARTESIAN_POINT('Ctrl Pts',(-0.1169669499217,-5.54035978538291,4.05142646681919));
#12274=CARTESIAN_POINT('Ctrl Pts',(-1.06439129228765,-5.57681838338791,
3.91128647030798));
#12275=CARTESIAN_POINT('Ctrl Pts',(-2.66033003562959,-5.64973496955545,
3.05728278066971));
#12276=CARTESIAN_POINT('Ctrl Pts',(-3.30402480092416,-5.68619295527547,
2.34806905874545));
#12277=CARTESIAN_POINT('Ctrl Pts',(-3.99636627265952,-5.75911028997123,
0.675844372431495));
#12278=CARTESIAN_POINT('Ctrl Pts',(-4.0429731677801,-5.79556827621921,-0.280702069415679));
#12279=CARTESIAN_POINT('Ctrl Pts',(-3.51841000116255,-5.86848485850352,
-2.01309240037321));
#12280=CARTESIAN_POINT('Ctrl Pts',(-2.94740741897188,-5.90494345978699,
-2.781969321566));
#12281=CARTESIAN_POINT('Ctrl Pts',(-1.44235041529228,-5.9778597853833,-3.7877913040513));
#12282=CARTESIAN_POINT('Ctrl Pts',(-0.51341520189287,-6.0143183833883,-4.02088242881791));
#12283=CARTESIAN_POINT('Ctrl Pts',(1.28785300142587,-6.08723496955505,-3.8426252154187));
#12284=CARTESIAN_POINT('Ctrl Pts',(2.15395376164903,-6.12369295527547,-3.43372849573115));
#12285=CARTESIAN_POINT('Ctrl Pts',(3.43352655954536,-6.19661028997122,-2.15374194506563));
#12286=CARTESIAN_POINT('Ctrl Pts',(3.84264019160559,-6.23306827621961,-1.28784395214881));
#12287=CARTESIAN_POINT('Ctrl Pts',(4.0209640964946,-6.30598485850313,0.513417650055942));
#12288=CARTESIAN_POINT('Ctrl Pts',(3.78766295707013,-6.34244345978703,1.44228052859965));
#12289=CARTESIAN_POINT('Ctrl Pts',(2.78208300471426,-6.41535978538335,2.94749925164053));
#12290=CARTESIAN_POINT('Ctrl Pts',(2.0130588857168,-6.4518183833878,3.51833548691915));
#12291=CARTESIAN_POINT('Ctrl Pts',(0.280687977805815,-6.52473496955622,
4.04296279462729));
#12292=CARTESIAN_POINT('Ctrl Pts',(-0.675962787666988,-6.56119295526697,
3.99663389595777));
#12293=CARTESIAN_POINT('Ctrl Pts',(-2.34796355288555,-6.63411028997962,
3.30375183044074));
#12294=CARTESIAN_POINT('Ctrl Pts',(-3.05730007863784,-6.67056827615678,
2.66032740516572));
#12295=CARTESIAN_POINT('Ctrl Pts',(-3.91136285917486,-6.74348485850125,
1.0644202838734));
#12296=CARTESIAN_POINT('Ctrl Pts',(-4.051281137545,-6.77994345965239,0.116982398755097));
#12297=CARTESIAN_POINT('Ctrl Pts',(-3.69826867691166,-6.85285978459473,
-1.658477173243));
#12298=CARTESIAN_POINT('Ctrl Pts',(-3.2062326041689,-6.88931838871368,-2.48015368246402));
#12299=CARTESIAN_POINT('Ctrl Pts',(-1.8064966402978,-6.96223495747675,-3.62779625557577));
#12300=CARTESIAN_POINT('Ctrl Pts',(-0.904938809505936,-6.9986930447205,
-3.95108530058824));
#12301=CARTESIAN_POINT('Ctrl Pts',(0.775668444112759,-7.06640183459427,
-3.95081765265004));
#12302=CARTESIAN_POINT('Ctrl Pts',(1.54979412071291,-7.09765190482177,-3.71583412764787));
#12303=CARTESIAN_POINT('Ctrl Pts',(2.83997178821105,-7.16015200433754,-2.8538970614795));
#12304=CARTESIAN_POINT('Ctrl Pts',(3.35356616069919,-7.19139742674172,-2.22870121884749));
#12305=CARTESIAN_POINT('Ctrl Pts',(3.94684105278917,-7.25390577598884,-0.795221417521959));
#12306=CARTESIAN_POINT('Ctrl Pts',(4.02620020732822,-7.28514456387837,0.00971510383212117));
#12307=CARTESIAN_POINT('Ctrl Pts',(3.72397226281244,-7.34762459993482,1.53120503524673));
#12308=CARTESIAN_POINT('Ctrl Pts',(3.34041322078656,-7.37901362532051,2.24725928406171));
#12309=CARTESIAN_POINT('Ctrl Pts',(2.79371997913809,-7.41015166653838,2.79372805715716));
#12310=CARTESIAN_POINT('Ctrl Pts',(24.1661909566658,1.34307007137865,-21.6785575805904));
#12311=CARTESIAN_POINT('Ctrl Pts',(20.3717121127097,1.11489853082595,-17.4640025204224));
#12312=CARTESIAN_POINT('Ctrl Pts',(16.5772332687092,0.886726990285542,-13.2494474602747));
#12313=CARTESIAN_POINT('Ctrl Pts',(10.8855150027605,0.544469679464639,-6.92761487003826));
#12314=CARTESIAN_POINT('Ctrl Pts',(8.98827558076751,0.430383909191718,-4.8203373399585));
#12315=CARTESIAN_POINT('Ctrl Pts',(6.14241644778945,0.259255253781266,-1.65942104484122));
#12316=CARTESIAN_POINT('Ctrl Pts',(5.19379673679538,0.202212368644802,-0.605782279801284));
#12317=CARTESIAN_POINT('Ctrl Pts',(3.77086717030451,0.116648040939576,0.974675867757816));
#12318=CARTESIAN_POINT('Ctrl Pts',(3.29655731480762,0.0881265983711895,
1.50149525027795));
#12319=CARTESIAN_POINT('Ctrl Pts',(2.58509253156287,0.0453444345188073,
2.29172432405703));
#12320=CARTESIAN_POINT('Ctrl Pts',(2.37547483521053,0.0321776581352891,
2.52543089883914));
#12321=CARTESIAN_POINT('Ctrl Pts',(1.88338905788134,0.00336642395009389,
2.91013218430476));
#12322=CARTESIAN_POINT('Ctrl Pts',(1.60943983553332,-0.0111488278890396,
3.07064824658706));
#12323=CARTESIAN_POINT('Ctrl Pts',(0.591255838625776,-0.0617428439639646,
3.49322778358175));
#12324=CARTESIAN_POINT('Ctrl Pts',(-0.245156390245749,-0.0984363380515109,
3.53328725360842));
#12325=CARTESIAN_POINT('Ctrl Pts',(-1.75983406957625,-0.171347635243504,
3.07491125484341));
#12326=CARTESIAN_POINT('Ctrl Pts',(-2.43088598166136,-0.207693614215389,
2.57669936620071));
#12327=CARTESIAN_POINT('Ctrl Pts',(-3.31073696413007,-0.28078227031389,
1.25999739235824));
#12328=CARTESIAN_POINT('Ctrl Pts',(-3.51420719189266,-0.317102665145199,
0.449256252633004));
#12329=CARTESIAN_POINT('Ctrl Pts',(-3.35839765623848,-0.390061895811376,
-1.1253744441145));
#12330=CARTESIAN_POINT('Ctrl Pts',(-2.9999082955594,-0.42670353487957,-1.88335997146742));
#12331=CARTESIAN_POINT('Ctrl Pts',(-1.8835789772045,-0.499267778701653,
-2.99980191391451));
#12332=CARTESIAN_POINT('Ctrl Pts',(-1.12559678048431,-0.535909293371214,
-3.35832230262848));
#12333=CARTESIAN_POINT('Ctrl Pts',(0.449021224617186,-0.608869482970489,
-3.51422942624328));
#12334=CARTESIAN_POINT('Ctrl Pts',(1.25979806657075,-0.645187270108021,
-3.31082683158427));
#12335=CARTESIAN_POINT('Ctrl Pts',(2.57653124111051,-0.718283927551839,
-2.43106085537751));
#12336=CARTESIAN_POINT('Ctrl Pts',(3.07478165837367,-0.754601721354007,
-1.75988629887519));
#12337=CARTESIAN_POINT('Ctrl Pts',(3.53341714569562,-0.827561896658546,
-0.245494574012691));
#12338=CARTESIAN_POINT('Ctrl Pts',(3.49228446724938,-0.864203530112077,
0.591982684237664));
#12339=CARTESIAN_POINT('Ctrl Pts',(2.88817462830614,-0.936767666221609,
2.05064097278052));
#12340=CARTESIAN_POINT('Ctrl Pts',(2.32509012669706,-0.973409303663033,
2.67193801547657));
#12341=CARTESIAN_POINT('Ctrl Pts',(0.929995870717958,-1.04636947317478,
3.41855761294127));
#12342=CARTESIAN_POINT('Ctrl Pts',(0.103096925762048,-1.08268727090187,
3.54090899451711));
#12343=CARTESIAN_POINT('Ctrl Pts',(-1.45007776481886,-1.15578392717671,
3.23200318612684));
#12344=CARTESIAN_POINT('Ctrl Pts',(-2.16724851179466,-1.19210172139827,
2.80259092974773));
#12345=CARTESIAN_POINT('Ctrl Pts',(-3.17050507448817,-1.26506189664257,
1.57898761375338));
#12346=CARTESIAN_POINT('Ctrl Pts',(-3.45299210649867,-1.30170353011212,
0.789518721130038));
#12347=CARTESIAN_POINT('Ctrl Pts',(-3.45307175142739,-1.37426766622238,
-0.789288643233316));
#12348=CARTESIAN_POINT('Ctrl Pts',(-3.17060959012678,-1.41090930366265,
-1.57877537439823));
#12349=CARTESIAN_POINT('Ctrl Pts',(-2.16742951133642,-1.48386947317519,
-2.80244139741287));
#12350=CARTESIAN_POINT('Ctrl Pts',(-1.45029634729104,-1.52018727090117,
-3.23191986110236));
#12351=CARTESIAN_POINT('Ctrl Pts',(0.102863094784356,-1.59328392717739,
-3.54090232891137));
#12352=CARTESIAN_POINT('Ctrl Pts',(0.929771425403845,-1.62960172139954,
-3.41862649727627));
#12353=CARTESIAN_POINT('Ctrl Pts',(2.32491234634739,-1.70256189664129,-2.6720941026728));
#12354=CARTESIAN_POINT('Ctrl Pts',(2.88801299899932,-1.73920353011231,-2.05082305822832));
#12355=CARTESIAN_POINT('Ctrl Pts',(3.49227000255529,-1.81176766622219,-0.592225727314944));
#12356=CARTESIAN_POINT('Ctrl Pts',(3.53343248511053,-1.84840930366442,0.245258494198993));
#12357=CARTESIAN_POINT('Ctrl Pts',(3.07489165664841,-1.92136947317342,1.75967888332549));
#12358=CARTESIAN_POINT('Ctrl Pts',(2.57670129691215,-1.95768727090678,2.43090022626175));
#12359=CARTESIAN_POINT('Ctrl Pts',(1.26001154897678,-2.0307839271718,3.3107311904781));
#12360=CARTESIAN_POINT('Ctrl Pts',(0.449254932108014,-2.06710172139964,
3.5142071705224));
#12361=CARTESIAN_POINT('Ctrl Pts',(-1.12537278886037,-2.14006189664119,
3.35839848705213));
#12362=CARTESIAN_POINT('Ctrl Pts',(-1.88336009230466,-2.17670353011506,
2.99990817547135));
#12363=CARTESIAN_POINT('Ctrl Pts',(-2.99980180330127,-2.24926766621944,
1.88357909941641));
#12364=CARTESIAN_POINT('Ctrl Pts',(-3.35832231488229,-2.2859093036599,1.12559676846392));
#12365=CARTESIAN_POINT('Ctrl Pts',(-3.51422942119715,-2.35886947317794,
-0.449021210776284));
#12366=CARTESIAN_POINT('Ctrl Pts',(-3.3108268319374,-2.39518727090147,-1.2597980681355));
#12367=CARTESIAN_POINT('Ctrl Pts',(-2.43106085643572,-2.4682839271771,-2.57653124015027));
#12368=CARTESIAN_POINT('Ctrl Pts',(-1.7598862987146,-2.50460172139611,-3.07478165842304));
#12369=CARTESIAN_POINT('Ctrl Pts',(-0.245494574198816,-2.57756189664473,
-3.53341714573666));
#12370=CARTESIAN_POINT('Ctrl Pts',(0.59198268425655,-2.61420353011231,-3.49228446723542));
#12371=CARTESIAN_POINT('Ctrl Pts',(2.05064097276753,-2.68676766622219,-2.88817462831758));
#12372=CARTESIAN_POINT('Ctrl Pts',(2.67193801547808,-2.72340930366559,-2.32509012669484));
#12373=CARTESIAN_POINT('Ctrl Pts',(3.41855761294042,-2.79636947317224,-0.929995870719659));
#12374=CARTESIAN_POINT('Ctrl Pts',(3.54090899451619,-2.83268727090931,-0.103096925762802));
#12375=CARTESIAN_POINT('Ctrl Pts',(3.23200318612786,-2.90578392716928,1.45007776481975));
#12376=CARTESIAN_POINT('Ctrl Pts',(2.80259092974664,-2.9421017214004,2.16724851179504));
#12377=CARTESIAN_POINT('Ctrl Pts',(1.57898761375435,-3.01506189664043,3.1705050744879));
#12378=CARTESIAN_POINT('Ctrl Pts',(0.789518721131515,-3.05170353011015,
3.45299210649847));
#12379=CARTESIAN_POINT('Ctrl Pts',(-0.74329013943441,-3.12215351235975,
3.45306943097503));
#12380=CARTESIAN_POINT('Ctrl Pts',(-1.48702433333069,-3.15661211324865,
3.20380175193479));
#12381=CARTESIAN_POINT('Ctrl Pts',(-2.67677856085976,-3.22540413753761,
2.30533451668971));
#12382=CARTESIAN_POINT('Ctrl Pts',(-3.12094879139749,-3.26215902064132,
1.65071058089876));
#12383=CARTESIAN_POINT('Ctrl Pts',(-3.40756289149506,-3.30755511443369,
0.639771115723085));
#12384=CARTESIAN_POINT('Ctrl Pts',(-3.44985705899889,-3.32216215563865,
0.321934781190343));
#12385=CARTESIAN_POINT('Ctrl Pts',(-3.45014294100113,-3.34811647762436,
-0.321934781234329));
#12386=CARTESIAN_POINT('Ctrl Pts',(-3.40782400001497,-3.36183523651437,
-0.640208663974824));
#12387=CARTESIAN_POINT('Ctrl Pts',(-3.04238576731567,-3.42376893489445,
-1.93037811921965));
#12388=CARTESIAN_POINT('Ctrl Pts',(-2.27850319294728,-3.47223767428944,
-2.79425342319373));
#12389=CARTESIAN_POINT('Ctrl Pts',(-0.592072333212316,-3.55612333361406,
-3.49276853828954));
#12390=CARTESIAN_POINT('Ctrl Pts',(0.245523330732964,-3.5927648001046,-3.53387951655398));
#12391=CARTESIAN_POINT('Ctrl Pts',(1.76011159289346,-3.66572493605062,-3.07517863911457));
#12392=CARTESIAN_POINT('Ctrl Pts',(2.43138960025496,-3.70204285799149,-2.57687866531351));
#12393=CARTESIAN_POINT('Ctrl Pts',(3.31124726351395,-3.77513935032541,-1.25995897220291));
#12394=CARTESIAN_POINT('Ctrl Pts',(3.51469776356766,-3.81145727634309,-0.449081858757277));
#12395=CARTESIAN_POINT('Ctrl Pts',(3.35876466794994,-3.88441740590779,1.12574161370909));
#12396=CARTESIAN_POINT('Ctrl Pts',(3.00017759811242,-3.92105887639466,1.88380264641244));
#12397=CARTESIAN_POINT('Ctrl Pts',(1.88362816311477,-3.99362333362211,3.00032109163763));
#12398=CARTESIAN_POINT('Ctrl Pts',(1.1255231629419,-4.03026480010165,3.35883666663554));
#12399=CARTESIAN_POINT('Ctrl Pts',(-0.449311158858465,-4.10322493605356,
3.51466014920809));
#12400=CARTESIAN_POINT('Ctrl Pts',(-1.26018231480592,-4.13954285799248,
3.31117797429028));
#12401=CARTESIAN_POINT('Ctrl Pts',(-2.57702814972293,-4.21263935032444,
2.43120977443328));
#12402=CARTESIAN_POINT('Ctrl Pts',(-3.07530113960152,-4.24895727634505,
1.75991414161597));
#12403=CARTESIAN_POINT('Ctrl Pts',(-3.53389659593114,-4.32191740590583,
0.245293955835559));
#12404=CARTESIAN_POINT('Ctrl Pts',(-3.49270273942363,-4.35855887640959,
-0.59228844735304));
#12405=CARTESIAN_POINT('Ctrl Pts',(-2.88841868030767,-4.43112333360719,
-2.05110195677315));
#12406=CARTESIAN_POINT('Ctrl Pts',(-2.32521895795079,-4.4677648001044,-2.6724413821521));
#12407=CARTESIAN_POINT('Ctrl Pts',(-0.929892826097824,-4.54072493605082,
-3.41906651205824));
#12408=CARTESIAN_POINT('Ctrl Pts',(-0.102876304491213,-4.57704285799758,
-3.54138045258435));
#12409=CARTESIAN_POINT('Ctrl Pts',(1.45047986095484,-4.65013935031932,-3.23233092747804));
#12410=CARTESIAN_POINT('Ctrl Pts',(2.16771779480558,-4.68645727633955,-2.8028154500755));
#12411=CARTESIAN_POINT('Ctrl Pts',(3.17102480203403,-4.75941740591132,-1.578985744199));
#12412=CARTESIAN_POINT('Ctrl Pts',(3.4534955500845,-4.79605887639976,-0.789396298700156));
#12413=CARTESIAN_POINT('Ctrl Pts',(3.45347363700656,-4.868623333617,0.789621142267968));
#12414=CARTESIAN_POINT('Ctrl Pts',(3.17092124477466,-4.90526480010596,1.57919112297757));
#12415=CARTESIAN_POINT('Ctrl Pts',(2.16752905777958,-4.97822493604924,2.80295099236255));
#12416=CARTESIAN_POINT('Ctrl Pts',(1.45027293900582,-5.01454285800228,3.23243985966612));
#12417=CARTESIAN_POINT('Ctrl Pts',(-0.103109161989257,-5.0876393503146,
3.5413589979672));
#12418=CARTESIAN_POINT('Ctrl Pts',(-0.930119066159942,-5.12395727634507,
3.41901351384596));
#12419=CARTESIAN_POINT('Ctrl Pts',(-2.32539322743992,-5.19691740590585,
2.67229126655005));
#12420=CARTESIAN_POINT('Ctrl Pts',(-2.88852496925708,-5.23355887640526,
2.05090261417403));
#12421=CARTESIAN_POINT('Ctrl Pts',(-3.49276853829076,-5.3061233336115,0.592072333211538));
#12422=CARTESIAN_POINT('Ctrl Pts',(-3.533879516552,-5.34276480010008,-0.245523330739973));
#12423=CARTESIAN_POINT('Ctrl Pts',(-3.07517863911651,-5.41572493605514,
-1.76011159288655));
#12424=CARTESIAN_POINT('Ctrl Pts',(-2.57687866531296,-5.45204285798305,
-2.43138960025643));
#12425=CARTESIAN_POINT('Ctrl Pts',(-1.25995897220314,-5.52513935033386,
-3.31124726351268));
#12426=CARTESIAN_POINT('Ctrl Pts',(-0.449081858756827,-5.56145727634506,
-3.51469776356784));
#12427=CARTESIAN_POINT('Ctrl Pts',(1.12574161370876,-5.63441740590584,-3.35876466794974));
#12428=CARTESIAN_POINT('Ctrl Pts',(1.883802646407,-5.67105887639898,-3.00017759811707));
#12429=CARTESIAN_POINT('Ctrl Pts',(3.00032109164319,-5.74362333361778,-1.88362816310998));
#12430=CARTESIAN_POINT('Ctrl Pts',(3.35883666663569,-5.78026480010714,-1.12552316294156));
#12431=CARTESIAN_POINT('Ctrl Pts',(3.51466014920784,-5.85322493604806,0.449311158858472));
#12432=CARTESIAN_POINT('Ctrl Pts',(3.31117797429071,-5.88954285798229,1.26018231480704));
#12433=CARTESIAN_POINT('Ctrl Pts',(2.43120977443136,-5.96263935033467,2.57702814972327));
#12434=CARTESIAN_POINT('Ctrl Pts',(1.75991414162388,-5.99895727634233,3.07530113959487));
#12435=CARTESIAN_POINT('Ctrl Pts',(0.245293955806012,-6.0719174059095,3.53389659595228));
#12436=CARTESIAN_POINT('Ctrl Pts',(-0.592288447100867,-6.10855887643331,
3.49270273934314));
#12437=CARTESIAN_POINT('Ctrl Pts',(-2.05110195721679,-6.18112333364306,
2.88841868030335));
#12438=CARTESIAN_POINT('Ctrl Pts',(-2.67244138037494,-6.21776479986366,
2.32521895835465));
#12439=CARTESIAN_POINT('Ctrl Pts',(-3.41906651305126,-6.29072493727617,
0.929892823880268));
#12440=CARTESIAN_POINT('Ctrl Pts',(-3.54138045234867,-6.32704285149898,
0.102876313632751));
#12441=CARTESIAN_POINT('Ctrl Pts',(-3.23233091227879,-6.40013936646926,
-1.45047988054859));
#12442=CARTESIAN_POINT('Ctrl Pts',(-2.80281555113725,-6.43645712803985,
-2.16771771628742));
#12443=CARTESIAN_POINT('Ctrl Pts',(-1.57898551146682,-6.50941757010746,
-3.1710250067657));
#12444=CARTESIAN_POINT('Ctrl Pts',(-0.789398747956529,-6.54605745511454,
-3.45349438851789));
#12445=CARTESIAN_POINT('Ctrl Pts',(0.676837831308757,-6.61344014170986,
-3.45347630428364));
#12446=CARTESIAN_POINT('Ctrl Pts',(1.35422939561757,-6.64476512062184,-3.24832730529858));
#12447=CARTESIAN_POINT('Ctrl Pts',(2.48296549980689,-6.70741240610909,-2.49405265595332));
#12448=CARTESIAN_POINT('Ctrl Pts',(2.93175204787893,-6.73876831910001,-1.94672924645367));
#12449=CARTESIAN_POINT('Ctrl Pts',(3.44949708763232,-6.80093620782213,-0.696347765232173));
#12450=CARTESIAN_POINT('Ctrl Pts',(3.5193653626154,-6.83227007784311,0.00835233595796218));
#12451=CARTESIAN_POINT('Ctrl Pts',(3.25489329004174,-6.89492628866483,1.33883073025486));
#12452=CARTESIAN_POINT('Ctrl Pts',(2.91987040901676,-6.92624173817461,1.96410614404082));
#12453=CARTESIAN_POINT('Ctrl Pts',(2.44190379960369,-6.95731769739762,2.44206379517659));
#12454=CARTESIAN_POINT('',(1.81318816995413,-0.999999995926441,2.93811638751252));
#12455=CARTESIAN_POINT('Ctrl Pts',(-0.760040814972338,-1.,-3.87618858668739));
#12456=CARTESIAN_POINT('Ctrl Pts',(-0.390381544887077,-1.,-3.93240189264022));
#12457=CARTESIAN_POINT('Ctrl Pts',(-0.0188199406834184,-1.,-3.93410160305548));
#12458=CARTESIAN_POINT('Ctrl Pts',(0.711416396361748,-1.,-3.83282426352109));
#12459=CARTESIAN_POINT('Ctrl Pts',(1.06717743216015,-0.999999999999998,
-3.73162714284032));
#12460=CARTESIAN_POINT('Ctrl Pts',(1.85866967374685,-0.999999999999998,
-3.38058322563287));
#12461=CARTESIAN_POINT('Ctrl Pts',(2.26779815301929,-1.,-3.09372212779274));
#12462=CARTESIAN_POINT('Ctrl Pts',(2.94410123029263,-1.,-2.37883940395769));
#12463=CARTESIAN_POINT('Ctrl Pts',(3.20885481083672,-1.,-1.96523365475795));
#12464=CARTESIAN_POINT('Ctrl Pts',(3.56392586481732,-1.,-1.06390248428224));
#12465=CARTESIAN_POINT('Ctrl Pts',(3.64406646568043,-1.,-0.599607633680107));
#12466=CARTESIAN_POINT('Ctrl Pts',(3.62970127713657,-1.,0.347303410357912));
#12467=CARTESIAN_POINT('Ctrl Pts',(3.53054120150492,-0.99999999999984,0.822701957206087));
#12468=CARTESIAN_POINT('Ctrl Pts',(3.14440330921424,-0.99999999999984,1.71275903489954));
#12469=CARTESIAN_POINT('Ctrl Pts',(2.89108079827856,-1.00000000000755,2.03250784815059));
#12470=CARTESIAN_POINT('Ctrl Pts',(2.45023170475818,-1.00000000000755,2.51377200939441));
#12471=CARTESIAN_POINT('Ctrl Pts',(2.14729912626602,-1.,2.75412628096072));
#12472=CARTESIAN_POINT('Ctrl Pts',(1.81318817338734,-1.,2.9381163935659));
#12473=CARTESIAN_POINT('',(1.70689596477455,-5.00000000114181,3.00001832606348));
#12474=CARTESIAN_POINT('Ctrl Pts',(1.81318817048645,-0.999999994134916,
2.93811638764642));
#12475=CARTESIAN_POINT('Ctrl Pts',(1.7524658075122,-1.00329752159431,2.97578158258622));
#12476=CARTESIAN_POINT('Ctrl Pts',(1.69055298772983,-1.00659411494224,3.0115264441381));
#12477=CARTESIAN_POINT('Ctrl Pts',(1.6275429995862,-1.00988939007634,3.04524781585187));
#12478=CARTESIAN_POINT('Ctrl Pts',(0.929995871212939,-1.04636947481702,
3.41855761477026));
#12479=CARTESIAN_POINT('Ctrl Pts',(0.103096925809266,-1.08268727252952,
3.54090899639124));
#12480=CARTESIAN_POINT('Ctrl Pts',(-0.673490419882366,-1.1192356006515,
3.38645609209919));
#12481=CARTESIAN_POINT('Ctrl Pts',(-1.450077765574,-1.15578392877348,3.23200318780713));
#12482=CARTESIAN_POINT('Ctrl Pts',(-2.16724851291458,-1.19210172298044,
2.80259093118622));
#12483=CARTESIAN_POINT('Ctrl Pts',(-2.66887679450356,-1.2285818105874,2.19078927286678));
#12484=CARTESIAN_POINT('Ctrl Pts',(-3.17050507609253,-1.26506189819436,
1.57898761454735));
#12485=CARTESIAN_POINT('Ctrl Pts',(-3.4529921082265,-1.30170353164817,0.78951872152647));
#12486=CARTESIAN_POINT('Ctrl Pts',(-3.45303193067325,-1.3379855996888,0.000115038947953555));
#12487=CARTESIAN_POINT('Ctrl Pts',(-3.45307175311999,-1.37426766772944,
-0.78928864363057));
#12488=CARTESIAN_POINT('Ctrl Pts',(-3.17060959166348,-1.41090930515396,
-1.57877537516793));
#12489=CARTESIAN_POINT('Ctrl Pts',(-2.66901955201455,-1.44738938989505,
-2.19060838695793));
#12490=CARTESIAN_POINT('Ctrl Pts',(-2.16742951236562,-1.48386947463614,
-2.80244139874792));
#12491=CARTESIAN_POINT('Ctrl Pts',(-1.45029634796667,-1.52018727234747,
-3.23191986262495));
#12492=CARTESIAN_POINT('Ctrl Pts',(-0.673716626566723,-1.55673560047018,
-3.38641109658436));
#12493=CARTESIAN_POINT('Ctrl Pts',(0.102863094833227,-1.59328392859288,
-3.54090233054378));
#12494=CARTESIAN_POINT('Ctrl Pts',(0.929771425832927,-1.62960172280038,
-3.41862649883219));
#12495=CARTESIAN_POINT('Ctrl Pts',(1.62734188661072,-1.66608181040608,-3.04536030134741));
#12496=CARTESIAN_POINT('Ctrl Pts',(2.3249123473885,-1.70256189801177,-2.67209410386263));
#12497=CARTESIAN_POINT('Ctrl Pts',(2.88801300027365,-1.73920353146713,-2.05082305913413));
#12498=CARTESIAN_POINT('Ctrl Pts',(3.1901415021692,-1.77548559950749,-1.32152439334778));
#12499=CARTESIAN_POINT('Ctrl Pts',(3.49227000406474,-1.81176766754786,-0.592225727561438));
#12500=CARTESIAN_POINT('Ctrl Pts',(3.53343248661626,-1.84840930497442,0.245258494307529));
#12501=CARTESIAN_POINT('Ctrl Pts',(3.30416207227245,-1.88488938971375,1.00246868918443));
#12502=CARTESIAN_POINT('Ctrl Pts',(3.07489165792864,-1.92136947445308,1.75967888406134));
#12503=CARTESIAN_POINT('Ctrl Pts',(2.57670129796728,-1.95768727217173,2.43090022726619));
#12504=CARTESIAN_POINT('Ctrl Pts',(1.91835642372449,-1.99423560028888,2.87081570953794));
#12505=CARTESIAN_POINT('Ctrl Pts',(1.26001154948169,-2.03078392840603,3.31073119180969));
#12506=CARTESIAN_POINT('Ctrl Pts',(0.44925493228076,-2.06710172261915,3.51420717191671));
#12507=CARTESIAN_POINT('Ctrl Pts',(-0.338058928509821,-2.10358181022475,
3.43630283013416));
#12508=CARTESIAN_POINT('Ctrl Pts',(-1.12537278930039,-2.14006189783035,
3.35839848835161));
#12509=CARTESIAN_POINT('Ctrl Pts',(-1.88336009302459,-2.17670353128864,
2.99990817661831));
#12510=CARTESIAN_POINT('Ctrl Pts',(-2.44158094872428,-2.21298559932618,
2.44174363836476));
#12511=CARTESIAN_POINT('Ctrl Pts',(-2.99980180442397,-2.24926766736372,
1.88357910011121));
#12512=CARTESIAN_POINT('Ctrl Pts',(-3.35832231611671,-2.28590930478859,
1.12559676887346));
#12513=CARTESIAN_POINT('Ctrl Pts',(-3.43627586928541,-2.32238938953245,
0.338287778966812));
#12514=CARTESIAN_POINT('Ctrl Pts',(-3.51422942245411,-2.3588694742763,-0.449021210939841));
#12515=CARTESIAN_POINT('Ctrl Pts',(-3.31082683310143,-2.39518727198507,
-1.25979806858501));
#12516=CARTESIAN_POINT('Ctrl Pts',(-2.87094384518477,-2.43173560010756,
-1.91816465481022));
#12517=CARTESIAN_POINT('Ctrl Pts',(-2.4310608572681,-2.46828392823004,-2.57653124103544));
#12518=CARTESIAN_POINT('Ctrl Pts',(-1.75988629930415,-2.50460172243428,
-3.07478165946357));
#12519=CARTESIAN_POINT('Ctrl Pts',(-1.00269043678966,-2.54108181004343,
-3.30409940318031));
#12520=CARTESIAN_POINT('Ctrl Pts',(-0.245494574275168,-2.57756189765258,
-3.53341714689706));
#12521=CARTESIAN_POINT('Ctrl Pts',(0.591982684448399,-2.61420353110465,
-3.49228446836415));
#12522=CARTESIAN_POINT('Ctrl Pts',(1.3213118289328,-2.65048559914487,-3.19022954879159));
#12523=CARTESIAN_POINT('Ctrl Pts',(2.0506409734172,-2.68676766718509,-2.88817462921902));
#12524=CARTESIAN_POINT('Ctrl Pts',(2.67193801630408,-2.72340930461298,-2.32509012740838));
#12525=CARTESIAN_POINT('Ctrl Pts',(3.04524781513333,-2.75988938935115,-1.62754299920147));
#12526=CARTESIAN_POINT('Ctrl Pts',(3.41855761396259,-2.79636947408931,-0.929995870994555));
#12527=CARTESIAN_POINT('Ctrl Pts',(3.54090899555474,-2.83268727181156,-0.103096925787285));
#12528=CARTESIAN_POINT('Ctrl Pts',(3.38645609129976,-2.86923559992625,0.673490419723206));
#12529=CARTESIAN_POINT('Ctrl Pts',(3.23200318704479,-2.90578392804095,1.4500777652337));
#12530=CARTESIAN_POINT('Ctrl Pts',(2.80259093052429,-2.94210172225724,2.16724851240268));
#12531=CARTESIAN_POINT('Ctrl Pts',(2.19078927235006,-2.9785818098621,2.66887679387313));
#12532=CARTESIAN_POINT('Ctrl Pts',(1.57898761417584,-3.01506189746696,3.17050507534359));
#12533=CARTESIAN_POINT('Ctrl Pts',(0.789518721338986,-3.05170353092125,
3.45299210741083));
#12534=CARTESIAN_POINT('Ctrl Pts',(0.000115038948058318,-3.08798559896356,
3.45303192985807));
#12535=CARTESIAN_POINT('Ctrl Pts',(-0.743290139630214,-3.12215351314213,
3.45306943185377));
#12536=CARTESIAN_POINT('Ctrl Pts',(-1.48702433370585,-3.15661211401657,
3.20380175273297));
#12537=CARTESIAN_POINT('Ctrl Pts',(-2.0819014476059,-3.19100812614671,2.75456813498811));
#12538=CARTESIAN_POINT('Ctrl Pts',(-2.67677856150593,-3.22540413827686,
2.30533451724325));
#12539=CARTESIAN_POINT('Ctrl Pts',(-3.1209487921367,-3.26215902136286,1.6507105812918));
#12540=CARTESIAN_POINT('Ctrl Pts',(-3.32166744476521,-3.29395034905097,
0.942739803544616));
#12541=CARTESIAN_POINT('Ctrl Pts',(-3.40756289227658,-3.30755511514018,
0.639771115865541));
#12542=CARTESIAN_POINT('Ctrl Pts',(-3.44985705978277,-3.32216215633911,
0.321934781259286));
#12543=CARTESIAN_POINT('Ctrl Pts',(-3.45000000077457,-3.33513931732773,
-1.04083408612355E-16));
#12544=CARTESIAN_POINT('Ctrl Pts',(-3.45014294176639,-3.34811647831812,
-0.321934781303272));
#12545=CARTESIAN_POINT('Ctrl Pts',(-3.40782400076289,-3.36183523720341,
-0.640208664112582));
#12546=CARTESIAN_POINT('Ctrl Pts',(-3.32209875407318,-3.3763637706001,-0.942859248853846));
#12547=CARTESIAN_POINT('Ctrl Pts',(-3.04238576795303,-3.42376893555747,
-1.93037811964117));
#12548=CARTESIAN_POINT('Ctrl Pts',(-2.27850319341012,-3.47223767493185,
-2.79425342376656));
#12549=CARTESIAN_POINT('Ctrl Pts',(-1.32148747395476,-3.51984110563099,
-3.19064675440576));
#12550=CARTESIAN_POINT('Ctrl Pts',(-0.592072333321044,-3.55612333422157,
-3.49276853896642));
#12551=CARTESIAN_POINT('Ctrl Pts',(0.245523330782653,-3.59276480069652,
-3.53387951721838));
#12552=CARTESIAN_POINT('Ctrl Pts',(1.0028174619967,-3.62924486865417,-3.30452907844061));
#12553=CARTESIAN_POINT('Ctrl Pts',(1.76011159321074,-3.66572493661183,-3.07517863966284));
#12554=CARTESIAN_POINT('Ctrl Pts',(2.43138960067978,-3.70204285853752,-2.57687866575703));
#12555=CARTESIAN_POINT('Ctrl Pts',(2.87131843236907,-3.73859110468904,-1.91841881908214));
#12556=CARTESIAN_POINT('Ctrl Pts',(3.31124726405835,-3.77513935084056,-1.25995897240725));
#12557=CARTESIAN_POINT('Ctrl Pts',(3.51469776412613,-3.81145727684306,-0.449081858824463));
#12558=CARTESIAN_POINT('Ctrl Pts',(3.43673121628856,-3.84793734161006,0.338329877528225));
#12559=CARTESIAN_POINT('Ctrl Pts',(3.35876466845099,-3.88441740637705,1.12574161388092));
#12560=CARTESIAN_POINT('Ctrl Pts',(3.00017759854426,-3.92105887684841,1.88380264668601));
#12561=CARTESIAN_POINT('Ctrl Pts',(2.44190288095437,-3.95734110544696,2.44206186936566));
#12562=CARTESIAN_POINT('Ctrl Pts',(1.88362816336447,-3.99362333404552,3.00032109204531));
#12563=CARTESIAN_POINT('Ctrl Pts',(1.12552316308429,-4.03026480050955,3.35883666707175));
#12564=CARTESIAN_POINT('Ctrl Pts',(0.338106002084292,-4.06674486847015,
3.43674840835101));
#12565=CARTESIAN_POINT('Ctrl Pts',(-0.449311158915708,-4.10322493643076,
3.51466014963027));
#12566=CARTESIAN_POINT('Ctrl Pts',(-1.26018231495465,-4.13954285835445,
3.31117797466897));
#12567=CARTESIAN_POINT('Ctrl Pts',(-1.91860523247588,-4.17609110450503,
2.8711938746784));
#12568=CARTESIAN_POINT('Ctrl Pts',(-2.57702814999712,-4.2126393506556,2.43120977468782));
#12569=CARTESIAN_POINT('Ctrl Pts',(-3.07530113991171,-4.24895727666098,
1.75991414178889));
#12570=CARTESIAN_POINT('Ctrl Pts',(-3.30459886808232,-4.28543734142602,
1.00260404882153));
#12571=CARTESIAN_POINT('Ctrl Pts',(-3.53389659625292,-4.32191740619106,
0.245293955854166));
#12572=CARTESIAN_POINT('Ctrl Pts',(-3.49270273972249,-4.35855887667938,
-0.592288447406522));
#12573=CARTESIAN_POINT('Ctrl Pts',(-3.19056071012404,-4.39484110526294,
-1.32169520217005));
#12574=CARTESIAN_POINT('Ctrl Pts',(-2.88841868052559,-4.43112333384651,
-2.05110195693359));
#12575=CARTESIAN_POINT('Ctrl Pts',(-2.32521895811308,-4.46776480032828,
-2.67244138234421));
#12576=CARTESIAN_POINT('Ctrl Pts',(-1.62755589213245,-4.50424486828614,
-3.04575394730716));
#12577=CARTESIAN_POINT('Ctrl Pts',(-0.929892826151829,-4.54072493624401,
-3.41906651227012));
#12578=CARTESIAN_POINT('Ctrl Pts',(-0.102876304492993,-4.57704285817548,
-3.54138045278391));
#12579=CARTESIAN_POINT('Ctrl Pts',(0.673801778266615,-4.61359110432099,
-3.38685569020634));
#12580=CARTESIAN_POINT('Ctrl Pts',(1.45047986102622,-4.6501393504665,-3.23233092762877));
#12581=CARTESIAN_POINT('Ctrl Pts',(2.16771779489901,-4.68645727647143,-2.80281545019001));
#12582=CARTESIAN_POINT('Ctrl Pts',(2.66937129851879,-4.72293734124198,-2.19090059721844));
#12583=CARTESIAN_POINT('Ctrl Pts',(3.17102480213856,-4.75941740601252,-1.57898574424687));
#12584=CARTESIAN_POINT('Ctrl Pts',(3.45349555017885,-4.7960588764856,-0.789396298718137));
#12585=CARTESIAN_POINT('Ctrl Pts',(3.45348459362301,-4.83234110507891,0.000112421783902103));
#12586=CARTESIAN_POINT('Ctrl Pts',(3.45347363706717,-4.86862333367222,0.789621142285948));
#12587=CARTESIAN_POINT('Ctrl Pts',(3.17092124481243,-4.90526480014582,1.57919112300056));
#12588=CARTESIAN_POINT('Ctrl Pts',(2.66922515129796,-4.94174486810213,2.19107105768714));
#12589=CARTESIAN_POINT('Ctrl Pts',(2.40181071424178,-4.96118950194005,2.51721577038353));
#12590=CARTESIAN_POINT('Ctrl Pts',(2.07315327286272,-4.98058806828793,2.79154114916035));
#12591=CARTESIAN_POINT('Ctrl Pts',(1.70689596442953,-5.00000000171272,3.0000183255242));
#12592=CARTESIAN_POINT('',(-0.865275166740229,-5.00000000824852,-3.85293214677922));
#12593=CARTESIAN_POINT('Ctrl Pts',(-0.86527516674023,-5.00000000824852,
-3.85293214677922));
#12594=CARTESIAN_POINT('Ctrl Pts',(-0.778772030158062,-5.00000000787749,
-3.86824084548428));
#12595=CARTESIAN_POINT('Ctrl Pts',(-0.69225033243719,-5.00000007578591,
-3.88062490687331));
#12596=CARTESIAN_POINT('Ctrl Pts',(-0.605716733442131,-5.00000014572665,
-3.89016228045022));
#12597=CARTESIAN_POINT('Ctrl Pts',(-0.518172635104204,-5.00000021648413,
-3.89981102706423));
#12598=CARTESIAN_POINT('Ctrl Pts',(-0.430615775793692,-5.00000028926397,
-3.90654628513845));
#12599=CARTESIAN_POINT('Ctrl Pts',(-0.343042453454719,-5.00000032747946,
-3.91039648815223));
#12600=CARTESIAN_POINT('Ctrl Pts',(-0.255795717613524,-5.00000036555244,
-3.91423233263439));
#12601=CARTESIAN_POINT('Ctrl Pts',(-0.1685320596516,-5.00000036913967,-3.91520457687305));
#12602=CARTESIAN_POINT('Ctrl Pts',(-0.0812461165425747,-5.00000033529903,
-3.91328958614158));
#12603=CARTESIAN_POINT('Ctrl Pts',(0.00652992645712927,-5.00000030126839,
-3.91136384297147));
#12604=CARTESIAN_POINT('Ctrl Pts',(0.094329096664622,-5.00000022893585,
-3.90651844743708));
#12605=CARTESIAN_POINT('Ctrl Pts',(0.182149773947335,-5.00000015378319,
-3.89867626555146));
#12606=CARTESIAN_POINT('Ctrl Pts',(0.269970451230048,-5.00000007863053,
-3.89083408366584));
#12607=CARTESIAN_POINT('Ctrl Pts',(0.357813238813648,-5.,-3.87999520155595));
#12608=CARTESIAN_POINT('Ctrl Pts',(0.445660509789138,-5.,-3.8660282364938));
#12609=CARTESIAN_POINT('Ctrl Pts',(0.534067205949698,-5.,-3.85197232760986));
#12610=CARTESIAN_POINT('Ctrl Pts',(0.6215089311184,-4.99999998668277,-3.83490183684243));
#12611=CARTESIAN_POINT('Ctrl Pts',(0.707984265860203,-5.00000031448734,
-3.81483268919824));
#12612=CARTESIAN_POINT('Ctrl Pts',(0.724200536548156,-5.00000037595883,
-3.81106922610617));
#12613=CARTESIAN_POINT('Ctrl Pts',(0.740382814526771,-5.00000044953566,
-3.807200166496));
#12614=CARTESIAN_POINT('Ctrl Pts',(0.756531072089894,-5.00000053771167,
-3.80322541208817));
#12615=CARTESIAN_POINT('Ctrl Pts',(0.842283250612462,-5.00000100595316,
-3.78211825249332));
#12616=CARTESIAN_POINT('Ctrl Pts',(0.927010594061726,-5.00000122448853,
-3.75804497622767));
#12617=CARTESIAN_POINT('Ctrl Pts',(1.01072696088012,-5.00000126642314,-3.73109167920491));
#12618=CARTESIAN_POINT('Ctrl Pts',(1.09507924057394,-5.00000130867629,-3.70393364385841));
#12619=CARTESIAN_POINT('Ctrl Pts',(1.17840563716243,-5.00000117176068,-3.673851365693));
#12620=CARTESIAN_POINT('Ctrl Pts',(1.26070260402031,-5.00000096427972,-3.64088259571459));
#12621=CARTESIAN_POINT('Ctrl Pts',(1.3430380985656,-5.00000075670162,-3.60789839126134));
#12622=CARTESIAN_POINT('Ctrl Pts',(1.42434370680088,-5.00000047844505,-3.57202466026119));
#12623=CARTESIAN_POINT('Ctrl Pts',(1.50459058459217,-5.00000027132825,-3.53325387978113));
#12624=CARTESIAN_POINT('Ctrl Pts',(1.56511263379201,-5.00000011512113,-3.50401302769673));
#12625=CARTESIAN_POINT('Ctrl Pts',(1.62503200044122,-5.,-3.47312333605637));
#12626=CARTESIAN_POINT('Ctrl Pts',(1.68432409457918,-5.,-3.4405662089554));
#12627=CARTESIAN_POINT('Ctrl Pts',(1.80945615318144,-5.,-3.37185653702443));
#12628=CARTESIAN_POINT('Ctrl Pts',(1.93043775139557,-5.00000003053512,-3.29645373527806));
#12629=CARTESIAN_POINT('Ctrl Pts',(2.04651382893584,-5.00000001967705,-3.21498310382871));
#12630=CARTESIAN_POINT('Ctrl Pts',(2.11015419525857,-5.00000001372396,-3.17031566726597));
#12631=CARTESIAN_POINT('Ctrl Pts',(2.17232078455614,-5.,-3.12382464541862));
#12632=CARTESIAN_POINT('Ctrl Pts',(2.23289551488295,-5.,-3.07561527127805));
#12633=CARTESIAN_POINT('Ctrl Pts',(2.2990600416431,-5.,-3.02295716767273));
#12634=CARTESIAN_POINT('Ctrl Pts',(2.36345545035022,-5.00000002070567,-2.96815139705501));
#12635=CARTESIAN_POINT('Ctrl Pts',(2.42606076197428,-5.00000002803521,-2.91115885264723));
#12636=CARTESIAN_POINT('Ctrl Pts',(2.48768257622923,-5.00000003524961,-2.85506163191135));
#12637=CARTESIAN_POINT('Ctrl Pts',(2.54757044531227,-5.00000002901191,-2.79684542379556));
#12638=CARTESIAN_POINT('Ctrl Pts',(2.60566577754261,-5.00000001662644,-2.73644102891203));
#12639=CARTESIAN_POINT('Ctrl Pts',(2.6411425693831,-5.00000000906307,-2.69955417309654));
#12640=CARTESIAN_POINT('Ctrl Pts',(2.67595013056706,-5.,-2.66185071917114));
#12641=CARTESIAN_POINT('Ctrl Pts',(2.7100669833108,-5.,-2.6233097901929));
#12642=CARTESIAN_POINT('Ctrl Pts',(2.768405489194,-5.,-2.5574062841213));
#12643=CARTESIAN_POINT('Ctrl Pts',(2.82409296972877,-4.99999968863773,-2.48977056295559));
#12644=CARTESIAN_POINT('Ctrl Pts',(2.87713164677053,-4.99999942057036,-2.42041580682141));
#12645=CARTESIAN_POINT('Ctrl Pts',(2.88639684585465,-4.99999937374231,-2.40830039107475));
#12646=CARTESIAN_POINT('Ctrl Pts',(2.89558112651118,-4.99999932833878,-2.39613242421659));
#12647=CARTESIAN_POINT('Ctrl Pts',(2.90468438526055,-4.99999928638654,-2.38391186088087));
#12648=CARTESIAN_POINT('Ctrl Pts',(2.95671138696246,-4.99999904662081,-2.31406882038614));
#12649=CARTESIAN_POINT('Ctrl Pts',(3.00606450236322,-4.99999892018622,-2.24256742223365));
#12650=CARTESIAN_POINT('Ctrl Pts',(3.0528047184176,-4.99999890411123,-2.1694698109435));
#12651=CARTESIAN_POINT('Ctrl Pts',(3.09986984011879,-4.99999888792449,-2.0958640756291));
#12652=CARTESIAN_POINT('Ctrl Pts',(3.14428581362189,-4.99999898416274,-2.02063927900632));
#12653=CARTESIAN_POINT('Ctrl Pts',(3.18606878017773,-4.99999914430016,-1.94383217227624));
#12654=CARTESIAN_POINT('Ctrl Pts',(3.22779596794976,-4.99999930422379,-1.86712760031939));
#12655=CARTESIAN_POINT('Ctrl Pts',(3.26689734576548,-4.99999952865963,-1.78884433807197));
#12656=CARTESIAN_POINT('Ctrl Pts',(3.30334042571199,-4.99999971434929,-1.70900137227745));
#12657=CARTESIAN_POINT('Ctrl Pts',(3.33413877042443,-4.99999987127713,-1.64152542932717));
#12658=CARTESIAN_POINT('Ctrl Pts',(3.36303778496878,-5.,-1.57293504390609));
#12659=CARTESIAN_POINT('Ctrl Pts',(3.38998925593349,-5.,-1.50323662753264));
#12660=CARTESIAN_POINT('Ctrl Pts',(3.42290462774598,-5.,-1.41811514037234));
#12661=CARTESIAN_POINT('Ctrl Pts',(3.45258419710892,-4.99999983597287,-1.33220013802266));
#12662=CARTESIAN_POINT('Ctrl Pts',(3.47907242829125,-4.99999966635844,-1.24557800700532));
#12663=CARTESIAN_POINT('Ctrl Pts',(3.50574276101789,-4.99999949557794,-1.1583603653357));
#12664=CARTESIAN_POINT('Ctrl Pts',(3.52917790451053,-4.99999932021327,-1.07042520514863));
#12665=CARTESIAN_POINT('Ctrl Pts',(3.54937412089323,-4.99999923257162,-0.98184208896972));
#12666=CARTESIAN_POINT('Ctrl Pts',(3.56947402700852,-4.9999991453479,-0.893681401598593));
#12667=CARTESIAN_POINT('Ctrl Pts',(3.5863659330084,-4.9999991462906,-0.804878286715689));
#12668=CARTESIAN_POINT('Ctrl Pts',(3.59999564422104,-4.99999924041752,-0.715492495960599));
#12669=CARTESIAN_POINT('Ctrl Pts',(3.61336507926473,-4.99999933274697,-0.627813637275701));
#12670=CARTESIAN_POINT('Ctrl Pts',(3.62359572841171,-4.99999951601907,-0.539573564697789));
#12671=CARTESIAN_POINT('Ctrl Pts',(3.63058705393819,-4.9999996934682,-0.450829132271245));
#12672=CARTESIAN_POINT('Ctrl Pts',(3.63672600066936,-4.99999984928283,-0.372904375186025));
#12673=CARTESIAN_POINT('Ctrl Pts',(3.64036671159184,-5.,-0.294590505176529));
#12674=CARTESIAN_POINT('Ctrl Pts',(3.64140838976832,-5.,-0.215931559295656));
#12675=CARTESIAN_POINT('Ctrl Pts',(3.64236623719118,-5.,-0.143602820633915));
#12676=CARTESIAN_POINT('Ctrl Pts',(3.64111887862054,-5.00000007753728,-0.0716054928491586));
#12677=CARTESIAN_POINT('Ctrl Pts',(3.63767291834354,-4.99999858604104,7.20899381575388E-5));
#12678=CARTESIAN_POINT('Ctrl Pts',(3.63377291772055,-4.99999689802499,0.0811939239274404));
#12679=CARTESIAN_POINT('Ctrl Pts',(3.62705965701821,-4.99999749049661,0.161883783931654));
#12680=CARTESIAN_POINT('Ctrl Pts',(3.61761620714044,-4.99999836907641,0.242163472927148));
#12681=CARTESIAN_POINT('Ctrl Pts',(3.60988190912848,-4.99999908864375,0.307913495115523));
#12682=CARTESIAN_POINT('Ctrl Pts',(3.60031516775012,-5.,0.373388508104416));
#12683=CARTESIAN_POINT('Ctrl Pts',(3.58893590278074,-5.,0.438596780626264));
#12684=CARTESIAN_POINT('Ctrl Pts',(3.57319603271297,-5.,0.528793268677111));
#12685=CARTESIAN_POINT('Ctrl Pts',(3.55393104601142,-4.99999995478539,0.618772229199675));
#12686=CARTESIAN_POINT('Ctrl Pts',(3.53120180031383,-4.99999994462169,0.708107525729194));
#12687=CARTESIAN_POINT('Ctrl Pts',(3.50816387198255,-4.99999993431996,0.798656072138694));
#12688=CARTESIAN_POINT('Ctrl Pts',(3.48156707718084,-4.99999996010782,0.888542729171626));
#12689=CARTESIAN_POINT('Ctrl Pts',(3.45152794964756,-4.99999998393943,0.977328809498743));
#12690=CARTESIAN_POINT('Ctrl Pts',(3.44050164198453,-4.99999999268717,1.00991905822672));
#12691=CARTESIAN_POINT('Ctrl Pts',(3.42901202709592,-5.,1.04236111495533));
#12692=CARTESIAN_POINT('Ctrl Pts',(3.41706656997352,-5.,1.07463371103589));
#12693=CARTESIAN_POINT('Ctrl Pts',(3.38860287365461,-5.,1.15153301801492));
#12694=CARTESIAN_POINT('Ctrl Pts',(3.35768298845655,-4.99999998097587,1.22712757264226));
#12695=CARTESIAN_POINT('Ctrl Pts',(3.324351648539,-4.99999997278026,1.30143771154332));
#12696=CARTESIAN_POINT('Ctrl Pts',(3.29095300773629,-4.99999996456811,1.37589789356108));
#12697=CARTESIAN_POINT('Ctrl Pts',(3.25513288608876,-4.99999996826948,1.4490690091547));
#12698=CARTESIAN_POINT('Ctrl Pts',(3.21688832403097,-4.99999998025593,1.52095121782133));
#12699=CARTESIAN_POINT('Ctrl Pts',(3.19059169419806,-4.9999999884977,1.5703768023011));
#12700=CARTESIAN_POINT('Ctrl Pts',(3.16314784021596,-5.,1.61919259543394));
#12701=CARTESIAN_POINT('Ctrl Pts',(3.1345436633665,-5.,1.66739106425413));
#12702=CARTESIAN_POINT('Ctrl Pts',(3.09773647631546,-5.,1.72941172881564));
#12703=CARTESIAN_POINT('Ctrl Pts',(3.0588664353703,-4.99999997623746,1.79063721070005));
#12704=CARTESIAN_POINT('Ctrl Pts',(3.01805718734698,-4.99999996602734,1.85072724756693));
#12705=CARTESIAN_POINT('Ctrl Pts',(2.97652732901894,-4.99999995563693,1.91187835519289));
#12706=CARTESIAN_POINT('Ctrl Pts',(2.93298925116929,-4.99999995816567,1.97185293502761));
#12707=CARTESIAN_POINT('Ctrl Pts',(2.88762040830969,-4.99999996965296,2.03032224910094));
#12708=CARTESIAN_POINT('Ctrl Pts',(2.8422515654501,-4.99999998114026,2.08879156317427));
#12709=CARTESIAN_POINT('Ctrl Pts',(2.79505222475753,-5.,2.14575508904843));
#12710=CARTESIAN_POINT('Ctrl Pts',(2.74624375297234,-5.,2.20092229672387));
#12711=CARTESIAN_POINT('Ctrl Pts',(2.737130051549,-5.,2.21122332522823));
#12712=CARTESIAN_POINT('Ctrl Pts',(2.72795921344667,-5.00000000390395,2.22146316511973));
#12713=CARTESIAN_POINT('Ctrl Pts',(2.71873113630016,-5.00000000776536,2.23164182573957));
#12714=CARTESIAN_POINT('Ctrl Pts',(2.66536704670917,-5.00000003009513,2.29050294584182));
#12715=CARTESIAN_POINT('Ctrl Pts',(2.61012576209811,-5.00000004359677,2.34727346083383));
#12716=CARTESIAN_POINT('Ctrl Pts',(2.55305513903736,-5.0000000438577,2.40201809965302));
#12717=CARTESIAN_POINT('Ctrl Pts',(2.49526976888858,-5.00000004412191,2.4574483551535));
#12718=CARTESIAN_POINT('Ctrl Pts',(2.43560847798135,-5.00000002993166,2.51080199538161));
#12719=CARTESIAN_POINT('Ctrl Pts',(2.37408552545032,-5.00000001574821,2.56210630511135));
#12720=CARTESIAN_POINT('Ctrl Pts',(2.3390374374544,-5.00000000766825,2.59133308776732));
#12721=CARTESIAN_POINT('Ctrl Pts',(2.30338458007887,-5.,2.61989404988767));
#12722=CARTESIAN_POINT('Ctrl Pts',(2.2671254463066,-5.,2.64778792594657));
#12723=CARTESIAN_POINT('Ctrl Pts',(2.199921458277,-5.,2.69948744321951));
#12724=CARTESIAN_POINT('Ctrl Pts',(2.13049523025945,-5.00000003730576,2.74899533288936));
#12725=CARTESIAN_POINT('Ctrl Pts',(2.05913966061365,-5.00000004882821,2.79603467523053));
#12726=CARTESIAN_POINT('Ctrl Pts',(1.98716291963628,-5.00000006045096,2.84348350895497));
#12727=CARTESIAN_POINT('Ctrl Pts',(1.91322359477478,-5.00000004656338,2.88842025811284));
#12728=CARTESIAN_POINT('Ctrl Pts',(1.8376571431796,-5.0000000257871,2.93060065276062));
#12729=CARTESIAN_POINT('Ctrl Pts',(1.79457627711141,-5.00000001394242,2.95464793689485));
#12730=CARTESIAN_POINT('Ctrl Pts',(1.75096715735639,-5.00000000133277,2.97780010953328));
#12731=CARTESIAN_POINT('Ctrl Pts',(1.70689596448791,-5.00000000171271,3.00001832549476));
#12732=CARTESIAN_POINT('Origin',(-0.117012251122343,-4.99578707688296,-0.91871949421277));
#12733=CARTESIAN_POINT('Ctrl Pts',(-3.69558679275923,-3.84259134060379,
-1.39468213483102));
#12734=CARTESIAN_POINT('Ctrl Pts',(-3.35577552277844,-3.88094320766747,
-2.28282350438344));
#12735=CARTESIAN_POINT('Ctrl Pts',(-2.68023518432966,-3.91962202722791,
-3.04874853741969));
#12736=CARTESIAN_POINT('Ctrl Pts',(-1.83664975010217,-3.95816847115432,
-3.49702983908482));
#12737=CARTESIAN_POINT('Ctrl Pts',(24.1661909566658,1.34307007137865,-21.6785575805904));
#12738=CARTESIAN_POINT('Ctrl Pts',(20.3717121127097,1.11489853082595,-17.4640025204224));
#12739=CARTESIAN_POINT('Ctrl Pts',(16.5772332687092,0.886726990285542,-13.2494474602747));
#12740=CARTESIAN_POINT('Ctrl Pts',(10.8855150027605,0.544469679464639,-6.92761487003826));
#12741=CARTESIAN_POINT('Ctrl Pts',(8.98827558076751,0.430383909191718,-4.8203373399585));
#12742=CARTESIAN_POINT('Ctrl Pts',(6.14241644778945,0.259255253781266,-1.65942104484122));
#12743=CARTESIAN_POINT('Ctrl Pts',(5.19379673679538,0.202212368644802,-0.605782279801284));
#12744=CARTESIAN_POINT('Ctrl Pts',(3.77086717030451,0.116648040939576,0.974675867757816));
#12745=CARTESIAN_POINT('Ctrl Pts',(3.29655731480762,0.0881265983711895,
1.50149525027795));
#12746=CARTESIAN_POINT('Ctrl Pts',(2.58509253156287,0.0453444345188073,
2.29172432405703));
#12747=CARTESIAN_POINT('Ctrl Pts',(2.37547483521053,0.0321776581352891,
2.52543089883914));
#12748=CARTESIAN_POINT('Ctrl Pts',(1.88338905788134,0.00336642395009389,
2.91013218430476));
#12749=CARTESIAN_POINT('Ctrl Pts',(1.60943983553332,-0.0111488278890396,
3.07064824658706));
#12750=CARTESIAN_POINT('Ctrl Pts',(0.591255838625776,-0.0617428439639646,
3.49322778358175));
#12751=CARTESIAN_POINT('Ctrl Pts',(-0.245156390245749,-0.0984363380515109,
3.53328725360842));
#12752=CARTESIAN_POINT('Ctrl Pts',(-1.75983406957625,-0.171347635243504,
3.07491125484341));
#12753=CARTESIAN_POINT('Ctrl Pts',(-2.43088598166136,-0.207693614215389,
2.57669936620071));
#12754=CARTESIAN_POINT('Ctrl Pts',(-3.31073696413007,-0.28078227031389,
1.25999739235824));
#12755=CARTESIAN_POINT('Ctrl Pts',(-3.51420719189266,-0.317102665145199,
0.449256252633004));
#12756=CARTESIAN_POINT('Ctrl Pts',(-3.35839765623848,-0.390061895811376,
-1.1253744441145));
#12757=CARTESIAN_POINT('Ctrl Pts',(-2.9999082955594,-0.42670353487957,-1.88335997146742));
#12758=CARTESIAN_POINT('Ctrl Pts',(-1.8835789772045,-0.499267778701653,
-2.99980191391451));
#12759=CARTESIAN_POINT('Ctrl Pts',(-1.12559678048431,-0.535909293371214,
-3.35832230262848));
#12760=CARTESIAN_POINT('Ctrl Pts',(0.449021224617186,-0.608869482970489,
-3.51422942624328));
#12761=CARTESIAN_POINT('Ctrl Pts',(1.25979806657075,-0.645187270108021,
-3.31082683158427));
#12762=CARTESIAN_POINT('Ctrl Pts',(2.57653124111051,-0.718283927551839,
-2.43106085537751));
#12763=CARTESIAN_POINT('Ctrl Pts',(3.07478165837367,-0.754601721354007,
-1.75988629887519));
#12764=CARTESIAN_POINT('Ctrl Pts',(3.53341714569562,-0.827561896658546,
-0.245494574012691));
#12765=CARTESIAN_POINT('Ctrl Pts',(3.49228446724938,-0.864203530112077,
0.591982684237664));
#12766=CARTESIAN_POINT('Ctrl Pts',(2.88817462830614,-0.936767666221609,
2.05064097278052));
#12767=CARTESIAN_POINT('Ctrl Pts',(2.32509012669706,-0.973409303663033,
2.67193801547657));
#12768=CARTESIAN_POINT('Ctrl Pts',(0.929995870717958,-1.04636947317478,
3.41855761294127));
#12769=CARTESIAN_POINT('Ctrl Pts',(0.103096925762048,-1.08268727090187,
3.54090899451711));
#12770=CARTESIAN_POINT('Ctrl Pts',(-1.45007776481886,-1.15578392717671,
3.23200318612684));
#12771=CARTESIAN_POINT('Ctrl Pts',(-2.16724851179466,-1.19210172139827,
2.80259092974773));
#12772=CARTESIAN_POINT('Ctrl Pts',(-3.17050507448817,-1.26506189664257,
1.57898761375338));
#12773=CARTESIAN_POINT('Ctrl Pts',(-3.45299210649867,-1.30170353011212,
0.789518721130038));
#12774=CARTESIAN_POINT('Ctrl Pts',(-3.45307175142739,-1.37426766622238,
-0.789288643233316));
#12775=CARTESIAN_POINT('Ctrl Pts',(-3.17060959012678,-1.41090930366265,
-1.57877537439823));
#12776=CARTESIAN_POINT('Ctrl Pts',(-2.16742951133642,-1.48386947317519,
-2.80244139741287));
#12777=CARTESIAN_POINT('Ctrl Pts',(-1.45029634729104,-1.52018727090117,
-3.23191986110236));
#12778=CARTESIAN_POINT('Ctrl Pts',(0.102863094784356,-1.59328392717739,
-3.54090232891137));
#12779=CARTESIAN_POINT('Ctrl Pts',(0.929771425403845,-1.62960172139954,
-3.41862649727627));
#12780=CARTESIAN_POINT('Ctrl Pts',(2.32491234634739,-1.70256189664129,-2.6720941026728));
#12781=CARTESIAN_POINT('Ctrl Pts',(2.88801299899932,-1.73920353011231,-2.05082305822832));
#12782=CARTESIAN_POINT('Ctrl Pts',(3.49227000255529,-1.81176766622219,-0.592225727314944));
#12783=CARTESIAN_POINT('Ctrl Pts',(3.53343248511053,-1.84840930366442,0.245258494198993));
#12784=CARTESIAN_POINT('Ctrl Pts',(3.07489165664841,-1.92136947317342,1.75967888332549));
#12785=CARTESIAN_POINT('Ctrl Pts',(2.57670129691215,-1.95768727090678,2.43090022626175));
#12786=CARTESIAN_POINT('Ctrl Pts',(1.26001154897678,-2.0307839271718,3.3107311904781));
#12787=CARTESIAN_POINT('Ctrl Pts',(0.449254932108014,-2.06710172139964,
3.5142071705224));
#12788=CARTESIAN_POINT('Ctrl Pts',(-1.12537278886037,-2.14006189664119,
3.35839848705213));
#12789=CARTESIAN_POINT('Ctrl Pts',(-1.88336009230466,-2.17670353011506,
2.99990817547135));
#12790=CARTESIAN_POINT('Ctrl Pts',(-2.99980180330127,-2.24926766621944,
1.88357909941641));
#12791=CARTESIAN_POINT('Ctrl Pts',(-3.35832231488229,-2.2859093036599,1.12559676846392));
#12792=CARTESIAN_POINT('Ctrl Pts',(-3.51422942119715,-2.35886947317794,
-0.449021210776284));
#12793=CARTESIAN_POINT('Ctrl Pts',(-3.3108268319374,-2.39518727090147,-1.2597980681355));
#12794=CARTESIAN_POINT('Ctrl Pts',(-2.43106085643572,-2.4682839271771,-2.57653124015027));
#12795=CARTESIAN_POINT('Ctrl Pts',(-1.7598862987146,-2.50460172139611,-3.07478165842304));
#12796=CARTESIAN_POINT('Ctrl Pts',(-0.245494574198816,-2.57756189664473,
-3.53341714573666));
#12797=CARTESIAN_POINT('Ctrl Pts',(0.59198268425655,-2.61420353011231,-3.49228446723542));
#12798=CARTESIAN_POINT('Ctrl Pts',(2.05064097276753,-2.68676766622219,-2.88817462831758));
#12799=CARTESIAN_POINT('Ctrl Pts',(2.67193801547808,-2.72340930366559,-2.32509012669484));
#12800=CARTESIAN_POINT('Ctrl Pts',(3.41855761294042,-2.79636947317224,-0.929995870719659));
#12801=CARTESIAN_POINT('Ctrl Pts',(3.54090899451619,-2.83268727090931,-0.103096925762802));
#12802=CARTESIAN_POINT('Ctrl Pts',(3.23200318612786,-2.90578392716928,1.45007776481975));
#12803=CARTESIAN_POINT('Ctrl Pts',(2.80259092974664,-2.9421017214004,2.16724851179504));
#12804=CARTESIAN_POINT('Ctrl Pts',(1.57898761375435,-3.01506189664043,3.1705050744879));
#12805=CARTESIAN_POINT('Ctrl Pts',(0.789518721131515,-3.05170353011015,
3.45299210649847));
#12806=CARTESIAN_POINT('Ctrl Pts',(-0.74329013943441,-3.12215351235975,
3.45306943097503));
#12807=CARTESIAN_POINT('Ctrl Pts',(-1.48702433333069,-3.15661211324865,
3.20380175193479));
#12808=CARTESIAN_POINT('Ctrl Pts',(-2.67677856085976,-3.22540413753761,
2.30533451668971));
#12809=CARTESIAN_POINT('Ctrl Pts',(-3.12094879139749,-3.26215902064132,
1.65071058089876));
#12810=CARTESIAN_POINT('Ctrl Pts',(-3.40756289149506,-3.30755511443369,
0.639771115723085));
#12811=CARTESIAN_POINT('Ctrl Pts',(-3.44985705899889,-3.32216215563865,
0.321934781190343));
#12812=CARTESIAN_POINT('Ctrl Pts',(-3.45014294100113,-3.34811647762436,
-0.321934781234329));
#12813=CARTESIAN_POINT('Ctrl Pts',(-3.40782400001497,-3.36183523651437,
-0.640208663974824));
#12814=CARTESIAN_POINT('Ctrl Pts',(-3.04238576731567,-3.42376893489445,
-1.93037811921965));
#12815=CARTESIAN_POINT('Ctrl Pts',(-2.27850319294728,-3.47223767428944,
-2.79425342319373));
#12816=CARTESIAN_POINT('Ctrl Pts',(-0.592072333212316,-3.55612333361406,
-3.49276853828954));
#12817=CARTESIAN_POINT('Ctrl Pts',(0.245523330732964,-3.5927648001046,-3.53387951655398));
#12818=CARTESIAN_POINT('Ctrl Pts',(1.76011159289346,-3.66572493605062,-3.07517863911457));
#12819=CARTESIAN_POINT('Ctrl Pts',(2.43138960025496,-3.70204285799149,-2.57687866531351));
#12820=CARTESIAN_POINT('Ctrl Pts',(3.31124726351395,-3.77513935032541,-1.25995897220291));
#12821=CARTESIAN_POINT('Ctrl Pts',(3.51469776356766,-3.81145727634309,-0.449081858757277));
#12822=CARTESIAN_POINT('Ctrl Pts',(3.35876466794994,-3.88441740590779,1.12574161370909));
#12823=CARTESIAN_POINT('Ctrl Pts',(3.00017759811242,-3.92105887639466,1.88380264641244));
#12824=CARTESIAN_POINT('Ctrl Pts',(1.88362816311477,-3.99362333362211,3.00032109163763));
#12825=CARTESIAN_POINT('Ctrl Pts',(1.1255231629419,-4.03026480010165,3.35883666663554));
#12826=CARTESIAN_POINT('Ctrl Pts',(-0.449311158858465,-4.10322493605356,
3.51466014920809));
#12827=CARTESIAN_POINT('Ctrl Pts',(-1.26018231480592,-4.13954285799248,
3.31117797429028));
#12828=CARTESIAN_POINT('Ctrl Pts',(-2.57702814972293,-4.21263935032444,
2.43120977443328));
#12829=CARTESIAN_POINT('Ctrl Pts',(-3.07530113960152,-4.24895727634505,
1.75991414161597));
#12830=CARTESIAN_POINT('Ctrl Pts',(-3.53389659593114,-4.32191740590583,
0.245293955835559));
#12831=CARTESIAN_POINT('Ctrl Pts',(-3.49270273942363,-4.35855887640959,
-0.59228844735304));
#12832=CARTESIAN_POINT('Ctrl Pts',(-2.88841868030767,-4.43112333360719,
-2.05110195677315));
#12833=CARTESIAN_POINT('Ctrl Pts',(-2.32521895795079,-4.4677648001044,-2.6724413821521));
#12834=CARTESIAN_POINT('Ctrl Pts',(-0.929892826097824,-4.54072493605082,
-3.41906651205824));
#12835=CARTESIAN_POINT('Ctrl Pts',(-0.102876304491213,-4.57704285799758,
-3.54138045258435));
#12836=CARTESIAN_POINT('Ctrl Pts',(1.45047986095484,-4.65013935031932,-3.23233092747804));
#12837=CARTESIAN_POINT('Ctrl Pts',(2.16771779480558,-4.68645727633955,-2.8028154500755));
#12838=CARTESIAN_POINT('Ctrl Pts',(3.17102480203403,-4.75941740591132,-1.578985744199));
#12839=CARTESIAN_POINT('Ctrl Pts',(3.4534955500845,-4.79605887639976,-0.789396298700156));
#12840=CARTESIAN_POINT('Ctrl Pts',(3.45347363700656,-4.868623333617,0.789621142267968));
#12841=CARTESIAN_POINT('Ctrl Pts',(3.17092124477466,-4.90526480010596,1.57919112297757));
#12842=CARTESIAN_POINT('Ctrl Pts',(2.16752905777958,-4.97822493604924,2.80295099236255));
#12843=CARTESIAN_POINT('Ctrl Pts',(1.45027293900582,-5.01454285800228,3.23243985966612));
#12844=CARTESIAN_POINT('Ctrl Pts',(-0.103109161989257,-5.0876393503146,
3.5413589979672));
#12845=CARTESIAN_POINT('Ctrl Pts',(-0.930119066159942,-5.12395727634507,
3.41901351384596));
#12846=CARTESIAN_POINT('Ctrl Pts',(-2.32539322743992,-5.19691740590585,
2.67229126655005));
#12847=CARTESIAN_POINT('Ctrl Pts',(-2.88852496925708,-5.23355887640526,
2.05090261417403));
#12848=CARTESIAN_POINT('Ctrl Pts',(-3.49276853829076,-5.3061233336115,0.592072333211538));
#12849=CARTESIAN_POINT('Ctrl Pts',(-3.533879516552,-5.34276480010008,-0.245523330739973));
#12850=CARTESIAN_POINT('Ctrl Pts',(-3.07517863911651,-5.41572493605514,
-1.76011159288655));
#12851=CARTESIAN_POINT('Ctrl Pts',(-2.57687866531296,-5.45204285798305,
-2.43138960025643));
#12852=CARTESIAN_POINT('Ctrl Pts',(-1.25995897220314,-5.52513935033386,
-3.31124726351268));
#12853=CARTESIAN_POINT('Ctrl Pts',(-0.449081858756827,-5.56145727634506,
-3.51469776356784));
#12854=CARTESIAN_POINT('Ctrl Pts',(1.12574161370876,-5.63441740590584,-3.35876466794974));
#12855=CARTESIAN_POINT('Ctrl Pts',(1.883802646407,-5.67105887639898,-3.00017759811707));
#12856=CARTESIAN_POINT('Ctrl Pts',(3.00032109164319,-5.74362333361778,-1.88362816310998));
#12857=CARTESIAN_POINT('Ctrl Pts',(3.35883666663569,-5.78026480010714,-1.12552316294156));
#12858=CARTESIAN_POINT('Ctrl Pts',(3.51466014920784,-5.85322493604806,0.449311158858472));
#12859=CARTESIAN_POINT('Ctrl Pts',(3.31117797429071,-5.88954285798229,1.26018231480704));
#12860=CARTESIAN_POINT('Ctrl Pts',(2.43120977443136,-5.96263935033467,2.57702814972327));
#12861=CARTESIAN_POINT('Ctrl Pts',(1.75991414162388,-5.99895727634233,3.07530113959487));
#12862=CARTESIAN_POINT('Ctrl Pts',(0.245293955806012,-6.0719174059095,3.53389659595228));
#12863=CARTESIAN_POINT('Ctrl Pts',(-0.592288447100867,-6.10855887643331,
3.49270273934314));
#12864=CARTESIAN_POINT('Ctrl Pts',(-2.05110195721679,-6.18112333364306,
2.88841868030335));
#12865=CARTESIAN_POINT('Ctrl Pts',(-2.67244138037494,-6.21776479986366,
2.32521895835465));
#12866=CARTESIAN_POINT('Ctrl Pts',(-3.41906651305126,-6.29072493727617,
0.929892823880268));
#12867=CARTESIAN_POINT('Ctrl Pts',(-3.54138045234867,-6.32704285149898,
0.102876313632751));
#12868=CARTESIAN_POINT('Ctrl Pts',(-3.23233091227879,-6.40013936646926,
-1.45047988054859));
#12869=CARTESIAN_POINT('Ctrl Pts',(-2.80281555113725,-6.43645712803985,
-2.16771771628742));
#12870=CARTESIAN_POINT('Ctrl Pts',(-1.57898551146682,-6.50941757010746,
-3.1710250067657));
#12871=CARTESIAN_POINT('Ctrl Pts',(-0.789398747956529,-6.54605745511454,
-3.45349438851789));
#12872=CARTESIAN_POINT('Ctrl Pts',(0.676837831308757,-6.61344014170986,
-3.45347630428364));
#12873=CARTESIAN_POINT('Ctrl Pts',(1.35422939561757,-6.64476512062184,-3.24832730529858));
#12874=CARTESIAN_POINT('Ctrl Pts',(2.48296549980689,-6.70741240610909,-2.49405265595332));
#12875=CARTESIAN_POINT('Ctrl Pts',(2.93175204787893,-6.73876831910001,-1.94672924645367));
#12876=CARTESIAN_POINT('Ctrl Pts',(3.44949708763232,-6.80093620782213,-0.696347765232173));
#12877=CARTESIAN_POINT('Ctrl Pts',(3.5193653626154,-6.83227007784311,0.00835233595796218));
#12878=CARTESIAN_POINT('Ctrl Pts',(3.25489329004174,-6.89492628866483,1.33883073025486));
#12879=CARTESIAN_POINT('Ctrl Pts',(2.91987040901676,-6.92624173817461,1.96410614404082));
#12880=CARTESIAN_POINT('Ctrl Pts',(2.44190379960369,-6.95731769739762,2.44206379517659));
#12881=CARTESIAN_POINT('Ctrl Pts',(24.5350462333824,1.79699767930763,-21.3462984897982));
#12882=CARTESIAN_POINT('Ctrl Pts',(20.7405673894265,1.56882613875495,-17.1317434296303));
#12883=CARTESIAN_POINT('Ctrl Pts',(16.9460885454308,1.34065459821453,-12.9171883694775));
#12884=CARTESIAN_POINT('Ctrl Pts',(11.2543702794746,0.998397287393623,-6.59535577924849));
#12885=CARTESIAN_POINT('Ctrl Pts',(9.35713085748291,0.884311517120702,-4.48807824916627));
#12886=CARTESIAN_POINT('Ctrl Pts',(6.51127172450669,0.713182861710251,-1.327161954049));
#12887=CARTESIAN_POINT('Ctrl Pts',(5.56265201351201,0.656139976573787,-0.273523189008752));
#12888=CARTESIAN_POINT('Ctrl Pts',(4.13972244702113,0.570575648868561,1.30693495854989));
#12889=CARTESIAN_POINT('Ctrl Pts',(3.66541259152424,0.542054206300174,1.83375434107002));
#12890=CARTESIAN_POINT('Ctrl Pts',(2.9539478082795,0.499272042447792,2.62398341484934));
#12891=CARTESIAN_POINT('Ctrl Pts',(2.71696037690324,0.485003217470777,2.88989398604325));
#12892=CARTESIAN_POINT('Ctrl Pts',(2.15443794168588,0.456239720690704,3.32957822891811));
#12893=CARTESIAN_POINT('Ctrl Pts',(1.84221720717894,0.441790937622175,3.5125240991632));
#12894=CARTESIAN_POINT('Ctrl Pts',(0.674846096878238,0.390850443805557,
3.9973128544653));
#12895=CARTESIAN_POINT('Ctrl Pts',(-0.280496853903585,0.354463448228969,
4.04227484022423));
#12896=CARTESIAN_POINT('Ctrl Pts',(-2.01287500092806,0.28153460831068,3.51797274926517));
#12897=CARTESIAN_POINT('Ctrl Pts',(-2.78172972172316,0.245080375957687,
2.94712586404605));
#12898=CARTESIAN_POINT('Ctrl Pts',(-3.78717528913282,0.172163421993989,
1.44209112839828));
#12899=CARTESIAN_POINT('Ctrl Pts',(-4.02046683645748,0.135704855814975,
0.513354083839513));
#12900=CARTESIAN_POINT('Ctrl Pts',(-3.84215887903421,0.0627882764955183,
-1.28768221412782));
#12901=CARTESIAN_POINT('Ctrl Pts',(-3.4330753737041,0.0263300550606754,
-2.15345213165669));
#12902=CARTESIAN_POINT('Ctrl Pts',(-2.15370511529435,-0.0465869155745955,
-3.43331642564291));
#12903=CARTESIAN_POINT('Ctrl Pts',(-1.28769234998829,-0.0830450911965854,
-3.84214179188233));
#12904=CARTESIAN_POINT('Ctrl Pts',(0.513350959947465,-0.155961719895624,
-4.02037021695019));
#12905=CARTESIAN_POINT('Ctrl Pts',(1.44217563221807,-0.192420177879783,
-3.78732912921379));
#12906=CARTESIAN_POINT('Ctrl Pts',(2.94702940620055,-0.26533668289642,-2.78160893927781));
#12907=CARTESIAN_POINT('Ctrl Pts',(3.51797581216532,-0.301795144359387,
-2.01284361363783));
#12908=CARTESIAN_POINT('Ctrl Pts',(4.04246707182699,-0.374711769651243,
-0.280668330138872));
#12909=CARTESIAN_POINT('Ctrl Pts',(3.99583846441785,-0.411169938714047,
0.675749426499761));
#12910=CARTESIAN_POINT('Ctrl Pts',(3.30363755103344,-0.484086921905022,
2.34778341955163));
#12911=CARTESIAN_POINT('Ctrl Pts',(2.65999660141071,-0.520545090344004,
3.05689764385173));
#12912=CARTESIAN_POINT('Ctrl Pts',(1.06425463662472,-0.593461720265496,
3.91078866477886));
#12913=CARTESIAN_POINT('Ctrl Pts',(0.11695156141411,-0.629920177824819,
4.05093258677381));
#12914=CARTESIAN_POINT('Ctrl Pts',(-1.65822449389844,-0.702836682886104,
3.69765089547834));
#12915=CARTESIAN_POINT('Ctrl Pts',(-2.47990394581374,-0.739295144359358,
3.20589607553394));
#12916=CARTESIAN_POINT('Ctrl Pts',(-3.6273454686285,-0.812211769646739,
1.80628890001953));
#12917=CARTESIAN_POINT('Ctrl Pts',(-3.95027148244381,-0.848669938714466,
0.90483011447745));
#12918=CARTESIAN_POINT('Ctrl Pts',(-3.9506209336834,-0.921586921904603,
-0.904821690760372));
#12919=CARTESIAN_POINT('Ctrl Pts',(-3.62734049932905,-0.958045090344028,
-1.8062685366333));
#12920=CARTESIAN_POINT('Ctrl Pts',(-2.47983710565128,-1.03096172026552,
-3.20582498610936));
#12921=CARTESIAN_POINT('Ctrl Pts',(-1.65827394047224,-1.06742017782492,
-3.69781827956167));
#12922=CARTESIAN_POINT('Ctrl Pts',(0.116969933852511,-1.14033668288601,
-4.05075902166079));
#12923=CARTESIAN_POINT('Ctrl Pts',(1.06428918414165,-1.17679514435965,-3.91087992146208));
#12924=CARTESIAN_POINT('Ctrl Pts',(2.6599933997096,-1.24971176964644,-3.05691835884079));
#12925=CARTESIAN_POINT('Ctrl Pts',(3.30331147657767,-1.28616993871447,-2.34765747283866));
#12926=CARTESIAN_POINT('Ctrl Pts',(3.99615809163896,-1.3590869219046,-0.675890938211958));
#12927=CARTESIAN_POINT('Ctrl Pts',(4.0424546881502,-1.39554509034383,0.28065141857246));
#12928=CARTESIAN_POINT('Ctrl Pts',(3.5178868551204,-1.46846172026572,2.01280351418484));
#12929=CARTESIAN_POINT('Ctrl Pts',(2.94713914437943,-1.50492017782502,2.78174466008851));
#12930=CARTESIAN_POINT('Ctrl Pts',(1.44209223829218,-1.57783668288591,3.78717580702115));
#12931=CARTESIAN_POINT('Ctrl Pts',(0.513353958011293,-1.61429514435936,
4.02046775156379));
#12932=CARTESIAN_POINT('Ctrl Pts',(-1.28768144858585,-1.68721176964674,
3.84215970856109));
#12933=CARTESIAN_POINT('Ctrl Pts',(-2.15345224299352,-1.72366993871466,
3.43307526252878));
#12934=CARTESIAN_POINT('Ctrl Pts',(-3.43331640540799,-1.79658692190441,
2.15370529880754));
#12935=CARTESIAN_POINT('Ctrl Pts',(-3.8421417956494,-1.83304509034403,1.28769233384928));
#12936=CARTESIAN_POINT('Ctrl Pts',(-4.02037022061533,-1.90596172026552,
-0.51335095332966));
#12937=CARTESIAN_POINT('Ctrl Pts',(-3.7873291294472,-1.94242017782541,-1.44217563269865));
#12938=CARTESIAN_POINT('Ctrl Pts',(-2.78160893974611,-2.01533668288552,
-2.94702940659317));
#12939=CARTESIAN_POINT('Ctrl Pts',(-2.01284361362609,-2.05179514435916,
-3.51797581212313));
#12940=CARTESIAN_POINT('Ctrl Pts',(-0.280668330219799,-2.12471176964694,
-4.04246707191518));
#12941=CARTESIAN_POINT('Ctrl Pts',(0.67574942650799,-2.16116993871427,-3.99583846440818));
#12942=CARTESIAN_POINT('Ctrl Pts',(2.34778341954321,-2.2340869219048,-3.30363755104232));
#12943=CARTESIAN_POINT('Ctrl Pts',(3.05689764385179,-2.27054509034442,-2.6599966014076));
#12944=CARTESIAN_POINT('Ctrl Pts',(3.91078866477971,-2.34346172026513,-1.06425463662691));
#12945=CARTESIAN_POINT('Ctrl Pts',(4.05093258676685,-2.37992017782538,-0.116951561415818));
#12946=CARTESIAN_POINT('Ctrl Pts',(3.69765089548539,-2.45283668288554,1.65822449390033));
#12947=CARTESIAN_POINT('Ctrl Pts',(3.20589607553209,-2.48929514435933,2.47990394581193));
#12948=CARTESIAN_POINT('Ctrl Pts',(1.80628890002125,-2.56221176964677,3.62734546863044));
#12949=CARTESIAN_POINT('Ctrl Pts',(0.904830114478945,-2.59866993871447,
3.95027148244537));
#12950=CARTESIAN_POINT('Ctrl Pts',(-0.852097541306081,-2.66946248785135,
3.95061075243085));
#12951=CARTESIAN_POINT('Ctrl Pts',(-1.70170283024433,-2.70379628225796,
3.66507733314299));
#12952=CARTESIAN_POINT('Ctrl Pts',(-3.06179343245586,-2.7724639930923,2.63776942677605));
#12953=CARTESIAN_POINT('Ctrl Pts',(-3.56758468853552,-2.80704471288294,
1.89162799268558));
#12954=CARTESIAN_POINT('Ctrl Pts',(-3.89991580788785,-2.85571918352852,
0.730096136354394));
#12955=CARTESIAN_POINT('Ctrl Pts',(-3.94824367626067,-2.87036885052419,
0.366438404035953));
#12956=CARTESIAN_POINT('Ctrl Pts',(-3.95175697767958,-2.89990919419305,
-0.366438404086019));
#12957=CARTESIAN_POINT('Ctrl Pts',(-3.90426793076082,-2.91459090667236,
-0.731215282706444));
#12958=CARTESIAN_POINT('Ctrl Pts',(-3.48373131263856,-2.97670327342614,
-2.2166890233808));
#12959=CARTESIAN_POINT('Ctrl Pts',(-2.61217640800248,-3.02482784155145,
-3.1997094946553));
#12960=CARTESIAN_POINT('Ctrl Pts',(-0.676829237832734,-3.10912559096752,
-4.00179462179135));
#12961=CARTESIAN_POINT('Ctrl Pts',(0.281044736874947,-3.14558170638497,
-4.04815106127837));
#12962=CARTESIAN_POINT('Ctrl Pts',(2.01563380329876,-3.21849784898775,-3.52284597448773));
#12963=CARTESIAN_POINT('Ctrl Pts',(2.78566795079573,-3.25495788063978,-2.95128583226413));
#12964=CARTESIAN_POINT('Ctrl Pts',(3.79250715321667,-3.32787236975365,-1.44413285730552));
#12965=CARTESIAN_POINT('Ctrl Pts',(4.02613209602307,-3.36433240526987,-0.514074041476745));
#12966=CARTESIAN_POINT('Ctrl Pts',(3.84757395075369,-3.43724854331827,1.28949510124196));
#12967=CARTESIAN_POINT('Ctrl Pts',(3.43792529002756,-3.47370465931167,2.15647356744658));
#12968=CARTESIAN_POINT('Ctrl Pts',(2.15672918132597,-3.54662559096752,3.43816480851667));
#12969=CARTESIAN_POINT('Ctrl Pts',(1.28950886274411,-3.58308170638438,3.84755507458638));
#12970=CARTESIAN_POINT('Ctrl Pts',(-0.514068026695608,-3.65599784898834,
4.02603495425446));
#12971=CARTESIAN_POINT('Ctrl Pts',(-1.44421341193136,-3.692457880639,3.79266154785817));
#12972=CARTESIAN_POINT('Ctrl Pts',(-2.95117401713516,-3.76537236975445,
2.78553444375463));
#12973=CARTESIAN_POINT('Ctrl Pts',(-3.52293342001943,-3.80183240527026,
2.01567653477674));
#12974=CARTESIAN_POINT('Ctrl Pts',(-4.04816323428711,-3.87474854331787,
0.281064674442213));
#12975=CARTESIAN_POINT('Ctrl Pts',(-4.00147551634409,-3.91120465931187,
-0.676684741149914));
#12976=CARTESIAN_POINT('Ctrl Pts',(-3.30828665776723,-3.98412559096732,
-2.35110557021048));
#12977=CARTESIAN_POINT('Ctrl Pts',(-2.66374642743629,-4.02058170638438,
-3.06120370595793));
#12978=CARTESIAN_POINT('Ctrl Pts',(-1.06575994693464,-4.09349784898834,
-3.91629660833802));
#12979=CARTESIAN_POINT('Ctrl Pts',(-0.117109527071756,-4.129957880639,-4.05663892334911));
#12980=CARTESIAN_POINT('Ctrl Pts',(1.66055138940314,-4.20287236975445,-3.70286366207929));
#12981=CARTESIAN_POINT('Ctrl Pts',(2.48340006629363,-4.23933240527026,-3.21041054781287));
#12982=CARTESIAN_POINT('Ctrl Pts',(3.63245636208669,-4.31224854331787,-1.80883490129754));
#12983=CARTESIAN_POINT('Ctrl Pts',(3.95583736877681,-4.34870465931108,-0.906123202808128));
#12984=CARTESIAN_POINT('Ctrl Pts',(3.95618748024302,-4.42162559096811,0.906111821648619));
#12985=CARTESIAN_POINT('Ctrl Pts',(3.63245274547278,-4.45808170638556,1.80881182298039));
#12986=CARTESIAN_POINT('Ctrl Pts',(2.48333562978216,-4.53099784898717,3.21033760511699));
#12987=CARTESIAN_POINT('Ctrl Pts',(1.66060360217711,-4.567457880639,3.70302979628416));
#12988=CARTESIAN_POINT('Ctrl Pts',(-0.117124865568661,-4.64037236975444,
4.05646545439449));
#12989=CARTESIAN_POINT('Ctrl Pts',(-1.065791564545,-4.67683240526987,3.91638865738372));
#12990=CARTESIAN_POINT('Ctrl Pts',(-2.66374093706472,-4.74974854331827,
3.06122641156445));
#12991=CARTESIAN_POINT('Ctrl Pts',(-3.30795884155442,-4.78620465931148,
2.35098210316766));
#12992=CARTESIAN_POINT('Ctrl Pts',(-4.00179462179453,-4.85912559096772,
0.676829237833417));
#12993=CARTESIAN_POINT('Ctrl Pts',(-4.04815106127992,-4.89558170638517,
-0.281044736884021));
#12994=CARTESIAN_POINT('Ctrl Pts',(-3.52284597448614,-4.96849784898756,
-2.01563380328979));
#12995=CARTESIAN_POINT('Ctrl Pts',(-2.9512858322669,-5.004957880639,-2.7856679508035));
#12996=CARTESIAN_POINT('Ctrl Pts',(-1.44413285730238,-5.07787236975444,
-3.79250715320913));
#12997=CARTESIAN_POINT('Ctrl Pts',(-0.514074041477049,-5.11433240527026,
-4.02613209602227));
#12998=CARTESIAN_POINT('Ctrl Pts',(1.2894951012424,-5.18724854331787,-3.84757395075445));
#12999=CARTESIAN_POINT('Ctrl Pts',(2.15647356743839,-5.22370465931148,-3.43792529002967));
#13000=CARTESIAN_POINT('Ctrl Pts',(3.43816480852499,-5.29662559096772,-2.15672918132374));
#13001=CARTESIAN_POINT('Ctrl Pts',(3.84755507458242,-5.33308170638556,-1.28950886274294));
#13002=CARTESIAN_POINT('Ctrl Pts',(4.02603495425835,-5.40599784898717,0.514068026694736));
#13003=CARTESIAN_POINT('Ctrl Pts',(3.79266154786604,-5.44245788063905,1.44421341193649));
#13004=CARTESIAN_POINT('Ctrl Pts',(2.78553444374521,-5.51537236975449,2.95117401713165));
#13005=CARTESIAN_POINT('Ctrl Pts',(2.0156765347889,-5.55183240526976,3.52293342001195));
#13006=CARTESIAN_POINT('Ctrl Pts',(0.281064674418354,-5.62474854331904,
4.04816323430581));
#13007=CARTESIAN_POINT('Ctrl Pts',(-0.676684740990788,-5.66120465930307,
4.0014755161672));
#13008=CARTESIAN_POINT('Ctrl Pts',(-2.3511055703503,-5.73412559097541,3.30828665788848));
#13009=CARTESIAN_POINT('Ctrl Pts',(-3.06120370504666,-5.77058170632372,
2.66374642638018));
#13010=CARTESIAN_POINT('Ctrl Pts',(-3.91629660727839,-5.84349784897371,
1.06575994639517));
#13011=CARTESIAN_POINT('Ctrl Pts',(-4.0566389269328,-5.87995788056677,0.117109523484037));
#13012=CARTESIAN_POINT('Ctrl Pts',(-3.70286363287127,-5.95287236879573,
-1.66055139877426));
#13013=CARTESIAN_POINT('Ctrl Pts',(-3.2104107359027,-5.98933241217734,-2.48340008941621));
#13014=CARTESIAN_POINT('Ctrl Pts',(-1.80883459782347,-6.06224852942505,
-3.63245642548596));
#13015=CARTESIAN_POINT('Ctrl Pts',(-0.906124754055862,-6.09870476372891,
-3.95583735120616));
#13016=CARTESIAN_POINT('Ctrl Pts',(0.776667626706685,-6.16641687844426,
-3.95616370531463));
#13017=CARTESIAN_POINT('Ctrl Pts',(1.55185082851059,-6.1976661855401,-3.72072061102744));
#13018=CARTESIAN_POINT('Ctrl Pts',(2.843528582576,-6.26016478334857,-2.85746832852893));
#13019=CARTESIAN_POINT('Ctrl Pts',(3.35755803675873,-6.2914090872771,-2.23145369023087));
#13020=CARTESIAN_POINT('Ctrl Pts',(3.95217676485595,-6.35392089298685,-0.796345176038332));
#13021=CARTESIAN_POINT('Ctrl Pts',(4.03148062263695,-6.38515871202237,0.00973429494387109));
#13022=CARTESIAN_POINT('Ctrl Pts',(3.72856016620519,-6.44763696749913,1.533110107154));
#13023=CARTESIAN_POINT('Ctrl Pts',(3.34455739439236,-6.47902281249231,2.24985314128577));
#13024=CARTESIAN_POINT('Ctrl Pts',(2.7973454475501,-6.5101654091635,2.79733363325468));
#13025=CARTESIAN_POINT('Ctrl Pts',(1.81318816420761,-1.,2.93811637968506));
#13026=CARTESIAN_POINT('Ctrl Pts',(1.56662035041072,-1.,3.10892359458333));
#13027=CARTESIAN_POINT('Ctrl Pts',(1.3001342644895,-1.,3.24435227052601));
#13028=CARTESIAN_POINT('Ctrl Pts',(0.736603951496314,-1.,3.4461674522492));
#13029=CARTESIAN_POINT('Ctrl Pts',(0.43944750247737,-0.999999999999957,
3.51126290336465));
#13030=CARTESIAN_POINT('Ctrl Pts',(-0.18582896367499,-0.999999999999957,
3.56773630900239));
#13031=CARTESIAN_POINT('Ctrl Pts',(-0.666705155658774,-1.00000000000001,
3.56975652452126));
#13032=CARTESIAN_POINT('Ctrl Pts',(-1.68650835593887,-1.00000000000001,
3.2503374009948));
#13033=CARTESIAN_POINT('Ctrl Pts',(-2.10865370839205,-1.,3.02137289715549));
#13034=CARTESIAN_POINT('Ctrl Pts',(-2.93993846035079,-1.,2.33858038365397));
#13035=CARTESIAN_POINT('Ctrl Pts',(-3.21436444793847,-1.,1.92121169592555));
#13036=CARTESIAN_POINT('Ctrl Pts',(-3.61290027783568,-1.,1.17513582410107));
#13037=CARTESIAN_POINT('Ctrl Pts',(-3.76144042049251,-0.999999999999999,
0.68928126537446));
#13038=CARTESIAN_POINT('Ctrl Pts',(-3.87155062391806,-0.999999999999999,
-0.428016294358386));
#13039=CARTESIAN_POINT('Ctrl Pts',(-3.76451411884326,-1.00000000000005,
-0.934153580832428));
#13040=CARTESIAN_POINT('Ctrl Pts',(-3.54372452629518,-1.00000000000005,
-1.69023359361691));
#13041=CARTESIAN_POINT('Ctrl Pts',(-3.32268466366605,-1.,-2.16633025028776));
#13042=CARTESIAN_POINT('Ctrl Pts',(-2.96530436600867,-1.,-2.60987184536258));
#13043=CARTESIAN_POINT('Ctrl Pts',(1.70689596546458,-5.,3.00001832714204));
#13044=CARTESIAN_POINT('Ctrl Pts',(1.38115953342833,-5.,3.20841354244871));
#13045=CARTESIAN_POINT('Ctrl Pts',(1.02040136659401,-5.00000000000002,3.36333736234685));
#13046=CARTESIAN_POINT('Ctrl Pts',(0.259034773435431,-5.00000000000002,
3.5451873428719));
#13047=CARTESIAN_POINT('Ctrl Pts',(-0.139468626807321,-5.,3.57002509435519));
#13048=CARTESIAN_POINT('Ctrl Pts',(-0.833507309936163,-5.,3.50090111464213));
#13049=CARTESIAN_POINT('Ctrl Pts',(-1.30940475760802,-5.00000000000001,
3.41861015774326));
#13050=CARTESIAN_POINT('Ctrl Pts',(-2.26627474897108,-5.00000000000001,
2.91843705860499));
#13051=CARTESIAN_POINT('Ctrl Pts',(-2.6488819594543,-5.,2.60683463919037));
#13052=CARTESIAN_POINT('Ctrl Pts',(-3.27500720153987,-5.,1.85898728407132));
#13053=CARTESIAN_POINT('Ctrl Pts',(-3.50916864087973,-5.,1.43362470807936));
#13054=CARTESIAN_POINT('Ctrl Pts',(-3.80251653481551,-5.,0.48863909651491));
#13055=CARTESIAN_POINT('Ctrl Pts',(-3.85620936955116,-4.99999999999999,
-0.010433045582437));
#13056=CARTESIAN_POINT('Ctrl Pts',(-3.78595628673227,-4.99999999999999,
-0.868975937864242));
#13057=CARTESIAN_POINT('Ctrl Pts',(-3.70365441463658,-5.,-1.2282489165513));
#13058=CARTESIAN_POINT('Ctrl Pts',(-3.43338792074631,-5.,-1.92131532456821));
#13059=CARTESIAN_POINT('Ctrl Pts',(-3.24767596477365,-5.,-2.2490269320626));
#13060=CARTESIAN_POINT('Ctrl Pts',(-3.02079436835988,-5.,-2.54505429884811));
#13061=CARTESIAN_POINT('Origin',(0.,-5.,0.));
#13062=CARTESIAN_POINT('Ctrl Pts',(-0.828819414039718,-5.,-3.86206659431332));
#13063=CARTESIAN_POINT('Ctrl Pts',(-0.840977802025019,-5.,-3.85908061281354));
#13064=CARTESIAN_POINT('Ctrl Pts',(-0.853129730192532,-5.,-3.85603589617046));
#13065=CARTESIAN_POINT('Ctrl Pts',(-0.865275166740229,-5.00000000824852,
-3.85293214677922));
#13066=CARTESIAN_POINT('Origin',(0.,2.,0.));
#13067=CARTESIAN_POINT('Ctrl Pts',(24.7907810631415,1.34969698506947,-21.1158632899306));
#13068=CARTESIAN_POINT('Ctrl Pts',(20.9963022191622,1.12152544451775,-16.9013082297804));
#13069=CARTESIAN_POINT('Ctrl Pts',(17.2018233751948,0.893353903976365,-12.6867531696099));
#13070=CARTESIAN_POINT('Ctrl Pts',(11.5101051092313,0.551096593155462,-6.36492057938086));
#13071=CARTESIAN_POINT('Ctrl Pts',(9.61286568724202,0.437010822883157,-4.25764304929864));
#13072=CARTESIAN_POINT('Ctrl Pts',(6.76700655426581,0.265882167471782,-1.09672675418137));
#13073=CARTESIAN_POINT('Ctrl Pts',(5.81838684327112,0.208839282335626,-0.0430879891414253));
#13074=CARTESIAN_POINT('Ctrl Pts',(4.39545727678024,0.1232749546304,1.53737015841767));
#13075=CARTESIAN_POINT('Ctrl Pts',(3.92114742128336,0.0947535120620135,
2.0641895409378));
#13076=CARTESIAN_POINT('Ctrl Pts',(3.20968263803861,0.0519713482096313,
2.85441861471689));
#13077=CARTESIAN_POINT('Ctrl Pts',(2.95258759104757,0.0369402129890723,
3.141386792322));
#13078=CARTESIAN_POINT('Ctrl Pts',(2.34149915011783,0.00820965958522048,
3.61907164931258));
#13079=CARTESIAN_POINT('Ctrl Pts',(2.00290807195483,-0.00619325605272683,
3.8175883995481));
#13080=CARTESIAN_POINT('Ctrl Pts',(0.732376853379772,-0.0573728442186299,
4.34481906740982));
#13081=CARTESIAN_POINT('Ctrl Pts',(-0.304912284666001,-0.0935483287571018,
4.39359858558516));
#13082=CARTESIAN_POINT('Ctrl Pts',(-2.18752087957355,-0.166489277292434,
3.82377081048867));
#13083=CARTESIAN_POINT('Ctrl Pts',(-3.02375699217223,-0.203018218684844,
3.2026848054165));
#13084=CARTESIAN_POINT('Ctrl Pts',(-4.11609137681844,-0.275816676402026,
1.56782084396351));
#13085=CARTESIAN_POINT('Ctrl Pts',(-4.36977187983326,-0.312370594997942,
0.557586454416487));
#13086=CARTESIAN_POINT('Ctrl Pts',(-4.17599765745357,-0.385257743273351,
-1.39970256984286));
#13087=CARTESIAN_POINT('Ctrl Pts',(-3.73219917058551,-0.421589384267264,
-2.34004445700585));
#13088=CARTESIAN_POINT('Ctrl Pts',(-2.33992770661529,-0.494749778362449,
-3.73230599196334));
#13089=CARTESIAN_POINT('Ctrl Pts',(-1.39954886715167,-0.531081428718725,
-4.17604866940838));
#13090=CARTESIAN_POINT('Ctrl Pts',(0.557748686249036,-0.603967991628951,
-4.36974317679513));
#13091=CARTESIAN_POINT('Ctrl Pts',(1.56797329761722,-0.640523532241109,
-4.11605320163137));
#13092=CARTESIAN_POINT('Ctrl Pts',(3.20280249829542,-0.713315710685462,
-3.02363393926313));
#13093=CARTESIAN_POINT('Ctrl Pts',(3.82376347977077,-0.749871246507372,
-2.18738286985459));
#13094=CARTESIAN_POINT('Ctrl Pts',(4.39376238588993,-0.822757820709535,
-0.304929033575876));
#13095=CARTESIAN_POINT('Ctrl Pts',(4.34359861651508,-0.859089377068236,
0.73366851750994));
#13096=CARTESIAN_POINT('Ctrl Pts',(3.59010304641086,-0.932249866654111,
2.55274942321383));
#13097=CARTESIAN_POINT('Ctrl Pts',(2.89111918203782,-0.968581420174287,
3.32258174794271));
#13098=CARTESIAN_POINT('Ctrl Pts',(1.15693572069514,-1.04146799901511,4.25055745940204));
#13099=CARTESIAN_POINT('Ctrl Pts',(0.12652692987718,-1.07802353160026,4.40277471241259));
#13100=CARTESIAN_POINT('Ctrl Pts',(-1.80190906182896,-1.15081571092702,
4.0191329635532));
#13101=CARTESIAN_POINT('Ctrl Pts',(-2.69562163151163,-1.18737124647697,
3.48416919629832));
#13102=CARTESIAN_POINT('Ctrl Pts',(-3.94261584994147,-1.26025782071276,
1.96313776386317));
#13103=CARTESIAN_POINT('Ctrl Pts',(-4.29372464573584,-1.29658937706837,
0.984401900402955));
#13104=CARTESIAN_POINT('Ctrl Pts',(-4.29371763543451,-1.36974986665341,
-0.984559987382153));
#13105=CARTESIAN_POINT('Ctrl Pts',(-3.94254282594945,-1.40608142017471,
-1.96328186006551));
#13106=CARTESIAN_POINT('Ctrl Pts',(-2.69548715081219,-1.47896799901475,
-3.48426290588019));
#13107=CARTESIAN_POINT('Ctrl Pts',(-1.80176457970101,-1.51552353160096,
-4.0192136832438));
#13108=CARTESIAN_POINT('Ctrl Pts',(0.126691304045979,-1.58831571092634,
-4.4027554280593));
#13109=CARTESIAN_POINT('Ctrl Pts',(1.15709582577007,-1.62487124647649,-4.25052234656969));
#13110=CARTESIAN_POINT('Ctrl Pts',(2.89124179063292,-1.69775782071325,-3.32247656548683));
#13111=CARTESIAN_POINT('Ctrl Pts',(3.59017002036193,-1.73408937706897,-2.55260605260621));
#13112=CARTESIAN_POINT('Ctrl Pts',(4.34365263710122,-1.80724986665282,-0.733519781464673));
#13113=CARTESIAN_POINT('Ctrl Pts',(4.39375006385444,-1.84358142017334,0.305090106182172));
#13114=CARTESIAN_POINT('Ctrl Pts',(3.82367509686657,-1.91646799901613,2.18752090986459));
#13115=CARTESIAN_POINT('Ctrl Pts',(3.20269990529926,-1.95302353159751,3.02376380506585));
#13116=CARTESIAN_POINT('Ctrl Pts',(1.56781405632127,-2.02581571092977,4.11609828971866));
#13117=CARTESIAN_POINT('Ctrl Pts',(0.55758733034637,-2.0623712464758,4.36977200065844));
#13118=CARTESIAN_POINT('Ctrl Pts',(-1.39970237787375,-2.13525782071394,
4.17599842833863));
#13119=CARTESIAN_POINT('Ctrl Pts',(-2.34004455436008,-2.1715893770672,3.73219907273346));
#13120=CARTESIAN_POINT('Ctrl Pts',(-3.73230590007863,-2.24474986665459,
2.33992781295508));
#13121=CARTESIAN_POINT('Ctrl Pts',(-4.176048683981,-2.28108142017648,1.39954885071267));
#13122=CARTESIAN_POINT('Ctrl Pts',(-4.36974317112423,-2.35396799901299,
-0.557748685242509));
#13123=CARTESIAN_POINT('Ctrl Pts',(-4.11605320286869,-2.39052353160105,
-1.5679732980492));
#13124=CARTESIAN_POINT('Ctrl Pts',(-3.02363393887736,-2.46331571092624,
-3.20280249929689));
#13125=CARTESIAN_POINT('Ctrl Pts',(-2.1873828699638,-2.49987124647796,-3.82376347972735));
#13126=CARTESIAN_POINT('Ctrl Pts',(-0.304929033578513,-2.57275782071177,
-4.39376238599732));
#13127=CARTESIAN_POINT('Ctrl Pts',(0.733668517510715,-2.60908937706858,
-4.34359861650758));
#13128=CARTESIAN_POINT('Ctrl Pts',(2.55274942320923,-2.68224986665322,-3.59010304641987));
#13129=CARTESIAN_POINT('Ctrl Pts',(3.32258174794441,-2.71858142017334,-2.89111918203583));
#13130=CARTESIAN_POINT('Ctrl Pts',(4.25055745940138,-2.79146799901613,-1.15693572069589));
#13131=CARTESIAN_POINT('Ctrl Pts',(4.40277471241091,-2.82802353159592,-0.126526929876703));
#13132=CARTESIAN_POINT('Ctrl Pts',(4.01913296355497,-2.90081571093137,1.80190906182872));
#13133=CARTESIAN_POINT('Ctrl Pts',(3.48416919629775,-2.93737124647558,2.6956216315114));
#13134=CARTESIAN_POINT('Ctrl Pts',(1.96313776386359,-3.01025782071416,3.94261584994182));
#13135=CARTESIAN_POINT('Ctrl Pts',(0.984401900405199,-3.04658937706995,
4.29372464573505));
#13136=CARTESIAN_POINT('Ctrl Pts',(-0.927194343593738,-3.11761833804738,
4.29371783968015));
#13137=CARTESIAN_POINT('Ctrl Pts',(-1.84982912143501,-3.15186600430774,
3.9833568409046));
#13138=CARTESIAN_POINT('Ctrl Pts',(-3.32758362114373,-3.22044791634434,
2.86728129778002));
#13139=CARTESIAN_POINT('Ctrl Pts',(-3.87915603232064,-3.25352846344246,
2.05877125963683));
#13140=CARTESIAN_POINT('Ctrl Pts',(-4.23819149617642,-3.3044650379761,0.792015990290336));
#13141=CARTESIAN_POINT('Ctrl Pts',(-4.29056008732327,-3.31914737832146,
0.396763393284669));
#13142=CARTESIAN_POINT('Ctrl Pts',(-4.29084596932535,-3.35113125494196,
-0.396763393338879));
#13143=CARTESIAN_POINT('Ctrl Pts',(-4.23843784505118,-3.3664576943539,-0.7924746596083));
#13144=CARTESIAN_POINT('Ctrl Pts',(-3.78053926067744,-3.42869030409843,
-2.40938144829334));
#13145=CARTESIAN_POINT('Ctrl Pts',(-2.83684096217345,-3.47658326293984,
-3.47287776649579));
#13146=CARTESIAN_POINT('Ctrl Pts',(-0.733755003725637,-3.56115831667902,
-4.3440837097784));
#13147=CARTESIAN_POINT('Ctrl Pts',(0.304961104998696,-3.59748970583458,
-4.39422498923441));
#13148=CARTESIAN_POINT('Ctrl Pts',(2.18761124894051,-3.67037624081215,-3.82415922195298));
#13149=CARTESIAN_POINT('Ctrl Pts',(3.02396540156724,-3.70693190416095,-3.20314800619799));
#13150=CARTESIAN_POINT('Ctrl Pts',(4.11647522937009,-3.7797239193783,-1.56813128623272));
#13151=CARTESIAN_POINT('Ctrl Pts',(4.37021239418549,-3.81627958044151,-0.557806125629109));
#13152=CARTESIAN_POINT('Ctrl Pts',(4.17649043017148,-3.88916611920255,1.39969696340554));
#13153=CARTESIAN_POINT('Ctrl Pts',(3.73268032516789,-3.92549750567563,2.34015438006813));
#13154=CARTESIAN_POINT('Ctrl Pts',(2.34031009436486,-3.99865831667352,3.73261414363266));
#13155=CARTESIAN_POINT('Ctrl Pts',(1.39984977834407,-4.03498970583615,4.17643809120214));
#13156=CARTESIAN_POINT('Ctrl Pts',(-0.55764688101973,-4.10787624081058,
4.37022501565159));
#13157=CARTESIAN_POINT('Ctrl Pts',(-1.56798806814548,-4.14443190415938,
4.11654434175498));
#13158=CARTESIAN_POINT('Ctrl Pts',(-3.20302934749,-4.21722391937988,3.0240712696627));
#13159=CARTESIAN_POINT('Ctrl Pts',(-3.82408662096545,-4.25377958044072,
2.18775354174942));
#13160=CARTESIAN_POINT('Ctrl Pts',(-4.39421486439138,-4.32666611920334,
0.305122316849432));
#13161=CARTESIAN_POINT('Ctrl Pts',(-4.34408526426073,-4.36299750566541,
-0.733585815896357));
#13162=CARTESIAN_POINT('Ctrl Pts',(-3.59057418809118,-4.43615831668373,
-2.55288791036253));
#13163=CARTESIAN_POINT('Ctrl Pts',(-2.89154622260407,-4.4724897058334,-3.32282635328967));
#13164=CARTESIAN_POINT('Ctrl Pts',(-1.15721416945438,-4.54537624081333,
-4.25096366690596));
#13165=CARTESIAN_POINT('Ctrl Pts',(-0.12670123480449,-4.58193190415625,
-4.40323411784801));
#13166=CARTESIAN_POINT('Ctrl Pts',(1.80195128298803,-4.65472391938303,-4.01962381556034));
#13167=CARTESIAN_POINT('Ctrl Pts',(2.69577832513549,-4.69127958044387,-3.48463531317442));
#13168=CARTESIAN_POINT('Ctrl Pts',(3.94295991916419,-4.7641661192002,-1.96348949030394));
#13169=CARTESIAN_POINT('Ctrl Pts',(4.29414260109779,-4.80049750567053,-0.984664538767572));
#13170=CARTESIAN_POINT('Ctrl Pts',(4.29420591031979,-4.87365831667863,0.984507634720196));
#13171=CARTESIAN_POINT('Ctrl Pts',(3.94303096640432,-4.90998970583419,1.96334442458468));
#13172=CARTESIAN_POINT('Ctrl Pts',(2.69589985280175,-4.98287624081255,3.48453163495559));
#13173=CARTESIAN_POINT('Ctrl Pts',(1.80210142330479,-5.01943190415311,4.01957141491487));
#13174=CARTESIAN_POINT('Ctrl Pts',(-0.126542470379885,-5.09222391938617,
4.40322507352007));
#13175=CARTESIAN_POINT('Ctrl Pts',(-1.15706221659344,-5.12877958044032,
4.25101294646585));
#13176=CARTESIAN_POINT('Ctrl Pts',(-2.89142506926648,-5.20166611920373,
3.32293318793686));
#13177=CARTESIAN_POINT('Ctrl Pts',(-3.59045565341427,-5.23799750566817,
2.55300864340897));
#13178=CARTESIAN_POINT('Ctrl Pts',(-4.34408370977883,-5.31115831668099,
0.733755003725821));
#13179=CARTESIAN_POINT('Ctrl Pts',(-4.39422498923125,-5.34748970583811,
-0.304961105007774));
#13180=CARTESIAN_POINT('Ctrl Pts',(-3.8241592219561,-5.42037624080861,-2.18761124893154));
#13181=CARTESIAN_POINT('Ctrl Pts',(-3.203148006198,-5.45693190416606,-3.02396540156795));
#13182=CARTESIAN_POINT('Ctrl Pts',(-1.56813128623232,-5.5297239193732,-4.11647522936963));
#13183=CARTESIAN_POINT('Ctrl Pts',(-0.557806125629331,-5.56627958044072,
-4.37021239418666));
#13184=CARTESIAN_POINT('Ctrl Pts',(1.39969696340593,-5.63916611920333,-4.17649043017029));
#13185=CARTESIAN_POINT('Ctrl Pts',(2.3401543800619,-5.67549750567249,-3.73268032517352));
#13186=CARTESIAN_POINT('Ctrl Pts',(3.73261414363902,-5.74865831667667,-2.34031009435909));
#13187=CARTESIAN_POINT('Ctrl Pts',(4.17643809120209,-5.78498970583341,-1.39984977834389));
#13188=CARTESIAN_POINT('Ctrl Pts',(4.37022501565154,-5.85787624081334,0.557646881019828));
#13189=CARTESIAN_POINT('Ctrl Pts',(4.11654434175553,-5.89443190416612,1.56798806814593));
#13190=CARTESIAN_POINT('Ctrl Pts',(3.0240712696605,-5.96722391937326,3.20302934749124));
#13191=CARTESIAN_POINT('Ctrl Pts',(2.18775354176412,-6.00377958044131,3.82408662095497));
#13192=CARTESIAN_POINT('Ctrl Pts',(0.305122316830018,-6.07666611920324,
4.39421486441123));
#13193=CARTESIAN_POINT('Ctrl Pts',(-0.73358581581372,-6.11299750563474,
4.34408526406584));
#13194=CARTESIAN_POINT('Ctrl Pts',(-2.55288791031038,-6.18615831667311,
3.59057418833693));
#13195=CARTESIAN_POINT('Ctrl Pts',(-3.32282635269932,-6.22248970589362,
2.89154622046603));
#13196=CARTESIAN_POINT('Ctrl Pts',(-4.25096366609425,-6.29537623996449,
1.15721417095373));
#13197=CARTESIAN_POINT('Ctrl Pts',(-4.40323411457033,-6.3319319084105,0.126701224058477));
#13198=CARTESIAN_POINT('Ctrl Pts',(-4.01962380187374,-6.40472390690947,
-1.80195129090862));
#13199=CARTESIAN_POINT('Ctrl Pts',(-3.48463540376398,-6.44127969178055,
-2.69577824802777));
#13200=CARTESIAN_POINT('Ctrl Pts',(-1.96348929572689,-6.51416598548149,
-3.94296010006025));
#13201=CARTESIAN_POINT('Ctrl Pts',(-0.984665364947549,-6.55049863712315,
-4.29414109554896));
#13202=CARTESIAN_POINT('Ctrl Pts',(0.843852093149511,-6.61843243047183,
-4.29420277274909));
#13203=CARTESIAN_POINT('Ctrl Pts',(1.68478190247924,-6.64963081601039,-4.03850350357345));
#13204=CARTESIAN_POINT('Ctrl Pts',(3.08622771963632,-6.71202935984076,-3.1020990661765));
#13205=CARTESIAN_POINT('Ctrl Pts',(3.64434821577351,-6.74319855314522,-2.42315222618957));
#13206=CARTESIAN_POINT('Ctrl Pts',(4.29021926261501,-6.80594179961617,-0.863539125148774));
#13207=CARTESIAN_POINT('Ctrl Pts',(4.37599905797819,-6.8371149835861,0.0106598341394794));
#13208=CARTESIAN_POINT('Ctrl Pts',(4.04746189232541,-6.89947347640993,1.66389136942354));
#13209=CARTESIAN_POINT('Ctrl Pts',(3.63045733497323,-6.93089322917766,2.44238164385518));
#13210=CARTESIAN_POINT('Ctrl Pts',(3.03649708096948,-6.96209413692719,3.03638491815113));
#13211=CARTESIAN_POINT('Ctrl Pts',(24.5402737784426,0.897025346016835,-21.3415024731845));
#13212=CARTESIAN_POINT('Ctrl Pts',(20.7457949344867,0.66885380546415,-17.1269474130167));
#13213=CARTESIAN_POINT('Ctrl Pts',(16.951316090491,0.440682264923728,-12.9123923528638));
#13214=CARTESIAN_POINT('Ctrl Pts',(11.2595978245348,0.098424954102825,-6.59055976263483));
#13215=CARTESIAN_POINT('Ctrl Pts',(9.36235840254433,-0.015660816170096,
-4.48328223255261));
#13216=CARTESIAN_POINT('Ctrl Pts',(6.51649926956627,-0.186789471580548,
-1.32236593743534));
#13217=CARTESIAN_POINT('Ctrl Pts',(5.5678795585722,-0.243832356717011,-0.268727172395395));
#13218=CARTESIAN_POINT('Ctrl Pts',(4.14494999208132,-0.329396684422237,
1.31173097516371));
#13219=CARTESIAN_POINT('Ctrl Pts',(3.67064013658444,-0.357918126990624,
1.83855035768383));
#13220=CARTESIAN_POINT('Ctrl Pts',(2.95917535333969,-0.400700290843006,
2.62877943146292));
#13221=CARTESIAN_POINT('Ctrl Pts',(2.72045398334477,-0.41498263814938,2.89363567781477));
#13222=CARTESIAN_POINT('Ctrl Pts',(2.15725345000951,-0.443745641478395,
3.33395620262848));
#13223=CARTESIAN_POINT('Ctrl Pts',(1.84468547693609,-0.45819374030504,3.51724355531926));
#13224=CARTESIAN_POINT('Ctrl Pts',(0.67552635398174,-0.5091378055475,4.00209441177284));
#13225=CARTESIAN_POINT('Ctrl Pts',(-0.280894430930011,-0.545521635601295,
4.047623697973));
#13226=CARTESIAN_POINT('Ctrl Pts',(-2.01551849629055,-0.618450659776695,
3.522604014893));
#13227=CARTESIAN_POINT('Ctrl Pts',(-2.78525107684799,-0.654906015701621,
2.9508706891964));
#13228=CARTESIAN_POINT('Ctrl Pts',(-3.79225245573734,-0.727821188457322,
1.44405382034032));
#13229=CARTESIAN_POINT('Ctrl Pts',(-4.02562553520382,-0.764281184035212,
0.514015144160547));
#13230=CARTESIAN_POINT('Ctrl Pts',(-3.84715614566717,-0.837197325409963,
-1.28937478257429));
#13231=CARTESIAN_POINT('Ctrl Pts',(-3.43778734011931,-0.873653645274923,
-2.15648535497789));
#13232=CARTESIAN_POINT('Ctrl Pts',(-2.1562710074129,-0.946574271739793,
-3.43758712599128));
#13233=CARTESIAN_POINT('Ctrl Pts',(-1.28936202812105,-0.98303054772642,
-3.84717283503272));
#13234=CARTESIAN_POINT('Ctrl Pts',(0.51402074508252,-1.05594672067442,-4.02570603429634));
#13235=CARTESIAN_POINT('Ctrl Pts',(1.44398909997589,-1.09240664021902,-3.79212604636076));
#13236=CARTESIAN_POINT('Ctrl Pts',(2.95097087185737,-1.16532127808854,-2.78536722857031));
#13237=CARTESIAN_POINT('Ctrl Pts',(3.5224871918876,-1.20178119385818,-2.01542805648953));
#13238=CARTESIAN_POINT('Ctrl Pts',(4.04773158375544,-1.27469737205888,-0.281016981571271));
#13239=CARTESIAN_POINT('Ctrl Pts',(4.00135252260337,-1.31115363907276,0.676748556407672));
#13240=CARTESIAN_POINT('Ctrl Pts',(3.30764226115555,-1.38407427926361,2.35074701551941));
#13241=CARTESIAN_POINT('Ctrl Pts',(2.6634644900339,-1.4205305467574,3.06090678058152));
#13242=CARTESIAN_POINT('Ctrl Pts',(1.06567775703058,-1.49344672115051,3.91597461641356));
#13243=CARTESIAN_POINT('Ctrl Pts',(0.117111836123913,-1.52990664015527,
4.05605834591936));
#13244=CARTESIAN_POINT('Ctrl Pts',(-1.66042769816233,-1.602821278082,3.70263143499852));
#13245=CARTESIAN_POINT('Ctrl Pts',(-2.48308289380304,-1.63928119385759,
3.2100102197156));
#13246=CARTESIAN_POINT('Ctrl Pts',(-3.63207582030641,-1.7121973720546,1.80862565342135));
#13247=CARTESIAN_POINT('Ctrl Pts',(-3.95574815840546,-1.74865363907297,
0.906017177517543));
#13248=CARTESIAN_POINT('Ctrl Pts',(-3.955454922477,-1.82157427926339,-0.906027160202159));
#13249=CARTESIAN_POINT('Ctrl Pts',(-3.63207864085297,-1.85803054675742,
-1.80864539247947));
#13250=CARTESIAN_POINT('Ctrl Pts',(-2.48313647523882,-1.93094672115054,
-3.21007157607979));
#13251=CARTESIAN_POINT('Ctrl Pts',(-1.66038355809905,-1.96740664015546,
-3.70249252904727));
#13252=CARTESIAN_POINT('Ctrl Pts',(0.117099459218816,-2.04032127808181,
-4.05620356995571));
#13253=CARTESIAN_POINT('Ctrl Pts',(1.0656517343083,-2.07678119385779,-3.91589742579477));
#13254=CARTESIAN_POINT('Ctrl Pts',(2.66346943799289,-2.1496973720544,-3.06088746469604));
#13255=CARTESIAN_POINT('Ctrl Pts',(3.30791699604539,-2.18615363907317,-2.35085000923993));
#13256=CARTESIAN_POINT('Ctrl Pts',(4.00108542813017,-2.25907427926319,-0.676627117091403));
#13257=CARTESIAN_POINT('Ctrl Pts',(4.04774174348291,-2.29553054675722,0.281034138779556));
#13258=CARTESIAN_POINT('Ctrl Pts',(3.52256017477509,-2.36844672115073,2.01546423766259));
#13259=CARTESIAN_POINT('Ctrl Pts',(2.95087693476851,-2.40490664015546,2.78525578781199));
#13260=CARTESIAN_POINT('Ctrl Pts',(1.44405611088116,-2.47782127808181,3.7922554809581));
#13261=CARTESIAN_POINT('Ctrl Pts',(0.514015241580196,-2.51428119385779,
4.02562474649636));
#13262=CARTESIAN_POINT('Ctrl Pts',(-1.28937397815784,-2.5871973720544,3.84715690648365));
#13263=CARTESIAN_POINT('Ctrl Pts',(-2.15648545738204,-2.62365363907337,
3.43778723756739));
#13264=CARTESIAN_POINT('Ctrl Pts',(-3.4375869472779,-2.69657427926299,2.15627104944445));
#13265=CARTESIAN_POINT('Ctrl Pts',(-3.84717285853266,-2.73303054675742,
1.28936201496348));
#13266=CARTESIAN_POINT('Ctrl Pts',(-4.02570601979456,-2.80594672115054,
-0.514020739284828));
#13267=CARTESIAN_POINT('Ctrl Pts',(-3.79212604788533,-2.84240664015566,
-1.44398910127751));
#13268=CARTESIAN_POINT('Ctrl Pts',(-2.78536722850083,-2.91532127808161,
-2.95097087187759));
#13269=CARTESIAN_POINT('Ctrl Pts',(-2.01542805650124,-2.95178119385739,
-3.52248719191888));
#13270=CARTESIAN_POINT('Ctrl Pts',(-0.281016981644107,-3.02469737205479,
-4.04773158382754));
#13271=CARTESIAN_POINT('Ctrl Pts',(0.676748556415921,-3.06115363907278,
-4.00135252259357));
#13272=CARTESIAN_POINT('Ctrl Pts',(2.35074701551157,-3.13407427926359,-3.30764226116589));
#13273=CARTESIAN_POINT('Ctrl Pts',(3.06090678058469,-3.17053054675781,-2.66346449003294));
#13274=CARTESIAN_POINT('Ctrl Pts',(3.91597461641124,-3.24344672115014,-1.06567775703058));
#13275=CARTESIAN_POINT('Ctrl Pts',(4.05605834592458,-3.27990664015603,-0.117111836122391));
#13276=CARTESIAN_POINT('Ctrl Pts',(3.70263143499339,-3.35282127808125,1.660427698161));
#13277=CARTESIAN_POINT('Ctrl Pts',(3.21001021971591,-3.38928119385757,2.48308289380416));
#13278=CARTESIAN_POINT('Ctrl Pts',(1.80862565342089,-3.46219737205463,3.6320758203054));
#13279=CARTESIAN_POINT('Ctrl Pts',(0.906017177519915,-3.49865363907317,
3.95574815840271));
#13280=CARTESIAN_POINT('Ctrl Pts',(-0.853233304388725,-3.56944973866336,
3.9554634658993));
#13281=CARTESIAN_POINT('Ctrl Pts',(-1.70389525863192,-3.60378224328989,
3.66979218060261));
#13282=CARTESIAN_POINT('Ctrl Pts',(-3.0658839791009,-3.67244865649029,2.64132465673392));
#13283=CARTESIAN_POINT('Ctrl Pts',(-3.57618604199979,-3.70700714983731,
1.89517361552272));
#13284=CARTESIAN_POINT('Ctrl Pts',(-3.9032269649035,-3.75571516365555,0.730538489309297));
#13285=CARTESIAN_POINT('Ctrl Pts',(-3.95147076765201,-3.77036914596956,
0.366438374971736));
#13286=CARTESIAN_POINT('Ctrl Pts',(-3.94852923234779,-3.79990948729369,
-0.366438375021802));
#13287=CARTESIAN_POINT('Ctrl Pts',(-3.89937950543312,-3.81457759812578,
-0.730319563006342));
#13288=CARTESIAN_POINT('Ctrl Pts',(-3.47905982122136,-3.8766881775391,-2.21383260228857));
#13289=CARTESIAN_POINT('Ctrl Pts',(-2.60896217898868,-3.92481620814085,
-3.19600815429269));
#13290=CARTESIAN_POINT('Ctrl Pts',(-0.675844281630845,-4.00910979897205,
-3.99636572680432));
#13291=CARTESIAN_POINT('Ctrl Pts',(0.280702031277524,-4.04556778541931,
-4.04297261597236));
#13292=CARTESIAN_POINT('Ctrl Pts',(2.01309212617091,-4.11848436775004,-3.51840952073135));
#13293=CARTESIAN_POINT('Ctrl Pts',(2.78196894157311,-4.15494296888259,-2.94740701735348));
#13294=CARTESIAN_POINT('Ctrl Pts',(3.78779078751245,-4.22785929467183,-1.44235021759277));
#13295=CARTESIAN_POINT('Ctrl Pts',(4.020881880155,-4.26431789252514,-0.513415132161408));
#13296=CARTESIAN_POINT('Ctrl Pts',(3.84262469095716,-4.33723447873988,1.28785282571121));
#13297=CARTESIAN_POINT('Ctrl Pts',(3.43372802579083,-4.37369246465839,2.15395346883217));
#13298=CARTESIAN_POINT('Ctrl Pts',(2.15374165229369,-4.44660979897244,3.43352608998364));
#13299=CARTESIAN_POINT('Ctrl Pts',(1.28784377620635,-4.48306778541852,3.84263966719923));
#13300=CARTESIAN_POINT('Ctrl Pts',(-0.513417580569084,-4.55598436775082,
4.02096354770913));
#13301=CARTESIAN_POINT('Ctrl Pts',(-1.44228033122467,-4.59244296888181,
3.787662440608));
#13302=CARTESIAN_POINT('Ctrl Pts',(-2.94749885007599,-4.66535929467262,
2.78208262439237));
#13303=CARTESIAN_POINT('Ctrl Pts',(-3.51833500671913,-4.70181789252514,
2.01305861131795));
#13304=CARTESIAN_POINT('Ctrl Pts',(-4.04296224281997,-4.77473447873988,
0.280687939464739));
#13305=CARTESIAN_POINT('Ctrl Pts',(-3.99663334985971,-4.81119246465918,
-0.675962697114903));
#13306=CARTESIAN_POINT('Ctrl Pts',(-3.3037513800874,-4.88410979897166,-2.34796323095502));
#13307=CARTESIAN_POINT('Ctrl Pts',(-2.66032704309629,-4.92056778541853,
-3.05729966271511));
#13308=CARTESIAN_POINT('Ctrl Pts',(-1.06442013753178,-4.99348436775083,
-3.91136232466882));
#13309=CARTESIAN_POINT('Ctrl Pts',(-0.116982385250299,-5.02994296888221,
-4.05128059252977));
#13310=CARTESIAN_POINT('Ctrl Pts',(1.65847693186026,-5.10285929467223,-3.69826817126602));
#13311=CARTESIAN_POINT('Ctrl Pts',(2.48015352229098,-5.13931789252514,-3.20623216532173));
#13312=CARTESIAN_POINT('Ctrl Pts',(3.62779544276304,-5.21223447873988,-1.80649651030098));
#13313=CARTESIAN_POINT('Ctrl Pts',(3.95108747596377,-5.24869246465761,-0.904937267623949));
#13314=CARTESIAN_POINT('Ctrl Pts',(3.95079490886387,-5.32160979897323,0.904944254356156));
#13315=CARTESIAN_POINT('Ctrl Pts',(3.62779963360045,-5.35806778541971,1.80651349907017));
#13316=CARTESIAN_POINT('Ctrl Pts',(2.48020953868511,-5.43098436774965,3.20629164428836));
#13317=CARTESIAN_POINT('Ctrl Pts',(1.65843559402033,-5.46744296888181,3.6981279991882));
#13318=CARTESIAN_POINT('Ctrl Pts',(-0.116966934901041,-5.54035929467262,
4.05142591394962));
#13319=CARTESIAN_POINT('Ctrl Pts',(-1.06439114674802,-5.57681789252515,
3.91128593672614));
#13320=CARTESIAN_POINT('Ctrl Pts',(-2.6603296725867,-5.64973447873988,3.05728236337179));
#13321=CARTESIAN_POINT('Ctrl Pts',(-3.30402435055783,-5.68619246465879,
2.3480687366424));
#13322=CARTESIAN_POINT('Ctrl Pts',(-3.99636572680259,-5.75910979897205,
0.67584428162976));
#13323=CARTESIAN_POINT('Ctrl Pts',(-4.04297261596606,-5.79556778541892,
-0.280702031284931));
#13324=CARTESIAN_POINT('Ctrl Pts',(-3.51840952073761,-5.86848436775043,
-2.01309212616362));
#13325=CARTESIAN_POINT('Ctrl Pts',(-2.94740701735036,-5.90494296888142,
-2.78196894156752));
#13326=CARTESIAN_POINT('Ctrl Pts',(-1.44235021759553,-5.97785929467301,
-3.78779078751826));
#13327=CARTESIAN_POINT('Ctrl Pts',(-0.51341513216102,-6.01431789252554,
-4.02088188015697));
#13328=CARTESIAN_POINT('Ctrl Pts',(1.28785282571098,-6.08723447873949,-3.84262469095519));
#13329=CARTESIAN_POINT('Ctrl Pts',(2.1539534688283,-6.12369246465879,-3.43372802579901));
#13330=CARTESIAN_POINT('Ctrl Pts',(3.43352608998764,-6.19660979897205,-2.15374165228536));
#13331=CARTESIAN_POINT('Ctrl Pts',(3.84263966720389,-6.23306778541932,-1.28784377620694));
#13332=CARTESIAN_POINT('Ctrl Pts',(4.02096354770437,-6.30598436775005,0.513417580569981));
#13333=CARTESIAN_POINT('Ctrl Pts',(3.7876624406011,-6.34244296888146,1.44228033122074));
#13334=CARTESIAN_POINT('Ctrl Pts',(2.78208262439764,-6.41535929467306,2.9474988500815));
#13335=CARTESIAN_POINT('Ctrl Pts',(2.01305861132952,-6.45181789252503,3.51833500670775));
#13336=CARTESIAN_POINT('Ctrl Pts',(0.280687939441718,-6.52473447874066,
4.042962242843));
#13337=CARTESIAN_POINT('Ctrl Pts',(-0.67596269697115,-6.56119246465028,
3.99663334973944));
#13338=CARTESIAN_POINT('Ctrl Pts',(-2.34796323111293,-6.63410979898044,
3.30375138025508));
#13339=CARTESIAN_POINT('Ctrl Pts',(-3.05729966148388,-6.67056778535648,
2.66032704193679));
#13340=CARTESIAN_POINT('Ctrl Pts',(-3.91136232556767,-6.74348436774816,
1.06442013805713));
#13341=CARTESIAN_POINT('Ctrl Pts',(-4.05128058485621,-6.77994296874681,
0.116982383465306));
#13342=CARTESIAN_POINT('Ctrl Pts',(-3.69826817187492,-6.85285929388446,
-1.6584769477917));
#13343=CARTESIAN_POINT('Ctrl Pts',(-3.20623216689927,-6.88931789785075,
-2.48015334381011));
#13344=CARTESIAN_POINT('Ctrl Pts',(-1.80649639369516,-6.96223446666137,
-3.62779576047475));
#13345=CARTESIAN_POINT('Ctrl Pts',(-0.904938684270377,-6.99869255410217,
-3.95108476124218));
#13346=CARTESIAN_POINT('Ctrl Pts',(0.775668336988815,-7.06640134362249,
-3.95081711357449));
#13347=CARTESIAN_POINT('Ctrl Pts',(1.54979390873745,-7.09765141393117,-3.7158336209104));
#13348=CARTESIAN_POINT('Ctrl Pts',(2.83997140124672,-7.16015151360648,-2.8538966714389));
#13349=CARTESIAN_POINT('Ctrl Pts',(3.35356570348872,-7.19139693613043,-2.22870091321396));
#13350=CARTESIAN_POINT('Ctrl Pts',(3.94684051371079,-7.25390528500852,-0.795221310351365));
#13351=CARTESIAN_POINT('Ctrl Pts',(4.02619965796253,-7.28514407300111,0.00971510235499718));
#13352=CARTESIAN_POINT('Ctrl Pts',(3.72397175437089,-7.34762410924852,1.53120482672942));
#13353=CARTESIAN_POINT('Ctrl Pts',(3.34041276495407,-7.37901313455445,2.24725897714789));
#13354=CARTESIAN_POINT('Ctrl Pts',(2.79371959779939,-7.41015117570503,2.79372767598314));
#13355=CARTESIAN_POINT('Ctrl Pts',(24.7907810631415,1.34969698506947,-21.1158632899306));
#13356=CARTESIAN_POINT('Ctrl Pts',(20.9963022191622,1.12152544451775,-16.9013082297804));
#13357=CARTESIAN_POINT('Ctrl Pts',(17.2018233751948,0.893353903976365,-12.6867531696099));
#13358=CARTESIAN_POINT('Ctrl Pts',(11.5101051092313,0.551096593155462,-6.36492057938086));
#13359=CARTESIAN_POINT('Ctrl Pts',(9.61286568724202,0.437010822883157,-4.25764304929864));
#13360=CARTESIAN_POINT('Ctrl Pts',(6.76700655426581,0.265882167471782,-1.09672675418137));
#13361=CARTESIAN_POINT('Ctrl Pts',(5.81838684327112,0.208839282335626,-0.0430879891414253));
#13362=CARTESIAN_POINT('Ctrl Pts',(4.39545727678024,0.1232749546304,1.53737015841767));
#13363=CARTESIAN_POINT('Ctrl Pts',(3.92114742128336,0.0947535120620135,
2.0641895409378));
#13364=CARTESIAN_POINT('Ctrl Pts',(3.20968263803861,0.0519713482096313,
2.85441861471689));
#13365=CARTESIAN_POINT('Ctrl Pts',(2.95258759104757,0.0369402129890723,
3.141386792322));
#13366=CARTESIAN_POINT('Ctrl Pts',(2.34149915011783,0.00820965958522048,
3.61907164931258));
#13367=CARTESIAN_POINT('Ctrl Pts',(2.00290807195483,-0.00619325605272683,
3.8175883995481));
#13368=CARTESIAN_POINT('Ctrl Pts',(0.732376853379772,-0.0573728442186299,
4.34481906740982));
#13369=CARTESIAN_POINT('Ctrl Pts',(-0.304912284666001,-0.0935483287571018,
4.39359858558516));
#13370=CARTESIAN_POINT('Ctrl Pts',(-2.18752087957355,-0.166489277292434,
3.82377081048867));
#13371=CARTESIAN_POINT('Ctrl Pts',(-3.02375699217223,-0.203018218684844,
3.2026848054165));
#13372=CARTESIAN_POINT('Ctrl Pts',(-4.11609137681844,-0.275816676402026,
1.56782084396351));
#13373=CARTESIAN_POINT('Ctrl Pts',(-4.36977187983326,-0.312370594997942,
0.557586454416487));
#13374=CARTESIAN_POINT('Ctrl Pts',(-4.17599765745357,-0.385257743273351,
-1.39970256984286));
#13375=CARTESIAN_POINT('Ctrl Pts',(-3.73219917058551,-0.421589384267264,
-2.34004445700585));
#13376=CARTESIAN_POINT('Ctrl Pts',(-2.33992770661529,-0.494749778362449,
-3.73230599196334));
#13377=CARTESIAN_POINT('Ctrl Pts',(-1.39954886715167,-0.531081428718725,
-4.17604866940838));
#13378=CARTESIAN_POINT('Ctrl Pts',(0.557748686249036,-0.603967991628951,
-4.36974317679513));
#13379=CARTESIAN_POINT('Ctrl Pts',(1.56797329761722,-0.640523532241109,
-4.11605320163137));
#13380=CARTESIAN_POINT('Ctrl Pts',(3.20280249829542,-0.713315710685462,
-3.02363393926313));
#13381=CARTESIAN_POINT('Ctrl Pts',(3.82376347977077,-0.749871246507372,
-2.18738286985459));
#13382=CARTESIAN_POINT('Ctrl Pts',(4.39376238588993,-0.822757820709535,
-0.304929033575876));
#13383=CARTESIAN_POINT('Ctrl Pts',(4.34359861651508,-0.859089377068236,
0.73366851750994));
#13384=CARTESIAN_POINT('Ctrl Pts',(3.59010304641086,-0.932249866654111,
2.55274942321383));
#13385=CARTESIAN_POINT('Ctrl Pts',(2.89111918203782,-0.968581420174287,
3.32258174794271));
#13386=CARTESIAN_POINT('Ctrl Pts',(1.15693572069514,-1.04146799901511,4.25055745940204));
#13387=CARTESIAN_POINT('Ctrl Pts',(0.12652692987718,-1.07802353160026,4.40277471241259));
#13388=CARTESIAN_POINT('Ctrl Pts',(-1.80190906182896,-1.15081571092702,
4.0191329635532));
#13389=CARTESIAN_POINT('Ctrl Pts',(-2.69562163151163,-1.18737124647697,
3.48416919629832));
#13390=CARTESIAN_POINT('Ctrl Pts',(-3.94261584994147,-1.26025782071276,
1.96313776386317));
#13391=CARTESIAN_POINT('Ctrl Pts',(-4.29372464573584,-1.29658937706837,
0.984401900402955));
#13392=CARTESIAN_POINT('Ctrl Pts',(-4.29371763543451,-1.36974986665341,
-0.984559987382153));
#13393=CARTESIAN_POINT('Ctrl Pts',(-3.94254282594945,-1.40608142017471,
-1.96328186006551));
#13394=CARTESIAN_POINT('Ctrl Pts',(-2.69548715081219,-1.47896799901475,
-3.48426290588019));
#13395=CARTESIAN_POINT('Ctrl Pts',(-1.80176457970101,-1.51552353160096,
-4.0192136832438));
#13396=CARTESIAN_POINT('Ctrl Pts',(0.126691304045979,-1.58831571092634,
-4.4027554280593));
#13397=CARTESIAN_POINT('Ctrl Pts',(1.15709582577007,-1.62487124647649,-4.25052234656969));
#13398=CARTESIAN_POINT('Ctrl Pts',(2.89124179063292,-1.69775782071325,-3.32247656548683));
#13399=CARTESIAN_POINT('Ctrl Pts',(3.59017002036193,-1.73408937706897,-2.55260605260621));
#13400=CARTESIAN_POINT('Ctrl Pts',(4.34365263710122,-1.80724986665282,-0.733519781464673));
#13401=CARTESIAN_POINT('Ctrl Pts',(4.39375006385444,-1.84358142017334,0.305090106182172));
#13402=CARTESIAN_POINT('Ctrl Pts',(3.82367509686657,-1.91646799901613,2.18752090986459));
#13403=CARTESIAN_POINT('Ctrl Pts',(3.20269990529926,-1.95302353159751,3.02376380506585));
#13404=CARTESIAN_POINT('Ctrl Pts',(1.56781405632127,-2.02581571092977,4.11609828971866));
#13405=CARTESIAN_POINT('Ctrl Pts',(0.55758733034637,-2.0623712464758,4.36977200065844));
#13406=CARTESIAN_POINT('Ctrl Pts',(-1.39970237787375,-2.13525782071394,
4.17599842833863));
#13407=CARTESIAN_POINT('Ctrl Pts',(-2.34004455436008,-2.1715893770672,3.73219907273346));
#13408=CARTESIAN_POINT('Ctrl Pts',(-3.73230590007863,-2.24474986665459,
2.33992781295508));
#13409=CARTESIAN_POINT('Ctrl Pts',(-4.176048683981,-2.28108142017648,1.39954885071267));
#13410=CARTESIAN_POINT('Ctrl Pts',(-4.36974317112423,-2.35396799901299,
-0.557748685242509));
#13411=CARTESIAN_POINT('Ctrl Pts',(-4.11605320286869,-2.39052353160105,
-1.5679732980492));
#13412=CARTESIAN_POINT('Ctrl Pts',(-3.02363393887736,-2.46331571092624,
-3.20280249929689));
#13413=CARTESIAN_POINT('Ctrl Pts',(-2.1873828699638,-2.49987124647796,-3.82376347972735));
#13414=CARTESIAN_POINT('Ctrl Pts',(-0.304929033578513,-2.57275782071177,
-4.39376238599732));
#13415=CARTESIAN_POINT('Ctrl Pts',(0.733668517510715,-2.60908937706858,
-4.34359861650758));
#13416=CARTESIAN_POINT('Ctrl Pts',(2.55274942320923,-2.68224986665322,-3.59010304641987));
#13417=CARTESIAN_POINT('Ctrl Pts',(3.32258174794441,-2.71858142017334,-2.89111918203583));
#13418=CARTESIAN_POINT('Ctrl Pts',(4.25055745940138,-2.79146799901613,-1.15693572069589));
#13419=CARTESIAN_POINT('Ctrl Pts',(4.40277471241091,-2.82802353159592,-0.126526929876703));
#13420=CARTESIAN_POINT('Ctrl Pts',(4.01913296355497,-2.90081571093137,1.80190906182872));
#13421=CARTESIAN_POINT('Ctrl Pts',(3.48416919629775,-2.93737124647558,2.6956216315114));
#13422=CARTESIAN_POINT('Ctrl Pts',(1.96313776386359,-3.01025782071416,3.94261584994182));
#13423=CARTESIAN_POINT('Ctrl Pts',(0.984401900405199,-3.04658937706995,
4.29372464573505));
#13424=CARTESIAN_POINT('Ctrl Pts',(-0.927194343593738,-3.11761833804738,
4.29371783968015));
#13425=CARTESIAN_POINT('Ctrl Pts',(-1.84982912143501,-3.15186600430774,
3.9833568409046));
#13426=CARTESIAN_POINT('Ctrl Pts',(-3.32758362114373,-3.22044791634434,
2.86728129778002));
#13427=CARTESIAN_POINT('Ctrl Pts',(-3.87915603232064,-3.25352846344246,
2.05877125963683));
#13428=CARTESIAN_POINT('Ctrl Pts',(-4.23819149617642,-3.3044650379761,0.792015990290336));
#13429=CARTESIAN_POINT('Ctrl Pts',(-4.29056008732327,-3.31914737832146,
0.396763393284669));
#13430=CARTESIAN_POINT('Ctrl Pts',(-4.29084596932535,-3.35113125494196,
-0.396763393338879));
#13431=CARTESIAN_POINT('Ctrl Pts',(-4.23843784505118,-3.3664576943539,-0.7924746596083));
#13432=CARTESIAN_POINT('Ctrl Pts',(-3.78053926067744,-3.42869030409843,
-2.40938144829334));
#13433=CARTESIAN_POINT('Ctrl Pts',(-2.83684096217345,-3.47658326293984,
-3.47287776649579));
#13434=CARTESIAN_POINT('Ctrl Pts',(-0.733755003725637,-3.56115831667902,
-4.3440837097784));
#13435=CARTESIAN_POINT('Ctrl Pts',(0.304961104998696,-3.59748970583458,
-4.39422498923441));
#13436=CARTESIAN_POINT('Ctrl Pts',(2.18761124894051,-3.67037624081215,-3.82415922195298));
#13437=CARTESIAN_POINT('Ctrl Pts',(3.02396540156724,-3.70693190416095,-3.20314800619799));
#13438=CARTESIAN_POINT('Ctrl Pts',(4.11647522937009,-3.7797239193783,-1.56813128623272));
#13439=CARTESIAN_POINT('Ctrl Pts',(4.37021239418549,-3.81627958044151,-0.557806125629109));
#13440=CARTESIAN_POINT('Ctrl Pts',(4.17649043017148,-3.88916611920255,1.39969696340554));
#13441=CARTESIAN_POINT('Ctrl Pts',(3.73268032516789,-3.92549750567563,2.34015438006813));
#13442=CARTESIAN_POINT('Ctrl Pts',(2.34031009436486,-3.99865831667352,3.73261414363266));
#13443=CARTESIAN_POINT('Ctrl Pts',(1.39984977834407,-4.03498970583615,4.17643809120214));
#13444=CARTESIAN_POINT('Ctrl Pts',(-0.55764688101973,-4.10787624081058,
4.37022501565159));
#13445=CARTESIAN_POINT('Ctrl Pts',(-1.56798806814548,-4.14443190415938,
4.11654434175498));
#13446=CARTESIAN_POINT('Ctrl Pts',(-3.20302934749,-4.21722391937988,3.0240712696627));
#13447=CARTESIAN_POINT('Ctrl Pts',(-3.82408662096545,-4.25377958044072,
2.18775354174942));
#13448=CARTESIAN_POINT('Ctrl Pts',(-4.39421486439138,-4.32666611920334,
0.305122316849432));
#13449=CARTESIAN_POINT('Ctrl Pts',(-4.34408526426073,-4.36299750566541,
-0.733585815896357));
#13450=CARTESIAN_POINT('Ctrl Pts',(-3.59057418809118,-4.43615831668373,
-2.55288791036253));
#13451=CARTESIAN_POINT('Ctrl Pts',(-2.89154622260407,-4.4724897058334,-3.32282635328967));
#13452=CARTESIAN_POINT('Ctrl Pts',(-1.15721416945438,-4.54537624081333,
-4.25096366690596));
#13453=CARTESIAN_POINT('Ctrl Pts',(-0.12670123480449,-4.58193190415625,
-4.40323411784801));
#13454=CARTESIAN_POINT('Ctrl Pts',(1.80195128298803,-4.65472391938303,-4.01962381556034));
#13455=CARTESIAN_POINT('Ctrl Pts',(2.69577832513549,-4.69127958044387,-3.48463531317442));
#13456=CARTESIAN_POINT('Ctrl Pts',(3.94295991916419,-4.7641661192002,-1.96348949030394));
#13457=CARTESIAN_POINT('Ctrl Pts',(4.29414260109779,-4.80049750567053,-0.984664538767572));
#13458=CARTESIAN_POINT('Ctrl Pts',(4.29420591031979,-4.87365831667863,0.984507634720196));
#13459=CARTESIAN_POINT('Ctrl Pts',(3.94303096640432,-4.90998970583419,1.96334442458468));
#13460=CARTESIAN_POINT('Ctrl Pts',(2.69589985280175,-4.98287624081255,3.48453163495559));
#13461=CARTESIAN_POINT('Ctrl Pts',(1.80210142330479,-5.01943190415311,4.01957141491487));
#13462=CARTESIAN_POINT('Ctrl Pts',(-0.126542470379885,-5.09222391938617,
4.40322507352007));
#13463=CARTESIAN_POINT('Ctrl Pts',(-1.15706221659344,-5.12877958044032,
4.25101294646585));
#13464=CARTESIAN_POINT('Ctrl Pts',(-2.89142506926648,-5.20166611920373,
3.32293318793686));
#13465=CARTESIAN_POINT('Ctrl Pts',(-3.59045565341427,-5.23799750566817,
2.55300864340897));
#13466=CARTESIAN_POINT('Ctrl Pts',(-4.34408370977883,-5.31115831668099,
0.733755003725821));
#13467=CARTESIAN_POINT('Ctrl Pts',(-4.39422498923125,-5.34748970583811,
-0.304961105007774));
#13468=CARTESIAN_POINT('Ctrl Pts',(-3.8241592219561,-5.42037624080861,-2.18761124893154));
#13469=CARTESIAN_POINT('Ctrl Pts',(-3.203148006198,-5.45693190416606,-3.02396540156795));
#13470=CARTESIAN_POINT('Ctrl Pts',(-1.56813128623232,-5.5297239193732,-4.11647522936963));
#13471=CARTESIAN_POINT('Ctrl Pts',(-0.557806125629331,-5.56627958044072,
-4.37021239418666));
#13472=CARTESIAN_POINT('Ctrl Pts',(1.39969696340593,-5.63916611920333,-4.17649043017029));
#13473=CARTESIAN_POINT('Ctrl Pts',(2.3401543800619,-5.67549750567249,-3.73268032517352));
#13474=CARTESIAN_POINT('Ctrl Pts',(3.73261414363902,-5.74865831667667,-2.34031009435909));
#13475=CARTESIAN_POINT('Ctrl Pts',(4.17643809120209,-5.78498970583341,-1.39984977834389));
#13476=CARTESIAN_POINT('Ctrl Pts',(4.37022501565154,-5.85787624081334,0.557646881019828));
#13477=CARTESIAN_POINT('Ctrl Pts',(4.11654434175553,-5.89443190416612,1.56798806814593));
#13478=CARTESIAN_POINT('Ctrl Pts',(3.0240712696605,-5.96722391937326,3.20302934749124));
#13479=CARTESIAN_POINT('Ctrl Pts',(2.18775354176412,-6.00377958044131,3.82408662095497));
#13480=CARTESIAN_POINT('Ctrl Pts',(0.305122316830018,-6.07666611920324,
4.39421486441123));
#13481=CARTESIAN_POINT('Ctrl Pts',(-0.73358581581372,-6.11299750563474,
4.34408526406584));
#13482=CARTESIAN_POINT('Ctrl Pts',(-2.55288791031038,-6.18615831667311,
3.59057418833693));
#13483=CARTESIAN_POINT('Ctrl Pts',(-3.32282635269932,-6.22248970589362,
2.89154622046603));
#13484=CARTESIAN_POINT('Ctrl Pts',(-4.25096366609425,-6.29537623996449,
1.15721417095373));
#13485=CARTESIAN_POINT('Ctrl Pts',(-4.40323411457033,-6.3319319084105,0.126701224058477));
#13486=CARTESIAN_POINT('Ctrl Pts',(-4.01962380187374,-6.40472390690947,
-1.80195129090862));
#13487=CARTESIAN_POINT('Ctrl Pts',(-3.48463540376398,-6.44127969178055,
-2.69577824802777));
#13488=CARTESIAN_POINT('Ctrl Pts',(-1.96348929572689,-6.51416598548149,
-3.94296010006025));
#13489=CARTESIAN_POINT('Ctrl Pts',(-0.984665364947549,-6.55049863712315,
-4.29414109554896));
#13490=CARTESIAN_POINT('Ctrl Pts',(0.843852093149511,-6.61843243047183,
-4.29420277274909));
#13491=CARTESIAN_POINT('Ctrl Pts',(1.68478190247924,-6.64963081601039,-4.03850350357345));
#13492=CARTESIAN_POINT('Ctrl Pts',(3.08622771963632,-6.71202935984076,-3.1020990661765));
#13493=CARTESIAN_POINT('Ctrl Pts',(3.64434821577351,-6.74319855314522,-2.42315222618957));
#13494=CARTESIAN_POINT('Ctrl Pts',(4.29021926261501,-6.80594179961617,-0.863539125148774));
#13495=CARTESIAN_POINT('Ctrl Pts',(4.37599905797819,-6.8371149835861,0.0106598341394794));
#13496=CARTESIAN_POINT('Ctrl Pts',(4.04746189232541,-6.89947347640993,1.66389136942354));
#13497=CARTESIAN_POINT('Ctrl Pts',(3.63045733497323,-6.93089322917766,2.44238164385518));
#13498=CARTESIAN_POINT('Ctrl Pts',(3.03649708096948,-6.96209413692719,3.03638491815113));
#13499=CARTESIAN_POINT('Ctrl Pts',(24.5402737784426,0.897025346016835,-21.3415024731845));
#13500=CARTESIAN_POINT('Ctrl Pts',(20.7457949344867,0.66885380546415,-17.1269474130167));
#13501=CARTESIAN_POINT('Ctrl Pts',(16.951316090491,0.440682264923728,-12.9123923528638));
#13502=CARTESIAN_POINT('Ctrl Pts',(11.2595978245348,0.098424954102825,-6.59055976263483));
#13503=CARTESIAN_POINT('Ctrl Pts',(9.36235840254433,-0.015660816170096,
-4.48328223255261));
#13504=CARTESIAN_POINT('Ctrl Pts',(6.51649926956627,-0.186789471580548,
-1.32236593743534));
#13505=CARTESIAN_POINT('Ctrl Pts',(5.5678795585722,-0.243832356717011,-0.268727172395395));
#13506=CARTESIAN_POINT('Ctrl Pts',(4.14494999208132,-0.329396684422237,
1.31173097516371));
#13507=CARTESIAN_POINT('Ctrl Pts',(3.67064013658444,-0.357918126990624,
1.83855035768383));
#13508=CARTESIAN_POINT('Ctrl Pts',(2.95917535333969,-0.400700290843006,
2.62877943146292));
#13509=CARTESIAN_POINT('Ctrl Pts',(2.72045398334477,-0.41498263814938,2.89363567781477));
#13510=CARTESIAN_POINT('Ctrl Pts',(2.15725345000951,-0.443745641478395,
3.33395620262848));
#13511=CARTESIAN_POINT('Ctrl Pts',(1.84468547693609,-0.45819374030504,3.51724355531926));
#13512=CARTESIAN_POINT('Ctrl Pts',(0.67552635398174,-0.5091378055475,4.00209441177284));
#13513=CARTESIAN_POINT('Ctrl Pts',(-0.280894430930011,-0.545521635601295,
4.047623697973));
#13514=CARTESIAN_POINT('Ctrl Pts',(-2.01551849629055,-0.618450659776695,
3.522604014893));
#13515=CARTESIAN_POINT('Ctrl Pts',(-2.78525107684799,-0.654906015701621,
2.9508706891964));
#13516=CARTESIAN_POINT('Ctrl Pts',(-3.79225245573734,-0.727821188457322,
1.44405382034032));
#13517=CARTESIAN_POINT('Ctrl Pts',(-4.02562553520382,-0.764281184035212,
0.514015144160547));
#13518=CARTESIAN_POINT('Ctrl Pts',(-3.84715614566717,-0.837197325409963,
-1.28937478257429));
#13519=CARTESIAN_POINT('Ctrl Pts',(-3.43778734011931,-0.873653645274923,
-2.15648535497789));
#13520=CARTESIAN_POINT('Ctrl Pts',(-2.1562710074129,-0.946574271739793,
-3.43758712599128));
#13521=CARTESIAN_POINT('Ctrl Pts',(-1.28936202812105,-0.98303054772642,
-3.84717283503272));
#13522=CARTESIAN_POINT('Ctrl Pts',(0.51402074508252,-1.05594672067442,-4.02570603429634));
#13523=CARTESIAN_POINT('Ctrl Pts',(1.44398909997589,-1.09240664021902,-3.79212604636076));
#13524=CARTESIAN_POINT('Ctrl Pts',(2.95097087185737,-1.16532127808854,-2.78536722857031));
#13525=CARTESIAN_POINT('Ctrl Pts',(3.5224871918876,-1.20178119385818,-2.01542805648953));
#13526=CARTESIAN_POINT('Ctrl Pts',(4.04773158375544,-1.27469737205888,-0.281016981571271));
#13527=CARTESIAN_POINT('Ctrl Pts',(4.00135252260337,-1.31115363907276,0.676748556407672));
#13528=CARTESIAN_POINT('Ctrl Pts',(3.30764226115555,-1.38407427926361,2.35074701551941));
#13529=CARTESIAN_POINT('Ctrl Pts',(2.6634644900339,-1.4205305467574,3.06090678058152));
#13530=CARTESIAN_POINT('Ctrl Pts',(1.06567775703058,-1.49344672115051,3.91597461641356));
#13531=CARTESIAN_POINT('Ctrl Pts',(0.117111836123913,-1.52990664015527,
4.05605834591936));
#13532=CARTESIAN_POINT('Ctrl Pts',(-1.66042769816233,-1.602821278082,3.70263143499852));
#13533=CARTESIAN_POINT('Ctrl Pts',(-2.48308289380304,-1.63928119385759,
3.2100102197156));
#13534=CARTESIAN_POINT('Ctrl Pts',(-3.63207582030641,-1.7121973720546,1.80862565342135));
#13535=CARTESIAN_POINT('Ctrl Pts',(-3.95574815840546,-1.74865363907297,
0.906017177517543));
#13536=CARTESIAN_POINT('Ctrl Pts',(-3.955454922477,-1.82157427926339,-0.906027160202159));
#13537=CARTESIAN_POINT('Ctrl Pts',(-3.63207864085297,-1.85803054675742,
-1.80864539247947));
#13538=CARTESIAN_POINT('Ctrl Pts',(-2.48313647523882,-1.93094672115054,
-3.21007157607979));
#13539=CARTESIAN_POINT('Ctrl Pts',(-1.66038355809905,-1.96740664015546,
-3.70249252904727));
#13540=CARTESIAN_POINT('Ctrl Pts',(0.117099459218816,-2.04032127808181,
-4.05620356995571));
#13541=CARTESIAN_POINT('Ctrl Pts',(1.0656517343083,-2.07678119385779,-3.91589742579477));
#13542=CARTESIAN_POINT('Ctrl Pts',(2.66346943799289,-2.1496973720544,-3.06088746469604));
#13543=CARTESIAN_POINT('Ctrl Pts',(3.30791699604539,-2.18615363907317,-2.35085000923993));
#13544=CARTESIAN_POINT('Ctrl Pts',(4.00108542813017,-2.25907427926319,-0.676627117091403));
#13545=CARTESIAN_POINT('Ctrl Pts',(4.04774174348291,-2.29553054675722,0.281034138779556));
#13546=CARTESIAN_POINT('Ctrl Pts',(3.52256017477509,-2.36844672115073,2.01546423766259));
#13547=CARTESIAN_POINT('Ctrl Pts',(2.95087693476851,-2.40490664015546,2.78525578781199));
#13548=CARTESIAN_POINT('Ctrl Pts',(1.44405611088116,-2.47782127808181,3.7922554809581));
#13549=CARTESIAN_POINT('Ctrl Pts',(0.514015241580196,-2.51428119385779,
4.02562474649636));
#13550=CARTESIAN_POINT('Ctrl Pts',(-1.28937397815784,-2.5871973720544,3.84715690648365));
#13551=CARTESIAN_POINT('Ctrl Pts',(-2.15648545738204,-2.62365363907337,
3.43778723756739));
#13552=CARTESIAN_POINT('Ctrl Pts',(-3.4375869472779,-2.69657427926299,2.15627104944445));
#13553=CARTESIAN_POINT('Ctrl Pts',(-3.84717285853266,-2.73303054675742,
1.28936201496348));
#13554=CARTESIAN_POINT('Ctrl Pts',(-4.02570601979456,-2.80594672115054,
-0.514020739284828));
#13555=CARTESIAN_POINT('Ctrl Pts',(-3.79212604788533,-2.84240664015566,
-1.44398910127751));
#13556=CARTESIAN_POINT('Ctrl Pts',(-2.78536722850083,-2.91532127808161,
-2.95097087187759));
#13557=CARTESIAN_POINT('Ctrl Pts',(-2.01542805650124,-2.95178119385739,
-3.52248719191888));
#13558=CARTESIAN_POINT('Ctrl Pts',(-0.281016981644107,-3.02469737205479,
-4.04773158382754));
#13559=CARTESIAN_POINT('Ctrl Pts',(0.676748556415921,-3.06115363907278,
-4.00135252259357));
#13560=CARTESIAN_POINT('Ctrl Pts',(2.35074701551157,-3.13407427926359,-3.30764226116589));
#13561=CARTESIAN_POINT('Ctrl Pts',(3.06090678058469,-3.17053054675781,-2.66346449003294));
#13562=CARTESIAN_POINT('Ctrl Pts',(3.91597461641124,-3.24344672115014,-1.06567775703058));
#13563=CARTESIAN_POINT('Ctrl Pts',(4.05605834592458,-3.27990664015603,-0.117111836122391));
#13564=CARTESIAN_POINT('Ctrl Pts',(3.70263143499339,-3.35282127808125,1.660427698161));
#13565=CARTESIAN_POINT('Ctrl Pts',(3.21001021971591,-3.38928119385757,2.48308289380416));
#13566=CARTESIAN_POINT('Ctrl Pts',(1.80862565342089,-3.46219737205463,3.6320758203054));
#13567=CARTESIAN_POINT('Ctrl Pts',(0.906017177519915,-3.49865363907317,
3.95574815840271));
#13568=CARTESIAN_POINT('Ctrl Pts',(-0.853233304388725,-3.56944973866336,
3.9554634658993));
#13569=CARTESIAN_POINT('Ctrl Pts',(-1.70389525863192,-3.60378224328989,
3.66979218060261));
#13570=CARTESIAN_POINT('Ctrl Pts',(-3.0658839791009,-3.67244865649029,2.64132465673392));
#13571=CARTESIAN_POINT('Ctrl Pts',(-3.57618604199979,-3.70700714983731,
1.89517361552272));
#13572=CARTESIAN_POINT('Ctrl Pts',(-3.9032269649035,-3.75571516365555,0.730538489309297));
#13573=CARTESIAN_POINT('Ctrl Pts',(-3.95147076765201,-3.77036914596956,
0.366438374971736));
#13574=CARTESIAN_POINT('Ctrl Pts',(-3.94852923234779,-3.79990948729369,
-0.366438375021802));
#13575=CARTESIAN_POINT('Ctrl Pts',(-3.89937950543312,-3.81457759812578,
-0.730319563006342));
#13576=CARTESIAN_POINT('Ctrl Pts',(-3.47905982122136,-3.8766881775391,-2.21383260228857));
#13577=CARTESIAN_POINT('Ctrl Pts',(-2.60896217898868,-3.92481620814085,
-3.19600815429269));
#13578=CARTESIAN_POINT('Ctrl Pts',(-0.675844281630845,-4.00910979897205,
-3.99636572680432));
#13579=CARTESIAN_POINT('Ctrl Pts',(0.280702031277524,-4.04556778541931,
-4.04297261597236));
#13580=CARTESIAN_POINT('Ctrl Pts',(2.01309212617091,-4.11848436775004,-3.51840952073135));
#13581=CARTESIAN_POINT('Ctrl Pts',(2.78196894157311,-4.15494296888259,-2.94740701735348));
#13582=CARTESIAN_POINT('Ctrl Pts',(3.78779078751245,-4.22785929467183,-1.44235021759277));
#13583=CARTESIAN_POINT('Ctrl Pts',(4.020881880155,-4.26431789252514,-0.513415132161408));
#13584=CARTESIAN_POINT('Ctrl Pts',(3.84262469095716,-4.33723447873988,1.28785282571121));
#13585=CARTESIAN_POINT('Ctrl Pts',(3.43372802579083,-4.37369246465839,2.15395346883217));
#13586=CARTESIAN_POINT('Ctrl Pts',(2.15374165229369,-4.44660979897244,3.43352608998364));
#13587=CARTESIAN_POINT('Ctrl Pts',(1.28784377620635,-4.48306778541852,3.84263966719923));
#13588=CARTESIAN_POINT('Ctrl Pts',(-0.513417580569084,-4.55598436775082,
4.02096354770913));
#13589=CARTESIAN_POINT('Ctrl Pts',(-1.44228033122467,-4.59244296888181,
3.787662440608));
#13590=CARTESIAN_POINT('Ctrl Pts',(-2.94749885007599,-4.66535929467262,
2.78208262439237));
#13591=CARTESIAN_POINT('Ctrl Pts',(-3.51833500671913,-4.70181789252514,
2.01305861131795));
#13592=CARTESIAN_POINT('Ctrl Pts',(-4.04296224281997,-4.77473447873988,
0.280687939464739));
#13593=CARTESIAN_POINT('Ctrl Pts',(-3.99663334985971,-4.81119246465918,
-0.675962697114903));
#13594=CARTESIAN_POINT('Ctrl Pts',(-3.3037513800874,-4.88410979897166,-2.34796323095502));
#13595=CARTESIAN_POINT('Ctrl Pts',(-2.66032704309629,-4.92056778541853,
-3.05729966271511));
#13596=CARTESIAN_POINT('Ctrl Pts',(-1.06442013753178,-4.99348436775083,
-3.91136232466882));
#13597=CARTESIAN_POINT('Ctrl Pts',(-0.116982385250299,-5.02994296888221,
-4.05128059252977));
#13598=CARTESIAN_POINT('Ctrl Pts',(1.65847693186026,-5.10285929467223,-3.69826817126602));
#13599=CARTESIAN_POINT('Ctrl Pts',(2.48015352229098,-5.13931789252514,-3.20623216532173));
#13600=CARTESIAN_POINT('Ctrl Pts',(3.62779544276304,-5.21223447873988,-1.80649651030098));
#13601=CARTESIAN_POINT('Ctrl Pts',(3.95108747596377,-5.24869246465761,-0.904937267623949));
#13602=CARTESIAN_POINT('Ctrl Pts',(3.95079490886387,-5.32160979897323,0.904944254356156));
#13603=CARTESIAN_POINT('Ctrl Pts',(3.62779963360045,-5.35806778541971,1.80651349907017));
#13604=CARTESIAN_POINT('Ctrl Pts',(2.48020953868511,-5.43098436774965,3.20629164428836));
#13605=CARTESIAN_POINT('Ctrl Pts',(1.65843559402033,-5.46744296888181,3.6981279991882));
#13606=CARTESIAN_POINT('Ctrl Pts',(-0.116966934901041,-5.54035929467262,
4.05142591394962));
#13607=CARTESIAN_POINT('Ctrl Pts',(-1.06439114674802,-5.57681789252515,
3.91128593672614));
#13608=CARTESIAN_POINT('Ctrl Pts',(-2.6603296725867,-5.64973447873988,3.05728236337179));
#13609=CARTESIAN_POINT('Ctrl Pts',(-3.30402435055783,-5.68619246465879,
2.3480687366424));
#13610=CARTESIAN_POINT('Ctrl Pts',(-3.99636572680259,-5.75910979897205,
0.67584428162976));
#13611=CARTESIAN_POINT('Ctrl Pts',(-4.04297261596606,-5.79556778541892,
-0.280702031284931));
#13612=CARTESIAN_POINT('Ctrl Pts',(-3.51840952073761,-5.86848436775043,
-2.01309212616362));
#13613=CARTESIAN_POINT('Ctrl Pts',(-2.94740701735036,-5.90494296888142,
-2.78196894156752));
#13614=CARTESIAN_POINT('Ctrl Pts',(-1.44235021759553,-5.97785929467301,
-3.78779078751826));
#13615=CARTESIAN_POINT('Ctrl Pts',(-0.51341513216102,-6.01431789252554,
-4.02088188015697));
#13616=CARTESIAN_POINT('Ctrl Pts',(1.28785282571098,-6.08723447873949,-3.84262469095519));
#13617=CARTESIAN_POINT('Ctrl Pts',(2.1539534688283,-6.12369246465879,-3.43372802579901));
#13618=CARTESIAN_POINT('Ctrl Pts',(3.43352608998764,-6.19660979897205,-2.15374165228536));
#13619=CARTESIAN_POINT('Ctrl Pts',(3.84263966720389,-6.23306778541932,-1.28784377620694));
#13620=CARTESIAN_POINT('Ctrl Pts',(4.02096354770437,-6.30598436775005,0.513417580569981));
#13621=CARTESIAN_POINT('Ctrl Pts',(3.7876624406011,-6.34244296888146,1.44228033122074));
#13622=CARTESIAN_POINT('Ctrl Pts',(2.78208262439764,-6.41535929467306,2.9474988500815));
#13623=CARTESIAN_POINT('Ctrl Pts',(2.01305861132952,-6.45181789252503,3.51833500670775));
#13624=CARTESIAN_POINT('Ctrl Pts',(0.280687939441718,-6.52473447874066,
4.042962242843));
#13625=CARTESIAN_POINT('Ctrl Pts',(-0.67596269697115,-6.56119246465028,
3.99663334973944));
#13626=CARTESIAN_POINT('Ctrl Pts',(-2.34796323111293,-6.63410979898044,
3.30375138025508));
#13627=CARTESIAN_POINT('Ctrl Pts',(-3.05729966148388,-6.67056778535648,
2.66032704193679));
#13628=CARTESIAN_POINT('Ctrl Pts',(-3.91136232556767,-6.74348436774816,
1.06442013805713));
#13629=CARTESIAN_POINT('Ctrl Pts',(-4.05128058485621,-6.77994296874681,
0.116982383465306));
#13630=CARTESIAN_POINT('Ctrl Pts',(-3.69826817187492,-6.85285929388446,
-1.6584769477917));
#13631=CARTESIAN_POINT('Ctrl Pts',(-3.20623216689927,-6.88931789785075,
-2.48015334381011));
#13632=CARTESIAN_POINT('Ctrl Pts',(-1.80649639369516,-6.96223446666137,
-3.62779576047475));
#13633=CARTESIAN_POINT('Ctrl Pts',(-0.904938684270377,-6.99869255410217,
-3.95108476124218));
#13634=CARTESIAN_POINT('Ctrl Pts',(0.775668336988815,-7.06640134362249,
-3.95081711357449));
#13635=CARTESIAN_POINT('Ctrl Pts',(1.54979390873745,-7.09765141393117,-3.7158336209104));
#13636=CARTESIAN_POINT('Ctrl Pts',(2.83997140124672,-7.16015151360648,-2.8538966714389));
#13637=CARTESIAN_POINT('Ctrl Pts',(3.35356570348872,-7.19139693613043,-2.22870091321396));
#13638=CARTESIAN_POINT('Ctrl Pts',(3.94684051371079,-7.25390528500852,-0.795221310351365));
#13639=CARTESIAN_POINT('Ctrl Pts',(4.02619965796253,-7.28514407300111,0.00971510235499718));
#13640=CARTESIAN_POINT('Ctrl Pts',(3.72397175437089,-7.34762410924852,1.53120482672942));
#13641=CARTESIAN_POINT('Ctrl Pts',(3.34041276495407,-7.37901313455445,2.24725897714789));
#13642=CARTESIAN_POINT('Ctrl Pts',(2.79371959779939,-7.41015117570503,2.79372767598314));
#13643=CARTESIAN_POINT('Origin',(0.,-1.,4.5));
#13644=CARTESIAN_POINT('Origin',(0.,0.5,0.));
#13645=CARTESIAN_POINT('Origin',(0.,0.5,0.));
#13646=CARTESIAN_POINT('Origin',(0.,0.,0.));
#13647=CARTESIAN_POINT('',(0.,0.,0.));
#13648=CARTESIAN_POINT('Origin',(0.,0.8,0.));
#13649=CARTESIAN_POINT('',(-1.28587913910472E-16,1.,-1.05));
#13650=CARTESIAN_POINT('Origin',(0.,1.,0.));
#13651=CARTESIAN_POINT('',(-1.53080849893419E-16,0.8,-1.25));
#13652=CARTESIAN_POINT('Origin',(-1.28587913910472E-16,0.8,-1.05));
#13653=CARTESIAN_POINT('',(1.53080849893419E-16,0.8,1.25));
#13654=CARTESIAN_POINT('Origin',(0.,0.8,0.));
#13655=CARTESIAN_POINT('Origin',(0.,0.8,0.));
#13656=CARTESIAN_POINT('Origin',(0.,0.2,0.));
#13657=CARTESIAN_POINT('',(1.53080849893419E-16,0.2,1.25));
#13658=CARTESIAN_POINT('',(-1.53080849893419E-16,0.2,-1.25));
#13659=CARTESIAN_POINT('Origin',(0.,0.2,0.));
#13660=CARTESIAN_POINT('Origin',(0.,0.2,0.));
#13661=CARTESIAN_POINT('',(-1.28587913910472E-16,0.,-1.05));
#13662=CARTESIAN_POINT('Origin',(-1.28587913910472E-16,0.2,-1.05));
#13663=CARTESIAN_POINT('Origin',(0.,0.,0.));
#13664=CARTESIAN_POINT('Origin',(0.,-10.,0.));
#13665=CARTESIAN_POINT('',(-8.57252759403147E-17,0.,-0.7));
#13666=CARTESIAN_POINT('Origin',(0.,0.,0.));
#13667=CARTESIAN_POINT('',(-8.57252759403147E-17,-10.,-0.7));
#13668=CARTESIAN_POINT('',(-8.57252759403147E-17,-10.,-0.7));
#13669=CARTESIAN_POINT('Origin',(0.,-10.,0.));
#13670=CARTESIAN_POINT('Origin',(0.,1.,0.));
#13671=CARTESIAN_POINT('',(-1.53080849893419E-16,1.,1.25));
#13672=CARTESIAN_POINT('Origin',(0.,1.,0.));
#13673=CARTESIAN_POINT('',(0.25,1.,0.15));
#13674=CARTESIAN_POINT('',(0.750000000000001,1.,0.15));
#13675=CARTESIAN_POINT('',(0.15,1.,0.15));
#13676=CARTESIAN_POINT('',(0.15,1.,0.25));
#13677=CARTESIAN_POINT('Origin',(0.25,1.,0.25));
#13678=CARTESIAN_POINT('',(0.150000000000001,1.,0.750000000000001));
#13679=CARTESIAN_POINT('',(0.15,1.,0.15));
#13680=CARTESIAN_POINT('',(-0.149999999999999,1.,0.750000000000001));
#13681=CARTESIAN_POINT('',(-0.149999999999999,1.,0.750000000000001));
#13682=CARTESIAN_POINT('',(-0.149999999999999,1.,0.25));
#13683=CARTESIAN_POINT('',(-0.149999999999999,1.,0.15));
#13684=CARTESIAN_POINT('',(-0.249999999999999,1.,0.15));
#13685=CARTESIAN_POINT('Origin',(-0.249999999999999,1.,0.25));
#13686=CARTESIAN_POINT('',(-0.75,1.,0.15));
#13687=CARTESIAN_POINT('',(-0.75,1.,0.15));
#13688=CARTESIAN_POINT('',(-0.75,1.,-0.15));
#13689=CARTESIAN_POINT('',(-0.75,1.,-0.15));
#13690=CARTESIAN_POINT('',(-0.25,1.,-0.15));
#13691=CARTESIAN_POINT('',(-0.75,1.,-0.15));
#13692=CARTESIAN_POINT('',(-0.149999999999999,1.,-0.25));
#13693=CARTESIAN_POINT('Origin',(-0.25,1.,-0.25));
#13694=CARTESIAN_POINT('',(-0.15,1.,-0.75));
#13695=CARTESIAN_POINT('',(-0.15,1.,-0.75));
#13696=CARTESIAN_POINT('',(0.15,1.,-0.75));
#13697=CARTESIAN_POINT('',(-0.15,1.,-0.75));
#13698=CARTESIAN_POINT('',(0.15,1.,-0.25));
#13699=CARTESIAN_POINT('',(0.15,1.,-0.75));
#13700=CARTESIAN_POINT('',(0.25,1.,-0.15));
#13701=CARTESIAN_POINT('Origin',(0.25,1.,-0.25));
#13702=CARTESIAN_POINT('',(0.750000000000001,1.,-0.15));
#13703=CARTESIAN_POINT('',(0.15,1.,-0.15));
#13704=CARTESIAN_POINT('',(0.750000000000001,1.,-0.15));
#13705=CARTESIAN_POINT('Origin',(0.,0.,0.));
#13706=CARTESIAN_POINT('Origin',(0.,-10.,0.));
#13707=CARTESIAN_POINT('Origin',(0.15,0.3,0.15));
#13708=CARTESIAN_POINT('',(0.25,0.3,0.15));
#13709=CARTESIAN_POINT('',(0.750000000000001,0.3,0.15));
#13710=CARTESIAN_POINT('',(0.15,0.3,0.15));
#13711=CARTESIAN_POINT('',(0.25,0.3,0.15));
#13712=CARTESIAN_POINT('',(0.750000000000001,0.3,0.15));
#13713=CARTESIAN_POINT('Origin',(0.15,0.3,0.15));
#13714=CARTESIAN_POINT('',(0.15,0.3,0.25));
#13715=CARTESIAN_POINT('',(0.15,0.3,0.25));
#13716=CARTESIAN_POINT('',(0.150000000000001,0.3,0.750000000000001));
#13717=CARTESIAN_POINT('',(0.15,0.3,0.15));
#13718=CARTESIAN_POINT('',(0.150000000000001,0.3,0.750000000000001));
#13719=CARTESIAN_POINT('Origin',(-0.149999999999999,0.3,0.750000000000001));
#13720=CARTESIAN_POINT('',(-0.149999999999999,0.3,0.750000000000001));
#13721=CARTESIAN_POINT('',(-0.149999999999999,0.3,0.750000000000001));
#13722=CARTESIAN_POINT('',(-0.149999999999999,0.3,0.750000000000001));
#13723=CARTESIAN_POINT('Origin',(-0.149999999999999,0.3,0.15));
#13724=CARTESIAN_POINT('',(-0.149999999999999,0.3,0.25));
#13725=CARTESIAN_POINT('',(-0.149999999999999,0.3,0.15));
#13726=CARTESIAN_POINT('',(-0.149999999999999,0.3,0.25));
#13727=CARTESIAN_POINT('Origin',(-0.75,0.3,0.15));
#13728=CARTESIAN_POINT('',(-0.249999999999999,0.3,0.15));
#13729=CARTESIAN_POINT('',(-0.249999999999999,0.3,0.15));
#13730=CARTESIAN_POINT('',(-0.75,0.3,0.15));
#13731=CARTESIAN_POINT('',(-0.75,0.3,0.15));
#13732=CARTESIAN_POINT('',(-0.75,0.3,0.15));
#13733=CARTESIAN_POINT('Origin',(-0.75,0.3,-0.15));
#13734=CARTESIAN_POINT('',(-0.75,0.3,-0.15));
#13735=CARTESIAN_POINT('',(-0.75,0.3,-0.15));
#13736=CARTESIAN_POINT('',(-0.75,0.3,-0.15));
#13737=CARTESIAN_POINT('Origin',(-0.75,0.3,-0.15));
#13738=CARTESIAN_POINT('',(-0.25,0.3,-0.15));
#13739=CARTESIAN_POINT('',(-0.75,0.3,-0.15));
#13740=CARTESIAN_POINT('',(-0.25,0.3,-0.15));
#13741=CARTESIAN_POINT('Origin',(-0.15,0.3,-0.75));
#13742=CARTESIAN_POINT('',(-0.149999999999999,0.3,-0.25));
#13743=CARTESIAN_POINT('',(-0.149999999999999,0.3,-0.25));
#13744=CARTESIAN_POINT('',(-0.15,0.3,-0.75));
#13745=CARTESIAN_POINT('',(-0.15,0.3,-0.75));
#13746=CARTESIAN_POINT('',(-0.15,0.3,-0.75));
#13747=CARTESIAN_POINT('Origin',(-0.15,0.3,-0.75));
#13748=CARTESIAN_POINT('',(0.15,0.3,-0.75));
#13749=CARTESIAN_POINT('',(-0.15,0.3,-0.75));
#13750=CARTESIAN_POINT('',(0.15,0.3,-0.75));
#13751=CARTESIAN_POINT('Origin',(0.15,0.3,-0.75));
#13752=CARTESIAN_POINT('',(0.15,0.3,-0.25));
#13753=CARTESIAN_POINT('',(0.15,0.3,-0.75));
#13754=CARTESIAN_POINT('',(0.15,0.3,-0.25));
#13755=CARTESIAN_POINT('Origin',(0.15,0.3,-0.15));
#13756=CARTESIAN_POINT('',(0.25,0.3,-0.15));
#13757=CARTESIAN_POINT('',(0.25,0.3,-0.15));
#13758=CARTESIAN_POINT('',(0.750000000000001,0.3,-0.15));
#13759=CARTESIAN_POINT('',(0.15,0.3,-0.15));
#13760=CARTESIAN_POINT('',(0.750000000000001,0.3,-0.15));
#13761=CARTESIAN_POINT('Origin',(0.750000000000001,0.3,-0.15));
#13762=CARTESIAN_POINT('',(0.750000000000001,0.3,-0.15));
#13763=CARTESIAN_POINT('Origin',(0.,0.3,0.));
#13764=CARTESIAN_POINT('Origin',(0.25,0.3,0.25));
#13765=CARTESIAN_POINT('Origin',(0.25,0.3,-0.25));
#13766=CARTESIAN_POINT('Origin',(-0.25,0.3,-0.25));
#13767=CARTESIAN_POINT('Origin',(-0.249999999999999,0.3,0.25));
#13768=CARTESIAN_POINT('Origin',(0.25,0.3,0.25));
#13769=CARTESIAN_POINT('Origin',(0.25,0.3,-0.25));
#13770=CARTESIAN_POINT('Origin',(-0.249999999999999,0.3,0.25));
#13771=CARTESIAN_POINT('Origin',(-0.25,0.3,-0.25));
#13772=CARTESIAN_POINT('',(3.46944695195361E-15,-15.,41.7));
#13773=CARTESIAN_POINT('',(-5.20417042793042E-15,1.50568480828465E-26,41.7));
#13774=CARTESIAN_POINT('',(9.45,-7.5,3.2));
#13775=CARTESIAN_POINT('',(9.45,-7.5,9.2));
#13776=CARTESIAN_POINT('',(9.44999999999999,-7.5,-104.95));
#13777=CARTESIAN_POINT('',(18.7,-1.,40.2));
#13778=CARTESIAN_POINT('',(16.3,-7.25,37.9));
#13779=CARTESIAN_POINT('',(16.3,-4.9,67.9));
#13780=CARTESIAN_POINT('',(9.44999999999999,-7.5,-106.8));
#13781=CARTESIAN_POINT('',(18.7,-1.,14.));
#13782=CARTESIAN_POINT('',(2.,-1.,14.));
#13783=CARTESIAN_POINT('',(2.,-1.,40.2));
#13784=CARTESIAN_POINT('',(18.7,-0.999999999999998,3.99999999999998));
#13785=UNCERTAINTY_MEASURE_WITH_UNIT(LENGTH_MEASURE(0.01),#13807,
'DISTANCE_ACCURACY_VALUE',
'Maximum model space distance between geometric entities at asserted c
onnectivities');
#13786=UNCERTAINTY_MEASURE_WITH_UNIT(LENGTH_MEASURE(0.01),#13807,
'DISTANCE_ACCURACY_VALUE',
'Maximum model space distance between geometric entities at asserted c
onnectivities');
#13787=UNCERTAINTY_MEASURE_WITH_UNIT(LENGTH_MEASURE(0.01),#13807,
'DISTANCE_ACCURACY_VALUE',
'Maximum model space distance between geometric entities at asserted c
onnectivities');
#13788=UNCERTAINTY_MEASURE_WITH_UNIT(LENGTH_MEASURE(0.01),#13807,
'DISTANCE_ACCURACY_VALUE',
'Maximum model space distance between geometric entities at asserted c
onnectivities');
#13789=UNCERTAINTY_MEASURE_WITH_UNIT(LENGTH_MEASURE(0.01),#13807,
'DISTANCE_ACCURACY_VALUE',
'Maximum model space distance between geometric entities at asserted c
onnectivities');
#13790=UNCERTAINTY_MEASURE_WITH_UNIT(LENGTH_MEASURE(0.01),#13807,
'DISTANCE_ACCURACY_VALUE',
'Maximum model space distance between geometric entities at asserted c
onnectivities');
#13791=UNCERTAINTY_MEASURE_WITH_UNIT(LENGTH_MEASURE(0.01),#13807,
'DISTANCE_ACCURACY_VALUE',
'Maximum model space distance between geometric entities at asserted c
onnectivities');
#13792=UNCERTAINTY_MEASURE_WITH_UNIT(LENGTH_MEASURE(0.01),#13807,
'DISTANCE_ACCURACY_VALUE',
'Maximum model space distance between geometric entities at asserted c
onnectivities');
#13793=UNCERTAINTY_MEASURE_WITH_UNIT(LENGTH_MEASURE(0.01),#13807,
'DISTANCE_ACCURACY_VALUE',
'Maximum model space distance between geometric entities at asserted c
onnectivities');
#13794=UNCERTAINTY_MEASURE_WITH_UNIT(LENGTH_MEASURE(0.01),#13807,
'DISTANCE_ACCURACY_VALUE',
'Maximum model space distance between geometric entities at asserted c
onnectivities');
#13795=UNCERTAINTY_MEASURE_WITH_UNIT(LENGTH_MEASURE(0.01),#13807,
'DISTANCE_ACCURACY_VALUE',
'Maximum model space distance between geometric entities at asserted c
onnectivities');
#13796=(
GEOMETRIC_REPRESENTATION_CONTEXT(3)
GLOBAL_UNCERTAINTY_ASSIGNED_CONTEXT((#13785))
GLOBAL_UNIT_ASSIGNED_CONTEXT((#13807,#13809,#13810))
REPRESENTATION_CONTEXT('','3D')
);
#13797=(
GEOMETRIC_REPRESENTATION_CONTEXT(3)
GLOBAL_UNCERTAINTY_ASSIGNED_CONTEXT((#13786))
GLOBAL_UNIT_ASSIGNED_CONTEXT((#13807,#13809,#13810))
REPRESENTATION_CONTEXT('','3D')
);
#13798=(
GEOMETRIC_REPRESENTATION_CONTEXT(3)
GLOBAL_UNCERTAINTY_ASSIGNED_CONTEXT((#13787))
GLOBAL_UNIT_ASSIGNED_CONTEXT((#13807,#13809,#13810))
REPRESENTATION_CONTEXT('','3D')
);
#13799=(
GEOMETRIC_REPRESENTATION_CONTEXT(3)
GLOBAL_UNCERTAINTY_ASSIGNED_CONTEXT((#13788))
GLOBAL_UNIT_ASSIGNED_CONTEXT((#13807,#13809,#13810))
REPRESENTATION_CONTEXT('','3D')
);
#13800=(
GEOMETRIC_REPRESENTATION_CONTEXT(3)
GLOBAL_UNCERTAINTY_ASSIGNED_CONTEXT((#13789))
GLOBAL_UNIT_ASSIGNED_CONTEXT((#13807,#13809,#13810))
REPRESENTATION_CONTEXT('','3D')
);
#13801=(
GEOMETRIC_REPRESENTATION_CONTEXT(3)
GLOBAL_UNCERTAINTY_ASSIGNED_CONTEXT((#13790))
GLOBAL_UNIT_ASSIGNED_CONTEXT((#13807,#13809,#13810))
REPRESENTATION_CONTEXT('','3D')
);
#13802=(
GEOMETRIC_REPRESENTATION_CONTEXT(3)
GLOBAL_UNCERTAINTY_ASSIGNED_CONTEXT((#13791))
GLOBAL_UNIT_ASSIGNED_CONTEXT((#13807,#13809,#13810))
REPRESENTATION_CONTEXT('','3D')
);
#13803=(
GEOMETRIC_REPRESENTATION_CONTEXT(3)
GLOBAL_UNCERTAINTY_ASSIGNED_CONTEXT((#13792))
GLOBAL_UNIT_ASSIGNED_CONTEXT((#13807,#13809,#13810))
REPRESENTATION_CONTEXT('','3D')
);
#13804=(
GEOMETRIC_REPRESENTATION_CONTEXT(3)
GLOBAL_UNCERTAINTY_ASSIGNED_CONTEXT((#13793))
GLOBAL_UNIT_ASSIGNED_CONTEXT((#13807,#13809,#13810))
REPRESENTATION_CONTEXT('','3D')
);
#13805=(
GEOMETRIC_REPRESENTATION_CONTEXT(3)
GLOBAL_UNCERTAINTY_ASSIGNED_CONTEXT((#13794))
GLOBAL_UNIT_ASSIGNED_CONTEXT((#13807,#13809,#13810))
REPRESENTATION_CONTEXT('','3D')
);
#13806=(
GEOMETRIC_REPRESENTATION_CONTEXT(3)
GLOBAL_UNCERTAINTY_ASSIGNED_CONTEXT((#13795))
GLOBAL_UNIT_ASSIGNED_CONTEXT((#13807,#13809,#13810))
REPRESENTATION_CONTEXT('','3D')
);
#13807=(
LENGTH_UNIT()
NAMED_UNIT(*)
SI_UNIT(.MILLI.,.METRE.)
);
#13808=(
LENGTH_UNIT()
NAMED_UNIT(*)
SI_UNIT($,.METRE.)
);
#13809=(
NAMED_UNIT(*)
PLANE_ANGLE_UNIT()
SI_UNIT($,.RADIAN.)
);
#13810=(
NAMED_UNIT(*)
SI_UNIT($,.STERADIAN.)
SOLID_ANGLE_UNIT()
);
#13811=SHAPE_DEFINITION_REPRESENTATION(#13821,#13844);
#13812=SHAPE_DEFINITION_REPRESENTATION(#13822,#13845);
#13813=SHAPE_DEFINITION_REPRESENTATION(#13823,#13846);
#13814=SHAPE_DEFINITION_REPRESENTATION(#13824,#13847);
#13815=SHAPE_DEFINITION_REPRESENTATION(#13825,#13848);
#13816=SHAPE_DEFINITION_REPRESENTATION(#13826,#13849);
#13817=SHAPE_DEFINITION_REPRESENTATION(#13827,#13850);
#13818=SHAPE_DEFINITION_REPRESENTATION(#13828,#13851);
#13819=SHAPE_DEFINITION_REPRESENTATION(#13829,#13852);
#13820=SHAPE_DEFINITION_REPRESENTATION(#13830,#13853);
#13821=PRODUCT_DEFINITION_SHAPE('',$,#13855);
#13822=PRODUCT_DEFINITION_SHAPE('',$,#13856);
#13823=PRODUCT_DEFINITION_SHAPE('',$,#13857);
#13824=PRODUCT_DEFINITION_SHAPE('',$,#13858);
#13825=PRODUCT_DEFINITION_SHAPE('',$,#13859);
#13826=PRODUCT_DEFINITION_SHAPE('',$,#13860);
#13827=PRODUCT_DEFINITION_SHAPE('',$,#13861);
#13828=PRODUCT_DEFINITION_SHAPE('',$,#13862);
#13829=PRODUCT_DEFINITION_SHAPE('',$,#13863);
#13830=PRODUCT_DEFINITION_SHAPE('',$,#13864);
#13831=PRODUCT_DEFINITION_SHAPE($,$,#50);
#13832=PRODUCT_DEFINITION_SHAPE($,$,#51);
#13833=PRODUCT_DEFINITION_SHAPE($,$,#52);
#13834=PRODUCT_DEFINITION_SHAPE($,$,#53);
#13835=PRODUCT_DEFINITION_SHAPE($,$,#54);
#13836=PRODUCT_DEFINITION_SHAPE($,$,#55);
#13837=PRODUCT_DEFINITION_SHAPE($,$,#56);
#13838=PRODUCT_DEFINITION_SHAPE($,$,#57);
#13839=PRODUCT_DEFINITION_SHAPE($,$,#58);
#13840=PRODUCT_DEFINITION_SHAPE($,$,#59);
#13841=PRODUCT_DEFINITION_SHAPE($,$,#60);
#13842=PRODUCT_DEFINITION_SHAPE($,$,#61);
#13843=PRODUCT_DEFINITION_SHAPE($,$,#62);
#13844=SHAPE_REPRESENTATION('',(#5288,#5763,#5764,#5765,#5766,#5767,#5768,
#5769,#5770,#5771,#5772,#5773,#5774,#5775),#13796);
#13845=SHAPE_REPRESENTATION('',(#5289),#13797);
#13846=SHAPE_REPRESENTATION('',(#5375),#13798);
#13847=SHAPE_REPRESENTATION('',(#5472),#13799);
#13848=SHAPE_REPRESENTATION('',(#5518),#13800);
#13849=SHAPE_REPRESENTATION('',(#5569),#13801);
#13850=SHAPE_REPRESENTATION('',(#5631),#13802);
#13851=SHAPE_REPRESENTATION('',(#5655),#13803);
#13852=SHAPE_REPRESENTATION('',(#5680),#13804);
#13853=SHAPE_REPRESENTATION('',(#5720),#13805);
#13854=PRODUCT_DEFINITION_CONTEXT('part definition',#13886,'design');
#13855=PRODUCT_DEFINITION('IP60\X\D0\X\D0\X\B3\X\CC100YR',
'linear_motor',#13865,#13854);
#13856=PRODUCT_DEFINITION('\X\B5\X\E7\X\BB\X\FA\X\A3\X\A8\X\D3\X\D2\X\A3
\X\A9','\X\B5\X\E7\X\BB\X\FA\X\A3\X\A8\X\D3\X\D2\X\A3\X\A9',#13866,#13854);
#13857=PRODUCT_DEFINITION('\X\B5\X\E7\X\BB\X\FA\X\A3\X\A8\X\D7\X\F3\X\A3
\X\A9','\X\B5\X\E7\X\BB\X\FA\X\A3\X\A8\X\D7\X\F3\X\A3\X\A9',#13867,#13854);
#13858=PRODUCT_DEFINITION('\X\BF\X\D5\X\D0\X\C4\X\C2\X\C1\X\B9\X\DC',
'\X\BF\X\D5\X\D0\X\C4\X\C2\X\C1\X\B9\X\DC',#13868,#13854);
#13859=PRODUCT_DEFINITION('\X\D0\X\A1\X\C2\X\C1\X\BF\X\C7',
'\X\D0\X\A1\X\C2\X\C1\X\BF\X\C7',#13869,#13854);
#13860=PRODUCT_DEFINITION('IP60\X\CD\X\C6\X\B8\X\CB\X\B7\X\E2\X\B8\X\C7',
'IP60\X\CD\X\C6\X\B8\X\CB\X\B7\X\E2\X\B8\X\C7',#13870,#13854);
#13861=PRODUCT_DEFINITION('IP60\X\CF\X\DF\X\BF\X\DB','IP60\X\CF\X\DF\X\BF
\X\DB',#13871,#13854);
#13862=PRODUCT_DEFINITION('\X\B5\X\E7\X\CF\X\DF','\X\B5\X\E7\X\CF\X\DF',
#13872,#13854);
#13863=PRODUCT_DEFINITION('\X\B5\X\F5\X\B6\X\FA','\X\B5\X\F5\X\B6\X\FA',
#13873,#13854);
#13864=PRODUCT_DEFINITION('\X\C2\X\DD\X\CB\X\BF','\X\C2\X\DD\X\CB\X\BF',
#13874,#13854);
#13865=PRODUCT_DEFINITION_FORMATION('',$,#13888);
#13866=PRODUCT_DEFINITION_FORMATION('',$,#13889);
#13867=PRODUCT_DEFINITION_FORMATION('',$,#13890);
#13868=PRODUCT_DEFINITION_FORMATION('',$,#13891);
#13869=PRODUCT_DEFINITION_FORMATION('',$,#13892);
#13870=PRODUCT_DEFINITION_FORMATION('',$,#13893);
#13871=PRODUCT_DEFINITION_FORMATION('',$,#13894);
#13872=PRODUCT_DEFINITION_FORMATION('',$,#13895);
#13873=PRODUCT_DEFINITION_FORMATION('',$,#13896);
#13874=PRODUCT_DEFINITION_FORMATION('',$,#13897);
#13875=PRODUCT_RELATED_PRODUCT_CATEGORY('linear_motor','linear_motor',(#13888));
#13876=PRODUCT_RELATED_PRODUCT_CATEGORY('\X\B5\X\E7\X\BB\X\FA\X\A3\X\A8
\X\D3\X\D2\X\A3\X\A9','\X\B5\X\E7\X\BB\X\FA\X\A3\X\A8\X\D3\X\D2\X\A3\X\A9',
(#13889));
#13877=PRODUCT_RELATED_PRODUCT_CATEGORY('\X\B5\X\E7\X\BB\X\FA\X\A3\X\A8
\X\D7\X\F3\X\A3\X\A9','\X\B5\X\E7\X\BB\X\FA\X\A3\X\A8\X\D7\X\F3\X\A3\X\A9',
(#13890));
#13878=PRODUCT_RELATED_PRODUCT_CATEGORY('\X\BF\X\D5\X\D0\X\C4\X\C2\X\C1
\X\B9\X\DC','\X\BF\X\D5\X\D0\X\C4\X\C2\X\C1\X\B9\X\DC',(#13891));
#13879=PRODUCT_RELATED_PRODUCT_CATEGORY('\X\D0\X\A1\X\C2\X\C1\X\BF\X\C7',
'\X\D0\X\A1\X\C2\X\C1\X\BF\X\C7',(#13892));
#13880=PRODUCT_RELATED_PRODUCT_CATEGORY('IP60\X\CD\X\C6\X\B8\X\CB\X\B7
\X\E2\X\B8\X\C7','IP60\X\CD\X\C6\X\B8\X\CB\X\B7\X\E2\X\B8\X\C7',(#13893));
#13881=PRODUCT_RELATED_PRODUCT_CATEGORY('IP60\X\CF\X\DF\X\BF\X\DB',
'IP60\X\CF\X\DF\X\BF\X\DB',(#13894));
#13882=PRODUCT_RELATED_PRODUCT_CATEGORY('\X\B5\X\E7\X\CF\X\DF',
'\X\B5\X\E7\X\CF\X\DF',(#13895));
#13883=PRODUCT_RELATED_PRODUCT_CATEGORY('\X\B5\X\F5\X\B6\X\FA',
'\X\B5\X\F5\X\B6\X\FA',(#13896));
#13884=PRODUCT_RELATED_PRODUCT_CATEGORY('\X\C2\X\DD\X\CB\X\BF',
'\X\C2\X\DD\X\CB\X\BF',(#13897));
#13885=APPLICATION_PROTOCOL_DEFINITION('international standard',
'automotive_design',2009,#13886);
#13886=APPLICATION_CONTEXT(
'Core Data for Automotive Mechanical Design Process');
#13887=PRODUCT_CONTEXT('part definition',#13886,'mechanical');
#13888=PRODUCT('IP60\X\D0\X\D0\X\B3\X\CC100YR','linear_motor',
'STEP AP203',(#13887));
#13889=PRODUCT('\X\B5\X\E7\X\BB\X\FA\X\A3\X\A8\X\D3\X\D2\X\A3\X\A9',
'\X\B5\X\E7\X\BB\X\FA\X\A3\X\A8\X\D3\X\D2\X\A3\X\A9',$,(#13887));
#13890=PRODUCT('\X\B5\X\E7\X\BB\X\FA\X\A3\X\A8\X\D7\X\F3\X\A3\X\A9',
'\X\B5\X\E7\X\BB\X\FA\X\A3\X\A8\X\D7\X\F3\X\A3\X\A9',$,(#13887));
#13891=PRODUCT('\X\BF\X\D5\X\D0\X\C4\X\C2\X\C1\X\B9\X\DC',
'\X\BF\X\D5\X\D0\X\C4\X\C2\X\C1\X\B9\X\DC',$,(#13887));
#13892=PRODUCT('\X\D0\X\A1\X\C2\X\C1\X\BF\X\C7','\X\D0\X\A1\X\C2\X\C1\X\BF
\X\C7',$,(#13887));
#13893=PRODUCT('IP60\X\CD\X\C6\X\B8\X\CB\X\B7\X\E2\X\B8\X\C7',
'IP60\X\CD\X\C6\X\B8\X\CB\X\B7\X\E2\X\B8\X\C7',$,(#13887));
#13894=PRODUCT('IP60\X\CF\X\DF\X\BF\X\DB','IP60\X\CF\X\DF\X\BF\X\DB',$,
(#13887));
#13895=PRODUCT('\X\B5\X\E7\X\CF\X\DF','\X\B5\X\E7\X\CF\X\DF',$,(#13887));
#13896=PRODUCT('\X\B5\X\F5\X\B6\X\FA','\X\B5\X\F5\X\B6\X\FA',$,(#13887));
#13897=PRODUCT('\X\C2\X\DD\X\CB\X\BF','\X\C2\X\DD\X\CB\X\BF',$,(#13887));
#13898=PRESENTATION_STYLE_ASSIGNMENT((#13899));
#13899=SURFACE_STYLE_USAGE(.BOTH.,#13900);
#13900=SURFACE_SIDE_STYLE('',(#13901));
#13901=SURFACE_STYLE_FILL_AREA(#13902);
#13902=FILL_AREA_STYLE('Steel - Satin',(#13903));
#13903=FILL_AREA_STYLE_COLOUR('Steel - Satin',#13904);
#13904=COLOUR_RGB('Steel - Satin',0.627450980392157,0.627450980392157,0.627450980392157);
ENDSEC;
END-ISO-10303-21;
