ISO-10303-21;
HEADER;
/* Generated by software containing ST-Developer
 * from STEP Tools, Inc. (www.steptools.com) 
 */

FILE_DESCRIPTION(
/* description */ (''),
/* implementation_level */ '2;1');

FILE_NAME(
/* name */ 'ultrasonic_sensor_bracket.step',
/* time_stamp */ '2026-08-14T19:17:55+09:00',
/* author */ (''),
/* organization */ (''),
/* preprocessor_version */ 'ST-DEVELOPER v20.1',
/* originating_system */ 'Autodesk Translation Framework v15.8.0.0',
/* authorisation */ '');

FILE_SCHEMA (('AUTOMOTIVE_DESIGN { 1 0 10303 214 3 1 1 }'));
ENDSEC;

DATA;
#10=MECHANICAL_DESIGN_GEOMETRIC_PRESENTATION_REPRESENTATION('',(#13,#14),
#7960);
#11=SHAPE_REPRESENTATION_RELATIONSHIP('SRR','None',#7967,#12);
#12=ADVANCED_BREP_SHAPE_REPRESENTATION('',(#15,#16),#7959);
#13=STYLED_ITEM('',(#7977),#15);
#14=STYLED_ITEM('',(#7977),#16);
#15=MANIFOLD_SOLID_BREP('Body1',#4872);
#16=MANIFOLD_SOLID_BREP('Body2',#4873);
#17=CYLINDRICAL_SURFACE('',#4946,2.);
#18=CYLINDRICAL_SURFACE('',#4953,8.25);
#19=CYLINDRICAL_SURFACE('',#4957,8.25);
#20=CYLINDRICAL_SURFACE('',#4998,2.);
#21=CYLINDRICAL_SURFACE('',#5054,1.25);
#22=CYLINDRICAL_SURFACE('',#5055,1.25);
#23=CYLINDRICAL_SURFACE('',#5056,1.25);
#24=CYLINDRICAL_SURFACE('',#5057,1.25);
#25=CYLINDRICAL_SURFACE('',#5058,1.25);
#26=CYLINDRICAL_SURFACE('',#5064,9.25);
#27=CYLINDRICAL_SURFACE('',#5065,9.25);
#28=CYLINDRICAL_SURFACE('',#5068,5.83363094478902);
#29=CYLINDRICAL_SURFACE('',#5074,5.83363094478902);
#30=CYLINDRICAL_SURFACE('',#5093,2.);
#31=CYLINDRICAL_SURFACE('',#5097,2.);
#32=CYLINDRICAL_SURFACE('',#5182,1.25);
#33=CYLINDRICAL_SURFACE('',#5183,1.25);
#34=CYLINDRICAL_SURFACE('',#5184,1.25);
#35=CYLINDRICAL_SURFACE('',#5185,1.25);
#36=CYLINDRICAL_SURFACE('',#5186,1.25);
#37=CYLINDRICAL_SURFACE('',#5187,1.25);
#38=CYLINDRICAL_SURFACE('',#5188,1.25);
#39=CYLINDRICAL_SURFACE('',#5189,1.25);
#40=CYLINDRICAL_SURFACE('',#5190,1.25);
#41=CYLINDRICAL_SURFACE('',#5191,1.25);
#42=CYLINDRICAL_SURFACE('',#5212,2.);
#43=CYLINDRICAL_SURFACE('',#5214,2.);
#44=CYLINDRICAL_SURFACE('',#5216,2.);
#45=CYLINDRICAL_SURFACE('',#5221,2.);
#46=CONICAL_SURFACE('',#4937,2.1,0.785398163397449);
#47=CONICAL_SURFACE('',#4941,2.1,0.785398163397449);
#48=CONICAL_SURFACE('',#4951,8.35,0.785398163397448);
#49=CONICAL_SURFACE('',#4955,8.35,0.785398163397448);
#50=CONICAL_SURFACE('',#4992,2.3,0.785398163397448);
#51=CONICAL_SURFACE('',#4995,2.3,0.785398163397449);
#52=CONICAL_SURFACE('',#5003,8.4,0.785398163397449);
#53=CONICAL_SURFACE('',#5007,8.4,0.785398163397449);
#54=CONICAL_SURFACE('',#5015,0.625,0.57595865315812);
#55=CONICAL_SURFACE('',#5018,0.625,0.57595865315812);
#56=CONICAL_SURFACE('',#5023,0.625,0.57595865315812);
#57=CONICAL_SURFACE('',#5027,0.625,0.57595865315812);
#58=CONICAL_SURFACE('',#5030,0.625,0.57595865315812);
#59=CONICAL_SURFACE('',#5033,0.625,0.57595865315812);
#60=CONICAL_SURFACE('',#5034,0.625,0.57595865315812);
#61=CONICAL_SURFACE('',#5038,0.625,0.57595865315812);
#62=CONICAL_SURFACE('',#5042,0.625,0.57595865315812);
#63=CONICAL_SURFACE('',#5088,2.1,0.785398163397449);
#64=CONICAL_SURFACE('',#5095,2.1,0.785398163397449);
#65=CONICAL_SURFACE('',#5123,0.755148924435577,0.575958653158124);
#66=CONICAL_SURFACE('',#5128,0.755148924435577,0.575958653158124);
#67=CONICAL_SURFACE('',#5130,0.755148924435577,0.575958653158124);
#68=CONICAL_SURFACE('',#5136,0.755148924435577,0.575958653158124);
#69=CONICAL_SURFACE('',#5137,0.755148924435577,0.575958653158124);
#70=CONICAL_SURFACE('',#5140,0.755148924435577,0.575958653158124);
#71=CONICAL_SURFACE('',#5146,0.755148924435577,0.575958653158124);
#72=CONICAL_SURFACE('',#5148,0.755148924435577,0.575958653158124);
#73=CONICAL_SURFACE('',#5154,0.755148924435577,0.575958653158124);
#74=FACE_BOUND('',#503,.T.);
#75=FACE_BOUND('',#505,.T.);
#76=FACE_BOUND('',#508,.T.);
#77=FACE_BOUND('',#527,.T.);
#78=FACE_BOUND('',#528,.T.);
#79=FACE_BOUND('',#529,.T.);
#80=FACE_BOUND('',#538,.T.);
#81=FACE_BOUND('',#541,.T.);
#82=FACE_BOUND('',#544,.T.);
#83=FACE_BOUND('',#569,.T.);
#84=FACE_BOUND('',#570,.T.);
#85=FACE_BOUND('',#571,.T.);
#86=FACE_BOUND('',#574,.T.);
#87=FACE_BOUND('',#577,.T.);
#88=FACE_BOUND('',#601,.T.);
#89=FACE_BOUND('',#603,.T.);
#90=FACE_BOUND('',#605,.T.);
#91=FACE_BOUND('',#641,.T.);
#92=FACE_BOUND('',#642,.T.);
#93=FACE_BOUND('',#648,.T.);
#94=FACE_BOUND('',#651,.T.);
#95=FACE_BOUND('',#654,.T.);
#96=FACE_BOUND('',#657,.T.);
#97=FACE_BOUND('',#680,.T.);
#98=FACE_BOUND('',#684,.T.);
#99=FACE_BOUND('',#687,.T.);
#100=FACE_BOUND('',#690,.T.);
#101=FACE_BOUND('',#693,.T.);
#102=FACE_BOUND('',#765,.T.);
#103=FACE_BOUND('',#767,.T.);
#104=CIRCLE('',#4917,1.25);
#105=CIRCLE('',#4918,0.95);
#106=CIRCLE('',#4920,1.25);
#107=CIRCLE('',#4921,0.950000000000003);
#108=CIRCLE('',#4924,1.25);
#109=CIRCLE('',#4925,0.95);
#110=CIRCLE('',#4938,2.2);
#111=CIRCLE('',#4939,2.);
#112=CIRCLE('',#4942,2.2);
#113=CIRCLE('',#4943,2.);
#114=CIRCLE('',#4947,2.);
#115=CIRCLE('',#4949,8.45);
#116=CIRCLE('',#4950,8.45);
#117=CIRCLE('',#4952,8.25);
#118=CIRCLE('',#4954,8.25);
#119=CIRCLE('',#4956,8.25);
#120=CIRCLE('',#4958,8.25);
#121=CIRCLE('',#4963,1.25);
#122=CIRCLE('',#4964,0.950000000000003);
#123=CIRCLE('',#4967,1.25);
#124=CIRCLE('',#4968,0.95);
#125=CIRCLE('',#4971,1.25);
#126=CIRCLE('',#4972,0.950000000000003);
#127=CIRCLE('',#4988,1.25);
#128=CIRCLE('',#4993,2.6);
#129=CIRCLE('',#4996,2.);
#130=CIRCLE('',#4997,2.6);
#131=CIRCLE('',#5001,9.25);
#132=CIRCLE('',#5002,9.25);
#133=CIRCLE('',#5004,8.55);
#134=CIRCLE('',#5006,9.25);
#135=CIRCLE('',#5008,8.55);
#136=CIRCLE('',#5010,9.25);
#137=CIRCLE('',#5016,0.3);
#138=CIRCLE('',#5019,0.3);
#139=CIRCLE('',#5022,0.3);
#140=CIRCLE('',#5024,0.95);
#141=CIRCLE('',#5026,0.3);
#142=CIRCLE('',#5029,0.3);
#143=CIRCLE('',#5032,0.3);
#144=CIRCLE('',#5035,0.950000000000003);
#145=CIRCLE('',#5036,0.3);
#146=CIRCLE('',#5039,0.95);
#147=CIRCLE('',#5040,0.3);
#148=CIRCLE('',#5043,0.3);
#149=CIRCLE('',#5046,1.25);
#150=CIRCLE('',#5048,1.25);
#151=CIRCLE('',#5050,1.25);
#152=CIRCLE('',#5069,5.83363094478902);
#153=CIRCLE('',#5070,5.83363094478902);
#154=CIRCLE('',#5075,5.83363094478902);
#155=CIRCLE('',#5076,5.83363094478902);
#156=CIRCLE('',#5089,2.);
#157=CIRCLE('',#5090,2.2);
#158=CIRCLE('',#5092,2.2);
#159=CIRCLE('',#5094,2.);
#160=CIRCLE('',#5096,2.);
#161=CIRCLE('',#5098,2.);
#162=CIRCLE('',#5101,1.25);
#163=CIRCLE('',#5102,1.25);
#164=CIRCLE('',#5103,0.934032215966146);
#165=CIRCLE('',#5106,1.25);
#166=CIRCLE('',#5107,1.25);
#167=CIRCLE('',#5108,0.934032215966143);
#168=CIRCLE('',#5111,1.25);
#169=CIRCLE('',#5112,1.25);
#170=CIRCLE('',#5113,0.934032215966146);
#171=CIRCLE('',#5116,1.25);
#172=CIRCLE('',#5117,1.25);
#173=CIRCLE('',#5118,0.934032215966143);
#174=CIRCLE('',#5121,1.25);
#175=CIRCLE('',#5122,1.25);
#176=CIRCLE('',#5124,0.381443354945761);
#177=CIRCLE('',#5127,0.381443354945761);
#178=CIRCLE('',#5129,0.934032215966146);
#179=CIRCLE('',#5131,0.381443354945761);
#180=CIRCLE('',#5132,0.934032215966143);
#181=CIRCLE('',#5135,0.381443354945761);
#182=CIRCLE('',#5138,0.381443354945761);
#183=CIRCLE('',#5141,0.381443354945761);
#184=CIRCLE('',#5142,0.934032215966143);
#185=CIRCLE('',#5145,0.381443354945761);
#186=CIRCLE('',#5147,0.934032215966144);
#187=CIRCLE('',#5149,0.381443354945761);
#188=CIRCLE('',#5150,0.934032215966141);
#189=CIRCLE('',#5153,0.381443354945761);
#190=CIRCLE('',#5157,1.25);
#191=CIRCLE('',#5158,1.25);
#192=CIRCLE('',#5162,1.25);
#193=CIRCLE('',#5163,1.25);
#194=CIRCLE('',#5166,1.25);
#195=CIRCLE('',#5167,1.25);
#196=CIRCLE('',#5170,1.25);
#197=CIRCLE('',#5171,1.25);
#198=CIRCLE('',#5174,1.25);
#199=CIRCLE('',#5175,1.25);
#200=CIRCLE('',#5195,2.);
#201=CIRCLE('',#5201,2.);
#202=CIRCLE('',#5206,2.);
#203=CIRCLE('',#5210,2.);
#204=CIRCLE('',#5213,2.);
#205=CIRCLE('',#5215,2.);
#206=CIRCLE('',#5217,2.);
#207=CIRCLE('',#5222,2.);
#208=FACE_OUTER_BOUND('',#473,.T.);
#209=FACE_OUTER_BOUND('',#474,.T.);
#210=FACE_OUTER_BOUND('',#475,.T.);
#211=FACE_OUTER_BOUND('',#476,.T.);
#212=FACE_OUTER_BOUND('',#477,.T.);
#213=FACE_OUTER_BOUND('',#478,.T.);
#214=FACE_OUTER_BOUND('',#479,.T.);
#215=FACE_OUTER_BOUND('',#480,.T.);
#216=FACE_OUTER_BOUND('',#481,.T.);
#217=FACE_OUTER_BOUND('',#482,.T.);
#218=FACE_OUTER_BOUND('',#483,.T.);
#219=FACE_OUTER_BOUND('',#484,.T.);
#220=FACE_OUTER_BOUND('',#485,.T.);
#221=FACE_OUTER_BOUND('',#486,.T.);
#222=FACE_OUTER_BOUND('',#487,.T.);
#223=FACE_OUTER_BOUND('',#488,.T.);
#224=FACE_OUTER_BOUND('',#489,.T.);
#225=FACE_OUTER_BOUND('',#490,.T.);
#226=FACE_OUTER_BOUND('',#491,.T.);
#227=FACE_OUTER_BOUND('',#492,.T.);
#228=FACE_OUTER_BOUND('',#493,.T.);
#229=FACE_OUTER_BOUND('',#494,.T.);
#230=FACE_OUTER_BOUND('',#495,.T.);
#231=FACE_OUTER_BOUND('',#496,.T.);
#232=FACE_OUTER_BOUND('',#497,.T.);
#233=FACE_OUTER_BOUND('',#498,.T.);
#234=FACE_OUTER_BOUND('',#499,.T.);
#235=FACE_OUTER_BOUND('',#500,.T.);
#236=FACE_OUTER_BOUND('',#501,.T.);
#237=FACE_OUTER_BOUND('',#502,.T.);
#238=FACE_OUTER_BOUND('',#504,.T.);
#239=FACE_OUTER_BOUND('',#506,.T.);
#240=FACE_OUTER_BOUND('',#507,.T.);
#241=FACE_OUTER_BOUND('',#509,.T.);
#242=FACE_OUTER_BOUND('',#510,.T.);
#243=FACE_OUTER_BOUND('',#511,.T.);
#244=FACE_OUTER_BOUND('',#512,.T.);
#245=FACE_OUTER_BOUND('',#513,.T.);
#246=FACE_OUTER_BOUND('',#514,.T.);
#247=FACE_OUTER_BOUND('',#515,.T.);
#248=FACE_OUTER_BOUND('',#516,.T.);
#249=FACE_OUTER_BOUND('',#517,.T.);
#250=FACE_OUTER_BOUND('',#518,.T.);
#251=FACE_OUTER_BOUND('',#519,.T.);
#252=FACE_OUTER_BOUND('',#520,.T.);
#253=FACE_OUTER_BOUND('',#521,.T.);
#254=FACE_OUTER_BOUND('',#522,.T.);
#255=FACE_OUTER_BOUND('',#523,.T.);
#256=FACE_OUTER_BOUND('',#524,.T.);
#257=FACE_OUTER_BOUND('',#525,.T.);
#258=FACE_OUTER_BOUND('',#526,.T.);
#259=FACE_OUTER_BOUND('',#530,.T.);
#260=FACE_OUTER_BOUND('',#531,.T.);
#261=FACE_OUTER_BOUND('',#532,.T.);
#262=FACE_OUTER_BOUND('',#533,.T.);
#263=FACE_OUTER_BOUND('',#534,.T.);
#264=FACE_OUTER_BOUND('',#535,.T.);
#265=FACE_OUTER_BOUND('',#536,.T.);
#266=FACE_OUTER_BOUND('',#537,.T.);
#267=FACE_OUTER_BOUND('',#539,.T.);
#268=FACE_OUTER_BOUND('',#540,.T.);
#269=FACE_OUTER_BOUND('',#542,.T.);
#270=FACE_OUTER_BOUND('',#543,.T.);
#271=FACE_OUTER_BOUND('',#545,.T.);
#272=FACE_OUTER_BOUND('',#546,.T.);
#273=FACE_OUTER_BOUND('',#547,.T.);
#274=FACE_OUTER_BOUND('',#548,.T.);
#275=FACE_OUTER_BOUND('',#549,.T.);
#276=FACE_OUTER_BOUND('',#550,.T.);
#277=FACE_OUTER_BOUND('',#551,.T.);
#278=FACE_OUTER_BOUND('',#552,.T.);
#279=FACE_OUTER_BOUND('',#553,.T.);
#280=FACE_OUTER_BOUND('',#554,.T.);
#281=FACE_OUTER_BOUND('',#555,.T.);
#282=FACE_OUTER_BOUND('',#556,.T.);
#283=FACE_OUTER_BOUND('',#557,.T.);
#284=FACE_OUTER_BOUND('',#558,.T.);
#285=FACE_OUTER_BOUND('',#559,.T.);
#286=FACE_OUTER_BOUND('',#560,.T.);
#287=FACE_OUTER_BOUND('',#561,.T.);
#288=FACE_OUTER_BOUND('',#562,.T.);
#289=FACE_OUTER_BOUND('',#563,.T.);
#290=FACE_OUTER_BOUND('',#564,.T.);
#291=FACE_OUTER_BOUND('',#565,.T.);
#292=FACE_OUTER_BOUND('',#566,.T.);
#293=FACE_OUTER_BOUND('',#567,.T.);
#294=FACE_OUTER_BOUND('',#568,.T.);
#295=FACE_OUTER_BOUND('',#572,.T.);
#296=FACE_OUTER_BOUND('',#573,.T.);
#297=FACE_OUTER_BOUND('',#575,.T.);
#298=FACE_OUTER_BOUND('',#576,.T.);
#299=FACE_OUTER_BOUND('',#578,.T.);
#300=FACE_OUTER_BOUND('',#579,.T.);
#301=FACE_OUTER_BOUND('',#580,.T.);
#302=FACE_OUTER_BOUND('',#581,.T.);
#303=FACE_OUTER_BOUND('',#582,.T.);
#304=FACE_OUTER_BOUND('',#583,.T.);
#305=FACE_OUTER_BOUND('',#584,.T.);
#306=FACE_OUTER_BOUND('',#585,.T.);
#307=FACE_OUTER_BOUND('',#586,.T.);
#308=FACE_OUTER_BOUND('',#587,.T.);
#309=FACE_OUTER_BOUND('',#588,.T.);
#310=FACE_OUTER_BOUND('',#589,.T.);
#311=FACE_OUTER_BOUND('',#590,.T.);
#312=FACE_OUTER_BOUND('',#591,.T.);
#313=FACE_OUTER_BOUND('',#592,.T.);
#314=FACE_OUTER_BOUND('',#593,.T.);
#315=FACE_OUTER_BOUND('',#594,.T.);
#316=FACE_OUTER_BOUND('',#595,.T.);
#317=FACE_OUTER_BOUND('',#596,.T.);
#318=FACE_OUTER_BOUND('',#597,.T.);
#319=FACE_OUTER_BOUND('',#598,.T.);
#320=FACE_OUTER_BOUND('',#599,.T.);
#321=FACE_OUTER_BOUND('',#600,.T.);
#322=FACE_OUTER_BOUND('',#602,.T.);
#323=FACE_OUTER_BOUND('',#604,.T.);
#324=FACE_OUTER_BOUND('',#606,.T.);
#325=FACE_OUTER_BOUND('',#607,.T.);
#326=FACE_OUTER_BOUND('',#608,.T.);
#327=FACE_OUTER_BOUND('',#609,.T.);
#328=FACE_OUTER_BOUND('',#610,.T.);
#329=FACE_OUTER_BOUND('',#611,.T.);
#330=FACE_OUTER_BOUND('',#612,.T.);
#331=FACE_OUTER_BOUND('',#613,.T.);
#332=FACE_OUTER_BOUND('',#614,.T.);
#333=FACE_OUTER_BOUND('',#615,.T.);
#334=FACE_OUTER_BOUND('',#616,.T.);
#335=FACE_OUTER_BOUND('',#617,.T.);
#336=FACE_OUTER_BOUND('',#618,.T.);
#337=FACE_OUTER_BOUND('',#619,.T.);
#338=FACE_OUTER_BOUND('',#620,.T.);
#339=FACE_OUTER_BOUND('',#621,.T.);
#340=FACE_OUTER_BOUND('',#622,.T.);
#341=FACE_OUTER_BOUND('',#623,.T.);
#342=FACE_OUTER_BOUND('',#624,.T.);
#343=FACE_OUTER_BOUND('',#625,.T.);
#344=FACE_OUTER_BOUND('',#626,.T.);
#345=FACE_OUTER_BOUND('',#627,.T.);
#346=FACE_OUTER_BOUND('',#628,.T.);
#347=FACE_OUTER_BOUND('',#629,.T.);
#348=FACE_OUTER_BOUND('',#630,.T.);
#349=FACE_OUTER_BOUND('',#631,.T.);
#350=FACE_OUTER_BOUND('',#632,.T.);
#351=FACE_OUTER_BOUND('',#633,.T.);
#352=FACE_OUTER_BOUND('',#634,.T.);
#353=FACE_OUTER_BOUND('',#635,.T.);
#354=FACE_OUTER_BOUND('',#636,.T.);
#355=FACE_OUTER_BOUND('',#637,.T.);
#356=FACE_OUTER_BOUND('',#638,.T.);
#357=FACE_OUTER_BOUND('',#639,.T.);
#358=FACE_OUTER_BOUND('',#640,.T.);
#359=FACE_OUTER_BOUND('',#643,.T.);
#360=FACE_OUTER_BOUND('',#644,.T.);
#361=FACE_OUTER_BOUND('',#645,.T.);
#362=FACE_OUTER_BOUND('',#646,.T.);
#363=FACE_OUTER_BOUND('',#647,.T.);
#364=FACE_OUTER_BOUND('',#649,.T.);
#365=FACE_OUTER_BOUND('',#650,.T.);
#366=FACE_OUTER_BOUND('',#652,.T.);
#367=FACE_OUTER_BOUND('',#653,.T.);
#368=FACE_OUTER_BOUND('',#655,.T.);
#369=FACE_OUTER_BOUND('',#656,.T.);
#370=FACE_OUTER_BOUND('',#658,.T.);
#371=FACE_OUTER_BOUND('',#659,.T.);
#372=FACE_OUTER_BOUND('',#660,.T.);
#373=FACE_OUTER_BOUND('',#661,.T.);
#374=FACE_OUTER_BOUND('',#662,.T.);
#375=FACE_OUTER_BOUND('',#663,.T.);
#376=FACE_OUTER_BOUND('',#664,.T.);
#377=FACE_OUTER_BOUND('',#665,.T.);
#378=FACE_OUTER_BOUND('',#666,.T.);
#379=FACE_OUTER_BOUND('',#667,.T.);
#380=FACE_OUTER_BOUND('',#668,.T.);
#381=FACE_OUTER_BOUND('',#669,.T.);
#382=FACE_OUTER_BOUND('',#670,.T.);
#383=FACE_OUTER_BOUND('',#671,.T.);
#384=FACE_OUTER_BOUND('',#672,.T.);
#385=FACE_OUTER_BOUND('',#673,.T.);
#386=FACE_OUTER_BOUND('',#674,.T.);
#387=FACE_OUTER_BOUND('',#675,.T.);
#388=FACE_OUTER_BOUND('',#676,.T.);
#389=FACE_OUTER_BOUND('',#677,.T.);
#390=FACE_OUTER_BOUND('',#678,.T.);
#391=FACE_OUTER_BOUND('',#679,.T.);
#392=FACE_OUTER_BOUND('',#681,.T.);
#393=FACE_OUTER_BOUND('',#682,.T.);
#394=FACE_OUTER_BOUND('',#683,.T.);
#395=FACE_OUTER_BOUND('',#685,.T.);
#396=FACE_OUTER_BOUND('',#686,.T.);
#397=FACE_OUTER_BOUND('',#688,.T.);
#398=FACE_OUTER_BOUND('',#689,.T.);
#399=FACE_OUTER_BOUND('',#691,.T.);
#400=FACE_OUTER_BOUND('',#692,.T.);
#401=FACE_OUTER_BOUND('',#694,.T.);
#402=FACE_OUTER_BOUND('',#695,.T.);
#403=FACE_OUTER_BOUND('',#696,.T.);
#404=FACE_OUTER_BOUND('',#697,.T.);
#405=FACE_OUTER_BOUND('',#698,.T.);
#406=FACE_OUTER_BOUND('',#699,.T.);
#407=FACE_OUTER_BOUND('',#700,.T.);
#408=FACE_OUTER_BOUND('',#701,.T.);
#409=FACE_OUTER_BOUND('',#702,.T.);
#410=FACE_OUTER_BOUND('',#703,.T.);
#411=FACE_OUTER_BOUND('',#704,.T.);
#412=FACE_OUTER_BOUND('',#705,.T.);
#413=FACE_OUTER_BOUND('',#706,.T.);
#414=FACE_OUTER_BOUND('',#707,.T.);
#415=FACE_OUTER_BOUND('',#708,.T.);
#416=FACE_OUTER_BOUND('',#709,.T.);
#417=FACE_OUTER_BOUND('',#710,.T.);
#418=FACE_OUTER_BOUND('',#711,.T.);
#419=FACE_OUTER_BOUND('',#712,.T.);
#420=FACE_OUTER_BOUND('',#713,.T.);
#421=FACE_OUTER_BOUND('',#714,.T.);
#422=FACE_OUTER_BOUND('',#715,.T.);
#423=FACE_OUTER_BOUND('',#716,.T.);
#424=FACE_OUTER_BOUND('',#717,.T.);
#425=FACE_OUTER_BOUND('',#718,.T.);
#426=FACE_OUTER_BOUND('',#719,.T.);
#427=FACE_OUTER_BOUND('',#720,.T.);
#428=FACE_OUTER_BOUND('',#721,.T.);
#429=FACE_OUTER_BOUND('',#722,.T.);
#430=FACE_OUTER_BOUND('',#723,.T.);
#431=FACE_OUTER_BOUND('',#724,.T.);
#432=FACE_OUTER_BOUND('',#725,.T.);
#433=FACE_OUTER_BOUND('',#726,.T.);
#434=FACE_OUTER_BOUND('',#727,.T.);
#435=FACE_OUTER_BOUND('',#728,.T.);
#436=FACE_OUTER_BOUND('',#729,.T.);
#437=FACE_OUTER_BOUND('',#730,.T.);
#438=FACE_OUTER_BOUND('',#731,.T.);
#439=FACE_OUTER_BOUND('',#732,.T.);
#440=FACE_OUTER_BOUND('',#733,.T.);
#441=FACE_OUTER_BOUND('',#734,.T.);
#442=FACE_OUTER_BOUND('',#735,.T.);
#443=FACE_OUTER_BOUND('',#736,.T.);
#444=FACE_OUTER_BOUND('',#737,.T.);
#445=FACE_OUTER_BOUND('',#738,.T.);
#446=FACE_OUTER_BOUND('',#739,.T.);
#447=FACE_OUTER_BOUND('',#740,.T.);
#448=FACE_OUTER_BOUND('',#741,.T.);
#449=FACE_OUTER_BOUND('',#742,.T.);
#450=FACE_OUTER_BOUND('',#743,.T.);
#451=FACE_OUTER_BOUND('',#744,.T.);
#452=FACE_OUTER_BOUND('',#745,.T.);
#453=FACE_OUTER_BOUND('',#746,.T.);
#454=FACE_OUTER_BOUND('',#747,.T.);
#455=FACE_OUTER_BOUND('',#748,.T.);
#456=FACE_OUTER_BOUND('',#749,.T.);
#457=FACE_OUTER_BOUND('',#750,.T.);
#458=FACE_OUTER_BOUND('',#751,.T.);
#459=FACE_OUTER_BOUND('',#752,.T.);
#460=FACE_OUTER_BOUND('',#753,.T.);
#461=FACE_OUTER_BOUND('',#754,.T.);
#462=FACE_OUTER_BOUND('',#755,.T.);
#463=FACE_OUTER_BOUND('',#756,.T.);
#464=FACE_OUTER_BOUND('',#757,.T.);
#465=FACE_OUTER_BOUND('',#758,.T.);
#466=FACE_OUTER_BOUND('',#759,.T.);
#467=FACE_OUTER_BOUND('',#760,.T.);
#468=FACE_OUTER_BOUND('',#761,.T.);
#469=FACE_OUTER_BOUND('',#762,.T.);
#470=FACE_OUTER_BOUND('',#763,.T.);
#471=FACE_OUTER_BOUND('',#764,.T.);
#472=FACE_OUTER_BOUND('',#766,.T.);
#473=EDGE_LOOP('',(#3039,#3040,#3041,#3042));
#474=EDGE_LOOP('',(#3043,#3044,#3045,#3046,#3047,#3048,#3049,#3050,#3051,
#3052,#3053,#3054));
#475=EDGE_LOOP('',(#3055,#3056,#3057,#3058,#3059,#3060,#3061,#3062));
#476=EDGE_LOOP('',(#3063,#3064,#3065,#3066,#3067,#3068,#3069));
#477=EDGE_LOOP('',(#3070,#3071,#3072,#3073));
#478=EDGE_LOOP('',(#3074,#3075,#3076,#3077));
#479=EDGE_LOOP('',(#3078,#3079,#3080,#3081,#3082,#3083,#3084));
#480=EDGE_LOOP('',(#3085,#3086,#3087,#3088,#3089,#3090,#3091,#3092,#3093,
#3094,#3095,#3096,#3097,#3098,#3099));
#481=EDGE_LOOP('',(#3100,#3101,#3102,#3103));
#482=EDGE_LOOP('',(#3104,#3105,#3106,#3107,#3108,#3109,#3110,#3111,#3112,
#3113,#3114,#3115));
#483=EDGE_LOOP('',(#3116,#3117,#3118,#3119));
#484=EDGE_LOOP('',(#3120,#3121,#3122,#3123));
#485=EDGE_LOOP('',(#3124,#3125,#3126,#3127));
#486=EDGE_LOOP('',(#3128,#3129,#3130,#3131));
#487=EDGE_LOOP('',(#3132,#3133,#3134,#3135));
#488=EDGE_LOOP('',(#3136,#3137,#3138,#3139));
#489=EDGE_LOOP('',(#3140,#3141,#3142,#3143));
#490=EDGE_LOOP('',(#3144,#3145,#3146,#3147));
#491=EDGE_LOOP('',(#3148,#3149,#3150,#3151));
#492=EDGE_LOOP('',(#3152,#3153,#3154,#3155));
#493=EDGE_LOOP('',(#3156,#3157,#3158,#3159));
#494=EDGE_LOOP('',(#3160,#3161,#3162,#3163));
#495=EDGE_LOOP('',(#3164,#3165,#3166,#3167));
#496=EDGE_LOOP('',(#3168,#3169,#3170,#3171));
#497=EDGE_LOOP('',(#3172,#3173,#3174,#3175));
#498=EDGE_LOOP('',(#3176,#3177,#3178,#3179));
#499=EDGE_LOOP('',(#3180,#3181,#3182,#3183));
#500=EDGE_LOOP('',(#3184,#3185,#3186,#3187));
#501=EDGE_LOOP('',(#3188,#3189,#3190,#3191,#3192,#3193,#3194,#3195,#3196,
#3197,#3198,#3199,#3200,#3201,#3202,#3203,#3204,#3205,#3206,#3207,#3208,
#3209,#3210,#3211,#3212,#3213,#3214,#3215,#3216,#3217));
#502=EDGE_LOOP('',(#3218,#3219,#3220,#3221,#3222,#3223));
#503=EDGE_LOOP('',(#3224));
#504=EDGE_LOOP('',(#3225,#3226,#3227,#3228,#3229,#3230,#3231));
#505=EDGE_LOOP('',(#3232));
#506=EDGE_LOOP('',(#3233,#3234,#3235,#3236));
#507=EDGE_LOOP('',(#3237,#3238,#3239,#3240,#3241,#3242,#3243));
#508=EDGE_LOOP('',(#3244));
#509=EDGE_LOOP('',(#3245,#3246,#3247,#3248));
#510=EDGE_LOOP('',(#3249,#3250,#3251,#3252));
#511=EDGE_LOOP('',(#3253,#3254,#3255,#3256));
#512=EDGE_LOOP('',(#3257,#3258,#3259,#3260));
#513=EDGE_LOOP('',(#3261,#3262,#3263,#3264));
#514=EDGE_LOOP('',(#3265,#3266,#3267,#3268));
#515=EDGE_LOOP('',(#3269,#3270,#3271,#3272));
#516=EDGE_LOOP('',(#3273,#3274,#3275,#3276));
#517=EDGE_LOOP('',(#3277,#3278,#3279,#3280));
#518=EDGE_LOOP('',(#3281,#3282,#3283,#3284));
#519=EDGE_LOOP('',(#3285,#3286,#3287,#3288));
#520=EDGE_LOOP('',(#3289,#3290,#3291,#3292));
#521=EDGE_LOOP('',(#3293,#3294,#3295,#3296));
#522=EDGE_LOOP('',(#3297,#3298,#3299,#3300));
#523=EDGE_LOOP('',(#3301,#3302,#3303,#3304));
#524=EDGE_LOOP('',(#3305,#3306,#3307,#3308));
#525=EDGE_LOOP('',(#3309,#3310,#3311,#3312));
#526=EDGE_LOOP('',(#3313,#3314,#3315,#3316,#3317,#3318,#3319,#3320,#3321,
#3322,#3323));
#527=EDGE_LOOP('',(#3324));
#528=EDGE_LOOP('',(#3325));
#529=EDGE_LOOP('',(#3326,#3327,#3328,#3329));
#530=EDGE_LOOP('',(#3330,#3331,#3332,#3333));
#531=EDGE_LOOP('',(#3334,#3335,#3336,#3337));
#532=EDGE_LOOP('',(#3338,#3339,#3340,#3341));
#533=EDGE_LOOP('',(#3342,#3343,#3344,#3345));
#534=EDGE_LOOP('',(#3346,#3347,#3348,#3349,#3350,#3351,#3352,#3353,#3354,
#3355,#3356,#3357,#3358,#3359,#3360,#3361));
#535=EDGE_LOOP('',(#3362,#3363,#3364,#3365));
#536=EDGE_LOOP('',(#3366,#3367,#3368,#3369));
#537=EDGE_LOOP('',(#3370,#3371,#3372,#3373,#3374,#3375));
#538=EDGE_LOOP('',(#3376));
#539=EDGE_LOOP('',(#3377,#3378,#3379,#3380));
#540=EDGE_LOOP('',(#3381,#3382,#3383,#3384,#3385,#3386));
#541=EDGE_LOOP('',(#3387));
#542=EDGE_LOOP('',(#3388,#3389,#3390,#3391));
#543=EDGE_LOOP('',(#3392,#3393,#3394,#3395,#3396,#3397));
#544=EDGE_LOOP('',(#3398));
#545=EDGE_LOOP('',(#3399,#3400,#3401,#3402));
#546=EDGE_LOOP('',(#3403,#3404,#3405,#3406));
#547=EDGE_LOOP('',(#3407,#3408,#3409,#3410));
#548=EDGE_LOOP('',(#3411,#3412,#3413,#3414));
#549=EDGE_LOOP('',(#3415,#3416,#3417,#3418));
#550=EDGE_LOOP('',(#3419,#3420,#3421,#3422));
#551=EDGE_LOOP('',(#3423,#3424,#3425,#3426));
#552=EDGE_LOOP('',(#3427,#3428,#3429,#3430,#3431));
#553=EDGE_LOOP('',(#3432,#3433,#3434,#3435));
#554=EDGE_LOOP('',(#3436,#3437,#3438,#3439));
#555=EDGE_LOOP('',(#3440,#3441,#3442,#3443));
#556=EDGE_LOOP('',(#3444,#3445,#3446,#3447));
#557=EDGE_LOOP('',(#3448,#3449,#3450,#3451));
#558=EDGE_LOOP('',(#3452,#3453,#3454,#3455,#3456,#3457,#3458,#3459,#3460,
#3461,#3462,#3463,#3464,#3465,#3466));
#559=EDGE_LOOP('',(#3467,#3468,#3469,#3470,#3471,#3472));
#560=EDGE_LOOP('',(#3473,#3474,#3475,#3476,#3477));
#561=EDGE_LOOP('',(#3478,#3479,#3480,#3481));
#562=EDGE_LOOP('',(#3482,#3483,#3484,#3485));
#563=EDGE_LOOP('',(#3486,#3487,#3488,#3489));
#564=EDGE_LOOP('',(#3490,#3491,#3492,#3493));
#565=EDGE_LOOP('',(#3494,#3495,#3496,#3497));
#566=EDGE_LOOP('',(#3498,#3499,#3500,#3501));
#567=EDGE_LOOP('',(#3502,#3503,#3504,#3505));
#568=EDGE_LOOP('',(#3506,#3507,#3508,#3509));
#569=EDGE_LOOP('',(#3510));
#570=EDGE_LOOP('',(#3511));
#571=EDGE_LOOP('',(#3512,#3513,#3514,#3515));
#572=EDGE_LOOP('',(#3516,#3517,#3518,#3519));
#573=EDGE_LOOP('',(#3520));
#574=EDGE_LOOP('',(#3521));
#575=EDGE_LOOP('',(#3522,#3523,#3524,#3525));
#576=EDGE_LOOP('',(#3526));
#577=EDGE_LOOP('',(#3527));
#578=EDGE_LOOP('',(#3528,#3529,#3530,#3531));
#579=EDGE_LOOP('',(#3532,#3533,#3534,#3535));
#580=EDGE_LOOP('',(#3536,#3537,#3538,#3539));
#581=EDGE_LOOP('',(#3540,#3541,#3542,#3543,#3544,#3545,#3546,#3547,#3548,
#3549,#3550,#3551));
#582=EDGE_LOOP('',(#3552,#3553,#3554,#3555));
#583=EDGE_LOOP('',(#3556));
#584=EDGE_LOOP('',(#3557,#3558,#3559,#3560));
#585=EDGE_LOOP('',(#3561));
#586=EDGE_LOOP('',(#3562));
#587=EDGE_LOOP('',(#3563,#3564,#3565,#3566));
#588=EDGE_LOOP('',(#3567));
#589=EDGE_LOOP('',(#3568,#3569,#3570,#3571));
#590=EDGE_LOOP('',(#3572));
#591=EDGE_LOOP('',(#3573,#3574,#3575,#3576));
#592=EDGE_LOOP('',(#3577));
#593=EDGE_LOOP('',(#3578,#3579,#3580,#3581));
#594=EDGE_LOOP('',(#3582,#3583,#3584,#3585));
#595=EDGE_LOOP('',(#3586));
#596=EDGE_LOOP('',(#3587,#3588,#3589,#3590));
#597=EDGE_LOOP('',(#3591));
#598=EDGE_LOOP('',(#3592,#3593,#3594,#3595));
#599=EDGE_LOOP('',(#3596));
#600=EDGE_LOOP('',(#3597,#3598,#3599,#3600,#3601,#3602,#3603));
#601=EDGE_LOOP('',(#3604));
#602=EDGE_LOOP('',(#3605,#3606,#3607,#3608,#3609,#3610));
#603=EDGE_LOOP('',(#3611));
#604=EDGE_LOOP('',(#3612,#3613,#3614,#3615,#3616,#3617));
#605=EDGE_LOOP('',(#3618));
#606=EDGE_LOOP('',(#3619,#3620,#3621,#3622));
#607=EDGE_LOOP('',(#3623,#3624,#3625,#3626));
#608=EDGE_LOOP('',(#3627,#3628,#3629,#3630));
#609=EDGE_LOOP('',(#3631,#3632,#3633,#3634));
#610=EDGE_LOOP('',(#3635,#3636,#3637,#3638));
#611=EDGE_LOOP('',(#3639,#3640,#3641,#3642));
#612=EDGE_LOOP('',(#3643,#3644,#3645,#3646));
#613=EDGE_LOOP('',(#3647,#3648,#3649,#3650));
#614=EDGE_LOOP('',(#3651,#3652,#3653,#3654));
#615=EDGE_LOOP('',(#3655,#3656,#3657,#3658));
#616=EDGE_LOOP('',(#3659,#3660,#3661,#3662));
#617=EDGE_LOOP('',(#3663,#3664,#3665,#3666));
#618=EDGE_LOOP('',(#3667,#3668,#3669,#3670));
#619=EDGE_LOOP('',(#3671,#3672,#3673,#3674));
#620=EDGE_LOOP('',(#3675,#3676,#3677,#3678));
#621=EDGE_LOOP('',(#3679,#3680,#3681));
#622=EDGE_LOOP('',(#3682,#3683,#3684,#3685));
#623=EDGE_LOOP('',(#3686,#3687,#3688,#3689));
#624=EDGE_LOOP('',(#3690,#3691,#3692,#3693,#3694));
#625=EDGE_LOOP('',(#3695,#3696,#3697));
#626=EDGE_LOOP('',(#3698,#3699,#3700,#3701,#3702));
#627=EDGE_LOOP('',(#3703,#3704,#3705,#3706));
#628=EDGE_LOOP('',(#3707,#3708,#3709,#3710));
#629=EDGE_LOOP('',(#3711,#3712,#3713,#3714,#3715,#3716,#3717,#3718));
#630=EDGE_LOOP('',(#3719,#3720,#3721,#3722));
#631=EDGE_LOOP('',(#3723,#3724,#3725,#3726));
#632=EDGE_LOOP('',(#3727,#3728,#3729,#3730,#3731,#3732,#3733,#3734,#3735,
#3736,#3737,#3738));
#633=EDGE_LOOP('',(#3739,#3740,#3741,#3742));
#634=EDGE_LOOP('',(#3743,#3744,#3745,#3746));
#635=EDGE_LOOP('',(#3747,#3748,#3749,#3750));
#636=EDGE_LOOP('',(#3751,#3752,#3753,#3754));
#637=EDGE_LOOP('',(#3755,#3756,#3757,#3758));
#638=EDGE_LOOP('',(#3759,#3760,#3761,#3762));
#639=EDGE_LOOP('',(#3763,#3764,#3765,#3766));
#640=EDGE_LOOP('',(#3767,#3768,#3769,#3770,#3771,#3772,#3773,#3774,#3775,
#3776,#3777,#3778,#3779,#3780));
#641=EDGE_LOOP('',(#3781));
#642=EDGE_LOOP('',(#3782));
#643=EDGE_LOOP('',(#3783,#3784,#3785,#3786));
#644=EDGE_LOOP('',(#3787,#3788,#3789,#3790));
#645=EDGE_LOOP('',(#3791,#3792,#3793,#3794));
#646=EDGE_LOOP('',(#3795,#3796,#3797,#3798,#3799,#3800,#3801,#3802,#3803,
#3804,#3805,#3806,#3807,#3808,#3809,#3810,#3811,#3812,#3813,#3814,#3815,
#3816,#3817));
#647=EDGE_LOOP('',(#3818,#3819,#3820,#3821,#3822,#3823,#3824));
#648=EDGE_LOOP('',(#3825));
#649=EDGE_LOOP('',(#3826,#3827,#3828,#3829));
#650=EDGE_LOOP('',(#3830,#3831,#3832,#3833,#3834,#3835,#3836));
#651=EDGE_LOOP('',(#3837));
#652=EDGE_LOOP('',(#3838,#3839,#3840,#3841));
#653=EDGE_LOOP('',(#3842,#3843,#3844,#3845,#3846,#3847,#3848));
#654=EDGE_LOOP('',(#3849));
#655=EDGE_LOOP('',(#3850,#3851,#3852,#3853));
#656=EDGE_LOOP('',(#3854,#3855,#3856,#3857,#3858,#3859,#3860));
#657=EDGE_LOOP('',(#3861));
#658=EDGE_LOOP('',(#3862,#3863,#3864,#3865,#3866));
#659=EDGE_LOOP('',(#3867,#3868,#3869,#3870,#3871,#3872,#3873,#3874,#3875));
#660=EDGE_LOOP('',(#3876,#3877,#3878,#3879));
#661=EDGE_LOOP('',(#3880));
#662=EDGE_LOOP('',(#3881));
#663=EDGE_LOOP('',(#3882,#3883,#3884,#3885));
#664=EDGE_LOOP('',(#3886,#3887,#3888,#3889));
#665=EDGE_LOOP('',(#3890));
#666=EDGE_LOOP('',(#3891));
#667=EDGE_LOOP('',(#3892,#3893,#3894,#3895));
#668=EDGE_LOOP('',(#3896,#3897,#3898,#3899));
#669=EDGE_LOOP('',(#3900));
#670=EDGE_LOOP('',(#3901,#3902,#3903,#3904));
#671=EDGE_LOOP('',(#3905));
#672=EDGE_LOOP('',(#3906));
#673=EDGE_LOOP('',(#3907,#3908,#3909,#3910));
#674=EDGE_LOOP('',(#3911,#3912,#3913,#3914));
#675=EDGE_LOOP('',(#3915));
#676=EDGE_LOOP('',(#3916));
#677=EDGE_LOOP('',(#3917,#3918,#3919,#3920));
#678=EDGE_LOOP('',(#3921,#3922,#3923,#3924));
#679=EDGE_LOOP('',(#3925,#3926,#3927,#3928,#3929,#3930,#3931));
#680=EDGE_LOOP('',(#3932));
#681=EDGE_LOOP('',(#3933,#3934,#3935,#3936));
#682=EDGE_LOOP('',(#3937,#3938,#3939,#3940));
#683=EDGE_LOOP('',(#3941,#3942,#3943,#3944,#3945,#3946,#3947));
#684=EDGE_LOOP('',(#3948));
#685=EDGE_LOOP('',(#3949,#3950,#3951,#3952));
#686=EDGE_LOOP('',(#3953,#3954,#3955,#3956,#3957,#3958,#3959));
#687=EDGE_LOOP('',(#3960));
#688=EDGE_LOOP('',(#3961,#3962,#3963,#3964));
#689=EDGE_LOOP('',(#3965,#3966,#3967,#3968,#3969,#3970,#3971));
#690=EDGE_LOOP('',(#3972));
#691=EDGE_LOOP('',(#3973,#3974,#3975,#3976));
#692=EDGE_LOOP('',(#3977,#3978,#3979,#3980,#3981,#3982,#3983));
#693=EDGE_LOOP('',(#3984));
#694=EDGE_LOOP('',(#3985,#3986,#3987,#3988));
#695=EDGE_LOOP('',(#3989,#3990,#3991,#3992));
#696=EDGE_LOOP('',(#3993,#3994,#3995,#3996));
#697=EDGE_LOOP('',(#3997,#3998,#3999,#4000));
#698=EDGE_LOOP('',(#4001,#4002,#4003,#4004));
#699=EDGE_LOOP('',(#4005,#4006,#4007,#4008,#4009,#4010,#4011,#4012,#4013,
#4014,#4015,#4016,#4017,#4018,#4019,#4020,#4021,#4022,#4023,#4024,#4025,
#4026,#4027,#4028,#4029,#4030,#4031,#4032,#4033,#4034,#4035,#4036,#4037,
#4038,#4039,#4040,#4041,#4042));
#700=EDGE_LOOP('',(#4043,#4044,#4045,#4046));
#701=EDGE_LOOP('',(#4047,#4048,#4049,#4050));
#702=EDGE_LOOP('',(#4051,#4052,#4053,#4054));
#703=EDGE_LOOP('',(#4055,#4056,#4057,#4058));
#704=EDGE_LOOP('',(#4059,#4060,#4061,#4062));
#705=EDGE_LOOP('',(#4063,#4064,#4065,#4066));
#706=EDGE_LOOP('',(#4067,#4068,#4069,#4070));
#707=EDGE_LOOP('',(#4071,#4072,#4073,#4074));
#708=EDGE_LOOP('',(#4075,#4076,#4077,#4078));
#709=EDGE_LOOP('',(#4079,#4080,#4081,#4082));
#710=EDGE_LOOP('',(#4083,#4084,#4085,#4086));
#711=EDGE_LOOP('',(#4087,#4088,#4089,#4090));
#712=EDGE_LOOP('',(#4091,#4092,#4093,#4094,#4095));
#713=EDGE_LOOP('',(#4096,#4097,#4098,#4099,#4100,#4101,#4102,#4103,#4104,
#4105,#4106));
#714=EDGE_LOOP('',(#4107,#4108,#4109,#4110,#4111,#4112,#4113,#4114));
#715=EDGE_LOOP('',(#4115,#4116,#4117,#4118));
#716=EDGE_LOOP('',(#4119,#4120,#4121,#4122));
#717=EDGE_LOOP('',(#4123,#4124,#4125,#4126,#4127));
#718=EDGE_LOOP('',(#4128,#4129,#4130,#4131,#4132,#4133,#4134,#4135));
#719=EDGE_LOOP('',(#4136,#4137,#4138,#4139));
#720=EDGE_LOOP('',(#4140,#4141,#4142,#4143));
#721=EDGE_LOOP('',(#4144,#4145,#4146,#4147,#4148));
#722=EDGE_LOOP('',(#4149,#4150,#4151,#4152));
#723=EDGE_LOOP('',(#4153,#4154,#4155,#4156));
#724=EDGE_LOOP('',(#4157,#4158,#4159,#4160,#4161));
#725=EDGE_LOOP('',(#4162,#4163,#4164,#4165,#4166,#4167,#4168,#4169));
#726=EDGE_LOOP('',(#4170,#4171,#4172,#4173));
#727=EDGE_LOOP('',(#4174,#4175,#4176,#4177));
#728=EDGE_LOOP('',(#4178,#4179,#4180,#4181));
#729=EDGE_LOOP('',(#4182,#4183,#4184,#4185));
#730=EDGE_LOOP('',(#4186,#4187,#4188,#4189));
#731=EDGE_LOOP('',(#4190,#4191,#4192,#4193));
#732=EDGE_LOOP('',(#4194,#4195,#4196,#4197));
#733=EDGE_LOOP('',(#4198,#4199,#4200,#4201,#4202,#4203,#4204,#4205,#4206,
#4207,#4208,#4209,#4210,#4211,#4212,#4213,#4214,#4215,#4216,#4217));
#734=EDGE_LOOP('',(#4218,#4219,#4220,#4221));
#735=EDGE_LOOP('',(#4222,#4223,#4224,#4225));
#736=EDGE_LOOP('',(#4226,#4227,#4228,#4229));
#737=EDGE_LOOP('',(#4230,#4231,#4232,#4233));
#738=EDGE_LOOP('',(#4234,#4235,#4236,#4237));
#739=EDGE_LOOP('',(#4238,#4239,#4240,#4241));
#740=EDGE_LOOP('',(#4242,#4243,#4244,#4245));
#741=EDGE_LOOP('',(#4246,#4247,#4248,#4249));
#742=EDGE_LOOP('',(#4250,#4251,#4252,#4253,#4254,#4255,#4256,#4257,#4258,
#4259,#4260,#4261,#4262,#4263,#4264,#4265,#4266,#4267,#4268,#4269));
#743=EDGE_LOOP('',(#4270,#4271,#4272,#4273));
#744=EDGE_LOOP('',(#4274,#4275,#4276,#4277,#4278,#4279,#4280,#4281));
#745=EDGE_LOOP('',(#4282,#4283,#4284,#4285));
#746=EDGE_LOOP('',(#4286,#4287,#4288,#4289,#4290,#4291,#4292,#4293,#4294,
#4295,#4296));
#747=EDGE_LOOP('',(#4297,#4298,#4299,#4300,#4301,#4302,#4303,#4304));
#748=EDGE_LOOP('',(#4305,#4306,#4307,#4308));
#749=EDGE_LOOP('',(#4309,#4310,#4311,#4312));
#750=EDGE_LOOP('',(#4313,#4314,#4315,#4316,#4317));
#751=EDGE_LOOP('',(#4318,#4319,#4320,#4321));
#752=EDGE_LOOP('',(#4322,#4323,#4324,#4325,#4326));
#753=EDGE_LOOP('',(#4327,#4328,#4329,#4330));
#754=EDGE_LOOP('',(#4331,#4332,#4333,#4334));
#755=EDGE_LOOP('',(#4335,#4336,#4337,#4338));
#756=EDGE_LOOP('',(#4339,#4340,#4341,#4342,#4343,#4344));
#757=EDGE_LOOP('',(#4345,#4346,#4347,#4348,#4349,#4350));
#758=EDGE_LOOP('',(#4351,#4352,#4353,#4354));
#759=EDGE_LOOP('',(#4355,#4356,#4357,#4358));
#760=EDGE_LOOP('',(#4359,#4360,#4361,#4362));
#761=EDGE_LOOP('',(#4363,#4364,#4365,#4366,#4367,#4368,#4369,#4370,#4371,
#4372,#4373,#4374,#4375,#4376));
#762=EDGE_LOOP('',(#4377,#4378,#4379,#4380,#4381,#4382,#4383,#4384));
#763=EDGE_LOOP('',(#4385,#4386,#4387,#4388));
#764=EDGE_LOOP('',(#4389,#4390,#4391,#4392));
#765=EDGE_LOOP('',(#4393));
#766=EDGE_LOOP('',(#4394,#4395,#4396,#4397));
#767=EDGE_LOOP('',(#4398));
#768=LINE('',#6576,#1344);
#769=LINE('',#6578,#1345);
#770=LINE('',#6580,#1346);
#771=LINE('',#6581,#1347);
#772=LINE('',#6584,#1348);
#773=LINE('',#6586,#1349);
#774=LINE('',#6588,#1350);
#775=LINE('',#6590,#1351);
#776=LINE('',#6592,#1352);
#777=LINE('',#6594,#1353);
#778=LINE('',#6596,#1354);
#779=LINE('',#6598,#1355);
#780=LINE('',#6600,#1356);
#781=LINE('',#6602,#1357);
#782=LINE('',#6603,#1358);
#783=LINE('',#6607,#1359);
#784=LINE('',#6608,#1360);
#785=LINE('',#6610,#1361);
#786=LINE('',#6612,#1362);
#787=LINE('',#6614,#1363);
#788=LINE('',#6616,#1364);
#789=LINE('',#6617,#1365);
#790=LINE('',#6619,#1366);
#791=LINE('',#6621,#1367);
#792=LINE('',#6623,#1368);
#793=LINE('',#6625,#1369);
#794=LINE('',#6626,#1370);
#795=LINE('',#6629,#1371);
#796=LINE('',#6632,#1372);
#797=LINE('',#6634,#1373);
#798=LINE('',#6636,#1374);
#799=LINE('',#6637,#1375);
#800=LINE('',#6640,#1376);
#801=LINE('',#6642,#1377);
#802=LINE('',#6644,#1378);
#803=LINE('',#6646,#1379);
#804=LINE('',#6648,#1380);
#805=LINE('',#6650,#1381);
#806=LINE('',#6652,#1382);
#807=LINE('',#6654,#1383);
#808=LINE('',#6656,#1384);
#809=LINE('',#6658,#1385);
#810=LINE('',#6660,#1386);
#811=LINE('',#6662,#1387);
#812=LINE('',#6663,#1388);
#813=LINE('',#6666,#1389);
#814=LINE('',#6668,#1390);
#815=LINE('',#6669,#1391);
#816=LINE('',#6672,#1392);
#817=LINE('',#6674,#1393);
#818=LINE('',#6676,#1394);
#819=LINE('',#6678,#1395);
#820=LINE('',#6680,#1396);
#821=LINE('',#6681,#1397);
#822=LINE('',#6683,#1398);
#823=LINE('',#6684,#1399);
#824=LINE('',#6687,#1400);
#825=LINE('',#6688,#1401);
#826=LINE('',#6690,#1402);
#827=LINE('',#6694,#1403);
#828=LINE('',#6696,#1404);
#829=LINE('',#6698,#1405);
#830=LINE('',#6699,#1406);
#831=LINE('',#6703,#1407);
#832=LINE('',#6705,#1408);
#833=LINE('',#6707,#1409);
#834=LINE('',#6708,#1410);
#835=LINE('',#6710,#1411);
#836=LINE('',#6711,#1412);
#837=LINE('',#6713,#1413);
#838=LINE('',#6716,#1414);
#839=LINE('',#6717,#1415);
#840=LINE('',#6718,#1416);
#841=LINE('',#6721,#1417);
#842=LINE('',#6722,#1418);
#843=LINE('',#6726,#1419);
#844=LINE('',#6728,#1420);
#845=LINE('',#6730,#1421);
#846=LINE('',#6731,#1422);
#847=LINE('',#6735,#1423);
#848=LINE('',#6737,#1424);
#849=LINE('',#6739,#1425);
#850=LINE('',#6740,#1426);
#851=LINE('',#6744,#1427);
#852=LINE('',#6746,#1428);
#853=LINE('',#6748,#1429);
#854=LINE('',#6749,#1430);
#855=LINE('',#6753,#1431);
#856=LINE('',#6755,#1432);
#857=LINE('',#6757,#1433);
#858=LINE('',#6758,#1434);
#859=LINE('',#6762,#1435);
#860=LINE('',#6764,#1436);
#861=LINE('',#6766,#1437);
#862=LINE('',#6767,#1438);
#863=LINE('',#6770,#1439);
#864=LINE('',#6772,#1440);
#865=LINE('',#6773,#1441);
#866=LINE('',#6776,#1442);
#867=LINE('',#6778,#1443);
#868=LINE('',#6779,#1444);
#869=LINE('',#6782,#1445);
#870=LINE('',#6784,#1446);
#871=LINE('',#6785,#1447);
#872=LINE('',#6788,#1448);
#873=LINE('',#6790,#1449);
#874=LINE('',#6791,#1450);
#875=LINE('',#6794,#1451);
#876=LINE('',#6796,#1452);
#877=LINE('',#6797,#1453);
#878=LINE('',#6800,#1454);
#879=LINE('',#6802,#1455);
#880=LINE('',#6803,#1456);
#881=LINE('',#6805,#1457);
#882=LINE('',#6807,#1458);
#883=LINE('',#6808,#1459);
#884=LINE('',#6810,#1460);
#885=LINE('',#6812,#1461);
#886=LINE('',#6813,#1462);
#887=LINE('',#6815,#1463);
#888=LINE('',#6817,#1464);
#889=LINE('',#6818,#1465);
#890=LINE('',#6820,#1466);
#891=LINE('',#6822,#1467);
#892=LINE('',#6823,#1468);
#893=LINE('',#6825,#1469);
#894=LINE('',#6827,#1470);
#895=LINE('',#6829,#1471);
#896=LINE('',#6830,#1472);
#897=LINE('',#6835,#1473);
#898=LINE('',#6837,#1474);
#899=LINE('',#6838,#1475);
#900=LINE('',#6843,#1476);
#901=LINE('',#6845,#1477);
#902=LINE('',#6847,#1478);
#903=LINE('',#6849,#1479);
#904=LINE('',#6855,#1480);
#905=LINE('',#6856,#1481);
#906=LINE('',#6861,#1482);
#907=LINE('',#6863,#1483);
#908=LINE('',#6864,#1484);
#909=LINE('',#6869,#1485);
#910=LINE('',#6871,#1486);
#911=LINE('',#6872,#1487);
#912=LINE('',#6876,#1488);
#913=LINE('',#6877,#1489);
#914=LINE('',#6878,#1490);
#915=LINE('',#6881,#1491);
#916=LINE('',#6882,#1492);
#917=LINE('',#6885,#1493);
#918=LINE('',#6886,#1494);
#919=LINE('',#6889,#1495);
#920=LINE('',#6890,#1496);
#921=LINE('',#6892,#1497);
#922=LINE('',#6894,#1498);
#923=LINE('',#6895,#1499);
#924=LINE('',#6897,#1500);
#925=LINE('',#6899,#1501);
#926=LINE('',#6901,#1502);
#927=LINE('',#6906,#1503);
#928=LINE('',#6910,#1504);
#929=LINE('',#6915,#1505);
#930=LINE('',#6916,#1506);
#931=LINE('',#6917,#1507);
#932=LINE('',#6921,#1508);
#933=LINE('',#6925,#1509);
#934=LINE('',#6926,#1510);
#935=LINE('',#6929,#1511);
#936=LINE('',#6931,#1512);
#937=LINE('',#6932,#1513);
#938=LINE('',#6935,#1514);
#939=LINE('',#6939,#1515);
#940=LINE('',#6940,#1516);
#941=LINE('',#6942,#1517);
#942=LINE('',#6944,#1518);
#943=LINE('',#6946,#1519);
#944=LINE('',#6948,#1520);
#945=LINE('',#6950,#1521);
#946=LINE('',#6952,#1522);
#947=LINE('',#6954,#1523);
#948=LINE('',#6956,#1524);
#949=LINE('',#6957,#1525);
#950=LINE('',#6965,#1526);
#951=LINE('',#6969,#1527);
#952=LINE('',#6973,#1528);
#953=LINE('',#6977,#1529);
#954=LINE('',#6980,#1530);
#955=LINE('',#6982,#1531);
#956=LINE('',#6984,#1532);
#957=LINE('',#6986,#1533);
#958=LINE('',#6988,#1534);
#959=LINE('',#6990,#1535);
#960=LINE('',#6992,#1536);
#961=LINE('',#6994,#1537);
#962=LINE('',#6996,#1538);
#963=LINE('',#6998,#1539);
#964=LINE('',#7000,#1540);
#965=LINE('',#7001,#1541);
#966=LINE('',#7002,#1542);
#967=LINE('',#7004,#1543);
#968=LINE('',#7006,#1544);
#969=LINE('',#7009,#1545);
#970=LINE('',#7015,#1546);
#971=LINE('',#7016,#1547);
#972=LINE('',#7019,#1548);
#973=LINE('',#7023,#1549);
#974=LINE('',#7026,#1550);
#975=LINE('',#7032,#1551);
#976=LINE('',#7033,#1552);
#977=LINE('',#7034,#1553);
#978=LINE('',#7036,#1554);
#979=LINE('',#7037,#1555);
#980=LINE('',#7041,#1556);
#981=LINE('',#7042,#1557);
#982=LINE('',#7043,#1558);
#983=LINE('',#7046,#1559);
#984=LINE('',#7047,#1560);
#985=LINE('',#7049,#1561);
#986=LINE('',#7050,#1562);
#987=LINE('',#7053,#1563);
#988=LINE('',#7056,#1564);
#989=LINE('',#7058,#1565);
#990=LINE('',#7059,#1566);
#991=LINE('',#7061,#1567);
#992=LINE('',#7063,#1568);
#993=LINE('',#7064,#1569);
#994=LINE('',#7066,#1570);
#995=LINE('',#7070,#1571);
#996=LINE('',#7071,#1572);
#997=LINE('',#7074,#1573);
#998=LINE('',#7076,#1574);
#999=LINE('',#7077,#1575);
#1000=LINE('',#7080,#1576);
#1001=LINE('',#7083,#1577);
#1002=LINE('',#7087,#1578);
#1003=LINE('',#7089,#1579);
#1004=LINE('',#7091,#1580);
#1005=LINE('',#7092,#1581);
#1006=LINE('',#7095,#1582);
#1007=LINE('',#7099,#1583);
#1008=LINE('',#7100,#1584);
#1009=LINE('',#7105,#1585);
#1010=LINE('',#7114,#1586);
#1011=LINE('',#7121,#1587);
#1012=LINE('',#7127,#1588);
#1013=LINE('',#7128,#1589);
#1014=LINE('',#7130,#1590);
#1015=LINE('',#7133,#1591);
#1016=LINE('',#7134,#1592);
#1017=LINE('',#7136,#1593);
#1018=LINE('',#7138,#1594);
#1019=LINE('',#7139,#1595);
#1020=LINE('',#7142,#1596);
#1021=LINE('',#7147,#1597);
#1022=LINE('',#7156,#1598);
#1023=LINE('',#7161,#1599);
#1024=LINE('',#7166,#1600);
#1025=LINE('',#7171,#1601);
#1026=LINE('',#7176,#1602);
#1027=LINE('',#7183,#1603);
#1028=LINE('',#7188,#1604);
#1029=LINE('',#7194,#1605);
#1030=LINE('',#7198,#1606);
#1031=LINE('',#7199,#1607);
#1032=LINE('',#7201,#1608);
#1033=LINE('',#7203,#1609);
#1034=LINE('',#7207,#1610);
#1035=LINE('',#7209,#1611);
#1036=LINE('',#7218,#1612);
#1037=LINE('',#7219,#1613);
#1038=LINE('',#7223,#1614);
#1039=LINE('',#7225,#1615);
#1040=LINE('',#7229,#1616);
#1041=LINE('',#7231,#1617);
#1042=LINE('',#7232,#1618);
#1043=LINE('',#7236,#1619);
#1044=LINE('',#7238,#1620);
#1045=LINE('',#7240,#1621);
#1046=LINE('',#7241,#1622);
#1047=LINE('',#7246,#1623);
#1048=LINE('',#7249,#1624);
#1049=LINE('',#7251,#1625);
#1050=LINE('',#7252,#1626);
#1051=LINE('',#7256,#1627);
#1052=LINE('',#7258,#1628);
#1053=LINE('',#7259,#1629);
#1054=LINE('',#7262,#1630);
#1055=LINE('',#7264,#1631);
#1056=LINE('',#7266,#1632);
#1057=LINE('',#7267,#1633);
#1058=LINE('',#7272,#1634);
#1059=LINE('',#7276,#1635);
#1060=LINE('',#7278,#1636);
#1061=LINE('',#7279,#1637);
#1062=LINE('',#7283,#1638);
#1063=LINE('',#7285,#1639);
#1064=LINE('',#7287,#1640);
#1065=LINE('',#7289,#1641);
#1066=LINE('',#7291,#1642);
#1067=LINE('',#7293,#1643);
#1068=LINE('',#7295,#1644);
#1069=LINE('',#7296,#1645);
#1070=LINE('',#7299,#1646);
#1071=LINE('',#7301,#1647);
#1072=LINE('',#7302,#1648);
#1073=LINE('',#7306,#1649);
#1074=LINE('',#7308,#1650);
#1075=LINE('',#7310,#1651);
#1076=LINE('',#7311,#1652);
#1077=LINE('',#7314,#1653);
#1078=LINE('',#7316,#1654);
#1079=LINE('',#7318,#1655);
#1080=LINE('',#7320,#1656);
#1081=LINE('',#7322,#1657);
#1082=LINE('',#7324,#1658);
#1083=LINE('',#7326,#1659);
#1084=LINE('',#7328,#1660);
#1085=LINE('',#7330,#1661);
#1086=LINE('',#7332,#1662);
#1087=LINE('',#7333,#1663);
#1088=LINE('',#7336,#1664);
#1089=LINE('',#7337,#1665);
#1090=LINE('',#7341,#1666);
#1091=LINE('',#7342,#1667);
#1092=LINE('',#7343,#1668);
#1093=LINE('',#7346,#1669);
#1094=LINE('',#7347,#1670);
#1095=LINE('',#7350,#1671);
#1096=LINE('',#7351,#1672);
#1097=LINE('',#7354,#1673);
#1098=LINE('',#7355,#1674);
#1099=LINE('',#7357,#1675);
#1100=LINE('',#7362,#1676);
#1101=LINE('',#7365,#1677);
#1102=LINE('',#7367,#1678);
#1103=LINE('',#7369,#1679);
#1104=LINE('',#7371,#1680);
#1105=LINE('',#7373,#1681);
#1106=LINE('',#7374,#1682);
#1107=LINE('',#7380,#1683);
#1108=LINE('',#7384,#1684);
#1109=LINE('',#7388,#1685);
#1110=LINE('',#7391,#1686);
#1111=LINE('',#7393,#1687);
#1112=LINE('',#7395,#1688);
#1113=LINE('',#7397,#1689);
#1114=LINE('',#7399,#1690);
#1115=LINE('',#7401,#1691);
#1116=LINE('',#7403,#1692);
#1117=LINE('',#7405,#1693);
#1118=LINE('',#7407,#1694);
#1119=LINE('',#7409,#1695);
#1120=LINE('',#7411,#1696);
#1121=LINE('',#7413,#1697);
#1122=LINE('',#7415,#1698);
#1123=LINE('',#7417,#1699);
#1124=LINE('',#7419,#1700);
#1125=LINE('',#7421,#1701);
#1126=LINE('',#7423,#1702);
#1127=LINE('',#7425,#1703);
#1128=LINE('',#7427,#1704);
#1129=LINE('',#7428,#1705);
#1130=LINE('',#7431,#1706);
#1131=LINE('',#7435,#1707);
#1132=LINE('',#7439,#1708);
#1133=LINE('',#7440,#1709);
#1134=LINE('',#7445,#1710);
#1135=LINE('',#7446,#1711);
#1136=LINE('',#7449,#1712);
#1137=LINE('',#7451,#1713);
#1138=LINE('',#7455,#1714);
#1139=LINE('',#7461,#1715);
#1140=LINE('',#7462,#1716);
#1141=LINE('',#7465,#1717);
#1142=LINE('',#7469,#1718);
#1143=LINE('',#7472,#1719);
#1144=LINE('',#7477,#1720);
#1145=LINE('',#7478,#1721);
#1146=LINE('',#7481,#1722);
#1147=LINE('',#7483,#1723);
#1148=LINE('',#7487,#1724);
#1149=LINE('',#7493,#1725);
#1150=LINE('',#7494,#1726);
#1151=LINE('',#7497,#1727);
#1152=LINE('',#7501,#1728);
#1153=LINE('',#7505,#1729);
#1154=LINE('',#7506,#1730);
#1155=LINE('',#7507,#1731);
#1156=LINE('',#7511,#1732);
#1157=LINE('',#7518,#1733);
#1158=LINE('',#7524,#1734);
#1159=LINE('',#7531,#1735);
#1160=LINE('',#7535,#1736);
#1161=LINE('',#7541,#1737);
#1162=LINE('',#7549,#1738);
#1163=LINE('',#7555,#1739);
#1164=LINE('',#7562,#1740);
#1165=LINE('',#7565,#1741);
#1166=LINE('',#7567,#1742);
#1167=LINE('',#7568,#1743);
#1168=LINE('',#7571,#1744);
#1169=LINE('',#7573,#1745);
#1170=LINE('',#7577,#1746);
#1171=LINE('',#7579,#1747);
#1172=LINE('',#7580,#1748);
#1173=LINE('',#7583,#1749);
#1174=LINE('',#7584,#1750);
#1175=LINE('',#7587,#1751);
#1176=LINE('',#7591,#1752);
#1177=LINE('',#7594,#1753);
#1178=LINE('',#7597,#1754);
#1179=LINE('',#7599,#1755);
#1180=LINE('',#7600,#1756);
#1181=LINE('',#7603,#1757);
#1182=LINE('',#7608,#1758);
#1183=LINE('',#7609,#1759);
#1184=LINE('',#7612,#1760);
#1185=LINE('',#7613,#1761);
#1186=LINE('',#7616,#1762);
#1187=LINE('',#7620,#1763);
#1188=LINE('',#7623,#1764);
#1189=LINE('',#7626,#1765);
#1190=LINE('',#7628,#1766);
#1191=LINE('',#7629,#1767);
#1192=LINE('',#7632,#1768);
#1193=LINE('',#7637,#1769);
#1194=LINE('',#7638,#1770);
#1195=LINE('',#7640,#1771);
#1196=LINE('',#7642,#1772);
#1197=LINE('',#7643,#1773);
#1198=LINE('',#7645,#1774);
#1199=LINE('',#7647,#1775);
#1200=LINE('',#7649,#1776);
#1201=LINE('',#7652,#1777);
#1202=LINE('',#7654,#1778);
#1203=LINE('',#7656,#1779);
#1204=LINE('',#7658,#1780);
#1205=LINE('',#7659,#1781);
#1206=LINE('',#7660,#1782);
#1207=LINE('',#7661,#1783);
#1208=LINE('',#7662,#1784);
#1209=LINE('',#7663,#1785);
#1210=LINE('',#7664,#1786);
#1211=LINE('',#7666,#1787);
#1212=LINE('',#7668,#1788);
#1213=LINE('',#7670,#1789);
#1214=LINE('',#7672,#1790);
#1215=LINE('',#7674,#1791);
#1216=LINE('',#7675,#1792);
#1217=LINE('',#7689,#1793);
#1218=LINE('',#7691,#1794);
#1219=LINE('',#7693,#1795);
#1220=LINE('',#7694,#1796);
#1221=LINE('',#7698,#1797);
#1222=LINE('',#7700,#1798);
#1223=LINE('',#7702,#1799);
#1224=LINE('',#7703,#1800);
#1225=LINE('',#7707,#1801);
#1226=LINE('',#7708,#1802);
#1227=LINE('',#7710,#1803);
#1228=LINE('',#7712,#1804);
#1229=LINE('',#7714,#1805);
#1230=LINE('',#7716,#1806);
#1231=LINE('',#7718,#1807);
#1232=LINE('',#7719,#1808);
#1233=LINE('',#7722,#1809);
#1234=LINE('',#7724,#1810);
#1235=LINE('',#7726,#1811);
#1236=LINE('',#7728,#1812);
#1237=LINE('',#7730,#1813);
#1238=LINE('',#7732,#1814);
#1239=LINE('',#7733,#1815);
#1240=LINE('',#7737,#1816);
#1241=LINE('',#7739,#1817);
#1242=LINE('',#7741,#1818);
#1243=LINE('',#7742,#1819);
#1244=LINE('',#7746,#1820);
#1245=LINE('',#7748,#1821);
#1246=LINE('',#7750,#1822);
#1247=LINE('',#7751,#1823);
#1248=LINE('',#7754,#1824);
#1249=LINE('',#7755,#1825);
#1250=LINE('',#7759,#1826);
#1251=LINE('',#7761,#1827);
#1252=LINE('',#7763,#1828);
#1253=LINE('',#7764,#1829);
#1254=LINE('',#7765,#1830);
#1255=LINE('',#7769,#1831);
#1256=LINE('',#7771,#1832);
#1257=LINE('',#7773,#1833);
#1258=LINE('',#7774,#1834);
#1259=LINE('',#7778,#1835);
#1260=LINE('',#7780,#1836);
#1261=LINE('',#7782,#1837);
#1262=LINE('',#7783,#1838);
#1263=LINE('',#7787,#1839);
#1264=LINE('',#7788,#1840);
#1265=LINE('',#7792,#1841);
#1266=LINE('',#7793,#1842);
#1267=LINE('',#7794,#1843);
#1268=LINE('',#7798,#1844);
#1269=LINE('',#7800,#1845);
#1270=LINE('',#7802,#1846);
#1271=LINE('',#7803,#1847);
#1272=LINE('',#7806,#1848);
#1273=LINE('',#7808,#1849);
#1274=LINE('',#7809,#1850);
#1275=LINE('',#7819,#1851);
#1276=LINE('',#7820,#1852);
#1277=LINE('',#7821,#1853);
#1278=LINE('',#7824,#1854);
#1279=LINE('',#7825,#1855);
#1280=LINE('',#7827,#1856);
#1281=LINE('',#7831,#1857);
#1282=LINE('',#7832,#1858);
#1283=LINE('',#7836,#1859);
#1284=LINE('',#7838,#1860);
#1285=LINE('',#7840,#1861);
#1286=LINE('',#7841,#1862);
#1287=LINE('',#7844,#1863);
#1288=LINE('',#7846,#1864);
#1289=LINE('',#7847,#1865);
#1290=LINE('',#7850,#1866);
#1291=LINE('',#7852,#1867);
#1292=LINE('',#7853,#1868);
#1293=LINE('',#7855,#1869);
#1294=LINE('',#7859,#1870);
#1295=LINE('',#7861,#1871);
#1296=LINE('',#7863,#1872);
#1297=LINE('',#7864,#1873);
#1298=LINE('',#7867,#1874);
#1299=LINE('',#7869,#1875);
#1300=LINE('',#7870,#1876);
#1301=LINE('',#7874,#1877);
#1302=LINE('',#7875,#1878);
#1303=LINE('',#7876,#1879);
#1304=LINE('',#7878,#1880);
#1305=LINE('',#7881,#1881);
#1306=LINE('',#7882,#1882);
#1307=LINE('',#7883,#1883);
#1308=LINE('',#7884,#1884);
#1309=LINE('',#7886,#1885);
#1310=LINE('',#7887,#1886);
#1311=LINE('',#7888,#1887);
#1312=LINE('',#7890,#1888);
#1313=LINE('',#7892,#1889);
#1314=LINE('',#7893,#1890);
#1315=LINE('',#7895,#1891);
#1316=LINE('',#7898,#1892);
#1317=LINE('',#7899,#1893);
#1318=LINE('',#7902,#1894);
#1319=LINE('',#7903,#1895);
#1320=LINE('',#7905,#1896);
#1321=LINE('',#7908,#1897);
#1322=LINE('',#7909,#1898);
#1323=LINE('',#7911,#1899);
#1324=LINE('',#7913,#1900);
#1325=LINE('',#7915,#1901);
#1326=LINE('',#7917,#1902);
#1327=LINE('',#7920,#1903);
#1328=LINE('',#7921,#1904);
#1329=LINE('',#7924,#1905);
#1330=LINE('',#7927,#1906);
#1331=LINE('',#7929,#1907);
#1332=LINE('',#7931,#1908);
#1333=LINE('',#7933,#1909);
#1334=LINE('',#7934,#1910);
#1335=LINE('',#7937,#1911);
#1336=LINE('',#7939,#1912);
#1337=LINE('',#7941,#1913);
#1338=LINE('',#7943,#1914);
#1339=LINE('',#7944,#1915);
#1340=LINE('',#7946,#1916);
#1341=LINE('',#7947,#1917);
#1342=LINE('',#7949,#1918);
#1343=LINE('',#7951,#1919);
#1344=VECTOR('',#5260,10.);
#1345=VECTOR('',#5261,10.);
#1346=VECTOR('',#5262,10.);
#1347=VECTOR('',#5263,10.);
#1348=VECTOR('',#5266,10.);
#1349=VECTOR('',#5267,10.);
#1350=VECTOR('',#5268,10.);
#1351=VECTOR('',#5269,10.);
#1352=VECTOR('',#5270,10.);
#1353=VECTOR('',#5271,10.);
#1354=VECTOR('',#5272,10.);
#1355=VECTOR('',#5273,10.);
#1356=VECTOR('',#5274,10.);
#1357=VECTOR('',#5275,10.);
#1358=VECTOR('',#5276,10.);
#1359=VECTOR('',#5279,10.);
#1360=VECTOR('',#5280,10.);
#1361=VECTOR('',#5281,10.);
#1362=VECTOR('',#5282,10.);
#1363=VECTOR('',#5283,10.);
#1364=VECTOR('',#5284,10.);
#1365=VECTOR('',#5285,10.);
#1366=VECTOR('',#5288,10.);
#1367=VECTOR('',#5289,10.);
#1368=VECTOR('',#5290,10.);
#1369=VECTOR('',#5291,10.);
#1370=VECTOR('',#5292,10.);
#1371=VECTOR('',#5297,10.);
#1372=VECTOR('',#5300,10.);
#1373=VECTOR('',#5301,10.);
#1374=VECTOR('',#5302,10.);
#1375=VECTOR('',#5303,10.);
#1376=VECTOR('',#5306,10.);
#1377=VECTOR('',#5307,10.);
#1378=VECTOR('',#5308,10.);
#1379=VECTOR('',#5309,10.);
#1380=VECTOR('',#5310,10.);
#1381=VECTOR('',#5311,10.);
#1382=VECTOR('',#5312,10.);
#1383=VECTOR('',#5313,10.);
#1384=VECTOR('',#5314,10.);
#1385=VECTOR('',#5315,10.);
#1386=VECTOR('',#5316,10.);
#1387=VECTOR('',#5317,10.);
#1388=VECTOR('',#5318,10.);
#1389=VECTOR('',#5321,10.);
#1390=VECTOR('',#5322,10.);
#1391=VECTOR('',#5323,10.);
#1392=VECTOR('',#5326,10.);
#1393=VECTOR('',#5327,10.);
#1394=VECTOR('',#5328,10.);
#1395=VECTOR('',#5329,10.);
#1396=VECTOR('',#5330,10.);
#1397=VECTOR('',#5331,10.);
#1398=VECTOR('',#5332,10.);
#1399=VECTOR('',#5333,10.);
#1400=VECTOR('',#5336,10.);
#1401=VECTOR('',#5337,10.);
#1402=VECTOR('',#5340,10.);
#1403=VECTOR('',#5343,10.);
#1404=VECTOR('',#5344,10.);
#1405=VECTOR('',#5345,10.);
#1406=VECTOR('',#5346,10.);
#1407=VECTOR('',#5349,10.);
#1408=VECTOR('',#5350,10.);
#1409=VECTOR('',#5351,10.);
#1410=VECTOR('',#5352,10.);
#1411=VECTOR('',#5355,10.);
#1412=VECTOR('',#5356,10.);
#1413=VECTOR('',#5359,10.);
#1414=VECTOR('',#5362,10.);
#1415=VECTOR('',#5363,10.);
#1416=VECTOR('',#5364,9.99999999999999);
#1417=VECTOR('',#5367,10.);
#1418=VECTOR('',#5368,10.);
#1419=VECTOR('',#5371,10.);
#1420=VECTOR('',#5372,10.);
#1421=VECTOR('',#5373,10.);
#1422=VECTOR('',#5374,10.);
#1423=VECTOR('',#5377,10.);
#1424=VECTOR('',#5378,10.);
#1425=VECTOR('',#5379,10.);
#1426=VECTOR('',#5380,10.);
#1427=VECTOR('',#5383,10.);
#1428=VECTOR('',#5384,10.);
#1429=VECTOR('',#5385,10.);
#1430=VECTOR('',#5386,10.);
#1431=VECTOR('',#5389,10.);
#1432=VECTOR('',#5390,10.);
#1433=VECTOR('',#5391,10.);
#1434=VECTOR('',#5392,10.);
#1435=VECTOR('',#5395,10.);
#1436=VECTOR('',#5396,10.);
#1437=VECTOR('',#5397,10.);
#1438=VECTOR('',#5398,10.);
#1439=VECTOR('',#5401,10.);
#1440=VECTOR('',#5402,10.);
#1441=VECTOR('',#5403,10.);
#1442=VECTOR('',#5406,10.);
#1443=VECTOR('',#5407,10.);
#1444=VECTOR('',#5408,10.);
#1445=VECTOR('',#5411,10.);
#1446=VECTOR('',#5412,10.);
#1447=VECTOR('',#5413,10.);
#1448=VECTOR('',#5416,10.);
#1449=VECTOR('',#5417,10.);
#1450=VECTOR('',#5418,10.);
#1451=VECTOR('',#5421,10.);
#1452=VECTOR('',#5422,10.);
#1453=VECTOR('',#5423,10.);
#1454=VECTOR('',#5426,10.);
#1455=VECTOR('',#5427,10.);
#1456=VECTOR('',#5428,10.);
#1457=VECTOR('',#5429,10.);
#1458=VECTOR('',#5430,10.);
#1459=VECTOR('',#5431,10.);
#1460=VECTOR('',#5432,10.);
#1461=VECTOR('',#5433,10.);
#1462=VECTOR('',#5434,10.);
#1463=VECTOR('',#5435,10.);
#1464=VECTOR('',#5436,10.);
#1465=VECTOR('',#5437,10.);
#1466=VECTOR('',#5438,10.);
#1467=VECTOR('',#5439,10.);
#1468=VECTOR('',#5440,10.);
#1469=VECTOR('',#5441,10.);
#1470=VECTOR('',#5442,10.);
#1471=VECTOR('',#5443,10.);
#1472=VECTOR('',#5444,10.);
#1473=VECTOR('',#5449,10.);
#1474=VECTOR('',#5450,10.);
#1475=VECTOR('',#5451,10.);
#1476=VECTOR('',#5456,10.);
#1477=VECTOR('',#5457,10.);
#1478=VECTOR('',#5458,10.);
#1479=VECTOR('',#5459,10.);
#1480=VECTOR('',#5466,10.);
#1481=VECTOR('',#5467,10.);
#1482=VECTOR('',#5472,10.);
#1483=VECTOR('',#5473,10.);
#1484=VECTOR('',#5474,10.);
#1485=VECTOR('',#5479,10.);
#1486=VECTOR('',#5480,10.);
#1487=VECTOR('',#5481,10.);
#1488=VECTOR('',#5484,10.);
#1489=VECTOR('',#5485,10.);
#1490=VECTOR('',#5486,10.);
#1491=VECTOR('',#5489,10.);
#1492=VECTOR('',#5490,10.);
#1493=VECTOR('',#5493,10.);
#1494=VECTOR('',#5494,10.);
#1495=VECTOR('',#5497,10.);
#1496=VECTOR('',#5498,10.);
#1497=VECTOR('',#5501,10.);
#1498=VECTOR('',#5504,10.);
#1499=VECTOR('',#5505,10.);
#1500=VECTOR('',#5508,10.);
#1501=VECTOR('',#5511,10.);
#1502=VECTOR('',#5514,10.);
#1503=VECTOR('',#5519,10.);
#1504=VECTOR('',#5522,10.);
#1505=VECTOR('',#5527,10.);
#1506=VECTOR('',#5528,10.);
#1507=VECTOR('',#5529,10.);
#1508=VECTOR('',#5532,10.);
#1509=VECTOR('',#5539,10.);
#1510=VECTOR('',#5540,10.);
#1511=VECTOR('',#5543,10.);
#1512=VECTOR('',#5544,10.);
#1513=VECTOR('',#5545,10.);
#1514=VECTOR('',#5548,10.);
#1515=VECTOR('',#5553,10.);
#1516=VECTOR('',#5554,10.);
#1517=VECTOR('',#5555,10.);
#1518=VECTOR('',#5556,10.);
#1519=VECTOR('',#5557,10.);
#1520=VECTOR('',#5558,10.);
#1521=VECTOR('',#5559,10.);
#1522=VECTOR('',#5560,10.);
#1523=VECTOR('',#5561,10.);
#1524=VECTOR('',#5562,10.);
#1525=VECTOR('',#5563,10.);
#1526=VECTOR('',#5572,8.35);
#1527=VECTOR('',#5577,8.25);
#1528=VECTOR('',#5582,8.35);
#1529=VECTOR('',#5587,8.25);
#1530=VECTOR('',#5590,10.);
#1531=VECTOR('',#5591,10.);
#1532=VECTOR('',#5592,10.);
#1533=VECTOR('',#5593,10.);
#1534=VECTOR('',#5594,10.);
#1535=VECTOR('',#5595,10.);
#1536=VECTOR('',#5596,10.);
#1537=VECTOR('',#5597,10.);
#1538=VECTOR('',#5598,10.);
#1539=VECTOR('',#5599,10.);
#1540=VECTOR('',#5600,10.);
#1541=VECTOR('',#5601,10.);
#1542=VECTOR('',#5602,10.);
#1543=VECTOR('',#5605,10.);
#1544=VECTOR('',#5608,10.);
#1545=VECTOR('',#5611,10.);
#1546=VECTOR('',#5618,10.);
#1547=VECTOR('',#5619,10.);
#1548=VECTOR('',#5624,10.);
#1549=VECTOR('',#5629,10.);
#1550=VECTOR('',#5632,10.);
#1551=VECTOR('',#5639,10.);
#1552=VECTOR('',#5640,10.);
#1553=VECTOR('',#5641,10.);
#1554=VECTOR('',#5644,10.);
#1555=VECTOR('',#5645,10.);
#1556=VECTOR('',#5648,10.);
#1557=VECTOR('',#5649,10.);
#1558=VECTOR('',#5650,10.);
#1559=VECTOR('',#5653,10.);
#1560=VECTOR('',#5654,10.);
#1561=VECTOR('',#5657,10.);
#1562=VECTOR('',#5658,10.);
#1563=VECTOR('',#5663,10.);
#1564=VECTOR('',#5666,10.);
#1565=VECTOR('',#5667,10.);
#1566=VECTOR('',#5668,10.);
#1567=VECTOR('',#5671,10.);
#1568=VECTOR('',#5674,10.);
#1569=VECTOR('',#5675,10.);
#1570=VECTOR('',#5678,10.);
#1571=VECTOR('',#5683,10.);
#1572=VECTOR('',#5684,10.);
#1573=VECTOR('',#5687,10.);
#1574=VECTOR('',#5688,10.);
#1575=VECTOR('',#5689,10.);
#1576=VECTOR('',#5692,10.);
#1577=VECTOR('',#5697,10.);
#1578=VECTOR('',#5702,10.);
#1579=VECTOR('',#5703,10.);
#1580=VECTOR('',#5704,10.);
#1581=VECTOR('',#5705,10.);
#1582=VECTOR('',#5708,10.);
#1583=VECTOR('',#5713,10.);
#1584=VECTOR('',#5714,10.);
#1585=VECTOR('',#5723,10.);
#1586=VECTOR('',#5734,8.4);
#1587=VECTOR('',#5743,8.4);
#1588=VECTOR('',#5752,10.);
#1589=VECTOR('',#5753,10.);
#1590=VECTOR('',#5756,10.);
#1591=VECTOR('',#5761,10.);
#1592=VECTOR('',#5762,10.);
#1593=VECTOR('',#5763,10.);
#1594=VECTOR('',#5764,10.);
#1595=VECTOR('',#5765,10.);
#1596=VECTOR('',#5768,0.625);
#1597=VECTOR('',#5775,0.625);
#1598=VECTOR('',#5788,0.625);
#1599=VECTOR('',#5795,0.625);
#1600=VECTOR('',#5802,0.625);
#1601=VECTOR('',#5809,0.625);
#1602=VECTOR('',#5814,0.625);
#1603=VECTOR('',#5823,0.625);
#1604=VECTOR('',#5830,0.625);
#1605=VECTOR('',#5839,10.);
#1606=VECTOR('',#5844,10.);
#1607=VECTOR('',#5845,10.);
#1608=VECTOR('',#5848,10.);
#1609=VECTOR('',#5849,10.);
#1610=VECTOR('',#5856,10.);
#1611=VECTOR('',#5859,10.);
#1612=VECTOR('',#5876,10.);
#1613=VECTOR('',#5877,10.);
#1614=VECTOR('',#5884,9.25);
#1615=VECTOR('',#5887,9.25);
#1616=VECTOR('',#5890,9.99999999999999);
#1617=VECTOR('',#5891,10.);
#1618=VECTOR('',#5892,10.);
#1619=VECTOR('',#5895,10.);
#1620=VECTOR('',#5896,10.);
#1621=VECTOR('',#5897,10.);
#1622=VECTOR('',#5898,10.);
#1623=VECTOR('',#5903,10.);
#1624=VECTOR('',#5908,10.);
#1625=VECTOR('',#5909,10.);
#1626=VECTOR('',#5910,10.);
#1627=VECTOR('',#5913,10.);
#1628=VECTOR('',#5914,10.);
#1629=VECTOR('',#5915,10.);
#1630=VECTOR('',#5918,10.);
#1631=VECTOR('',#5919,10.);
#1632=VECTOR('',#5920,10.);
#1633=VECTOR('',#5921,10.);
#1634=VECTOR('',#5926,10.);
#1635=VECTOR('',#5931,10.);
#1636=VECTOR('',#5932,10.);
#1637=VECTOR('',#5933,10.);
#1638=VECTOR('',#5936,10.);
#1639=VECTOR('',#5937,10.);
#1640=VECTOR('',#5938,10.);
#1641=VECTOR('',#5939,10.);
#1642=VECTOR('',#5940,10.);
#1643=VECTOR('',#5941,10.);
#1644=VECTOR('',#5942,10.);
#1645=VECTOR('',#5943,10.);
#1646=VECTOR('',#5946,10.);
#1647=VECTOR('',#5947,10.);
#1648=VECTOR('',#5948,10.);
#1649=VECTOR('',#5951,10.);
#1650=VECTOR('',#5952,10.);
#1651=VECTOR('',#5953,10.);
#1652=VECTOR('',#5954,10.);
#1653=VECTOR('',#5957,10.);
#1654=VECTOR('',#5958,10.);
#1655=VECTOR('',#5959,10.);
#1656=VECTOR('',#5960,10.);
#1657=VECTOR('',#5961,10.);
#1658=VECTOR('',#5962,10.);
#1659=VECTOR('',#5963,10.);
#1660=VECTOR('',#5964,10.);
#1661=VECTOR('',#5965,10.);
#1662=VECTOR('',#5966,10.);
#1663=VECTOR('',#5967,10.);
#1664=VECTOR('',#5970,10.);
#1665=VECTOR('',#5971,10.);
#1666=VECTOR('',#5974,10.);
#1667=VECTOR('',#5975,10.);
#1668=VECTOR('',#5976,10.);
#1669=VECTOR('',#5979,10.);
#1670=VECTOR('',#5980,10.);
#1671=VECTOR('',#5983,10.);
#1672=VECTOR('',#5984,10.);
#1673=VECTOR('',#5987,10.);
#1674=VECTOR('',#5988,10.);
#1675=VECTOR('',#5991,10.);
#1676=VECTOR('',#5996,2.1);
#1677=VECTOR('',#6001,10.);
#1678=VECTOR('',#6002,10.);
#1679=VECTOR('',#6003,10.);
#1680=VECTOR('',#6004,10.);
#1681=VECTOR('',#6005,10.);
#1682=VECTOR('',#6006,10.);
#1683=VECTOR('',#6013,2.);
#1684=VECTOR('',#6018,2.1);
#1685=VECTOR('',#6023,2.);
#1686=VECTOR('',#6026,10.);
#1687=VECTOR('',#6027,10.);
#1688=VECTOR('',#6028,10.);
#1689=VECTOR('',#6029,10.);
#1690=VECTOR('',#6030,10.);
#1691=VECTOR('',#6031,10.);
#1692=VECTOR('',#6032,10.);
#1693=VECTOR('',#6033,10.);
#1694=VECTOR('',#6034,10.);
#1695=VECTOR('',#6035,10.);
#1696=VECTOR('',#6036,10.);
#1697=VECTOR('',#6037,10.);
#1698=VECTOR('',#6038,10.);
#1699=VECTOR('',#6039,10.);
#1700=VECTOR('',#6040,10.);
#1701=VECTOR('',#6041,10.);
#1702=VECTOR('',#6042,10.);
#1703=VECTOR('',#6043,10.);
#1704=VECTOR('',#6044,10.);
#1705=VECTOR('',#6045,10.);
#1706=VECTOR('',#6048,10.);
#1707=VECTOR('',#6051,10.);
#1708=VECTOR('',#6054,10.);
#1709=VECTOR('',#6055,10.);
#1710=VECTOR('',#6060,10.);
#1711=VECTOR('',#6061,10.);
#1712=VECTOR('',#6064,10.);
#1713=VECTOR('',#6065,10.);
#1714=VECTOR('',#6068,10.);
#1715=VECTOR('',#6075,10.);
#1716=VECTOR('',#6076,10.);
#1717=VECTOR('',#6079,10.);
#1718=VECTOR('',#6082,10.);
#1719=VECTOR('',#6085,10.);
#1720=VECTOR('',#6090,10.);
#1721=VECTOR('',#6091,10.);
#1722=VECTOR('',#6094,10.);
#1723=VECTOR('',#6095,10.);
#1724=VECTOR('',#6098,10.);
#1725=VECTOR('',#6105,10.);
#1726=VECTOR('',#6106,10.);
#1727=VECTOR('',#6109,10.);
#1728=VECTOR('',#6112,10.);
#1729=VECTOR('',#6115,10.);
#1730=VECTOR('',#6116,10.);
#1731=VECTOR('',#6117,10.);
#1732=VECTOR('',#6122,0.755148924435577);
#1733=VECTOR('',#6131,0.755148924435577);
#1734=VECTOR('',#6138,0.755148924435577);
#1735=VECTOR('',#6149,0.755148924435577);
#1736=VECTOR('',#6154,0.755148924435577);
#1737=VECTOR('',#6161,0.755148924435577);
#1738=VECTOR('',#6172,0.755148924435577);
#1739=VECTOR('',#6179,0.755148924435577);
#1740=VECTOR('',#6190,0.755148924435577);
#1741=VECTOR('',#6193,10.);
#1742=VECTOR('',#6194,10.);
#1743=VECTOR('',#6195,10.);
#1744=VECTOR('',#6198,10.);
#1745=VECTOR('',#6199,10.);
#1746=VECTOR('',#6204,10.);
#1747=VECTOR('',#6207,10.);
#1748=VECTOR('',#6208,10.);
#1749=VECTOR('',#6211,10.);
#1750=VECTOR('',#6212,10.);
#1751=VECTOR('',#6215,10.);
#1752=VECTOR('',#6218,10.);
#1753=VECTOR('',#6221,10.);
#1754=VECTOR('',#6224,10.);
#1755=VECTOR('',#6225,10.);
#1756=VECTOR('',#6226,10.);
#1757=VECTOR('',#6229,10.);
#1758=VECTOR('',#6234,10.);
#1759=VECTOR('',#6235,10.);
#1760=VECTOR('',#6238,10.);
#1761=VECTOR('',#6239,10.);
#1762=VECTOR('',#6242,10.);
#1763=VECTOR('',#6245,10.);
#1764=VECTOR('',#6248,10.);
#1765=VECTOR('',#6251,10.);
#1766=VECTOR('',#6252,10.);
#1767=VECTOR('',#6253,10.);
#1768=VECTOR('',#6256,10.);
#1769=VECTOR('',#6261,10.);
#1770=VECTOR('',#6262,10.);
#1771=VECTOR('',#6265,10.);
#1772=VECTOR('',#6268,10.);
#1773=VECTOR('',#6269,10.);
#1774=VECTOR('',#6272,10.);
#1775=VECTOR('',#6275,10.);
#1776=VECTOR('',#6278,10.);
#1777=VECTOR('',#6281,10.);
#1778=VECTOR('',#6282,10.);
#1779=VECTOR('',#6283,10.);
#1780=VECTOR('',#6284,10.);
#1781=VECTOR('',#6285,10.);
#1782=VECTOR('',#6286,10.);
#1783=VECTOR('',#6287,10.);
#1784=VECTOR('',#6288,10.);
#1785=VECTOR('',#6289,10.);
#1786=VECTOR('',#6290,10.);
#1787=VECTOR('',#6291,10.);
#1788=VECTOR('',#6292,10.);
#1789=VECTOR('',#6293,10.);
#1790=VECTOR('',#6294,10.);
#1791=VECTOR('',#6295,10.);
#1792=VECTOR('',#6296,10.);
#1793=VECTOR('',#6319,10.);
#1794=VECTOR('',#6320,10.);
#1795=VECTOR('',#6321,10.);
#1796=VECTOR('',#6322,10.);
#1797=VECTOR('',#6325,10.);
#1798=VECTOR('',#6326,9.99999999999999);
#1799=VECTOR('',#6327,10.);
#1800=VECTOR('',#6328,9.99999999999999);
#1801=VECTOR('',#6333,10.);
#1802=VECTOR('',#6334,10.);
#1803=VECTOR('',#6337,10.);
#1804=VECTOR('',#6338,10.);
#1805=VECTOR('',#6339,10.);
#1806=VECTOR('',#6340,10.);
#1807=VECTOR('',#6341,10.);
#1808=VECTOR('',#6342,10.);
#1809=VECTOR('',#6345,10.);
#1810=VECTOR('',#6346,10.);
#1811=VECTOR('',#6347,10.);
#1812=VECTOR('',#6348,10.);
#1813=VECTOR('',#6349,10.);
#1814=VECTOR('',#6350,10.);
#1815=VECTOR('',#6351,10.);
#1816=VECTOR('',#6354,10.);
#1817=VECTOR('',#6355,10.);
#1818=VECTOR('',#6356,10.);
#1819=VECTOR('',#6357,10.);
#1820=VECTOR('',#6360,10.);
#1821=VECTOR('',#6361,10.);
#1822=VECTOR('',#6362,10.);
#1823=VECTOR('',#6363,10.);
#1824=VECTOR('',#6366,10.);
#1825=VECTOR('',#6367,10.);
#1826=VECTOR('',#6372,10.);
#1827=VECTOR('',#6373,10.);
#1828=VECTOR('',#6374,10.);
#1829=VECTOR('',#6375,10.);
#1830=VECTOR('',#6376,10.);
#1831=VECTOR('',#6379,10.);
#1832=VECTOR('',#6380,10.);
#1833=VECTOR('',#6381,10.);
#1834=VECTOR('',#6382,10.);
#1835=VECTOR('',#6385,10.);
#1836=VECTOR('',#6386,10.);
#1837=VECTOR('',#6387,10.);
#1838=VECTOR('',#6388,10.);
#1839=VECTOR('',#6393,10.);
#1840=VECTOR('',#6394,10.);
#1841=VECTOR('',#6397,10.);
#1842=VECTOR('',#6398,10.);
#1843=VECTOR('',#6399,10.);
#1844=VECTOR('',#6402,10.);
#1845=VECTOR('',#6403,10.);
#1846=VECTOR('',#6404,10.);
#1847=VECTOR('',#6405,10.);
#1848=VECTOR('',#6410,10.);
#1849=VECTOR('',#6413,10.);
#1850=VECTOR('',#6414,10.);
#1851=VECTOR('',#6429,10.);
#1852=VECTOR('',#6430,10.);
#1853=VECTOR('',#6431,10.);
#1854=VECTOR('',#6434,10.);
#1855=VECTOR('',#6435,10.);
#1856=VECTOR('',#6438,10.);
#1857=VECTOR('',#6445,10.);
#1858=VECTOR('',#6446,10.);
#1859=VECTOR('',#6449,10.);
#1860=VECTOR('',#6450,10.);
#1861=VECTOR('',#6451,10.);
#1862=VECTOR('',#6452,10.);
#1863=VECTOR('',#6455,10.);
#1864=VECTOR('',#6456,10.);
#1865=VECTOR('',#6457,10.);
#1866=VECTOR('',#6460,10.);
#1867=VECTOR('',#6461,10.);
#1868=VECTOR('',#6462,10.);
#1869=VECTOR('',#6465,10.);
#1870=VECTOR('',#6468,10.);
#1871=VECTOR('',#6469,10.);
#1872=VECTOR('',#6470,10.);
#1873=VECTOR('',#6471,10.);
#1874=VECTOR('',#6474,10.);
#1875=VECTOR('',#6475,10.);
#1876=VECTOR('',#6476,10.);
#1877=VECTOR('',#6479,10.);
#1878=VECTOR('',#6480,10.);
#1879=VECTOR('',#6481,10.);
#1880=VECTOR('',#6484,10.);
#1881=VECTOR('',#6487,10.);
#1882=VECTOR('',#6488,10.);
#1883=VECTOR('',#6489,10.);
#1884=VECTOR('',#6490,10.);
#1885=VECTOR('',#6491,10.);
#1886=VECTOR('',#6492,10.);
#1887=VECTOR('',#6493,10.);
#1888=VECTOR('',#6494,10.);
#1889=VECTOR('',#6495,10.);
#1890=VECTOR('',#6496,10.);
#1891=VECTOR('',#6499,10.);
#1892=VECTOR('',#6502,10.);
#1893=VECTOR('',#6503,10.);
#1894=VECTOR('',#6506,10.);
#1895=VECTOR('',#6507,10.);
#1896=VECTOR('',#6510,10.);
#1897=VECTOR('',#6513,10.);
#1898=VECTOR('',#6514,10.);
#1899=VECTOR('',#6517,10.);
#1900=VECTOR('',#6520,10.);
#1901=VECTOR('',#6523,10.);
#1902=VECTOR('',#6526,10.);
#1903=VECTOR('',#6531,10.);
#1904=VECTOR('',#6532,10.);
#1905=VECTOR('',#6537,10.);
#1906=VECTOR('',#6540,10.);
#1907=VECTOR('',#6541,10.);
#1908=VECTOR('',#6542,10.);
#1909=VECTOR('',#6543,10.);
#1910=VECTOR('',#6544,10.);
#1911=VECTOR('',#6547,10.);
#1912=VECTOR('',#6548,10.);
#1913=VECTOR('',#6549,10.);
#1914=VECTOR('',#6550,10.);
#1915=VECTOR('',#6551,10.);
#1916=VECTOR('',#6554,10.);
#1917=VECTOR('',#6555,10.);
#1918=VECTOR('',#6558,10.);
#1919=VECTOR('',#6561,10.);
#1920=VERTEX_POINT('',#6574);
#1921=VERTEX_POINT('',#6575);
#1922=VERTEX_POINT('',#6577);
#1923=VERTEX_POINT('',#6579);
#1924=VERTEX_POINT('',#6583);
#1925=VERTEX_POINT('',#6585);
#1926=VERTEX_POINT('',#6587);
#1927=VERTEX_POINT('',#6589);
#1928=VERTEX_POINT('',#6591);
#1929=VERTEX_POINT('',#6593);
#1930=VERTEX_POINT('',#6595);
#1931=VERTEX_POINT('',#6597);
#1932=VERTEX_POINT('',#6599);
#1933=VERTEX_POINT('',#6601);
#1934=VERTEX_POINT('',#6605);
#1935=VERTEX_POINT('',#6606);
#1936=VERTEX_POINT('',#6609);
#1937=VERTEX_POINT('',#6611);
#1938=VERTEX_POINT('',#6613);
#1939=VERTEX_POINT('',#6615);
#1940=VERTEX_POINT('',#6620);
#1941=VERTEX_POINT('',#6622);
#1942=VERTEX_POINT('',#6624);
#1943=VERTEX_POINT('',#6631);
#1944=VERTEX_POINT('',#6633);
#1945=VERTEX_POINT('',#6635);
#1946=VERTEX_POINT('',#6639);
#1947=VERTEX_POINT('',#6641);
#1948=VERTEX_POINT('',#6643);
#1949=VERTEX_POINT('',#6645);
#1950=VERTEX_POINT('',#6647);
#1951=VERTEX_POINT('',#6649);
#1952=VERTEX_POINT('',#6651);
#1953=VERTEX_POINT('',#6653);
#1954=VERTEX_POINT('',#6655);
#1955=VERTEX_POINT('',#6657);
#1956=VERTEX_POINT('',#6659);
#1957=VERTEX_POINT('',#6661);
#1958=VERTEX_POINT('',#6665);
#1959=VERTEX_POINT('',#6667);
#1960=VERTEX_POINT('',#6671);
#1961=VERTEX_POINT('',#6673);
#1962=VERTEX_POINT('',#6675);
#1963=VERTEX_POINT('',#6677);
#1964=VERTEX_POINT('',#6679);
#1965=VERTEX_POINT('',#6682);
#1966=VERTEX_POINT('',#6686);
#1967=VERTEX_POINT('',#6692);
#1968=VERTEX_POINT('',#6693);
#1969=VERTEX_POINT('',#6695);
#1970=VERTEX_POINT('',#6697);
#1971=VERTEX_POINT('',#6701);
#1972=VERTEX_POINT('',#6702);
#1973=VERTEX_POINT('',#6704);
#1974=VERTEX_POINT('',#6706);
#1975=VERTEX_POINT('',#6715);
#1976=VERTEX_POINT('',#6720);
#1977=VERTEX_POINT('',#6724);
#1978=VERTEX_POINT('',#6725);
#1979=VERTEX_POINT('',#6727);
#1980=VERTEX_POINT('',#6729);
#1981=VERTEX_POINT('',#6733);
#1982=VERTEX_POINT('',#6734);
#1983=VERTEX_POINT('',#6736);
#1984=VERTEX_POINT('',#6738);
#1985=VERTEX_POINT('',#6742);
#1986=VERTEX_POINT('',#6743);
#1987=VERTEX_POINT('',#6745);
#1988=VERTEX_POINT('',#6747);
#1989=VERTEX_POINT('',#6751);
#1990=VERTEX_POINT('',#6752);
#1991=VERTEX_POINT('',#6754);
#1992=VERTEX_POINT('',#6756);
#1993=VERTEX_POINT('',#6760);
#1994=VERTEX_POINT('',#6761);
#1995=VERTEX_POINT('',#6763);
#1996=VERTEX_POINT('',#6765);
#1997=VERTEX_POINT('',#6769);
#1998=VERTEX_POINT('',#6771);
#1999=VERTEX_POINT('',#6775);
#2000=VERTEX_POINT('',#6777);
#2001=VERTEX_POINT('',#6781);
#2002=VERTEX_POINT('',#6783);
#2003=VERTEX_POINT('',#6787);
#2004=VERTEX_POINT('',#6789);
#2005=VERTEX_POINT('',#6793);
#2006=VERTEX_POINT('',#6795);
#2007=VERTEX_POINT('',#6799);
#2008=VERTEX_POINT('',#6801);
#2009=VERTEX_POINT('',#6804);
#2010=VERTEX_POINT('',#6806);
#2011=VERTEX_POINT('',#6809);
#2012=VERTEX_POINT('',#6811);
#2013=VERTEX_POINT('',#6814);
#2014=VERTEX_POINT('',#6816);
#2015=VERTEX_POINT('',#6819);
#2016=VERTEX_POINT('',#6821);
#2017=VERTEX_POINT('',#6824);
#2018=VERTEX_POINT('',#6826);
#2019=VERTEX_POINT('',#6828);
#2020=VERTEX_POINT('',#6832);
#2021=VERTEX_POINT('',#6834);
#2022=VERTEX_POINT('',#6836);
#2023=VERTEX_POINT('',#6839);
#2024=VERTEX_POINT('',#6842);
#2025=VERTEX_POINT('',#6844);
#2026=VERTEX_POINT('',#6846);
#2027=VERTEX_POINT('',#6848);
#2028=VERTEX_POINT('',#6851);
#2029=VERTEX_POINT('',#6854);
#2030=VERTEX_POINT('',#6858);
#2031=VERTEX_POINT('',#6860);
#2032=VERTEX_POINT('',#6862);
#2033=VERTEX_POINT('',#6865);
#2034=VERTEX_POINT('',#6868);
#2035=VERTEX_POINT('',#6870);
#2036=VERTEX_POINT('',#6874);
#2037=VERTEX_POINT('',#6875);
#2038=VERTEX_POINT('',#6880);
#2039=VERTEX_POINT('',#6884);
#2040=VERTEX_POINT('',#6888);
#2041=VERTEX_POINT('',#6904);
#2042=VERTEX_POINT('',#6905);
#2043=VERTEX_POINT('',#6907);
#2044=VERTEX_POINT('',#6909);
#2045=VERTEX_POINT('',#6913);
#2046=VERTEX_POINT('',#6914);
#2047=VERTEX_POINT('',#6919);
#2048=VERTEX_POINT('',#6920);
#2049=VERTEX_POINT('',#6928);
#2050=VERTEX_POINT('',#6930);
#2051=VERTEX_POINT('',#6934);
#2052=VERTEX_POINT('',#6938);
#2053=VERTEX_POINT('',#6941);
#2054=VERTEX_POINT('',#6943);
#2055=VERTEX_POINT('',#6945);
#2056=VERTEX_POINT('',#6947);
#2057=VERTEX_POINT('',#6949);
#2058=VERTEX_POINT('',#6951);
#2059=VERTEX_POINT('',#6953);
#2060=VERTEX_POINT('',#6955);
#2061=VERTEX_POINT('',#6958);
#2062=VERTEX_POINT('',#6960);
#2063=VERTEX_POINT('',#6963);
#2064=VERTEX_POINT('',#6967);
#2065=VERTEX_POINT('',#6971);
#2066=VERTEX_POINT('',#6975);
#2067=VERTEX_POINT('',#6979);
#2068=VERTEX_POINT('',#6981);
#2069=VERTEX_POINT('',#6983);
#2070=VERTEX_POINT('',#6985);
#2071=VERTEX_POINT('',#6987);
#2072=VERTEX_POINT('',#6989);
#2073=VERTEX_POINT('',#6991);
#2074=VERTEX_POINT('',#6993);
#2075=VERTEX_POINT('',#6995);
#2076=VERTEX_POINT('',#6997);
#2077=VERTEX_POINT('',#6999);
#2078=VERTEX_POINT('',#7008);
#2079=VERTEX_POINT('',#7011);
#2080=VERTEX_POINT('',#7014);
#2081=VERTEX_POINT('',#7020);
#2082=VERTEX_POINT('',#7025);
#2083=VERTEX_POINT('',#7028);
#2084=VERTEX_POINT('',#7031);
#2085=VERTEX_POINT('',#7039);
#2086=VERTEX_POINT('',#7040);
#2087=VERTEX_POINT('',#7045);
#2088=VERTEX_POINT('',#7055);
#2089=VERTEX_POINT('',#7057);
#2090=VERTEX_POINT('',#7069);
#2091=VERTEX_POINT('',#7073);
#2092=VERTEX_POINT('',#7075);
#2093=VERTEX_POINT('',#7079);
#2094=VERTEX_POINT('',#7086);
#2095=VERTEX_POINT('',#7088);
#2096=VERTEX_POINT('',#7090);
#2097=VERTEX_POINT('',#7094);
#2098=VERTEX_POINT('',#7098);
#2099=VERTEX_POINT('',#7108);
#2100=VERTEX_POINT('',#7110);
#2101=VERTEX_POINT('',#7113);
#2102=VERTEX_POINT('',#7117);
#2103=VERTEX_POINT('',#7120);
#2104=VERTEX_POINT('',#7124);
#2105=VERTEX_POINT('',#7135);
#2106=VERTEX_POINT('',#7137);
#2107=VERTEX_POINT('',#7141);
#2108=VERTEX_POINT('',#7146);
#2109=VERTEX_POINT('',#7151);
#2110=VERTEX_POINT('',#7154);
#2111=VERTEX_POINT('',#7158);
#2112=VERTEX_POINT('',#7163);
#2113=VERTEX_POINT('',#7168);
#2114=VERTEX_POINT('',#7173);
#2115=VERTEX_POINT('',#7175);
#2116=VERTEX_POINT('',#7180);
#2117=VERTEX_POINT('',#7182);
#2118=VERTEX_POINT('',#7187);
#2119=VERTEX_POINT('',#7192);
#2120=VERTEX_POINT('',#7196);
#2121=VERTEX_POINT('',#7202);
#2122=VERTEX_POINT('',#7227);
#2123=VERTEX_POINT('',#7228);
#2124=VERTEX_POINT('',#7230);
#2125=VERTEX_POINT('',#7234);
#2126=VERTEX_POINT('',#7235);
#2127=VERTEX_POINT('',#7237);
#2128=VERTEX_POINT('',#7239);
#2129=VERTEX_POINT('',#7243);
#2130=VERTEX_POINT('',#7245);
#2131=VERTEX_POINT('',#7250);
#2132=VERTEX_POINT('',#7254);
#2133=VERTEX_POINT('',#7255);
#2134=VERTEX_POINT('',#7257);
#2135=VERTEX_POINT('',#7261);
#2136=VERTEX_POINT('',#7263);
#2137=VERTEX_POINT('',#7265);
#2138=VERTEX_POINT('',#7269);
#2139=VERTEX_POINT('',#7271);
#2140=VERTEX_POINT('',#7275);
#2141=VERTEX_POINT('',#7277);
#2142=VERTEX_POINT('',#7281);
#2143=VERTEX_POINT('',#7282);
#2144=VERTEX_POINT('',#7284);
#2145=VERTEX_POINT('',#7286);
#2146=VERTEX_POINT('',#7288);
#2147=VERTEX_POINT('',#7290);
#2148=VERTEX_POINT('',#7292);
#2149=VERTEX_POINT('',#7294);
#2150=VERTEX_POINT('',#7298);
#2151=VERTEX_POINT('',#7300);
#2152=VERTEX_POINT('',#7304);
#2153=VERTEX_POINT('',#7305);
#2154=VERTEX_POINT('',#7307);
#2155=VERTEX_POINT('',#7309);
#2156=VERTEX_POINT('',#7313);
#2157=VERTEX_POINT('',#7315);
#2158=VERTEX_POINT('',#7317);
#2159=VERTEX_POINT('',#7319);
#2160=VERTEX_POINT('',#7321);
#2161=VERTEX_POINT('',#7323);
#2162=VERTEX_POINT('',#7325);
#2163=VERTEX_POINT('',#7327);
#2164=VERTEX_POINT('',#7329);
#2165=VERTEX_POINT('',#7331);
#2166=VERTEX_POINT('',#7335);
#2167=VERTEX_POINT('',#7339);
#2168=VERTEX_POINT('',#7340);
#2169=VERTEX_POINT('',#7345);
#2170=VERTEX_POINT('',#7349);
#2171=VERTEX_POINT('',#7353);
#2172=VERTEX_POINT('',#7359);
#2173=VERTEX_POINT('',#7361);
#2174=VERTEX_POINT('',#7366);
#2175=VERTEX_POINT('',#7368);
#2176=VERTEX_POINT('',#7370);
#2177=VERTEX_POINT('',#7372);
#2178=VERTEX_POINT('',#7375);
#2179=VERTEX_POINT('',#7378);
#2180=VERTEX_POINT('',#7382);
#2181=VERTEX_POINT('',#7386);
#2182=VERTEX_POINT('',#7390);
#2183=VERTEX_POINT('',#7392);
#2184=VERTEX_POINT('',#7394);
#2185=VERTEX_POINT('',#7396);
#2186=VERTEX_POINT('',#7398);
#2187=VERTEX_POINT('',#7400);
#2188=VERTEX_POINT('',#7402);
#2189=VERTEX_POINT('',#7404);
#2190=VERTEX_POINT('',#7406);
#2191=VERTEX_POINT('',#7408);
#2192=VERTEX_POINT('',#7410);
#2193=VERTEX_POINT('',#7412);
#2194=VERTEX_POINT('',#7414);
#2195=VERTEX_POINT('',#7416);
#2196=VERTEX_POINT('',#7418);
#2197=VERTEX_POINT('',#7420);
#2198=VERTEX_POINT('',#7422);
#2199=VERTEX_POINT('',#7424);
#2200=VERTEX_POINT('',#7426);
#2201=VERTEX_POINT('',#7430);
#2202=VERTEX_POINT('',#7432);
#2203=VERTEX_POINT('',#7434);
#2204=VERTEX_POINT('',#7436);
#2205=VERTEX_POINT('',#7438);
#2206=VERTEX_POINT('',#7441);
#2207=VERTEX_POINT('',#7444);
#2208=VERTEX_POINT('',#7448);
#2209=VERTEX_POINT('',#7450);
#2210=VERTEX_POINT('',#7452);
#2211=VERTEX_POINT('',#7454);
#2212=VERTEX_POINT('',#7457);
#2213=VERTEX_POINT('',#7460);
#2214=VERTEX_POINT('',#7464);
#2215=VERTEX_POINT('',#7466);
#2216=VERTEX_POINT('',#7468);
#2217=VERTEX_POINT('',#7470);
#2218=VERTEX_POINT('',#7473);
#2219=VERTEX_POINT('',#7476);
#2220=VERTEX_POINT('',#7480);
#2221=VERTEX_POINT('',#7482);
#2222=VERTEX_POINT('',#7484);
#2223=VERTEX_POINT('',#7486);
#2224=VERTEX_POINT('',#7489);
#2225=VERTEX_POINT('',#7492);
#2226=VERTEX_POINT('',#7496);
#2227=VERTEX_POINT('',#7498);
#2228=VERTEX_POINT('',#7500);
#2229=VERTEX_POINT('',#7502);
#2230=VERTEX_POINT('',#7504);
#2231=VERTEX_POINT('',#7509);
#2232=VERTEX_POINT('',#7514);
#2233=VERTEX_POINT('',#7517);
#2234=VERTEX_POINT('',#7521);
#2235=VERTEX_POINT('',#7523);
#2236=VERTEX_POINT('',#7528);
#2237=VERTEX_POINT('',#7533);
#2238=VERTEX_POINT('',#7538);
#2239=VERTEX_POINT('',#7540);
#2240=VERTEX_POINT('',#7545);
#2241=VERTEX_POINT('',#7548);
#2242=VERTEX_POINT('',#7552);
#2243=VERTEX_POINT('',#7554);
#2244=VERTEX_POINT('',#7559);
#2245=VERTEX_POINT('',#7564);
#2246=VERTEX_POINT('',#7566);
#2247=VERTEX_POINT('',#7570);
#2248=VERTEX_POINT('',#7572);
#2249=VERTEX_POINT('',#7575);
#2250=VERTEX_POINT('',#7582);
#2251=VERTEX_POINT('',#7586);
#2252=VERTEX_POINT('',#7588);
#2253=VERTEX_POINT('',#7590);
#2254=VERTEX_POINT('',#7592);
#2255=VERTEX_POINT('',#7596);
#2256=VERTEX_POINT('',#7598);
#2257=VERTEX_POINT('',#7602);
#2258=VERTEX_POINT('',#7605);
#2259=VERTEX_POINT('',#7607);
#2260=VERTEX_POINT('',#7611);
#2261=VERTEX_POINT('',#7615);
#2262=VERTEX_POINT('',#7617);
#2263=VERTEX_POINT('',#7619);
#2264=VERTEX_POINT('',#7621);
#2265=VERTEX_POINT('',#7625);
#2266=VERTEX_POINT('',#7627);
#2267=VERTEX_POINT('',#7631);
#2268=VERTEX_POINT('',#7634);
#2269=VERTEX_POINT('',#7636);
#2270=VERTEX_POINT('',#7651);
#2271=VERTEX_POINT('',#7653);
#2272=VERTEX_POINT('',#7655);
#2273=VERTEX_POINT('',#7657);
#2274=VERTEX_POINT('',#7665);
#2275=VERTEX_POINT('',#7667);
#2276=VERTEX_POINT('',#7669);
#2277=VERTEX_POINT('',#7671);
#2278=VERTEX_POINT('',#7673);
#2279=VERTEX_POINT('',#7687);
#2280=VERTEX_POINT('',#7688);
#2281=VERTEX_POINT('',#7690);
#2282=VERTEX_POINT('',#7692);
#2283=VERTEX_POINT('',#7696);
#2284=VERTEX_POINT('',#7697);
#2285=VERTEX_POINT('',#7699);
#2286=VERTEX_POINT('',#7701);
#2287=VERTEX_POINT('',#7706);
#2288=VERTEX_POINT('',#7711);
#2289=VERTEX_POINT('',#7713);
#2290=VERTEX_POINT('',#7715);
#2291=VERTEX_POINT('',#7717);
#2292=VERTEX_POINT('',#7721);
#2293=VERTEX_POINT('',#7723);
#2294=VERTEX_POINT('',#7725);
#2295=VERTEX_POINT('',#7727);
#2296=VERTEX_POINT('',#7729);
#2297=VERTEX_POINT('',#7731);
#2298=VERTEX_POINT('',#7735);
#2299=VERTEX_POINT('',#7736);
#2300=VERTEX_POINT('',#7738);
#2301=VERTEX_POINT('',#7740);
#2302=VERTEX_POINT('',#7744);
#2303=VERTEX_POINT('',#7745);
#2304=VERTEX_POINT('',#7747);
#2305=VERTEX_POINT('',#7749);
#2306=VERTEX_POINT('',#7753);
#2307=VERTEX_POINT('',#7758);
#2308=VERTEX_POINT('',#7760);
#2309=VERTEX_POINT('',#7762);
#2310=VERTEX_POINT('',#7767);
#2311=VERTEX_POINT('',#7768);
#2312=VERTEX_POINT('',#7770);
#2313=VERTEX_POINT('',#7772);
#2314=VERTEX_POINT('',#7776);
#2315=VERTEX_POINT('',#7777);
#2316=VERTEX_POINT('',#7779);
#2317=VERTEX_POINT('',#7781);
#2318=VERTEX_POINT('',#7786);
#2319=VERTEX_POINT('',#7790);
#2320=VERTEX_POINT('',#7791);
#2321=VERTEX_POINT('',#7796);
#2322=VERTEX_POINT('',#7797);
#2323=VERTEX_POINT('',#7799);
#2324=VERTEX_POINT('',#7801);
#2325=VERTEX_POINT('',#7817);
#2326=VERTEX_POINT('',#7818);
#2327=VERTEX_POINT('',#7823);
#2328=VERTEX_POINT('',#7834);
#2329=VERTEX_POINT('',#7835);
#2330=VERTEX_POINT('',#7837);
#2331=VERTEX_POINT('',#7839);
#2332=VERTEX_POINT('',#7843);
#2333=VERTEX_POINT('',#7845);
#2334=VERTEX_POINT('',#7849);
#2335=VERTEX_POINT('',#7851);
#2336=VERTEX_POINT('',#7857);
#2337=VERTEX_POINT('',#7858);
#2338=VERTEX_POINT('',#7860);
#2339=VERTEX_POINT('',#7862);
#2340=VERTEX_POINT('',#7866);
#2341=VERTEX_POINT('',#7868);
#2342=VERTEX_POINT('',#7872);
#2343=VERTEX_POINT('',#7873);
#2344=VERTEX_POINT('',#7880);
#2345=VERTEX_POINT('',#7885);
#2346=VERTEX_POINT('',#7889);
#2347=VERTEX_POINT('',#7891);
#2348=VERTEX_POINT('',#7897);
#2349=VERTEX_POINT('',#7901);
#2350=VERTEX_POINT('',#7907);
#2351=VERTEX_POINT('',#7926);
#2352=VERTEX_POINT('',#7928);
#2353=VERTEX_POINT('',#7930);
#2354=VERTEX_POINT('',#7932);
#2355=VERTEX_POINT('',#7936);
#2356=VERTEX_POINT('',#7938);
#2357=VERTEX_POINT('',#7940);
#2358=VERTEX_POINT('',#7942);
#2359=EDGE_CURVE('',#1920,#1921,#768,.T.);
#2360=EDGE_CURVE('',#1922,#1920,#769,.T.);
#2361=EDGE_CURVE('',#1923,#1922,#770,.T.);
#2362=EDGE_CURVE('',#1921,#1923,#771,.T.);
#2363=EDGE_CURVE('',#1920,#1924,#772,.T.);
#2364=EDGE_CURVE('',#1921,#1925,#773,.T.);
#2365=EDGE_CURVE('',#1926,#1925,#774,.T.);
#2366=EDGE_CURVE('',#1927,#1926,#775,.T.);
#2367=EDGE_CURVE('',#1928,#1927,#776,.T.);
#2368=EDGE_CURVE('',#1929,#1928,#777,.T.);
#2369=EDGE_CURVE('',#1930,#1929,#778,.T.);
#2370=EDGE_CURVE('',#1931,#1930,#779,.T.);
#2371=EDGE_CURVE('',#1932,#1931,#780,.T.);
#2372=EDGE_CURVE('',#1933,#1932,#781,.T.);
#2373=EDGE_CURVE('',#1924,#1933,#782,.T.);
#2374=EDGE_CURVE('',#1934,#1935,#783,.T.);
#2375=EDGE_CURVE('',#1923,#1934,#784,.T.);
#2376=EDGE_CURVE('',#1936,#1922,#785,.T.);
#2377=EDGE_CURVE('',#1937,#1936,#786,.T.);
#2378=EDGE_CURVE('',#1938,#1937,#787,.T.);
#2379=EDGE_CURVE('',#1939,#1938,#788,.T.);
#2380=EDGE_CURVE('',#1935,#1939,#789,.T.);
#2381=EDGE_CURVE('',#1925,#1934,#790,.T.);
#2382=EDGE_CURVE('',#1940,#1935,#791,.T.);
#2383=EDGE_CURVE('',#1941,#1940,#792,.T.);
#2384=EDGE_CURVE('',#1942,#1941,#793,.T.);
#2385=EDGE_CURVE('',#1926,#1942,#794,.T.);
#2386=EDGE_CURVE('',#1924,#1936,#795,.T.);
#2387=EDGE_CURVE('',#1943,#1933,#796,.T.);
#2388=EDGE_CURVE('',#1944,#1943,#797,.T.);
#2389=EDGE_CURVE('',#1945,#1944,#798,.T.);
#2390=EDGE_CURVE('',#1937,#1945,#799,.T.);
#2391=EDGE_CURVE('',#1932,#1946,#800,.T.);
#2392=EDGE_CURVE('',#1947,#1946,#801,.T.);
#2393=EDGE_CURVE('',#1948,#1947,#802,.F.);
#2394=EDGE_CURVE('',#1948,#1949,#803,.T.);
#2395=EDGE_CURVE('',#1949,#1950,#804,.T.);
#2396=EDGE_CURVE('',#1951,#1950,#805,.T.);
#2397=EDGE_CURVE('',#1952,#1951,#806,.T.);
#2398=EDGE_CURVE('',#1952,#1953,#807,.T.);
#2399=EDGE_CURVE('',#1953,#1954,#808,.T.);
#2400=EDGE_CURVE('',#1954,#1955,#809,.T.);
#2401=EDGE_CURVE('',#1955,#1956,#810,.T.);
#2402=EDGE_CURVE('',#1956,#1957,#811,.T.);
#2403=EDGE_CURVE('',#1957,#1943,#812,.T.);
#2404=EDGE_CURVE('',#1931,#1958,#813,.T.);
#2405=EDGE_CURVE('',#1959,#1930,#814,.T.);
#2406=EDGE_CURVE('',#1958,#1959,#815,.T.);
#2407=EDGE_CURVE('',#1960,#1927,#816,.T.);
#2408=EDGE_CURVE('',#1961,#1960,#817,.T.);
#2409=EDGE_CURVE('',#1962,#1961,#818,.T.);
#2410=EDGE_CURVE('',#1963,#1962,#819,.T.);
#2411=EDGE_CURVE('',#1964,#1963,#820,.T.);
#2412=EDGE_CURVE('',#1946,#1964,#821,.T.);
#2413=EDGE_CURVE('',#1958,#1965,#822,.T.);
#2414=EDGE_CURVE('',#1965,#1928,#823,.T.);
#2415=EDGE_CURVE('',#1966,#1965,#824,.T.);
#2416=EDGE_CURVE('',#1929,#1966,#825,.T.);
#2417=EDGE_CURVE('',#1966,#1959,#826,.T.);
#2418=EDGE_CURVE('',#1967,#1968,#827,.T.);
#2419=EDGE_CURVE('',#1969,#1967,#828,.T.);
#2420=EDGE_CURVE('',#1970,#1969,#829,.T.);
#2421=EDGE_CURVE('',#1968,#1970,#830,.T.);
#2422=EDGE_CURVE('',#1971,#1972,#831,.T.);
#2423=EDGE_CURVE('',#1973,#1971,#832,.T.);
#2424=EDGE_CURVE('',#1974,#1973,#833,.T.);
#2425=EDGE_CURVE('',#1972,#1974,#834,.T.);
#2426=EDGE_CURVE('',#1968,#1943,#835,.T.);
#2427=EDGE_CURVE('',#1957,#1967,#836,.T.);
#2428=EDGE_CURVE('',#1944,#1970,#837,.T.);
#2429=EDGE_CURVE('',#1972,#1975,#838,.T.);
#2430=EDGE_CURVE('',#1942,#1975,#839,.T.);
#2431=EDGE_CURVE('',#1942,#1971,#840,.T.);
#2432=EDGE_CURVE('',#1974,#1976,#841,.T.);
#2433=EDGE_CURVE('',#1975,#1976,#842,.T.);
#2434=EDGE_CURVE('',#1977,#1978,#843,.T.);
#2435=EDGE_CURVE('',#1979,#1977,#844,.T.);
#2436=EDGE_CURVE('',#1979,#1980,#845,.T.);
#2437=EDGE_CURVE('',#1978,#1980,#846,.T.);
#2438=EDGE_CURVE('',#1981,#1982,#847,.T.);
#2439=EDGE_CURVE('',#1983,#1981,#848,.T.);
#2440=EDGE_CURVE('',#1983,#1984,#849,.T.);
#2441=EDGE_CURVE('',#1982,#1984,#850,.T.);
#2442=EDGE_CURVE('',#1985,#1986,#851,.T.);
#2443=EDGE_CURVE('',#1987,#1985,#852,.T.);
#2444=EDGE_CURVE('',#1987,#1988,#853,.T.);
#2445=EDGE_CURVE('',#1986,#1988,#854,.T.);
#2446=EDGE_CURVE('',#1989,#1990,#855,.T.);
#2447=EDGE_CURVE('',#1991,#1989,#856,.T.);
#2448=EDGE_CURVE('',#1991,#1992,#857,.T.);
#2449=EDGE_CURVE('',#1990,#1992,#858,.T.);
#2450=EDGE_CURVE('',#1993,#1994,#859,.T.);
#2451=EDGE_CURVE('',#1995,#1993,#860,.T.);
#2452=EDGE_CURVE('',#1995,#1996,#861,.T.);
#2453=EDGE_CURVE('',#1994,#1996,#862,.T.);
#2454=EDGE_CURVE('',#1997,#1948,#863,.T.);
#2455=EDGE_CURVE('',#1997,#1998,#864,.T.);
#2456=EDGE_CURVE('',#1998,#1949,#865,.T.);
#2457=EDGE_CURVE('',#1999,#1997,#866,.T.);
#2458=EDGE_CURVE('',#1999,#2000,#867,.T.);
#2459=EDGE_CURVE('',#2000,#1998,#868,.T.);
#2460=EDGE_CURVE('',#2001,#1999,#869,.T.);
#2461=EDGE_CURVE('',#2001,#2002,#870,.T.);
#2462=EDGE_CURVE('',#2002,#2000,#871,.T.);
#2463=EDGE_CURVE('',#2003,#2001,#872,.T.);
#2464=EDGE_CURVE('',#2003,#2004,#873,.T.);
#2465=EDGE_CURVE('',#2004,#2002,#874,.T.);
#2466=EDGE_CURVE('',#2005,#2003,#875,.T.);
#2467=EDGE_CURVE('',#2005,#2006,#876,.T.);
#2468=EDGE_CURVE('',#2006,#2004,#877,.T.);
#2469=EDGE_CURVE('',#2007,#2006,#878,.T.);
#2470=EDGE_CURVE('',#2008,#2007,#879,.T.);
#2471=EDGE_CURVE('',#1980,#2008,#880,.T.);
#2472=EDGE_CURVE('',#2009,#1979,#881,.T.);
#2473=EDGE_CURVE('',#2010,#2009,#882,.T.);
#2474=EDGE_CURVE('',#1984,#2010,#883,.T.);
#2475=EDGE_CURVE('',#2011,#1983,#884,.T.);
#2476=EDGE_CURVE('',#2012,#2011,#885,.T.);
#2477=EDGE_CURVE('',#1988,#2012,#886,.T.);
#2478=EDGE_CURVE('',#2013,#1987,#887,.T.);
#2479=EDGE_CURVE('',#2014,#2013,#888,.T.);
#2480=EDGE_CURVE('',#1992,#2014,#889,.T.);
#2481=EDGE_CURVE('',#2015,#1991,#890,.T.);
#2482=EDGE_CURVE('',#2016,#2015,#891,.T.);
#2483=EDGE_CURVE('',#1996,#2016,#892,.T.);
#2484=EDGE_CURVE('',#2017,#1995,#893,.T.);
#2485=EDGE_CURVE('',#2018,#2017,#894,.T.);
#2486=EDGE_CURVE('',#2019,#2018,#895,.T.);
#2487=EDGE_CURVE('',#1950,#2019,#896,.T.);
#2488=EDGE_CURVE('',#2020,#1981,#104,.T.);
#2489=EDGE_CURVE('',#2021,#2020,#897,.T.);
#2490=EDGE_CURVE('',#2022,#2021,#898,.T.);
#2491=EDGE_CURVE('',#2022,#2011,#899,.T.);
#2492=EDGE_CURVE('',#2023,#2023,#105,.T.);
#2493=EDGE_CURVE('',#2010,#2024,#900,.T.);
#2494=EDGE_CURVE('',#2025,#2024,#901,.F.);
#2495=EDGE_CURVE('',#2026,#2025,#902,.T.);
#2496=EDGE_CURVE('',#2027,#2026,#903,.T.);
#2497=EDGE_CURVE('',#1982,#2027,#106,.T.);
#2498=EDGE_CURVE('',#2028,#2028,#107,.T.);
#2499=EDGE_CURVE('',#2029,#2009,#904,.T.);
#2500=EDGE_CURVE('',#2024,#2029,#905,.T.);
#2501=EDGE_CURVE('',#2030,#1977,#108,.T.);
#2502=EDGE_CURVE('',#2031,#2030,#906,.T.);
#2503=EDGE_CURVE('',#2032,#2031,#907,.T.);
#2504=EDGE_CURVE('',#2032,#2029,#908,.T.);
#2505=EDGE_CURVE('',#2033,#2033,#109,.T.);
#2506=EDGE_CURVE('',#2007,#2034,#909,.T.);
#2507=EDGE_CURVE('',#2035,#2034,#910,.T.);
#2508=EDGE_CURVE('',#2035,#2008,#911,.T.);
#2509=EDGE_CURVE('',#2036,#2037,#912,.T.);
#2510=EDGE_CURVE('',#2037,#2005,#913,.F.);
#2511=EDGE_CURVE('',#2003,#2036,#914,.T.);
#2512=EDGE_CURVE('',#2038,#2036,#915,.T.);
#2513=EDGE_CURVE('',#2001,#2038,#916,.T.);
#2514=EDGE_CURVE('',#2039,#2038,#917,.T.);
#2515=EDGE_CURVE('',#1999,#2039,#918,.T.);
#2516=EDGE_CURVE('',#2040,#2039,#919,.T.);
#2517=EDGE_CURVE('',#1997,#2040,#920,.T.);
#2518=EDGE_CURVE('',#1947,#2040,#921,.T.);
#2519=EDGE_CURVE('',#2036,#1961,#922,.T.);
#2520=EDGE_CURVE('',#2037,#1960,#923,.T.);
#2521=EDGE_CURVE('',#2038,#1962,#924,.T.);
#2522=EDGE_CURVE('',#2039,#1963,#925,.T.);
#2523=EDGE_CURVE('',#2040,#1964,#926,.T.);
#2524=EDGE_CURVE('',#2041,#2042,#927,.T.);
#2525=EDGE_CURVE('',#2042,#2043,#110,.T.);
#2526=EDGE_CURVE('',#2043,#2044,#928,.T.);
#2527=EDGE_CURVE('',#2044,#2041,#111,.T.);
#2528=EDGE_CURVE('',#2045,#2046,#929,.T.);
#2529=EDGE_CURVE('',#2046,#2042,#930,.T.);
#2530=EDGE_CURVE('',#2041,#2045,#931,.T.);
#2531=EDGE_CURVE('',#2047,#2048,#932,.T.);
#2532=EDGE_CURVE('',#2048,#2046,#112,.T.);
#2533=EDGE_CURVE('',#2045,#2047,#113,.T.);
#2534=EDGE_CURVE('',#2043,#2048,#933,.T.);
#2535=EDGE_CURVE('',#2047,#2044,#934,.T.);
#2536=EDGE_CURVE('',#2049,#2041,#935,.T.);
#2537=EDGE_CURVE('',#2050,#2049,#936,.T.);
#2538=EDGE_CURVE('',#2050,#2045,#937,.T.);
#2539=EDGE_CURVE('',#2051,#2044,#938,.T.);
#2540=EDGE_CURVE('',#2049,#2051,#114,.T.);
#2541=EDGE_CURVE('',#2025,#2052,#939,.T.);
#2542=EDGE_CURVE('',#2032,#2025,#940,.T.);
#2543=EDGE_CURVE('',#2053,#2032,#941,.T.);
#2544=EDGE_CURVE('',#2054,#2053,#942,.T.);
#2545=EDGE_CURVE('',#2055,#2054,#943,.T.);
#2546=EDGE_CURVE('',#2056,#2055,#944,.T.);
#2547=EDGE_CURVE('',#2057,#2056,#945,.T.);
#2548=EDGE_CURVE('',#2058,#2057,#946,.T.);
#2549=EDGE_CURVE('',#2059,#2058,#947,.T.);
#2550=EDGE_CURVE('',#2060,#2059,#948,.T.);
#2551=EDGE_CURVE('',#2052,#2060,#949,.T.);
#2552=EDGE_CURVE('',#2061,#2061,#115,.T.);
#2553=EDGE_CURVE('',#2062,#2062,#116,.T.);
#2554=EDGE_CURVE('',#2063,#2063,#117,.T.);
#2555=EDGE_CURVE('',#2063,#2061,#950,.T.);
#2556=EDGE_CURVE('',#2064,#2064,#118,.T.);
#2557=EDGE_CURVE('',#2064,#2063,#951,.T.);
#2558=EDGE_CURVE('',#2065,#2065,#119,.T.);
#2559=EDGE_CURVE('',#2065,#2062,#952,.T.);
#2560=EDGE_CURVE('',#2066,#2066,#120,.T.);
#2561=EDGE_CURVE('',#2066,#2065,#953,.T.);
#2562=EDGE_CURVE('',#2052,#2067,#954,.T.);
#2563=EDGE_CURVE('',#2067,#2068,#955,.T.);
#2564=EDGE_CURVE('',#2068,#2069,#956,.T.);
#2565=EDGE_CURVE('',#2069,#2070,#957,.T.);
#2566=EDGE_CURVE('',#2070,#2071,#958,.T.);
#2567=EDGE_CURVE('',#2071,#2072,#959,.T.);
#2568=EDGE_CURVE('',#2072,#2073,#960,.T.);
#2569=EDGE_CURVE('',#2073,#2074,#961,.T.);
#2570=EDGE_CURVE('',#2074,#2075,#962,.T.);
#2571=EDGE_CURVE('',#2075,#2076,#963,.T.);
#2572=EDGE_CURVE('',#2076,#2077,#964,.T.);
#2573=EDGE_CURVE('',#2077,#2022,#965,.T.);
#2574=EDGE_CURVE('',#2021,#2026,#966,.T.);
#2575=EDGE_CURVE('',#2020,#2027,#967,.T.);
#2576=EDGE_CURVE('',#2012,#2077,#968,.T.);
#2577=EDGE_CURVE('',#2078,#2076,#969,.T.);
#2578=EDGE_CURVE('',#1986,#2078,#121,.T.);
#2579=EDGE_CURVE('',#2079,#2079,#122,.T.);
#2580=EDGE_CURVE('',#2075,#2080,#970,.T.);
#2581=EDGE_CURVE('',#2080,#2078,#971,.T.);
#2582=EDGE_CURVE('',#2080,#1985,#123,.T.);
#2583=EDGE_CURVE('',#2074,#2013,#972,.T.);
#2584=EDGE_CURVE('',#2081,#2081,#124,.T.);
#2585=EDGE_CURVE('',#2014,#2073,#973,.T.);
#2586=EDGE_CURVE('',#2082,#2072,#974,.T.);
#2587=EDGE_CURVE('',#1990,#2082,#125,.T.);
#2588=EDGE_CURVE('',#2083,#2083,#126,.T.);
#2589=EDGE_CURVE('',#2034,#2084,#975,.T.);
#2590=EDGE_CURVE('',#2084,#2056,#976,.T.);
#2591=EDGE_CURVE('',#2055,#2034,#977,.T.);
#2592=EDGE_CURVE('',#2084,#1952,#978,.T.);
#2593=EDGE_CURVE('',#1952,#2057,#979,.T.);
#2594=EDGE_CURVE('',#2085,#2086,#980,.T.);
#2595=EDGE_CURVE('',#2086,#2060,#981,.T.);
#2596=EDGE_CURVE('',#2059,#2085,#982,.T.);
#2597=EDGE_CURVE('',#2086,#2087,#983,.T.);
#2598=EDGE_CURVE('',#2052,#2087,#984,.T.);
#2599=EDGE_CURVE('',#1951,#2085,#985,.T.);
#2600=EDGE_CURVE('',#2058,#1951,#986,.T.);
#2601=EDGE_CURVE('',#2054,#2035,#987,.T.);
#2602=EDGE_CURVE('',#2088,#2035,#988,.T.);
#2603=EDGE_CURVE('',#2053,#2089,#989,.T.);
#2604=EDGE_CURVE('',#2089,#2088,#990,.T.);
#2605=EDGE_CURVE('',#2031,#2089,#991,.T.);
#2606=EDGE_CURVE('',#2087,#2017,#992,.T.);
#2607=EDGE_CURVE('',#2018,#2086,#993,.T.);
#2608=EDGE_CURVE('',#2085,#2019,#994,.T.);
#2609=EDGE_CURVE('',#2090,#2084,#995,.T.);
#2610=EDGE_CURVE('',#1953,#2090,#996,.T.);
#2611=EDGE_CURVE('',#1976,#2091,#997,.T.);
#2612=EDGE_CURVE('',#2091,#2092,#998,.T.);
#2613=EDGE_CURVE('',#2092,#2090,#999,.T.);
#2614=EDGE_CURVE('',#2088,#2093,#1000,.T.);
#2615=EDGE_CURVE('',#2093,#1978,#127,.T.);
#2616=EDGE_CURVE('',#2030,#2093,#1001,.T.);
#2617=EDGE_CURVE('',#2094,#2051,#1002,.T.);
#2618=EDGE_CURVE('',#2051,#2095,#1003,.T.);
#2619=EDGE_CURVE('',#2095,#2096,#1004,.T.);
#2620=EDGE_CURVE('',#2096,#2094,#1005,.T.);
#2621=EDGE_CURVE('',#2097,#2049,#1006,.T.);
#2622=EDGE_CURVE('',#2094,#2097,#128,.T.);
#2623=EDGE_CURVE('',#2098,#2050,#1007,.T.);
#2624=EDGE_CURVE('',#2097,#2098,#1008,.T.);
#2625=EDGE_CURVE('',#2095,#2050,#129,.T.);
#2626=EDGE_CURVE('',#2098,#2096,#130,.T.);
#2627=EDGE_CURVE('',#2095,#2047,#1009,.T.);
#2628=EDGE_CURVE('',#2099,#2099,#131,.T.);
#2629=EDGE_CURVE('',#2100,#2100,#132,.T.);
#2630=EDGE_CURVE('',#2066,#2101,#1010,.T.);
#2631=EDGE_CURVE('',#2101,#2101,#133,.T.);
#2632=EDGE_CURVE('',#2102,#2102,#134,.T.);
#2633=EDGE_CURVE('',#2064,#2103,#1011,.T.);
#2634=EDGE_CURVE('',#2103,#2103,#135,.T.);
#2635=EDGE_CURVE('',#2104,#2104,#136,.T.);
#2636=EDGE_CURVE('',#1956,#1976,#1012,.T.);
#2637=EDGE_CURVE('',#1955,#2091,#1013,.T.);
#2638=EDGE_CURVE('',#1954,#2092,#1014,.T.);
#2639=EDGE_CURVE('',#1969,#1956,#1015,.T.);
#2640=EDGE_CURVE('',#1941,#1973,#1016,.T.);
#2641=EDGE_CURVE('',#1940,#2105,#1017,.T.);
#2642=EDGE_CURVE('',#2106,#2105,#1018,.T.);
#2643=EDGE_CURVE('',#1945,#2106,#1019,.T.);
#2644=EDGE_CURVE('',#2033,#2107,#1020,.T.);
#2645=EDGE_CURVE('',#2107,#2107,#137,.T.);
#2646=EDGE_CURVE('',#2081,#2108,#1021,.T.);
#2647=EDGE_CURVE('',#2108,#2108,#138,.T.);
#2648=EDGE_CURVE('',#2109,#2109,#139,.T.);
#2649=EDGE_CURVE('',#2110,#2110,#140,.T.);
#2650=EDGE_CURVE('',#2110,#2109,#1022,.T.);
#2651=EDGE_CURVE('',#2111,#2111,#141,.T.);
#2652=EDGE_CURVE('',#2083,#2111,#1023,.T.);
#2653=EDGE_CURVE('',#2112,#2112,#142,.T.);
#2654=EDGE_CURVE('',#2028,#2112,#1024,.T.);
#2655=EDGE_CURVE('',#2113,#2113,#143,.T.);
#2656=EDGE_CURVE('',#2079,#2113,#1025,.T.);
#2657=EDGE_CURVE('',#2114,#2114,#144,.T.);
#2658=EDGE_CURVE('',#2114,#2115,#1026,.T.);
#2659=EDGE_CURVE('',#2115,#2115,#145,.T.);
#2660=EDGE_CURVE('',#2116,#2116,#146,.T.);
#2661=EDGE_CURVE('',#2116,#2117,#1027,.T.);
#2662=EDGE_CURVE('',#2117,#2117,#147,.T.);
#2663=EDGE_CURVE('',#2023,#2118,#1028,.T.);
#2664=EDGE_CURVE('',#2118,#2118,#148,.T.);
#2665=EDGE_CURVE('',#2119,#1993,#149,.T.);
#2666=EDGE_CURVE('',#2067,#2119,#1029,.T.);
#2667=EDGE_CURVE('',#2120,#1989,#150,.T.);
#2668=EDGE_CURVE('',#2071,#2120,#1030,.T.);
#2669=EDGE_CURVE('',#2070,#2015,#1031,.T.);
#2670=EDGE_CURVE('',#2016,#2069,#1032,.T.);
#2671=EDGE_CURVE('',#2121,#2068,#1033,.T.);
#2672=EDGE_CURVE('',#1994,#2121,#151,.T.);
#2673=EDGE_CURVE('',#2120,#2082,#1034,.T.);
#2674=EDGE_CURVE('',#2119,#2121,#1035,.T.);
#2675=EDGE_CURVE('',#2106,#1938,#1036,.T.);
#2676=EDGE_CURVE('',#1939,#2105,#1037,.T.);
#2677=EDGE_CURVE('',#2099,#2104,#1038,.T.);
#2678=EDGE_CURVE('',#2100,#2102,#1039,.T.);
#2679=EDGE_CURVE('',#2122,#2123,#1040,.T.);
#2680=EDGE_CURVE('',#2122,#2124,#1041,.T.);
#2681=EDGE_CURVE('',#2124,#2123,#1042,.T.);
#2682=EDGE_CURVE('',#2125,#2126,#1043,.T.);
#2683=EDGE_CURVE('',#2127,#2126,#1044,.T.);
#2684=EDGE_CURVE('',#2128,#2127,#1045,.T.);
#2685=EDGE_CURVE('',#2128,#2125,#1046,.T.);
#2686=EDGE_CURVE('',#2126,#2129,#152,.T.);
#2687=EDGE_CURVE('',#2130,#2129,#1047,.T.);
#2688=EDGE_CURVE('',#2127,#2130,#153,.T.);
#2689=EDGE_CURVE('',#2129,#2124,#1048,.T.);
#2690=EDGE_CURVE('',#2131,#2122,#1049,.T.);
#2691=EDGE_CURVE('',#2131,#2130,#1050,.T.);
#2692=EDGE_CURVE('',#2132,#2133,#1051,.T.);
#2693=EDGE_CURVE('',#2132,#2134,#1052,.T.);
#2694=EDGE_CURVE('',#2133,#2134,#1053,.T.);
#2695=EDGE_CURVE('',#2134,#2135,#1054,.T.);
#2696=EDGE_CURVE('',#2136,#2135,#1055,.T.);
#2697=EDGE_CURVE('',#2137,#2136,#1056,.T.);
#2698=EDGE_CURVE('',#2137,#2133,#1057,.T.);
#2699=EDGE_CURVE('',#2135,#2138,#154,.T.);
#2700=EDGE_CURVE('',#2139,#2138,#1058,.T.);
#2701=EDGE_CURVE('',#2136,#2139,#155,.T.);
#2702=EDGE_CURVE('',#2138,#2140,#1059,.T.);
#2703=EDGE_CURVE('',#2141,#2140,#1060,.T.);
#2704=EDGE_CURVE('',#2141,#2139,#1061,.T.);
#2705=EDGE_CURVE('',#2142,#2143,#1062,.T.);
#2706=EDGE_CURVE('',#2144,#2142,#1063,.T.);
#2707=EDGE_CURVE('',#2145,#2144,#1064,.T.);
#2708=EDGE_CURVE('',#2146,#2145,#1065,.T.);
#2709=EDGE_CURVE('',#2147,#2146,#1066,.T.);
#2710=EDGE_CURVE('',#2148,#2147,#1067,.T.);
#2711=EDGE_CURVE('',#2149,#2148,#1068,.T.);
#2712=EDGE_CURVE('',#2143,#2149,#1069,.T.);
#2713=EDGE_CURVE('',#2150,#2147,#1070,.T.);
#2714=EDGE_CURVE('',#2150,#2151,#1071,.T.);
#2715=EDGE_CURVE('',#2148,#2151,#1072,.T.);
#2716=EDGE_CURVE('',#2152,#2153,#1073,.T.);
#2717=EDGE_CURVE('',#2154,#2152,#1074,.T.);
#2718=EDGE_CURVE('',#2155,#2154,#1075,.T.);
#2719=EDGE_CURVE('',#2153,#2155,#1076,.T.);
#2720=EDGE_CURVE('',#2154,#2156,#1077,.T.);
#2721=EDGE_CURVE('',#2156,#2157,#1078,.T.);
#2722=EDGE_CURVE('',#2157,#2158,#1079,.T.);
#2723=EDGE_CURVE('',#2158,#2159,#1080,.T.);
#2724=EDGE_CURVE('',#2159,#2160,#1081,.T.);
#2725=EDGE_CURVE('',#2160,#2161,#1082,.T.);
#2726=EDGE_CURVE('',#2161,#2162,#1083,.T.);
#2727=EDGE_CURVE('',#2162,#2163,#1084,.T.);
#2728=EDGE_CURVE('',#2163,#2164,#1085,.T.);
#2729=EDGE_CURVE('',#2164,#2165,#1086,.T.);
#2730=EDGE_CURVE('',#2165,#2155,#1087,.T.);
#2731=EDGE_CURVE('',#2166,#2152,#1088,.T.);
#2732=EDGE_CURVE('',#2166,#2156,#1089,.T.);
#2733=EDGE_CURVE('',#2167,#2168,#1090,.T.);
#2734=EDGE_CURVE('',#2161,#2167,#1091,.T.);
#2735=EDGE_CURVE('',#2168,#2160,#1092,.T.);
#2736=EDGE_CURVE('',#2169,#2159,#1093,.T.);
#2737=EDGE_CURVE('',#2168,#2169,#1094,.T.);
#2738=EDGE_CURVE('',#2169,#2170,#1095,.T.);
#2739=EDGE_CURVE('',#2170,#2158,#1096,.T.);
#2740=EDGE_CURVE('',#2170,#2171,#1097,.T.);
#2741=EDGE_CURVE('',#2171,#2157,#1098,.T.);
#2742=EDGE_CURVE('',#2171,#2166,#1099,.T.);
#2743=EDGE_CURVE('',#2172,#2172,#156,.T.);
#2744=EDGE_CURVE('',#2172,#2173,#1100,.T.);
#2745=EDGE_CURVE('',#2173,#2173,#157,.T.);
#2746=EDGE_CURVE('',#2123,#2132,#1101,.T.);
#2747=EDGE_CURVE('',#2174,#2125,#1102,.T.);
#2748=EDGE_CURVE('',#2175,#2174,#1103,.T.);
#2749=EDGE_CURVE('',#2175,#2176,#1104,.T.);
#2750=EDGE_CURVE('',#2176,#2177,#1105,.F.);
#2751=EDGE_CURVE('',#2140,#2177,#1106,.T.);
#2752=EDGE_CURVE('',#2178,#2178,#158,.T.);
#2753=EDGE_CURVE('',#2179,#2179,#159,.T.);
#2754=EDGE_CURVE('',#2179,#2172,#1107,.T.);
#2755=EDGE_CURVE('',#2180,#2180,#160,.T.);
#2756=EDGE_CURVE('',#2180,#2178,#1108,.T.);
#2757=EDGE_CURVE('',#2181,#2181,#161,.T.);
#2758=EDGE_CURVE('',#2181,#2180,#1109,.T.);
#2759=EDGE_CURVE('',#2133,#2182,#1110,.T.);
#2760=EDGE_CURVE('',#2182,#2183,#1111,.T.);
#2761=EDGE_CURVE('',#2183,#2184,#1112,.T.);
#2762=EDGE_CURVE('',#2184,#2185,#1113,.T.);
#2763=EDGE_CURVE('',#2185,#2186,#1114,.T.);
#2764=EDGE_CURVE('',#2186,#2187,#1115,.T.);
#2765=EDGE_CURVE('',#2187,#2188,#1116,.T.);
#2766=EDGE_CURVE('',#2188,#2189,#1117,.T.);
#2767=EDGE_CURVE('',#2189,#2190,#1118,.T.);
#2768=EDGE_CURVE('',#2190,#2191,#1119,.T.);
#2769=EDGE_CURVE('',#2191,#2192,#1120,.T.);
#2770=EDGE_CURVE('',#2192,#2193,#1121,.T.);
#2771=EDGE_CURVE('',#2193,#2194,#1122,.T.);
#2772=EDGE_CURVE('',#2194,#2195,#1123,.T.);
#2773=EDGE_CURVE('',#2195,#2196,#1124,.T.);
#2774=EDGE_CURVE('',#2196,#2197,#1125,.T.);
#2775=EDGE_CURVE('',#2197,#2198,#1126,.T.);
#2776=EDGE_CURVE('',#2198,#2199,#1127,.T.);
#2777=EDGE_CURVE('',#2199,#2200,#1128,.T.);
#2778=EDGE_CURVE('',#2200,#2122,#1129,.T.);
#2779=EDGE_CURVE('',#2201,#2188,#1130,.T.);
#2780=EDGE_CURVE('',#2202,#2201,#162,.T.);
#2781=EDGE_CURVE('',#2202,#2203,#1131,.T.);
#2782=EDGE_CURVE('',#2204,#2203,#163,.T.);
#2783=EDGE_CURVE('',#2205,#2204,#1132,.T.);
#2784=EDGE_CURVE('',#2189,#2205,#1133,.T.);
#2785=EDGE_CURVE('',#2206,#2206,#164,.T.);
#2786=EDGE_CURVE('',#2187,#2207,#1134,.T.);
#2787=EDGE_CURVE('',#2201,#2207,#1135,.T.);
#2788=EDGE_CURVE('',#2186,#2208,#1136,.T.);
#2789=EDGE_CURVE('',#2209,#2208,#1137,.T.);
#2790=EDGE_CURVE('',#2210,#2209,#165,.T.);
#2791=EDGE_CURVE('',#2211,#2210,#1138,.T.);
#2792=EDGE_CURVE('',#2207,#2211,#166,.T.);
#2793=EDGE_CURVE('',#2212,#2212,#167,.T.);
#2794=EDGE_CURVE('',#2185,#2213,#1139,.T.);
#2795=EDGE_CURVE('',#2208,#2213,#1140,.T.);
#2796=EDGE_CURVE('',#2214,#2184,#1141,.T.);
#2797=EDGE_CURVE('',#2215,#2214,#168,.T.);
#2798=EDGE_CURVE('',#2215,#2216,#1142,.T.);
#2799=EDGE_CURVE('',#2217,#2216,#169,.T.);
#2800=EDGE_CURVE('',#2213,#2217,#1143,.T.);
#2801=EDGE_CURVE('',#2218,#2218,#170,.T.);
#2802=EDGE_CURVE('',#2183,#2219,#1144,.T.);
#2803=EDGE_CURVE('',#2214,#2219,#1145,.T.);
#2804=EDGE_CURVE('',#2182,#2220,#1146,.T.);
#2805=EDGE_CURVE('',#2221,#2220,#1147,.T.);
#2806=EDGE_CURVE('',#2222,#2221,#171,.T.);
#2807=EDGE_CURVE('',#2222,#2223,#1148,.T.);
#2808=EDGE_CURVE('',#2219,#2223,#172,.T.);
#2809=EDGE_CURVE('',#2224,#2224,#173,.T.);
#2810=EDGE_CURVE('',#2225,#2137,#1149,.T.);
#2811=EDGE_CURVE('',#2220,#2225,#1150,.T.);
#2812=EDGE_CURVE('',#2200,#2226,#1151,.T.);
#2813=EDGE_CURVE('',#2226,#2227,#174,.T.);
#2814=EDGE_CURVE('',#2227,#2228,#1152,.T.);
#2815=EDGE_CURVE('',#2228,#2229,#175,.T.);
#2816=EDGE_CURVE('',#2229,#2230,#1153,.T.);
#2817=EDGE_CURVE('',#2230,#2128,#1154,.T.);
#2818=EDGE_CURVE('',#2128,#2131,#1155,.T.);
#2819=EDGE_CURVE('',#2231,#2231,#176,.T.);
#2820=EDGE_CURVE('',#2231,#2212,#1156,.T.);
#2821=EDGE_CURVE('',#2232,#2232,#177,.T.);
#2822=EDGE_CURVE('',#2232,#2233,#1157,.T.);
#2823=EDGE_CURVE('',#2233,#2233,#178,.T.);
#2824=EDGE_CURVE('',#2234,#2234,#179,.T.);
#2825=EDGE_CURVE('',#2234,#2235,#1158,.T.);
#2826=EDGE_CURVE('',#2235,#2235,#180,.T.);
#2827=EDGE_CURVE('',#2236,#2236,#181,.T.);
#2828=EDGE_CURVE('',#2236,#2206,#1159,.T.);
#2829=EDGE_CURVE('',#2237,#2237,#182,.T.);
#2830=EDGE_CURVE('',#2237,#2224,#1160,.T.);
#2831=EDGE_CURVE('',#2238,#2238,#183,.T.);
#2832=EDGE_CURVE('',#2238,#2239,#1161,.T.);
#2833=EDGE_CURVE('',#2239,#2239,#184,.T.);
#2834=EDGE_CURVE('',#2240,#2240,#185,.T.);
#2835=EDGE_CURVE('',#2240,#2241,#1162,.T.);
#2836=EDGE_CURVE('',#2241,#2241,#186,.T.);
#2837=EDGE_CURVE('',#2242,#2242,#187,.T.);
#2838=EDGE_CURVE('',#2242,#2243,#1163,.T.);
#2839=EDGE_CURVE('',#2243,#2243,#188,.T.);
#2840=EDGE_CURVE('',#2244,#2244,#189,.T.);
#2841=EDGE_CURVE('',#2244,#2218,#1164,.T.);
#2842=EDGE_CURVE('',#2245,#2227,#1165,.T.);
#2843=EDGE_CURVE('',#2245,#2246,#1166,.T.);
#2844=EDGE_CURVE('',#2228,#2246,#1167,.T.);
#2845=EDGE_CURVE('',#2198,#2247,#1168,.T.);
#2846=EDGE_CURVE('',#2248,#2247,#1169,.T.);
#2847=EDGE_CURVE('',#2246,#2248,#190,.T.);
#2848=EDGE_CURVE('',#2249,#2245,#191,.T.);
#2849=EDGE_CURVE('',#2199,#2249,#1170,.T.);
#2850=EDGE_CURVE('',#2211,#2202,#1171,.T.);
#2851=EDGE_CURVE('',#2203,#2210,#1172,.T.);
#2852=EDGE_CURVE('',#2250,#2205,#1173,.T.);
#2853=EDGE_CURVE('',#2190,#2250,#1174,.T.);
#2854=EDGE_CURVE('',#2251,#2250,#1175,.T.);
#2855=EDGE_CURVE('',#2252,#2251,#192,.T.);
#2856=EDGE_CURVE('',#2253,#2252,#1176,.T.);
#2857=EDGE_CURVE('',#2254,#2253,#193,.T.);
#2858=EDGE_CURVE('',#2191,#2254,#1177,.T.);
#2859=EDGE_CURVE('',#2253,#2255,#1178,.T.);
#2860=EDGE_CURVE('',#2256,#2252,#1179,.T.);
#2861=EDGE_CURVE('',#2255,#2256,#1180,.T.);
#2862=EDGE_CURVE('',#2257,#2192,#1181,.T.);
#2863=EDGE_CURVE('',#2255,#2257,#194,.T.);
#2864=EDGE_CURVE('',#2258,#2256,#195,.T.);
#2865=EDGE_CURVE('',#2259,#2258,#1182,.T.);
#2866=EDGE_CURVE('',#2193,#2259,#1183,.T.);
#2867=EDGE_CURVE('',#2260,#2259,#1184,.T.);
#2868=EDGE_CURVE('',#2194,#2260,#1185,.T.);
#2869=EDGE_CURVE('',#2261,#2260,#1186,.T.);
#2870=EDGE_CURVE('',#2262,#2261,#196,.T.);
#2871=EDGE_CURVE('',#2263,#2262,#1187,.T.);
#2872=EDGE_CURVE('',#2264,#2263,#197,.T.);
#2873=EDGE_CURVE('',#2195,#2264,#1188,.T.);
#2874=EDGE_CURVE('',#2263,#2265,#1189,.T.);
#2875=EDGE_CURVE('',#2266,#2262,#1190,.T.);
#2876=EDGE_CURVE('',#2265,#2266,#1191,.T.);
#2877=EDGE_CURVE('',#2267,#2196,#1192,.T.);
#2878=EDGE_CURVE('',#2265,#2267,#198,.T.);
#2879=EDGE_CURVE('',#2268,#2266,#199,.T.);
#2880=EDGE_CURVE('',#2269,#2268,#1193,.T.);
#2881=EDGE_CURVE('',#2197,#2269,#1194,.T.);
#2882=EDGE_CURVE('',#2247,#2269,#1195,.T.);
#2883=EDGE_CURVE('',#2223,#2215,#1196,.T.);
#2884=EDGE_CURVE('',#2216,#2222,#1197,.T.);
#2885=EDGE_CURVE('',#2257,#2254,#1198,.T.);
#2886=EDGE_CURVE('',#2267,#2264,#1199,.T.);
#2887=EDGE_CURVE('',#2226,#2249,#1200,.T.);
#2888=EDGE_CURVE('',#2270,#2153,#1201,.T.);
#2889=EDGE_CURVE('',#2271,#2270,#1202,.T.);
#2890=EDGE_CURVE('',#2271,#2272,#1203,.T.);
#2891=EDGE_CURVE('',#2272,#2273,#1204,.T.);
#2892=EDGE_CURVE('',#2230,#2273,#1205,.T.);
#2893=EDGE_CURVE('',#2229,#2248,#1206,.T.);
#2894=EDGE_CURVE('',#2268,#2261,#1207,.T.);
#2895=EDGE_CURVE('',#2258,#2251,#1208,.T.);
#2896=EDGE_CURVE('',#2204,#2209,#1209,.T.);
#2897=EDGE_CURVE('',#2217,#2221,#1210,.T.);
#2898=EDGE_CURVE('',#2225,#2274,#1211,.T.);
#2899=EDGE_CURVE('',#2275,#2274,#1212,.T.);
#2900=EDGE_CURVE('',#2276,#2275,#1213,.T.);
#2901=EDGE_CURVE('',#2277,#2276,#1214,.T.);
#2902=EDGE_CURVE('',#2278,#2277,#1215,.T.);
#2903=EDGE_CURVE('',#2167,#2278,#1216,.T.);
#2904=EDGE_CURVE('',#2279,#2280,#1217,.T.);
#2905=EDGE_CURVE('',#2281,#2279,#1218,.T.);
#2906=EDGE_CURVE('',#2282,#2281,#1219,.T.);
#2907=EDGE_CURVE('',#2282,#2280,#1220,.T.);
#2908=EDGE_CURVE('',#2283,#2284,#1221,.T.);
#2909=EDGE_CURVE('',#2285,#2283,#1222,.T.);
#2910=EDGE_CURVE('',#2285,#2286,#1223,.T.);
#2911=EDGE_CURVE('',#2286,#2284,#1224,.T.);
#2912=EDGE_CURVE('',#2279,#2285,#200,.T.);
#2913=EDGE_CURVE('',#2283,#2287,#1225,.T.);
#2914=EDGE_CURVE('',#2287,#2281,#1226,.T.);
#2915=EDGE_CURVE('',#2287,#2165,#1227,.T.);
#2916=EDGE_CURVE('',#2284,#2288,#1228,.T.);
#2917=EDGE_CURVE('',#2289,#2288,#1229,.T.);
#2918=EDGE_CURVE('',#2290,#2289,#1230,.T.);
#2919=EDGE_CURVE('',#2290,#2291,#1231,.T.);
#2920=EDGE_CURVE('',#2270,#2291,#1232,.T.);
#2921=EDGE_CURVE('',#2289,#2292,#1233,.T.);
#2922=EDGE_CURVE('',#2292,#2293,#1234,.T.);
#2923=EDGE_CURVE('',#2293,#2294,#1235,.T.);
#2924=EDGE_CURVE('',#2294,#2295,#1236,.T.);
#2925=EDGE_CURVE('',#2295,#2296,#1237,.T.);
#2926=EDGE_CURVE('',#2296,#2297,#1238,.T.);
#2927=EDGE_CURVE('',#2297,#2290,#1239,.T.);
#2928=EDGE_CURVE('',#2298,#2299,#1240,.T.);
#2929=EDGE_CURVE('',#2300,#2298,#1241,.T.);
#2930=EDGE_CURVE('',#2301,#2300,#1242,.T.);
#2931=EDGE_CURVE('',#2301,#2299,#1243,.T.);
#2932=EDGE_CURVE('',#2302,#2303,#1244,.T.);
#2933=EDGE_CURVE('',#2304,#2302,#1245,.T.);
#2934=EDGE_CURVE('',#2304,#2305,#1246,.T.);
#2935=EDGE_CURVE('',#2305,#2303,#1247,.T.);
#2936=EDGE_CURVE('',#2302,#2306,#1248,.T.);
#2937=EDGE_CURVE('',#2306,#2300,#1249,.T.);
#2938=EDGE_CURVE('',#2298,#2304,#201,.T.);
#2939=EDGE_CURVE('',#2303,#2307,#1250,.T.);
#2940=EDGE_CURVE('',#2307,#2308,#1251,.T.);
#2941=EDGE_CURVE('',#2309,#2308,#1252,.T.);
#2942=EDGE_CURVE('',#2309,#2163,#1253,.T.);
#2943=EDGE_CURVE('',#2306,#2162,#1254,.T.);
#2944=EDGE_CURVE('',#2310,#2311,#1255,.T.);
#2945=EDGE_CURVE('',#2312,#2310,#1256,.T.);
#2946=EDGE_CURVE('',#2313,#2312,#1257,.T.);
#2947=EDGE_CURVE('',#2313,#2311,#1258,.T.);
#2948=EDGE_CURVE('',#2314,#2315,#1259,.T.);
#2949=EDGE_CURVE('',#2316,#2314,#1260,.T.);
#2950=EDGE_CURVE('',#2317,#2316,#1261,.T.);
#2951=EDGE_CURVE('',#2317,#2315,#1262,.T.);
#2952=EDGE_CURVE('',#2310,#2316,#202,.T.);
#2953=EDGE_CURVE('',#2314,#2318,#1263,.T.);
#2954=EDGE_CURVE('',#2318,#2312,#1264,.T.);
#2955=EDGE_CURVE('',#2319,#2320,#1265,.T.);
#2956=EDGE_CURVE('',#2308,#2319,#1266,.T.);
#2957=EDGE_CURVE('',#2307,#2320,#1267,.T.);
#2958=EDGE_CURVE('',#2321,#2322,#1268,.T.);
#2959=EDGE_CURVE('',#2323,#2321,#1269,.T.);
#2960=EDGE_CURVE('',#2323,#2324,#1270,.T.);
#2961=EDGE_CURVE('',#2324,#2322,#1271,.T.);
#2962=EDGE_CURVE('',#2319,#2323,#203,.T.);
#2963=EDGE_CURVE('',#2321,#2309,#1272,.T.);
#2964=EDGE_CURVE('',#2318,#2164,#1273,.T.);
#2965=EDGE_CURVE('',#2322,#2313,#1274,.T.);
#2966=EDGE_CURVE('',#2317,#2311,#204,.F.);
#2967=EDGE_CURVE('',#2324,#2320,#205,.F.);
#2968=EDGE_CURVE('',#2305,#2299,#206,.F.);
#2969=EDGE_CURVE('',#2325,#2326,#1275,.F.);
#2970=EDGE_CURVE('',#2294,#2325,#1276,.T.);
#2971=EDGE_CURVE('',#2293,#2326,#1277,.T.);
#2972=EDGE_CURVE('',#2326,#2327,#1278,.F.);
#2973=EDGE_CURVE('',#2292,#2327,#1279,.T.);
#2974=EDGE_CURVE('',#2327,#2288,#1280,.F.);
#2975=EDGE_CURVE('',#2286,#2280,#207,.F.);
#2976=EDGE_CURVE('',#2315,#2282,#1281,.T.);
#2977=EDGE_CURVE('',#2325,#2301,#1282,.T.);
#2978=EDGE_CURVE('',#2328,#2329,#1283,.T.);
#2979=EDGE_CURVE('',#2330,#2328,#1284,.T.);
#2980=EDGE_CURVE('',#2330,#2331,#1285,.T.);
#2981=EDGE_CURVE('',#2331,#2329,#1286,.T.);
#2982=EDGE_CURVE('',#2332,#2330,#1287,.T.);
#2983=EDGE_CURVE('',#2332,#2333,#1288,.T.);
#2984=EDGE_CURVE('',#2333,#2331,#1289,.T.);
#2985=EDGE_CURVE('',#2334,#2332,#1290,.T.);
#2986=EDGE_CURVE('',#2334,#2335,#1291,.T.);
#2987=EDGE_CURVE('',#2335,#2333,#1292,.T.);
#2988=EDGE_CURVE('',#2329,#2335,#1293,.T.);
#2989=EDGE_CURVE('',#2336,#2337,#1294,.T.);
#2990=EDGE_CURVE('',#2336,#2338,#1295,.T.);
#2991=EDGE_CURVE('',#2338,#2339,#1296,.T.);
#2992=EDGE_CURVE('',#2339,#2337,#1297,.F.);
#2993=EDGE_CURVE('',#2340,#2336,#1298,.T.);
#2994=EDGE_CURVE('',#2340,#2341,#1299,.T.);
#2995=EDGE_CURVE('',#2341,#2338,#1300,.T.);
#2996=EDGE_CURVE('',#2342,#2343,#1301,.T.);
#2997=EDGE_CURVE('',#2342,#2341,#1302,.T.);
#2998=EDGE_CURVE('',#2343,#2340,#1303,.T.);
#2999=EDGE_CURVE('',#2339,#2342,#1304,.T.);
#3000=EDGE_CURVE('',#2328,#2344,#1305,.T.);
#3001=EDGE_CURVE('',#2277,#2344,#1306,.T.);
#3002=EDGE_CURVE('',#2276,#2176,#1307,.F.);
#3003=EDGE_CURVE('',#2272,#2175,#1308,.T.);
#3004=EDGE_CURVE('',#2345,#2271,#1309,.T.);
#3005=EDGE_CURVE('',#2343,#2345,#1310,.T.);
#3006=EDGE_CURVE('',#2151,#2337,#1311,.T.);
#3007=EDGE_CURVE('',#2346,#2150,#1312,.T.);
#3008=EDGE_CURVE('',#2346,#2347,#1313,.T.);
#3009=EDGE_CURVE('',#2347,#2334,#1314,.T.);
#3010=EDGE_CURVE('',#2291,#2345,#1315,.T.);
#3011=EDGE_CURVE('',#2297,#2348,#1316,.F.);
#3012=EDGE_CURVE('',#2348,#2339,#1317,.F.);
#3013=EDGE_CURVE('',#2344,#2349,#1318,.T.);
#3014=EDGE_CURVE('',#2349,#2278,#1319,.T.);
#3015=EDGE_CURVE('',#2349,#2295,#1320,.T.);
#3016=EDGE_CURVE('',#2335,#2350,#1321,.T.);
#3017=EDGE_CURVE('',#2350,#2296,#1322,.F.);
#3018=EDGE_CURVE('',#2273,#2174,#1323,.T.);
#3019=EDGE_CURVE('',#2177,#2275,#1324,.T.);
#3020=EDGE_CURVE('',#2274,#2141,#1325,.T.);
#3021=EDGE_CURVE('',#2137,#2141,#1326,.T.);
#3022=EDGE_CURVE('',#2347,#2145,#1327,.T.);
#3023=EDGE_CURVE('',#2146,#2346,#1328,.T.);
#3024=EDGE_CURVE('',#2348,#2350,#1329,.T.);
#3025=EDGE_CURVE('',#2351,#2149,#1330,.T.);
#3026=EDGE_CURVE('',#2352,#2351,#1331,.T.);
#3027=EDGE_CURVE('',#2353,#2352,#1332,.T.);
#3028=EDGE_CURVE('',#2354,#2353,#1333,.T.);
#3029=EDGE_CURVE('',#2143,#2354,#1334,.T.);
#3030=EDGE_CURVE('',#2355,#2142,#1335,.T.);
#3031=EDGE_CURVE('',#2355,#2356,#1336,.T.);
#3032=EDGE_CURVE('',#2357,#2356,#1337,.T.);
#3033=EDGE_CURVE('',#2357,#2358,#1338,.T.);
#3034=EDGE_CURVE('',#2144,#2358,#1339,.T.);
#3035=EDGE_CURVE('',#2354,#2355,#1340,.T.);
#3036=EDGE_CURVE('',#2356,#2353,#1341,.T.);
#3037=EDGE_CURVE('',#2352,#2357,#1342,.T.);
#3038=EDGE_CURVE('',#2358,#2351,#1343,.T.);
#3039=ORIENTED_EDGE('',*,*,#2359,.F.);
#3040=ORIENTED_EDGE('',*,*,#2360,.F.);
#3041=ORIENTED_EDGE('',*,*,#2361,.F.);
#3042=ORIENTED_EDGE('',*,*,#2362,.F.);
#3043=ORIENTED_EDGE('',*,*,#2363,.F.);
#3044=ORIENTED_EDGE('',*,*,#2359,.T.);
#3045=ORIENTED_EDGE('',*,*,#2364,.T.);
#3046=ORIENTED_EDGE('',*,*,#2365,.F.);
#3047=ORIENTED_EDGE('',*,*,#2366,.F.);
#3048=ORIENTED_EDGE('',*,*,#2367,.F.);
#3049=ORIENTED_EDGE('',*,*,#2368,.F.);
#3050=ORIENTED_EDGE('',*,*,#2369,.F.);
#3051=ORIENTED_EDGE('',*,*,#2370,.F.);
#3052=ORIENTED_EDGE('',*,*,#2371,.F.);
#3053=ORIENTED_EDGE('',*,*,#2372,.F.);
#3054=ORIENTED_EDGE('',*,*,#2373,.F.);
#3055=ORIENTED_EDGE('',*,*,#2374,.F.);
#3056=ORIENTED_EDGE('',*,*,#2375,.F.);
#3057=ORIENTED_EDGE('',*,*,#2361,.T.);
#3058=ORIENTED_EDGE('',*,*,#2376,.F.);
#3059=ORIENTED_EDGE('',*,*,#2377,.F.);
#3060=ORIENTED_EDGE('',*,*,#2378,.F.);
#3061=ORIENTED_EDGE('',*,*,#2379,.F.);
#3062=ORIENTED_EDGE('',*,*,#2380,.F.);
#3063=ORIENTED_EDGE('',*,*,#2381,.T.);
#3064=ORIENTED_EDGE('',*,*,#2374,.T.);
#3065=ORIENTED_EDGE('',*,*,#2382,.F.);
#3066=ORIENTED_EDGE('',*,*,#2383,.F.);
#3067=ORIENTED_EDGE('',*,*,#2384,.F.);
#3068=ORIENTED_EDGE('',*,*,#2385,.F.);
#3069=ORIENTED_EDGE('',*,*,#2365,.T.);
#3070=ORIENTED_EDGE('',*,*,#2364,.F.);
#3071=ORIENTED_EDGE('',*,*,#2362,.T.);
#3072=ORIENTED_EDGE('',*,*,#2375,.T.);
#3073=ORIENTED_EDGE('',*,*,#2381,.F.);
#3074=ORIENTED_EDGE('',*,*,#2363,.T.);
#3075=ORIENTED_EDGE('',*,*,#2386,.T.);
#3076=ORIENTED_EDGE('',*,*,#2376,.T.);
#3077=ORIENTED_EDGE('',*,*,#2360,.T.);
#3078=ORIENTED_EDGE('',*,*,#2386,.F.);
#3079=ORIENTED_EDGE('',*,*,#2373,.T.);
#3080=ORIENTED_EDGE('',*,*,#2387,.F.);
#3081=ORIENTED_EDGE('',*,*,#2388,.F.);
#3082=ORIENTED_EDGE('',*,*,#2389,.F.);
#3083=ORIENTED_EDGE('',*,*,#2390,.F.);
#3084=ORIENTED_EDGE('',*,*,#2377,.T.);
#3085=ORIENTED_EDGE('',*,*,#2372,.T.);
#3086=ORIENTED_EDGE('',*,*,#2391,.T.);
#3087=ORIENTED_EDGE('',*,*,#2392,.F.);
#3088=ORIENTED_EDGE('',*,*,#2393,.F.);
#3089=ORIENTED_EDGE('',*,*,#2394,.T.);
#3090=ORIENTED_EDGE('',*,*,#2395,.T.);
#3091=ORIENTED_EDGE('',*,*,#2396,.F.);
#3092=ORIENTED_EDGE('',*,*,#2397,.F.);
#3093=ORIENTED_EDGE('',*,*,#2398,.T.);
#3094=ORIENTED_EDGE('',*,*,#2399,.T.);
#3095=ORIENTED_EDGE('',*,*,#2400,.T.);
#3096=ORIENTED_EDGE('',*,*,#2401,.T.);
#3097=ORIENTED_EDGE('',*,*,#2402,.T.);
#3098=ORIENTED_EDGE('',*,*,#2403,.T.);
#3099=ORIENTED_EDGE('',*,*,#2387,.T.);
#3100=ORIENTED_EDGE('',*,*,#2404,.F.);
#3101=ORIENTED_EDGE('',*,*,#2370,.T.);
#3102=ORIENTED_EDGE('',*,*,#2405,.F.);
#3103=ORIENTED_EDGE('',*,*,#2406,.F.);
#3104=ORIENTED_EDGE('',*,*,#2367,.T.);
#3105=ORIENTED_EDGE('',*,*,#2407,.F.);
#3106=ORIENTED_EDGE('',*,*,#2408,.F.);
#3107=ORIENTED_EDGE('',*,*,#2409,.F.);
#3108=ORIENTED_EDGE('',*,*,#2410,.F.);
#3109=ORIENTED_EDGE('',*,*,#2411,.F.);
#3110=ORIENTED_EDGE('',*,*,#2412,.F.);
#3111=ORIENTED_EDGE('',*,*,#2391,.F.);
#3112=ORIENTED_EDGE('',*,*,#2371,.T.);
#3113=ORIENTED_EDGE('',*,*,#2404,.T.);
#3114=ORIENTED_EDGE('',*,*,#2413,.T.);
#3115=ORIENTED_EDGE('',*,*,#2414,.T.);
#3116=ORIENTED_EDGE('',*,*,#2414,.F.);
#3117=ORIENTED_EDGE('',*,*,#2415,.F.);
#3118=ORIENTED_EDGE('',*,*,#2416,.F.);
#3119=ORIENTED_EDGE('',*,*,#2368,.T.);
#3120=ORIENTED_EDGE('',*,*,#2413,.F.);
#3121=ORIENTED_EDGE('',*,*,#2406,.T.);
#3122=ORIENTED_EDGE('',*,*,#2417,.F.);
#3123=ORIENTED_EDGE('',*,*,#2415,.T.);
#3124=ORIENTED_EDGE('',*,*,#2418,.F.);
#3125=ORIENTED_EDGE('',*,*,#2419,.F.);
#3126=ORIENTED_EDGE('',*,*,#2420,.F.);
#3127=ORIENTED_EDGE('',*,*,#2421,.F.);
#3128=ORIENTED_EDGE('',*,*,#2422,.F.);
#3129=ORIENTED_EDGE('',*,*,#2423,.F.);
#3130=ORIENTED_EDGE('',*,*,#2424,.F.);
#3131=ORIENTED_EDGE('',*,*,#2425,.F.);
#3132=ORIENTED_EDGE('',*,*,#2418,.T.);
#3133=ORIENTED_EDGE('',*,*,#2426,.T.);
#3134=ORIENTED_EDGE('',*,*,#2403,.F.);
#3135=ORIENTED_EDGE('',*,*,#2427,.T.);
#3136=ORIENTED_EDGE('',*,*,#2421,.T.);
#3137=ORIENTED_EDGE('',*,*,#2428,.F.);
#3138=ORIENTED_EDGE('',*,*,#2388,.T.);
#3139=ORIENTED_EDGE('',*,*,#2426,.F.);
#3140=ORIENTED_EDGE('',*,*,#2422,.T.);
#3141=ORIENTED_EDGE('',*,*,#2429,.T.);
#3142=ORIENTED_EDGE('',*,*,#2430,.F.);
#3143=ORIENTED_EDGE('',*,*,#2431,.T.);
#3144=ORIENTED_EDGE('',*,*,#2425,.T.);
#3145=ORIENTED_EDGE('',*,*,#2432,.T.);
#3146=ORIENTED_EDGE('',*,*,#2433,.F.);
#3147=ORIENTED_EDGE('',*,*,#2429,.F.);
#3148=ORIENTED_EDGE('',*,*,#2434,.F.);
#3149=ORIENTED_EDGE('',*,*,#2435,.F.);
#3150=ORIENTED_EDGE('',*,*,#2436,.T.);
#3151=ORIENTED_EDGE('',*,*,#2437,.F.);
#3152=ORIENTED_EDGE('',*,*,#2438,.F.);
#3153=ORIENTED_EDGE('',*,*,#2439,.F.);
#3154=ORIENTED_EDGE('',*,*,#2440,.T.);
#3155=ORIENTED_EDGE('',*,*,#2441,.F.);
#3156=ORIENTED_EDGE('',*,*,#2442,.F.);
#3157=ORIENTED_EDGE('',*,*,#2443,.F.);
#3158=ORIENTED_EDGE('',*,*,#2444,.T.);
#3159=ORIENTED_EDGE('',*,*,#2445,.F.);
#3160=ORIENTED_EDGE('',*,*,#2446,.F.);
#3161=ORIENTED_EDGE('',*,*,#2447,.F.);
#3162=ORIENTED_EDGE('',*,*,#2448,.T.);
#3163=ORIENTED_EDGE('',*,*,#2449,.F.);
#3164=ORIENTED_EDGE('',*,*,#2450,.F.);
#3165=ORIENTED_EDGE('',*,*,#2451,.F.);
#3166=ORIENTED_EDGE('',*,*,#2452,.T.);
#3167=ORIENTED_EDGE('',*,*,#2453,.F.);
#3168=ORIENTED_EDGE('',*,*,#2454,.F.);
#3169=ORIENTED_EDGE('',*,*,#2455,.T.);
#3170=ORIENTED_EDGE('',*,*,#2456,.T.);
#3171=ORIENTED_EDGE('',*,*,#2394,.F.);
#3172=ORIENTED_EDGE('',*,*,#2457,.F.);
#3173=ORIENTED_EDGE('',*,*,#2458,.T.);
#3174=ORIENTED_EDGE('',*,*,#2459,.T.);
#3175=ORIENTED_EDGE('',*,*,#2455,.F.);
#3176=ORIENTED_EDGE('',*,*,#2460,.F.);
#3177=ORIENTED_EDGE('',*,*,#2461,.T.);
#3178=ORIENTED_EDGE('',*,*,#2462,.T.);
#3179=ORIENTED_EDGE('',*,*,#2458,.F.);
#3180=ORIENTED_EDGE('',*,*,#2463,.F.);
#3181=ORIENTED_EDGE('',*,*,#2464,.T.);
#3182=ORIENTED_EDGE('',*,*,#2465,.T.);
#3183=ORIENTED_EDGE('',*,*,#2461,.F.);
#3184=ORIENTED_EDGE('',*,*,#2466,.F.);
#3185=ORIENTED_EDGE('',*,*,#2467,.T.);
#3186=ORIENTED_EDGE('',*,*,#2468,.T.);
#3187=ORIENTED_EDGE('',*,*,#2464,.F.);
#3188=ORIENTED_EDGE('',*,*,#2468,.F.);
#3189=ORIENTED_EDGE('',*,*,#2469,.F.);
#3190=ORIENTED_EDGE('',*,*,#2470,.F.);
#3191=ORIENTED_EDGE('',*,*,#2471,.F.);
#3192=ORIENTED_EDGE('',*,*,#2436,.F.);
#3193=ORIENTED_EDGE('',*,*,#2472,.F.);
#3194=ORIENTED_EDGE('',*,*,#2473,.F.);
#3195=ORIENTED_EDGE('',*,*,#2474,.F.);
#3196=ORIENTED_EDGE('',*,*,#2440,.F.);
#3197=ORIENTED_EDGE('',*,*,#2475,.F.);
#3198=ORIENTED_EDGE('',*,*,#2476,.F.);
#3199=ORIENTED_EDGE('',*,*,#2477,.F.);
#3200=ORIENTED_EDGE('',*,*,#2444,.F.);
#3201=ORIENTED_EDGE('',*,*,#2478,.F.);
#3202=ORIENTED_EDGE('',*,*,#2479,.F.);
#3203=ORIENTED_EDGE('',*,*,#2480,.F.);
#3204=ORIENTED_EDGE('',*,*,#2448,.F.);
#3205=ORIENTED_EDGE('',*,*,#2481,.F.);
#3206=ORIENTED_EDGE('',*,*,#2482,.F.);
#3207=ORIENTED_EDGE('',*,*,#2483,.F.);
#3208=ORIENTED_EDGE('',*,*,#2452,.F.);
#3209=ORIENTED_EDGE('',*,*,#2484,.F.);
#3210=ORIENTED_EDGE('',*,*,#2485,.F.);
#3211=ORIENTED_EDGE('',*,*,#2486,.F.);
#3212=ORIENTED_EDGE('',*,*,#2487,.F.);
#3213=ORIENTED_EDGE('',*,*,#2395,.F.);
#3214=ORIENTED_EDGE('',*,*,#2456,.F.);
#3215=ORIENTED_EDGE('',*,*,#2459,.F.);
#3216=ORIENTED_EDGE('',*,*,#2462,.F.);
#3217=ORIENTED_EDGE('',*,*,#2465,.F.);
#3218=ORIENTED_EDGE('',*,*,#2475,.T.);
#3219=ORIENTED_EDGE('',*,*,#2439,.T.);
#3220=ORIENTED_EDGE('',*,*,#2488,.F.);
#3221=ORIENTED_EDGE('',*,*,#2489,.F.);
#3222=ORIENTED_EDGE('',*,*,#2490,.F.);
#3223=ORIENTED_EDGE('',*,*,#2491,.T.);
#3224=ORIENTED_EDGE('',*,*,#2492,.T.);
#3225=ORIENTED_EDGE('',*,*,#2441,.T.);
#3226=ORIENTED_EDGE('',*,*,#2474,.T.);
#3227=ORIENTED_EDGE('',*,*,#2493,.T.);
#3228=ORIENTED_EDGE('',*,*,#2494,.F.);
#3229=ORIENTED_EDGE('',*,*,#2495,.F.);
#3230=ORIENTED_EDGE('',*,*,#2496,.F.);
#3231=ORIENTED_EDGE('',*,*,#2497,.F.);
#3232=ORIENTED_EDGE('',*,*,#2498,.T.);
#3233=ORIENTED_EDGE('',*,*,#2473,.T.);
#3234=ORIENTED_EDGE('',*,*,#2499,.F.);
#3235=ORIENTED_EDGE('',*,*,#2500,.F.);
#3236=ORIENTED_EDGE('',*,*,#2493,.F.);
#3237=ORIENTED_EDGE('',*,*,#2472,.T.);
#3238=ORIENTED_EDGE('',*,*,#2435,.T.);
#3239=ORIENTED_EDGE('',*,*,#2501,.F.);
#3240=ORIENTED_EDGE('',*,*,#2502,.F.);
#3241=ORIENTED_EDGE('',*,*,#2503,.F.);
#3242=ORIENTED_EDGE('',*,*,#2504,.T.);
#3243=ORIENTED_EDGE('',*,*,#2499,.T.);
#3244=ORIENTED_EDGE('',*,*,#2505,.T.);
#3245=ORIENTED_EDGE('',*,*,#2470,.T.);
#3246=ORIENTED_EDGE('',*,*,#2506,.T.);
#3247=ORIENTED_EDGE('',*,*,#2507,.F.);
#3248=ORIENTED_EDGE('',*,*,#2508,.T.);
#3249=ORIENTED_EDGE('',*,*,#2509,.T.);
#3250=ORIENTED_EDGE('',*,*,#2510,.T.);
#3251=ORIENTED_EDGE('',*,*,#2466,.T.);
#3252=ORIENTED_EDGE('',*,*,#2511,.T.);
#3253=ORIENTED_EDGE('',*,*,#2512,.T.);
#3254=ORIENTED_EDGE('',*,*,#2511,.F.);
#3255=ORIENTED_EDGE('',*,*,#2463,.T.);
#3256=ORIENTED_EDGE('',*,*,#2513,.T.);
#3257=ORIENTED_EDGE('',*,*,#2514,.T.);
#3258=ORIENTED_EDGE('',*,*,#2513,.F.);
#3259=ORIENTED_EDGE('',*,*,#2460,.T.);
#3260=ORIENTED_EDGE('',*,*,#2515,.T.);
#3261=ORIENTED_EDGE('',*,*,#2516,.T.);
#3262=ORIENTED_EDGE('',*,*,#2515,.F.);
#3263=ORIENTED_EDGE('',*,*,#2457,.T.);
#3264=ORIENTED_EDGE('',*,*,#2517,.T.);
#3265=ORIENTED_EDGE('',*,*,#2454,.T.);
#3266=ORIENTED_EDGE('',*,*,#2393,.T.);
#3267=ORIENTED_EDGE('',*,*,#2518,.T.);
#3268=ORIENTED_EDGE('',*,*,#2517,.F.);
#3269=ORIENTED_EDGE('',*,*,#2509,.F.);
#3270=ORIENTED_EDGE('',*,*,#2519,.T.);
#3271=ORIENTED_EDGE('',*,*,#2408,.T.);
#3272=ORIENTED_EDGE('',*,*,#2520,.F.);
#3273=ORIENTED_EDGE('',*,*,#2512,.F.);
#3274=ORIENTED_EDGE('',*,*,#2521,.T.);
#3275=ORIENTED_EDGE('',*,*,#2409,.T.);
#3276=ORIENTED_EDGE('',*,*,#2519,.F.);
#3277=ORIENTED_EDGE('',*,*,#2514,.F.);
#3278=ORIENTED_EDGE('',*,*,#2522,.T.);
#3279=ORIENTED_EDGE('',*,*,#2410,.T.);
#3280=ORIENTED_EDGE('',*,*,#2521,.F.);
#3281=ORIENTED_EDGE('',*,*,#2516,.F.);
#3282=ORIENTED_EDGE('',*,*,#2523,.T.);
#3283=ORIENTED_EDGE('',*,*,#2411,.T.);
#3284=ORIENTED_EDGE('',*,*,#2522,.F.);
#3285=ORIENTED_EDGE('',*,*,#2518,.F.);
#3286=ORIENTED_EDGE('',*,*,#2392,.T.);
#3287=ORIENTED_EDGE('',*,*,#2412,.T.);
#3288=ORIENTED_EDGE('',*,*,#2523,.F.);
#3289=ORIENTED_EDGE('',*,*,#2524,.T.);
#3290=ORIENTED_EDGE('',*,*,#2525,.T.);
#3291=ORIENTED_EDGE('',*,*,#2526,.T.);
#3292=ORIENTED_EDGE('',*,*,#2527,.T.);
#3293=ORIENTED_EDGE('',*,*,#2528,.T.);
#3294=ORIENTED_EDGE('',*,*,#2529,.T.);
#3295=ORIENTED_EDGE('',*,*,#2524,.F.);
#3296=ORIENTED_EDGE('',*,*,#2530,.T.);
#3297=ORIENTED_EDGE('',*,*,#2531,.T.);
#3298=ORIENTED_EDGE('',*,*,#2532,.T.);
#3299=ORIENTED_EDGE('',*,*,#2528,.F.);
#3300=ORIENTED_EDGE('',*,*,#2533,.T.);
#3301=ORIENTED_EDGE('',*,*,#2526,.F.);
#3302=ORIENTED_EDGE('',*,*,#2534,.T.);
#3303=ORIENTED_EDGE('',*,*,#2531,.F.);
#3304=ORIENTED_EDGE('',*,*,#2535,.T.);
#3305=ORIENTED_EDGE('',*,*,#2530,.F.);
#3306=ORIENTED_EDGE('',*,*,#2536,.F.);
#3307=ORIENTED_EDGE('',*,*,#2537,.F.);
#3308=ORIENTED_EDGE('',*,*,#2538,.T.);
#3309=ORIENTED_EDGE('',*,*,#2527,.F.);
#3310=ORIENTED_EDGE('',*,*,#2539,.F.);
#3311=ORIENTED_EDGE('',*,*,#2540,.F.);
#3312=ORIENTED_EDGE('',*,*,#2536,.T.);
#3313=ORIENTED_EDGE('',*,*,#2541,.F.);
#3314=ORIENTED_EDGE('',*,*,#2542,.F.);
#3315=ORIENTED_EDGE('',*,*,#2543,.F.);
#3316=ORIENTED_EDGE('',*,*,#2544,.F.);
#3317=ORIENTED_EDGE('',*,*,#2545,.F.);
#3318=ORIENTED_EDGE('',*,*,#2546,.F.);
#3319=ORIENTED_EDGE('',*,*,#2547,.F.);
#3320=ORIENTED_EDGE('',*,*,#2548,.F.);
#3321=ORIENTED_EDGE('',*,*,#2549,.F.);
#3322=ORIENTED_EDGE('',*,*,#2550,.F.);
#3323=ORIENTED_EDGE('',*,*,#2551,.F.);
#3324=ORIENTED_EDGE('',*,*,#2552,.F.);
#3325=ORIENTED_EDGE('',*,*,#2553,.F.);
#3326=ORIENTED_EDGE('',*,*,#2525,.F.);
#3327=ORIENTED_EDGE('',*,*,#2529,.F.);
#3328=ORIENTED_EDGE('',*,*,#2532,.F.);
#3329=ORIENTED_EDGE('',*,*,#2534,.F.);
#3330=ORIENTED_EDGE('',*,*,#2554,.T.);
#3331=ORIENTED_EDGE('',*,*,#2555,.T.);
#3332=ORIENTED_EDGE('',*,*,#2552,.T.);
#3333=ORIENTED_EDGE('',*,*,#2555,.F.);
#3334=ORIENTED_EDGE('',*,*,#2556,.F.);
#3335=ORIENTED_EDGE('',*,*,#2557,.T.);
#3336=ORIENTED_EDGE('',*,*,#2554,.F.);
#3337=ORIENTED_EDGE('',*,*,#2557,.F.);
#3338=ORIENTED_EDGE('',*,*,#2558,.T.);
#3339=ORIENTED_EDGE('',*,*,#2559,.T.);
#3340=ORIENTED_EDGE('',*,*,#2553,.T.);
#3341=ORIENTED_EDGE('',*,*,#2559,.F.);
#3342=ORIENTED_EDGE('',*,*,#2560,.F.);
#3343=ORIENTED_EDGE('',*,*,#2561,.T.);
#3344=ORIENTED_EDGE('',*,*,#2558,.F.);
#3345=ORIENTED_EDGE('',*,*,#2561,.F.);
#3346=ORIENTED_EDGE('',*,*,#2495,.T.);
#3347=ORIENTED_EDGE('',*,*,#2541,.T.);
#3348=ORIENTED_EDGE('',*,*,#2562,.T.);
#3349=ORIENTED_EDGE('',*,*,#2563,.T.);
#3350=ORIENTED_EDGE('',*,*,#2564,.T.);
#3351=ORIENTED_EDGE('',*,*,#2565,.T.);
#3352=ORIENTED_EDGE('',*,*,#2566,.T.);
#3353=ORIENTED_EDGE('',*,*,#2567,.T.);
#3354=ORIENTED_EDGE('',*,*,#2568,.T.);
#3355=ORIENTED_EDGE('',*,*,#2569,.T.);
#3356=ORIENTED_EDGE('',*,*,#2570,.T.);
#3357=ORIENTED_EDGE('',*,*,#2571,.T.);
#3358=ORIENTED_EDGE('',*,*,#2572,.T.);
#3359=ORIENTED_EDGE('',*,*,#2573,.T.);
#3360=ORIENTED_EDGE('',*,*,#2490,.T.);
#3361=ORIENTED_EDGE('',*,*,#2574,.T.);
#3362=ORIENTED_EDGE('',*,*,#2574,.F.);
#3363=ORIENTED_EDGE('',*,*,#2489,.T.);
#3364=ORIENTED_EDGE('',*,*,#2575,.T.);
#3365=ORIENTED_EDGE('',*,*,#2496,.T.);
#3366=ORIENTED_EDGE('',*,*,#2476,.T.);
#3367=ORIENTED_EDGE('',*,*,#2491,.F.);
#3368=ORIENTED_EDGE('',*,*,#2573,.F.);
#3369=ORIENTED_EDGE('',*,*,#2576,.F.);
#3370=ORIENTED_EDGE('',*,*,#2477,.T.);
#3371=ORIENTED_EDGE('',*,*,#2576,.T.);
#3372=ORIENTED_EDGE('',*,*,#2572,.F.);
#3373=ORIENTED_EDGE('',*,*,#2577,.F.);
#3374=ORIENTED_EDGE('',*,*,#2578,.F.);
#3375=ORIENTED_EDGE('',*,*,#2445,.T.);
#3376=ORIENTED_EDGE('',*,*,#2579,.T.);
#3377=ORIENTED_EDGE('',*,*,#2571,.F.);
#3378=ORIENTED_EDGE('',*,*,#2580,.T.);
#3379=ORIENTED_EDGE('',*,*,#2581,.T.);
#3380=ORIENTED_EDGE('',*,*,#2577,.T.);
#3381=ORIENTED_EDGE('',*,*,#2443,.T.);
#3382=ORIENTED_EDGE('',*,*,#2582,.F.);
#3383=ORIENTED_EDGE('',*,*,#2580,.F.);
#3384=ORIENTED_EDGE('',*,*,#2570,.F.);
#3385=ORIENTED_EDGE('',*,*,#2583,.T.);
#3386=ORIENTED_EDGE('',*,*,#2478,.T.);
#3387=ORIENTED_EDGE('',*,*,#2584,.T.);
#3388=ORIENTED_EDGE('',*,*,#2479,.T.);
#3389=ORIENTED_EDGE('',*,*,#2583,.F.);
#3390=ORIENTED_EDGE('',*,*,#2569,.F.);
#3391=ORIENTED_EDGE('',*,*,#2585,.F.);
#3392=ORIENTED_EDGE('',*,*,#2480,.T.);
#3393=ORIENTED_EDGE('',*,*,#2585,.T.);
#3394=ORIENTED_EDGE('',*,*,#2568,.F.);
#3395=ORIENTED_EDGE('',*,*,#2586,.F.);
#3396=ORIENTED_EDGE('',*,*,#2587,.F.);
#3397=ORIENTED_EDGE('',*,*,#2449,.T.);
#3398=ORIENTED_EDGE('',*,*,#2588,.T.);
#3399=ORIENTED_EDGE('',*,*,#2589,.T.);
#3400=ORIENTED_EDGE('',*,*,#2590,.T.);
#3401=ORIENTED_EDGE('',*,*,#2546,.T.);
#3402=ORIENTED_EDGE('',*,*,#2591,.T.);
#3403=ORIENTED_EDGE('',*,*,#2592,.T.);
#3404=ORIENTED_EDGE('',*,*,#2593,.T.);
#3405=ORIENTED_EDGE('',*,*,#2547,.T.);
#3406=ORIENTED_EDGE('',*,*,#2590,.F.);
#3407=ORIENTED_EDGE('',*,*,#2594,.T.);
#3408=ORIENTED_EDGE('',*,*,#2595,.T.);
#3409=ORIENTED_EDGE('',*,*,#2550,.T.);
#3410=ORIENTED_EDGE('',*,*,#2596,.T.);
#3411=ORIENTED_EDGE('',*,*,#2597,.T.);
#3412=ORIENTED_EDGE('',*,*,#2598,.F.);
#3413=ORIENTED_EDGE('',*,*,#2551,.T.);
#3414=ORIENTED_EDGE('',*,*,#2595,.F.);
#3415=ORIENTED_EDGE('',*,*,#2599,.T.);
#3416=ORIENTED_EDGE('',*,*,#2596,.F.);
#3417=ORIENTED_EDGE('',*,*,#2549,.T.);
#3418=ORIENTED_EDGE('',*,*,#2600,.T.);
#3419=ORIENTED_EDGE('',*,*,#2397,.T.);
#3420=ORIENTED_EDGE('',*,*,#2600,.F.);
#3421=ORIENTED_EDGE('',*,*,#2548,.T.);
#3422=ORIENTED_EDGE('',*,*,#2593,.F.);
#3423=ORIENTED_EDGE('',*,*,#2507,.T.);
#3424=ORIENTED_EDGE('',*,*,#2591,.F.);
#3425=ORIENTED_EDGE('',*,*,#2545,.T.);
#3426=ORIENTED_EDGE('',*,*,#2601,.T.);
#3427=ORIENTED_EDGE('',*,*,#2602,.T.);
#3428=ORIENTED_EDGE('',*,*,#2601,.F.);
#3429=ORIENTED_EDGE('',*,*,#2544,.T.);
#3430=ORIENTED_EDGE('',*,*,#2603,.T.);
#3431=ORIENTED_EDGE('',*,*,#2604,.T.);
#3432=ORIENTED_EDGE('',*,*,#2543,.T.);
#3433=ORIENTED_EDGE('',*,*,#2503,.T.);
#3434=ORIENTED_EDGE('',*,*,#2605,.T.);
#3435=ORIENTED_EDGE('',*,*,#2603,.F.);
#3436=ORIENTED_EDGE('',*,*,#2485,.T.);
#3437=ORIENTED_EDGE('',*,*,#2606,.F.);
#3438=ORIENTED_EDGE('',*,*,#2597,.F.);
#3439=ORIENTED_EDGE('',*,*,#2607,.F.);
#3440=ORIENTED_EDGE('',*,*,#2486,.T.);
#3441=ORIENTED_EDGE('',*,*,#2607,.T.);
#3442=ORIENTED_EDGE('',*,*,#2594,.F.);
#3443=ORIENTED_EDGE('',*,*,#2608,.T.);
#3444=ORIENTED_EDGE('',*,*,#2487,.T.);
#3445=ORIENTED_EDGE('',*,*,#2608,.F.);
#3446=ORIENTED_EDGE('',*,*,#2599,.F.);
#3447=ORIENTED_EDGE('',*,*,#2396,.T.);
#3448=ORIENTED_EDGE('',*,*,#2592,.F.);
#3449=ORIENTED_EDGE('',*,*,#2609,.F.);
#3450=ORIENTED_EDGE('',*,*,#2610,.F.);
#3451=ORIENTED_EDGE('',*,*,#2398,.F.);
#3452=ORIENTED_EDGE('',*,*,#2366,.T.);
#3453=ORIENTED_EDGE('',*,*,#2385,.T.);
#3454=ORIENTED_EDGE('',*,*,#2430,.T.);
#3455=ORIENTED_EDGE('',*,*,#2433,.T.);
#3456=ORIENTED_EDGE('',*,*,#2611,.T.);
#3457=ORIENTED_EDGE('',*,*,#2612,.T.);
#3458=ORIENTED_EDGE('',*,*,#2613,.T.);
#3459=ORIENTED_EDGE('',*,*,#2609,.T.);
#3460=ORIENTED_EDGE('',*,*,#2589,.F.);
#3461=ORIENTED_EDGE('',*,*,#2506,.F.);
#3462=ORIENTED_EDGE('',*,*,#2469,.T.);
#3463=ORIENTED_EDGE('',*,*,#2467,.F.);
#3464=ORIENTED_EDGE('',*,*,#2510,.F.);
#3465=ORIENTED_EDGE('',*,*,#2520,.T.);
#3466=ORIENTED_EDGE('',*,*,#2407,.T.);
#3467=ORIENTED_EDGE('',*,*,#2471,.T.);
#3468=ORIENTED_EDGE('',*,*,#2508,.F.);
#3469=ORIENTED_EDGE('',*,*,#2602,.F.);
#3470=ORIENTED_EDGE('',*,*,#2614,.T.);
#3471=ORIENTED_EDGE('',*,*,#2615,.T.);
#3472=ORIENTED_EDGE('',*,*,#2437,.T.);
#3473=ORIENTED_EDGE('',*,*,#2604,.F.);
#3474=ORIENTED_EDGE('',*,*,#2605,.F.);
#3475=ORIENTED_EDGE('',*,*,#2502,.T.);
#3476=ORIENTED_EDGE('',*,*,#2616,.T.);
#3477=ORIENTED_EDGE('',*,*,#2614,.F.);
#3478=ORIENTED_EDGE('',*,*,#2504,.F.);
#3479=ORIENTED_EDGE('',*,*,#2542,.T.);
#3480=ORIENTED_EDGE('',*,*,#2494,.T.);
#3481=ORIENTED_EDGE('',*,*,#2500,.T.);
#3482=ORIENTED_EDGE('',*,*,#2617,.T.);
#3483=ORIENTED_EDGE('',*,*,#2618,.T.);
#3484=ORIENTED_EDGE('',*,*,#2619,.T.);
#3485=ORIENTED_EDGE('',*,*,#2620,.T.);
#3486=ORIENTED_EDGE('',*,*,#2621,.T.);
#3487=ORIENTED_EDGE('',*,*,#2540,.T.);
#3488=ORIENTED_EDGE('',*,*,#2617,.F.);
#3489=ORIENTED_EDGE('',*,*,#2622,.T.);
#3490=ORIENTED_EDGE('',*,*,#2623,.T.);
#3491=ORIENTED_EDGE('',*,*,#2537,.T.);
#3492=ORIENTED_EDGE('',*,*,#2621,.F.);
#3493=ORIENTED_EDGE('',*,*,#2624,.T.);
#3494=ORIENTED_EDGE('',*,*,#2619,.F.);
#3495=ORIENTED_EDGE('',*,*,#2625,.T.);
#3496=ORIENTED_EDGE('',*,*,#2623,.F.);
#3497=ORIENTED_EDGE('',*,*,#2626,.T.);
#3498=ORIENTED_EDGE('',*,*,#2533,.F.);
#3499=ORIENTED_EDGE('',*,*,#2538,.F.);
#3500=ORIENTED_EDGE('',*,*,#2625,.F.);
#3501=ORIENTED_EDGE('',*,*,#2627,.T.);
#3502=ORIENTED_EDGE('',*,*,#2535,.F.);
#3503=ORIENTED_EDGE('',*,*,#2627,.F.);
#3504=ORIENTED_EDGE('',*,*,#2618,.F.);
#3505=ORIENTED_EDGE('',*,*,#2539,.T.);
#3506=ORIENTED_EDGE('',*,*,#2416,.T.);
#3507=ORIENTED_EDGE('',*,*,#2417,.T.);
#3508=ORIENTED_EDGE('',*,*,#2405,.T.);
#3509=ORIENTED_EDGE('',*,*,#2369,.T.);
#3510=ORIENTED_EDGE('',*,*,#2628,.T.);
#3511=ORIENTED_EDGE('',*,*,#2629,.T.);
#3512=ORIENTED_EDGE('',*,*,#2620,.F.);
#3513=ORIENTED_EDGE('',*,*,#2626,.F.);
#3514=ORIENTED_EDGE('',*,*,#2624,.F.);
#3515=ORIENTED_EDGE('',*,*,#2622,.F.);
#3516=ORIENTED_EDGE('',*,*,#2560,.T.);
#3517=ORIENTED_EDGE('',*,*,#2630,.T.);
#3518=ORIENTED_EDGE('',*,*,#2631,.T.);
#3519=ORIENTED_EDGE('',*,*,#2630,.F.);
#3520=ORIENTED_EDGE('',*,*,#2632,.F.);
#3521=ORIENTED_EDGE('',*,*,#2631,.F.);
#3522=ORIENTED_EDGE('',*,*,#2556,.T.);
#3523=ORIENTED_EDGE('',*,*,#2633,.T.);
#3524=ORIENTED_EDGE('',*,*,#2634,.T.);
#3525=ORIENTED_EDGE('',*,*,#2633,.F.);
#3526=ORIENTED_EDGE('',*,*,#2635,.F.);
#3527=ORIENTED_EDGE('',*,*,#2634,.F.);
#3528=ORIENTED_EDGE('',*,*,#2611,.F.);
#3529=ORIENTED_EDGE('',*,*,#2636,.F.);
#3530=ORIENTED_EDGE('',*,*,#2401,.F.);
#3531=ORIENTED_EDGE('',*,*,#2637,.T.);
#3532=ORIENTED_EDGE('',*,*,#2612,.F.);
#3533=ORIENTED_EDGE('',*,*,#2637,.F.);
#3534=ORIENTED_EDGE('',*,*,#2400,.F.);
#3535=ORIENTED_EDGE('',*,*,#2638,.T.);
#3536=ORIENTED_EDGE('',*,*,#2613,.F.);
#3537=ORIENTED_EDGE('',*,*,#2638,.F.);
#3538=ORIENTED_EDGE('',*,*,#2399,.F.);
#3539=ORIENTED_EDGE('',*,*,#2610,.T.);
#3540=ORIENTED_EDGE('',*,*,#2420,.T.);
#3541=ORIENTED_EDGE('',*,*,#2639,.T.);
#3542=ORIENTED_EDGE('',*,*,#2636,.T.);
#3543=ORIENTED_EDGE('',*,*,#2432,.F.);
#3544=ORIENTED_EDGE('',*,*,#2424,.T.);
#3545=ORIENTED_EDGE('',*,*,#2640,.F.);
#3546=ORIENTED_EDGE('',*,*,#2383,.T.);
#3547=ORIENTED_EDGE('',*,*,#2641,.T.);
#3548=ORIENTED_EDGE('',*,*,#2642,.F.);
#3549=ORIENTED_EDGE('',*,*,#2643,.F.);
#3550=ORIENTED_EDGE('',*,*,#2389,.T.);
#3551=ORIENTED_EDGE('',*,*,#2428,.T.);
#3552=ORIENTED_EDGE('',*,*,#2505,.F.);
#3553=ORIENTED_EDGE('',*,*,#2644,.T.);
#3554=ORIENTED_EDGE('',*,*,#2645,.F.);
#3555=ORIENTED_EDGE('',*,*,#2644,.F.);
#3556=ORIENTED_EDGE('',*,*,#2645,.T.);
#3557=ORIENTED_EDGE('',*,*,#2584,.F.);
#3558=ORIENTED_EDGE('',*,*,#2646,.T.);
#3559=ORIENTED_EDGE('',*,*,#2647,.F.);
#3560=ORIENTED_EDGE('',*,*,#2646,.F.);
#3561=ORIENTED_EDGE('',*,*,#2647,.T.);
#3562=ORIENTED_EDGE('',*,*,#2648,.T.);
#3563=ORIENTED_EDGE('',*,*,#2649,.F.);
#3564=ORIENTED_EDGE('',*,*,#2650,.T.);
#3565=ORIENTED_EDGE('',*,*,#2648,.F.);
#3566=ORIENTED_EDGE('',*,*,#2650,.F.);
#3567=ORIENTED_EDGE('',*,*,#2651,.F.);
#3568=ORIENTED_EDGE('',*,*,#2588,.F.);
#3569=ORIENTED_EDGE('',*,*,#2652,.T.);
#3570=ORIENTED_EDGE('',*,*,#2651,.T.);
#3571=ORIENTED_EDGE('',*,*,#2652,.F.);
#3572=ORIENTED_EDGE('',*,*,#2653,.F.);
#3573=ORIENTED_EDGE('',*,*,#2498,.F.);
#3574=ORIENTED_EDGE('',*,*,#2654,.T.);
#3575=ORIENTED_EDGE('',*,*,#2653,.T.);
#3576=ORIENTED_EDGE('',*,*,#2654,.F.);
#3577=ORIENTED_EDGE('',*,*,#2655,.F.);
#3578=ORIENTED_EDGE('',*,*,#2579,.F.);
#3579=ORIENTED_EDGE('',*,*,#2656,.T.);
#3580=ORIENTED_EDGE('',*,*,#2655,.T.);
#3581=ORIENTED_EDGE('',*,*,#2656,.F.);
#3582=ORIENTED_EDGE('',*,*,#2657,.F.);
#3583=ORIENTED_EDGE('',*,*,#2658,.T.);
#3584=ORIENTED_EDGE('',*,*,#2659,.T.);
#3585=ORIENTED_EDGE('',*,*,#2658,.F.);
#3586=ORIENTED_EDGE('',*,*,#2659,.F.);
#3587=ORIENTED_EDGE('',*,*,#2660,.F.);
#3588=ORIENTED_EDGE('',*,*,#2661,.T.);
#3589=ORIENTED_EDGE('',*,*,#2662,.F.);
#3590=ORIENTED_EDGE('',*,*,#2661,.F.);
#3591=ORIENTED_EDGE('',*,*,#2662,.T.);
#3592=ORIENTED_EDGE('',*,*,#2492,.F.);
#3593=ORIENTED_EDGE('',*,*,#2663,.T.);
#3594=ORIENTED_EDGE('',*,*,#2664,.F.);
#3595=ORIENTED_EDGE('',*,*,#2663,.F.);
#3596=ORIENTED_EDGE('',*,*,#2664,.T.);
#3597=ORIENTED_EDGE('',*,*,#2451,.T.);
#3598=ORIENTED_EDGE('',*,*,#2665,.F.);
#3599=ORIENTED_EDGE('',*,*,#2666,.F.);
#3600=ORIENTED_EDGE('',*,*,#2562,.F.);
#3601=ORIENTED_EDGE('',*,*,#2598,.T.);
#3602=ORIENTED_EDGE('',*,*,#2606,.T.);
#3603=ORIENTED_EDGE('',*,*,#2484,.T.);
#3604=ORIENTED_EDGE('',*,*,#2649,.T.);
#3605=ORIENTED_EDGE('',*,*,#2447,.T.);
#3606=ORIENTED_EDGE('',*,*,#2667,.F.);
#3607=ORIENTED_EDGE('',*,*,#2668,.F.);
#3608=ORIENTED_EDGE('',*,*,#2566,.F.);
#3609=ORIENTED_EDGE('',*,*,#2669,.T.);
#3610=ORIENTED_EDGE('',*,*,#2481,.T.);
#3611=ORIENTED_EDGE('',*,*,#2660,.T.);
#3612=ORIENTED_EDGE('',*,*,#2483,.T.);
#3613=ORIENTED_EDGE('',*,*,#2670,.T.);
#3614=ORIENTED_EDGE('',*,*,#2564,.F.);
#3615=ORIENTED_EDGE('',*,*,#2671,.F.);
#3616=ORIENTED_EDGE('',*,*,#2672,.F.);
#3617=ORIENTED_EDGE('',*,*,#2453,.T.);
#3618=ORIENTED_EDGE('',*,*,#2657,.T.);
#3619=ORIENTED_EDGE('',*,*,#2482,.T.);
#3620=ORIENTED_EDGE('',*,*,#2669,.F.);
#3621=ORIENTED_EDGE('',*,*,#2565,.F.);
#3622=ORIENTED_EDGE('',*,*,#2670,.F.);
#3623=ORIENTED_EDGE('',*,*,#2567,.F.);
#3624=ORIENTED_EDGE('',*,*,#2668,.T.);
#3625=ORIENTED_EDGE('',*,*,#2673,.T.);
#3626=ORIENTED_EDGE('',*,*,#2586,.T.);
#3627=ORIENTED_EDGE('',*,*,#2563,.F.);
#3628=ORIENTED_EDGE('',*,*,#2666,.T.);
#3629=ORIENTED_EDGE('',*,*,#2674,.T.);
#3630=ORIENTED_EDGE('',*,*,#2671,.T.);
#3631=ORIENTED_EDGE('',*,*,#2667,.T.);
#3632=ORIENTED_EDGE('',*,*,#2446,.T.);
#3633=ORIENTED_EDGE('',*,*,#2587,.T.);
#3634=ORIENTED_EDGE('',*,*,#2673,.F.);
#3635=ORIENTED_EDGE('',*,*,#2578,.T.);
#3636=ORIENTED_EDGE('',*,*,#2581,.F.);
#3637=ORIENTED_EDGE('',*,*,#2582,.T.);
#3638=ORIENTED_EDGE('',*,*,#2442,.T.);
#3639=ORIENTED_EDGE('',*,*,#2665,.T.);
#3640=ORIENTED_EDGE('',*,*,#2450,.T.);
#3641=ORIENTED_EDGE('',*,*,#2672,.T.);
#3642=ORIENTED_EDGE('',*,*,#2674,.F.);
#3643=ORIENTED_EDGE('',*,*,#2497,.T.);
#3644=ORIENTED_EDGE('',*,*,#2575,.F.);
#3645=ORIENTED_EDGE('',*,*,#2488,.T.);
#3646=ORIENTED_EDGE('',*,*,#2438,.T.);
#3647=ORIENTED_EDGE('',*,*,#2501,.T.);
#3648=ORIENTED_EDGE('',*,*,#2434,.T.);
#3649=ORIENTED_EDGE('',*,*,#2615,.F.);
#3650=ORIENTED_EDGE('',*,*,#2616,.F.);
#3651=ORIENTED_EDGE('',*,*,#2419,.T.);
#3652=ORIENTED_EDGE('',*,*,#2427,.F.);
#3653=ORIENTED_EDGE('',*,*,#2402,.F.);
#3654=ORIENTED_EDGE('',*,*,#2639,.F.);
#3655=ORIENTED_EDGE('',*,*,#2423,.T.);
#3656=ORIENTED_EDGE('',*,*,#2431,.F.);
#3657=ORIENTED_EDGE('',*,*,#2384,.T.);
#3658=ORIENTED_EDGE('',*,*,#2640,.T.);
#3659=ORIENTED_EDGE('',*,*,#2379,.T.);
#3660=ORIENTED_EDGE('',*,*,#2675,.F.);
#3661=ORIENTED_EDGE('',*,*,#2642,.T.);
#3662=ORIENTED_EDGE('',*,*,#2676,.F.);
#3663=ORIENTED_EDGE('',*,*,#2380,.T.);
#3664=ORIENTED_EDGE('',*,*,#2676,.T.);
#3665=ORIENTED_EDGE('',*,*,#2641,.F.);
#3666=ORIENTED_EDGE('',*,*,#2382,.T.);
#3667=ORIENTED_EDGE('',*,*,#2378,.T.);
#3668=ORIENTED_EDGE('',*,*,#2390,.T.);
#3669=ORIENTED_EDGE('',*,*,#2643,.T.);
#3670=ORIENTED_EDGE('',*,*,#2675,.T.);
#3671=ORIENTED_EDGE('',*,*,#2628,.F.);
#3672=ORIENTED_EDGE('',*,*,#2677,.T.);
#3673=ORIENTED_EDGE('',*,*,#2635,.T.);
#3674=ORIENTED_EDGE('',*,*,#2677,.F.);
#3675=ORIENTED_EDGE('',*,*,#2629,.F.);
#3676=ORIENTED_EDGE('',*,*,#2678,.T.);
#3677=ORIENTED_EDGE('',*,*,#2632,.T.);
#3678=ORIENTED_EDGE('',*,*,#2678,.F.);
#3679=ORIENTED_EDGE('',*,*,#2679,.F.);
#3680=ORIENTED_EDGE('',*,*,#2680,.T.);
#3681=ORIENTED_EDGE('',*,*,#2681,.T.);
#3682=ORIENTED_EDGE('',*,*,#2682,.T.);
#3683=ORIENTED_EDGE('',*,*,#2683,.F.);
#3684=ORIENTED_EDGE('',*,*,#2684,.F.);
#3685=ORIENTED_EDGE('',*,*,#2685,.T.);
#3686=ORIENTED_EDGE('',*,*,#2686,.T.);
#3687=ORIENTED_EDGE('',*,*,#2687,.F.);
#3688=ORIENTED_EDGE('',*,*,#2688,.F.);
#3689=ORIENTED_EDGE('',*,*,#2683,.T.);
#3690=ORIENTED_EDGE('',*,*,#2689,.T.);
#3691=ORIENTED_EDGE('',*,*,#2680,.F.);
#3692=ORIENTED_EDGE('',*,*,#2690,.F.);
#3693=ORIENTED_EDGE('',*,*,#2691,.T.);
#3694=ORIENTED_EDGE('',*,*,#2687,.T.);
#3695=ORIENTED_EDGE('',*,*,#2692,.F.);
#3696=ORIENTED_EDGE('',*,*,#2693,.T.);
#3697=ORIENTED_EDGE('',*,*,#2694,.F.);
#3698=ORIENTED_EDGE('',*,*,#2695,.T.);
#3699=ORIENTED_EDGE('',*,*,#2696,.F.);
#3700=ORIENTED_EDGE('',*,*,#2697,.F.);
#3701=ORIENTED_EDGE('',*,*,#2698,.T.);
#3702=ORIENTED_EDGE('',*,*,#2694,.T.);
#3703=ORIENTED_EDGE('',*,*,#2699,.T.);
#3704=ORIENTED_EDGE('',*,*,#2700,.F.);
#3705=ORIENTED_EDGE('',*,*,#2701,.F.);
#3706=ORIENTED_EDGE('',*,*,#2696,.T.);
#3707=ORIENTED_EDGE('',*,*,#2702,.T.);
#3708=ORIENTED_EDGE('',*,*,#2703,.F.);
#3709=ORIENTED_EDGE('',*,*,#2704,.T.);
#3710=ORIENTED_EDGE('',*,*,#2700,.T.);
#3711=ORIENTED_EDGE('',*,*,#2705,.F.);
#3712=ORIENTED_EDGE('',*,*,#2706,.F.);
#3713=ORIENTED_EDGE('',*,*,#2707,.F.);
#3714=ORIENTED_EDGE('',*,*,#2708,.F.);
#3715=ORIENTED_EDGE('',*,*,#2709,.F.);
#3716=ORIENTED_EDGE('',*,*,#2710,.F.);
#3717=ORIENTED_EDGE('',*,*,#2711,.F.);
#3718=ORIENTED_EDGE('',*,*,#2712,.F.);
#3719=ORIENTED_EDGE('',*,*,#2710,.T.);
#3720=ORIENTED_EDGE('',*,*,#2713,.F.);
#3721=ORIENTED_EDGE('',*,*,#2714,.T.);
#3722=ORIENTED_EDGE('',*,*,#2715,.F.);
#3723=ORIENTED_EDGE('',*,*,#2716,.F.);
#3724=ORIENTED_EDGE('',*,*,#2717,.F.);
#3725=ORIENTED_EDGE('',*,*,#2718,.F.);
#3726=ORIENTED_EDGE('',*,*,#2719,.F.);
#3727=ORIENTED_EDGE('',*,*,#2718,.T.);
#3728=ORIENTED_EDGE('',*,*,#2720,.T.);
#3729=ORIENTED_EDGE('',*,*,#2721,.T.);
#3730=ORIENTED_EDGE('',*,*,#2722,.T.);
#3731=ORIENTED_EDGE('',*,*,#2723,.T.);
#3732=ORIENTED_EDGE('',*,*,#2724,.T.);
#3733=ORIENTED_EDGE('',*,*,#2725,.T.);
#3734=ORIENTED_EDGE('',*,*,#2726,.T.);
#3735=ORIENTED_EDGE('',*,*,#2727,.T.);
#3736=ORIENTED_EDGE('',*,*,#2728,.T.);
#3737=ORIENTED_EDGE('',*,*,#2729,.T.);
#3738=ORIENTED_EDGE('',*,*,#2730,.T.);
#3739=ORIENTED_EDGE('',*,*,#2717,.T.);
#3740=ORIENTED_EDGE('',*,*,#2731,.F.);
#3741=ORIENTED_EDGE('',*,*,#2732,.T.);
#3742=ORIENTED_EDGE('',*,*,#2720,.F.);
#3743=ORIENTED_EDGE('',*,*,#2733,.F.);
#3744=ORIENTED_EDGE('',*,*,#2734,.F.);
#3745=ORIENTED_EDGE('',*,*,#2725,.F.);
#3746=ORIENTED_EDGE('',*,*,#2735,.F.);
#3747=ORIENTED_EDGE('',*,*,#2735,.T.);
#3748=ORIENTED_EDGE('',*,*,#2724,.F.);
#3749=ORIENTED_EDGE('',*,*,#2736,.F.);
#3750=ORIENTED_EDGE('',*,*,#2737,.F.);
#3751=ORIENTED_EDGE('',*,*,#2738,.F.);
#3752=ORIENTED_EDGE('',*,*,#2736,.T.);
#3753=ORIENTED_EDGE('',*,*,#2723,.F.);
#3754=ORIENTED_EDGE('',*,*,#2739,.F.);
#3755=ORIENTED_EDGE('',*,*,#2740,.F.);
#3756=ORIENTED_EDGE('',*,*,#2739,.T.);
#3757=ORIENTED_EDGE('',*,*,#2722,.F.);
#3758=ORIENTED_EDGE('',*,*,#2741,.F.);
#3759=ORIENTED_EDGE('',*,*,#2742,.F.);
#3760=ORIENTED_EDGE('',*,*,#2741,.T.);
#3761=ORIENTED_EDGE('',*,*,#2721,.F.);
#3762=ORIENTED_EDGE('',*,*,#2732,.F.);
#3763=ORIENTED_EDGE('',*,*,#2743,.T.);
#3764=ORIENTED_EDGE('',*,*,#2744,.T.);
#3765=ORIENTED_EDGE('',*,*,#2745,.T.);
#3766=ORIENTED_EDGE('',*,*,#2744,.F.);
#3767=ORIENTED_EDGE('',*,*,#2746,.F.);
#3768=ORIENTED_EDGE('',*,*,#2681,.F.);
#3769=ORIENTED_EDGE('',*,*,#2689,.F.);
#3770=ORIENTED_EDGE('',*,*,#2686,.F.);
#3771=ORIENTED_EDGE('',*,*,#2682,.F.);
#3772=ORIENTED_EDGE('',*,*,#2747,.F.);
#3773=ORIENTED_EDGE('',*,*,#2748,.F.);
#3774=ORIENTED_EDGE('',*,*,#2749,.T.);
#3775=ORIENTED_EDGE('',*,*,#2750,.T.);
#3776=ORIENTED_EDGE('',*,*,#2751,.F.);
#3777=ORIENTED_EDGE('',*,*,#2702,.F.);
#3778=ORIENTED_EDGE('',*,*,#2699,.F.);
#3779=ORIENTED_EDGE('',*,*,#2695,.F.);
#3780=ORIENTED_EDGE('',*,*,#2693,.F.);
#3781=ORIENTED_EDGE('',*,*,#2752,.F.);
#3782=ORIENTED_EDGE('',*,*,#2745,.F.);
#3783=ORIENTED_EDGE('',*,*,#2753,.T.);
#3784=ORIENTED_EDGE('',*,*,#2754,.T.);
#3785=ORIENTED_EDGE('',*,*,#2743,.F.);
#3786=ORIENTED_EDGE('',*,*,#2754,.F.);
#3787=ORIENTED_EDGE('',*,*,#2755,.T.);
#3788=ORIENTED_EDGE('',*,*,#2756,.T.);
#3789=ORIENTED_EDGE('',*,*,#2752,.T.);
#3790=ORIENTED_EDGE('',*,*,#2756,.F.);
#3791=ORIENTED_EDGE('',*,*,#2757,.T.);
#3792=ORIENTED_EDGE('',*,*,#2758,.T.);
#3793=ORIENTED_EDGE('',*,*,#2755,.F.);
#3794=ORIENTED_EDGE('',*,*,#2758,.F.);
#3795=ORIENTED_EDGE('',*,*,#2679,.T.);
#3796=ORIENTED_EDGE('',*,*,#2746,.T.);
#3797=ORIENTED_EDGE('',*,*,#2692,.T.);
#3798=ORIENTED_EDGE('',*,*,#2759,.T.);
#3799=ORIENTED_EDGE('',*,*,#2760,.T.);
#3800=ORIENTED_EDGE('',*,*,#2761,.T.);
#3801=ORIENTED_EDGE('',*,*,#2762,.T.);
#3802=ORIENTED_EDGE('',*,*,#2763,.T.);
#3803=ORIENTED_EDGE('',*,*,#2764,.T.);
#3804=ORIENTED_EDGE('',*,*,#2765,.T.);
#3805=ORIENTED_EDGE('',*,*,#2766,.T.);
#3806=ORIENTED_EDGE('',*,*,#2767,.T.);
#3807=ORIENTED_EDGE('',*,*,#2768,.T.);
#3808=ORIENTED_EDGE('',*,*,#2769,.T.);
#3809=ORIENTED_EDGE('',*,*,#2770,.T.);
#3810=ORIENTED_EDGE('',*,*,#2771,.T.);
#3811=ORIENTED_EDGE('',*,*,#2772,.T.);
#3812=ORIENTED_EDGE('',*,*,#2773,.T.);
#3813=ORIENTED_EDGE('',*,*,#2774,.T.);
#3814=ORIENTED_EDGE('',*,*,#2775,.T.);
#3815=ORIENTED_EDGE('',*,*,#2776,.T.);
#3816=ORIENTED_EDGE('',*,*,#2777,.T.);
#3817=ORIENTED_EDGE('',*,*,#2778,.T.);
#3818=ORIENTED_EDGE('',*,*,#2766,.F.);
#3819=ORIENTED_EDGE('',*,*,#2779,.F.);
#3820=ORIENTED_EDGE('',*,*,#2780,.F.);
#3821=ORIENTED_EDGE('',*,*,#2781,.T.);
#3822=ORIENTED_EDGE('',*,*,#2782,.F.);
#3823=ORIENTED_EDGE('',*,*,#2783,.F.);
#3824=ORIENTED_EDGE('',*,*,#2784,.F.);
#3825=ORIENTED_EDGE('',*,*,#2785,.T.);
#3826=ORIENTED_EDGE('',*,*,#2765,.F.);
#3827=ORIENTED_EDGE('',*,*,#2786,.T.);
#3828=ORIENTED_EDGE('',*,*,#2787,.F.);
#3829=ORIENTED_EDGE('',*,*,#2779,.T.);
#3830=ORIENTED_EDGE('',*,*,#2764,.F.);
#3831=ORIENTED_EDGE('',*,*,#2788,.T.);
#3832=ORIENTED_EDGE('',*,*,#2789,.F.);
#3833=ORIENTED_EDGE('',*,*,#2790,.F.);
#3834=ORIENTED_EDGE('',*,*,#2791,.F.);
#3835=ORIENTED_EDGE('',*,*,#2792,.F.);
#3836=ORIENTED_EDGE('',*,*,#2786,.F.);
#3837=ORIENTED_EDGE('',*,*,#2793,.T.);
#3838=ORIENTED_EDGE('',*,*,#2763,.F.);
#3839=ORIENTED_EDGE('',*,*,#2794,.T.);
#3840=ORIENTED_EDGE('',*,*,#2795,.F.);
#3841=ORIENTED_EDGE('',*,*,#2788,.F.);
#3842=ORIENTED_EDGE('',*,*,#2762,.F.);
#3843=ORIENTED_EDGE('',*,*,#2796,.F.);
#3844=ORIENTED_EDGE('',*,*,#2797,.F.);
#3845=ORIENTED_EDGE('',*,*,#2798,.T.);
#3846=ORIENTED_EDGE('',*,*,#2799,.F.);
#3847=ORIENTED_EDGE('',*,*,#2800,.F.);
#3848=ORIENTED_EDGE('',*,*,#2794,.F.);
#3849=ORIENTED_EDGE('',*,*,#2801,.T.);
#3850=ORIENTED_EDGE('',*,*,#2761,.F.);
#3851=ORIENTED_EDGE('',*,*,#2802,.T.);
#3852=ORIENTED_EDGE('',*,*,#2803,.F.);
#3853=ORIENTED_EDGE('',*,*,#2796,.T.);
#3854=ORIENTED_EDGE('',*,*,#2760,.F.);
#3855=ORIENTED_EDGE('',*,*,#2804,.T.);
#3856=ORIENTED_EDGE('',*,*,#2805,.F.);
#3857=ORIENTED_EDGE('',*,*,#2806,.F.);
#3858=ORIENTED_EDGE('',*,*,#2807,.T.);
#3859=ORIENTED_EDGE('',*,*,#2808,.F.);
#3860=ORIENTED_EDGE('',*,*,#2802,.F.);
#3861=ORIENTED_EDGE('',*,*,#2809,.T.);
#3862=ORIENTED_EDGE('',*,*,#2759,.F.);
#3863=ORIENTED_EDGE('',*,*,#2698,.F.);
#3864=ORIENTED_EDGE('',*,*,#2810,.F.);
#3865=ORIENTED_EDGE('',*,*,#2811,.F.);
#3866=ORIENTED_EDGE('',*,*,#2804,.F.);
#3867=ORIENTED_EDGE('',*,*,#2778,.F.);
#3868=ORIENTED_EDGE('',*,*,#2812,.T.);
#3869=ORIENTED_EDGE('',*,*,#2813,.T.);
#3870=ORIENTED_EDGE('',*,*,#2814,.T.);
#3871=ORIENTED_EDGE('',*,*,#2815,.T.);
#3872=ORIENTED_EDGE('',*,*,#2816,.T.);
#3873=ORIENTED_EDGE('',*,*,#2817,.T.);
#3874=ORIENTED_EDGE('',*,*,#2818,.T.);
#3875=ORIENTED_EDGE('',*,*,#2690,.T.);
#3876=ORIENTED_EDGE('',*,*,#2819,.T.);
#3877=ORIENTED_EDGE('',*,*,#2820,.T.);
#3878=ORIENTED_EDGE('',*,*,#2793,.F.);
#3879=ORIENTED_EDGE('',*,*,#2820,.F.);
#3880=ORIENTED_EDGE('',*,*,#2819,.F.);
#3881=ORIENTED_EDGE('',*,*,#2821,.T.);
#3882=ORIENTED_EDGE('',*,*,#2821,.F.);
#3883=ORIENTED_EDGE('',*,*,#2822,.T.);
#3884=ORIENTED_EDGE('',*,*,#2823,.F.);
#3885=ORIENTED_EDGE('',*,*,#2822,.F.);
#3886=ORIENTED_EDGE('',*,*,#2824,.T.);
#3887=ORIENTED_EDGE('',*,*,#2825,.T.);
#3888=ORIENTED_EDGE('',*,*,#2826,.F.);
#3889=ORIENTED_EDGE('',*,*,#2825,.F.);
#3890=ORIENTED_EDGE('',*,*,#2824,.F.);
#3891=ORIENTED_EDGE('',*,*,#2827,.T.);
#3892=ORIENTED_EDGE('',*,*,#2827,.F.);
#3893=ORIENTED_EDGE('',*,*,#2828,.T.);
#3894=ORIENTED_EDGE('',*,*,#2785,.F.);
#3895=ORIENTED_EDGE('',*,*,#2828,.F.);
#3896=ORIENTED_EDGE('',*,*,#2829,.T.);
#3897=ORIENTED_EDGE('',*,*,#2830,.T.);
#3898=ORIENTED_EDGE('',*,*,#2809,.F.);
#3899=ORIENTED_EDGE('',*,*,#2830,.F.);
#3900=ORIENTED_EDGE('',*,*,#2829,.F.);
#3901=ORIENTED_EDGE('',*,*,#2831,.T.);
#3902=ORIENTED_EDGE('',*,*,#2832,.T.);
#3903=ORIENTED_EDGE('',*,*,#2833,.F.);
#3904=ORIENTED_EDGE('',*,*,#2832,.F.);
#3905=ORIENTED_EDGE('',*,*,#2831,.F.);
#3906=ORIENTED_EDGE('',*,*,#2834,.T.);
#3907=ORIENTED_EDGE('',*,*,#2834,.F.);
#3908=ORIENTED_EDGE('',*,*,#2835,.T.);
#3909=ORIENTED_EDGE('',*,*,#2836,.F.);
#3910=ORIENTED_EDGE('',*,*,#2835,.F.);
#3911=ORIENTED_EDGE('',*,*,#2837,.T.);
#3912=ORIENTED_EDGE('',*,*,#2838,.T.);
#3913=ORIENTED_EDGE('',*,*,#2839,.F.);
#3914=ORIENTED_EDGE('',*,*,#2838,.F.);
#3915=ORIENTED_EDGE('',*,*,#2837,.F.);
#3916=ORIENTED_EDGE('',*,*,#2840,.T.);
#3917=ORIENTED_EDGE('',*,*,#2840,.F.);
#3918=ORIENTED_EDGE('',*,*,#2841,.T.);
#3919=ORIENTED_EDGE('',*,*,#2801,.F.);
#3920=ORIENTED_EDGE('',*,*,#2841,.F.);
#3921=ORIENTED_EDGE('',*,*,#2842,.F.);
#3922=ORIENTED_EDGE('',*,*,#2843,.T.);
#3923=ORIENTED_EDGE('',*,*,#2844,.F.);
#3924=ORIENTED_EDGE('',*,*,#2814,.F.);
#3925=ORIENTED_EDGE('',*,*,#2776,.F.);
#3926=ORIENTED_EDGE('',*,*,#2845,.T.);
#3927=ORIENTED_EDGE('',*,*,#2846,.F.);
#3928=ORIENTED_EDGE('',*,*,#2847,.F.);
#3929=ORIENTED_EDGE('',*,*,#2843,.F.);
#3930=ORIENTED_EDGE('',*,*,#2848,.F.);
#3931=ORIENTED_EDGE('',*,*,#2849,.F.);
#3932=ORIENTED_EDGE('',*,*,#2839,.T.);
#3933=ORIENTED_EDGE('',*,*,#2850,.F.);
#3934=ORIENTED_EDGE('',*,*,#2791,.T.);
#3935=ORIENTED_EDGE('',*,*,#2851,.F.);
#3936=ORIENTED_EDGE('',*,*,#2781,.F.);
#3937=ORIENTED_EDGE('',*,*,#2767,.F.);
#3938=ORIENTED_EDGE('',*,*,#2784,.T.);
#3939=ORIENTED_EDGE('',*,*,#2852,.F.);
#3940=ORIENTED_EDGE('',*,*,#2853,.F.);
#3941=ORIENTED_EDGE('',*,*,#2768,.F.);
#3942=ORIENTED_EDGE('',*,*,#2853,.T.);
#3943=ORIENTED_EDGE('',*,*,#2854,.F.);
#3944=ORIENTED_EDGE('',*,*,#2855,.F.);
#3945=ORIENTED_EDGE('',*,*,#2856,.F.);
#3946=ORIENTED_EDGE('',*,*,#2857,.F.);
#3947=ORIENTED_EDGE('',*,*,#2858,.F.);
#3948=ORIENTED_EDGE('',*,*,#2833,.T.);
#3949=ORIENTED_EDGE('',*,*,#2859,.F.);
#3950=ORIENTED_EDGE('',*,*,#2856,.T.);
#3951=ORIENTED_EDGE('',*,*,#2860,.F.);
#3952=ORIENTED_EDGE('',*,*,#2861,.F.);
#3953=ORIENTED_EDGE('',*,*,#2770,.F.);
#3954=ORIENTED_EDGE('',*,*,#2862,.F.);
#3955=ORIENTED_EDGE('',*,*,#2863,.F.);
#3956=ORIENTED_EDGE('',*,*,#2861,.T.);
#3957=ORIENTED_EDGE('',*,*,#2864,.F.);
#3958=ORIENTED_EDGE('',*,*,#2865,.F.);
#3959=ORIENTED_EDGE('',*,*,#2866,.F.);
#3960=ORIENTED_EDGE('',*,*,#2823,.T.);
#3961=ORIENTED_EDGE('',*,*,#2771,.F.);
#3962=ORIENTED_EDGE('',*,*,#2866,.T.);
#3963=ORIENTED_EDGE('',*,*,#2867,.F.);
#3964=ORIENTED_EDGE('',*,*,#2868,.F.);
#3965=ORIENTED_EDGE('',*,*,#2772,.F.);
#3966=ORIENTED_EDGE('',*,*,#2868,.T.);
#3967=ORIENTED_EDGE('',*,*,#2869,.F.);
#3968=ORIENTED_EDGE('',*,*,#2870,.F.);
#3969=ORIENTED_EDGE('',*,*,#2871,.F.);
#3970=ORIENTED_EDGE('',*,*,#2872,.F.);
#3971=ORIENTED_EDGE('',*,*,#2873,.F.);
#3972=ORIENTED_EDGE('',*,*,#2826,.T.);
#3973=ORIENTED_EDGE('',*,*,#2874,.F.);
#3974=ORIENTED_EDGE('',*,*,#2871,.T.);
#3975=ORIENTED_EDGE('',*,*,#2875,.F.);
#3976=ORIENTED_EDGE('',*,*,#2876,.F.);
#3977=ORIENTED_EDGE('',*,*,#2774,.F.);
#3978=ORIENTED_EDGE('',*,*,#2877,.F.);
#3979=ORIENTED_EDGE('',*,*,#2878,.F.);
#3980=ORIENTED_EDGE('',*,*,#2876,.T.);
#3981=ORIENTED_EDGE('',*,*,#2879,.F.);
#3982=ORIENTED_EDGE('',*,*,#2880,.F.);
#3983=ORIENTED_EDGE('',*,*,#2881,.F.);
#3984=ORIENTED_EDGE('',*,*,#2836,.T.);
#3985=ORIENTED_EDGE('',*,*,#2775,.F.);
#3986=ORIENTED_EDGE('',*,*,#2881,.T.);
#3987=ORIENTED_EDGE('',*,*,#2882,.F.);
#3988=ORIENTED_EDGE('',*,*,#2845,.F.);
#3989=ORIENTED_EDGE('',*,*,#2883,.F.);
#3990=ORIENTED_EDGE('',*,*,#2807,.F.);
#3991=ORIENTED_EDGE('',*,*,#2884,.F.);
#3992=ORIENTED_EDGE('',*,*,#2798,.F.);
#3993=ORIENTED_EDGE('',*,*,#2769,.F.);
#3994=ORIENTED_EDGE('',*,*,#2858,.T.);
#3995=ORIENTED_EDGE('',*,*,#2885,.F.);
#3996=ORIENTED_EDGE('',*,*,#2862,.T.);
#3997=ORIENTED_EDGE('',*,*,#2773,.F.);
#3998=ORIENTED_EDGE('',*,*,#2873,.T.);
#3999=ORIENTED_EDGE('',*,*,#2886,.F.);
#4000=ORIENTED_EDGE('',*,*,#2877,.T.);
#4001=ORIENTED_EDGE('',*,*,#2777,.F.);
#4002=ORIENTED_EDGE('',*,*,#2849,.T.);
#4003=ORIENTED_EDGE('',*,*,#2887,.F.);
#4004=ORIENTED_EDGE('',*,*,#2812,.F.);
#4005=ORIENTED_EDGE('',*,*,#2731,.T.);
#4006=ORIENTED_EDGE('',*,*,#2716,.T.);
#4007=ORIENTED_EDGE('',*,*,#2888,.F.);
#4008=ORIENTED_EDGE('',*,*,#2889,.F.);
#4009=ORIENTED_EDGE('',*,*,#2890,.T.);
#4010=ORIENTED_EDGE('',*,*,#2891,.T.);
#4011=ORIENTED_EDGE('',*,*,#2892,.F.);
#4012=ORIENTED_EDGE('',*,*,#2816,.F.);
#4013=ORIENTED_EDGE('',*,*,#2893,.T.);
#4014=ORIENTED_EDGE('',*,*,#2846,.T.);
#4015=ORIENTED_EDGE('',*,*,#2882,.T.);
#4016=ORIENTED_EDGE('',*,*,#2880,.T.);
#4017=ORIENTED_EDGE('',*,*,#2894,.T.);
#4018=ORIENTED_EDGE('',*,*,#2869,.T.);
#4019=ORIENTED_EDGE('',*,*,#2867,.T.);
#4020=ORIENTED_EDGE('',*,*,#2865,.T.);
#4021=ORIENTED_EDGE('',*,*,#2895,.T.);
#4022=ORIENTED_EDGE('',*,*,#2854,.T.);
#4023=ORIENTED_EDGE('',*,*,#2852,.T.);
#4024=ORIENTED_EDGE('',*,*,#2783,.T.);
#4025=ORIENTED_EDGE('',*,*,#2896,.T.);
#4026=ORIENTED_EDGE('',*,*,#2789,.T.);
#4027=ORIENTED_EDGE('',*,*,#2795,.T.);
#4028=ORIENTED_EDGE('',*,*,#2800,.T.);
#4029=ORIENTED_EDGE('',*,*,#2897,.T.);
#4030=ORIENTED_EDGE('',*,*,#2805,.T.);
#4031=ORIENTED_EDGE('',*,*,#2811,.T.);
#4032=ORIENTED_EDGE('',*,*,#2898,.T.);
#4033=ORIENTED_EDGE('',*,*,#2899,.F.);
#4034=ORIENTED_EDGE('',*,*,#2900,.F.);
#4035=ORIENTED_EDGE('',*,*,#2901,.F.);
#4036=ORIENTED_EDGE('',*,*,#2902,.F.);
#4037=ORIENTED_EDGE('',*,*,#2903,.F.);
#4038=ORIENTED_EDGE('',*,*,#2733,.T.);
#4039=ORIENTED_EDGE('',*,*,#2737,.T.);
#4040=ORIENTED_EDGE('',*,*,#2738,.T.);
#4041=ORIENTED_EDGE('',*,*,#2740,.T.);
#4042=ORIENTED_EDGE('',*,*,#2742,.T.);
#4043=ORIENTED_EDGE('',*,*,#2844,.T.);
#4044=ORIENTED_EDGE('',*,*,#2847,.T.);
#4045=ORIENTED_EDGE('',*,*,#2893,.F.);
#4046=ORIENTED_EDGE('',*,*,#2815,.F.);
#4047=ORIENTED_EDGE('',*,*,#2879,.T.);
#4048=ORIENTED_EDGE('',*,*,#2875,.T.);
#4049=ORIENTED_EDGE('',*,*,#2870,.T.);
#4050=ORIENTED_EDGE('',*,*,#2894,.F.);
#4051=ORIENTED_EDGE('',*,*,#2864,.T.);
#4052=ORIENTED_EDGE('',*,*,#2860,.T.);
#4053=ORIENTED_EDGE('',*,*,#2855,.T.);
#4054=ORIENTED_EDGE('',*,*,#2895,.F.);
#4055=ORIENTED_EDGE('',*,*,#2782,.T.);
#4056=ORIENTED_EDGE('',*,*,#2851,.T.);
#4057=ORIENTED_EDGE('',*,*,#2790,.T.);
#4058=ORIENTED_EDGE('',*,*,#2896,.F.);
#4059=ORIENTED_EDGE('',*,*,#2799,.T.);
#4060=ORIENTED_EDGE('',*,*,#2884,.T.);
#4061=ORIENTED_EDGE('',*,*,#2806,.T.);
#4062=ORIENTED_EDGE('',*,*,#2897,.F.);
#4063=ORIENTED_EDGE('',*,*,#2797,.T.);
#4064=ORIENTED_EDGE('',*,*,#2803,.T.);
#4065=ORIENTED_EDGE('',*,*,#2808,.T.);
#4066=ORIENTED_EDGE('',*,*,#2883,.T.);
#4067=ORIENTED_EDGE('',*,*,#2780,.T.);
#4068=ORIENTED_EDGE('',*,*,#2787,.T.);
#4069=ORIENTED_EDGE('',*,*,#2792,.T.);
#4070=ORIENTED_EDGE('',*,*,#2850,.T.);
#4071=ORIENTED_EDGE('',*,*,#2863,.T.);
#4072=ORIENTED_EDGE('',*,*,#2885,.T.);
#4073=ORIENTED_EDGE('',*,*,#2857,.T.);
#4074=ORIENTED_EDGE('',*,*,#2859,.T.);
#4075=ORIENTED_EDGE('',*,*,#2878,.T.);
#4076=ORIENTED_EDGE('',*,*,#2886,.T.);
#4077=ORIENTED_EDGE('',*,*,#2872,.T.);
#4078=ORIENTED_EDGE('',*,*,#2874,.T.);
#4079=ORIENTED_EDGE('',*,*,#2848,.T.);
#4080=ORIENTED_EDGE('',*,*,#2842,.T.);
#4081=ORIENTED_EDGE('',*,*,#2813,.F.);
#4082=ORIENTED_EDGE('',*,*,#2887,.T.);
#4083=ORIENTED_EDGE('',*,*,#2904,.F.);
#4084=ORIENTED_EDGE('',*,*,#2905,.F.);
#4085=ORIENTED_EDGE('',*,*,#2906,.F.);
#4086=ORIENTED_EDGE('',*,*,#2907,.T.);
#4087=ORIENTED_EDGE('',*,*,#2908,.F.);
#4088=ORIENTED_EDGE('',*,*,#2909,.F.);
#4089=ORIENTED_EDGE('',*,*,#2910,.T.);
#4090=ORIENTED_EDGE('',*,*,#2911,.T.);
#4091=ORIENTED_EDGE('',*,*,#2912,.T.);
#4092=ORIENTED_EDGE('',*,*,#2909,.T.);
#4093=ORIENTED_EDGE('',*,*,#2913,.T.);
#4094=ORIENTED_EDGE('',*,*,#2914,.T.);
#4095=ORIENTED_EDGE('',*,*,#2905,.T.);
#4096=ORIENTED_EDGE('',*,*,#2719,.T.);
#4097=ORIENTED_EDGE('',*,*,#2730,.F.);
#4098=ORIENTED_EDGE('',*,*,#2915,.F.);
#4099=ORIENTED_EDGE('',*,*,#2913,.F.);
#4100=ORIENTED_EDGE('',*,*,#2908,.T.);
#4101=ORIENTED_EDGE('',*,*,#2916,.T.);
#4102=ORIENTED_EDGE('',*,*,#2917,.F.);
#4103=ORIENTED_EDGE('',*,*,#2918,.F.);
#4104=ORIENTED_EDGE('',*,*,#2919,.T.);
#4105=ORIENTED_EDGE('',*,*,#2920,.F.);
#4106=ORIENTED_EDGE('',*,*,#2888,.T.);
#4107=ORIENTED_EDGE('',*,*,#2921,.T.);
#4108=ORIENTED_EDGE('',*,*,#2922,.T.);
#4109=ORIENTED_EDGE('',*,*,#2923,.T.);
#4110=ORIENTED_EDGE('',*,*,#2924,.T.);
#4111=ORIENTED_EDGE('',*,*,#2925,.T.);
#4112=ORIENTED_EDGE('',*,*,#2926,.T.);
#4113=ORIENTED_EDGE('',*,*,#2927,.T.);
#4114=ORIENTED_EDGE('',*,*,#2918,.T.);
#4115=ORIENTED_EDGE('',*,*,#2928,.F.);
#4116=ORIENTED_EDGE('',*,*,#2929,.F.);
#4117=ORIENTED_EDGE('',*,*,#2930,.F.);
#4118=ORIENTED_EDGE('',*,*,#2931,.T.);
#4119=ORIENTED_EDGE('',*,*,#2932,.F.);
#4120=ORIENTED_EDGE('',*,*,#2933,.F.);
#4121=ORIENTED_EDGE('',*,*,#2934,.T.);
#4122=ORIENTED_EDGE('',*,*,#2935,.T.);
#4123=ORIENTED_EDGE('',*,*,#2933,.T.);
#4124=ORIENTED_EDGE('',*,*,#2936,.T.);
#4125=ORIENTED_EDGE('',*,*,#2937,.T.);
#4126=ORIENTED_EDGE('',*,*,#2929,.T.);
#4127=ORIENTED_EDGE('',*,*,#2938,.T.);
#4128=ORIENTED_EDGE('',*,*,#2932,.T.);
#4129=ORIENTED_EDGE('',*,*,#2939,.T.);
#4130=ORIENTED_EDGE('',*,*,#2940,.T.);
#4131=ORIENTED_EDGE('',*,*,#2941,.F.);
#4132=ORIENTED_EDGE('',*,*,#2942,.T.);
#4133=ORIENTED_EDGE('',*,*,#2727,.F.);
#4134=ORIENTED_EDGE('',*,*,#2943,.F.);
#4135=ORIENTED_EDGE('',*,*,#2936,.F.);
#4136=ORIENTED_EDGE('',*,*,#2944,.F.);
#4137=ORIENTED_EDGE('',*,*,#2945,.F.);
#4138=ORIENTED_EDGE('',*,*,#2946,.F.);
#4139=ORIENTED_EDGE('',*,*,#2947,.T.);
#4140=ORIENTED_EDGE('',*,*,#2948,.F.);
#4141=ORIENTED_EDGE('',*,*,#2949,.F.);
#4142=ORIENTED_EDGE('',*,*,#2950,.F.);
#4143=ORIENTED_EDGE('',*,*,#2951,.T.);
#4144=ORIENTED_EDGE('',*,*,#2952,.T.);
#4145=ORIENTED_EDGE('',*,*,#2949,.T.);
#4146=ORIENTED_EDGE('',*,*,#2953,.T.);
#4147=ORIENTED_EDGE('',*,*,#2954,.T.);
#4148=ORIENTED_EDGE('',*,*,#2945,.T.);
#4149=ORIENTED_EDGE('',*,*,#2955,.F.);
#4150=ORIENTED_EDGE('',*,*,#2956,.F.);
#4151=ORIENTED_EDGE('',*,*,#2940,.F.);
#4152=ORIENTED_EDGE('',*,*,#2957,.T.);
#4153=ORIENTED_EDGE('',*,*,#2958,.F.);
#4154=ORIENTED_EDGE('',*,*,#2959,.F.);
#4155=ORIENTED_EDGE('',*,*,#2960,.T.);
#4156=ORIENTED_EDGE('',*,*,#2961,.T.);
#4157=ORIENTED_EDGE('',*,*,#2962,.T.);
#4158=ORIENTED_EDGE('',*,*,#2959,.T.);
#4159=ORIENTED_EDGE('',*,*,#2963,.T.);
#4160=ORIENTED_EDGE('',*,*,#2941,.T.);
#4161=ORIENTED_EDGE('',*,*,#2956,.T.);
#4162=ORIENTED_EDGE('',*,*,#2946,.T.);
#4163=ORIENTED_EDGE('',*,*,#2954,.F.);
#4164=ORIENTED_EDGE('',*,*,#2964,.T.);
#4165=ORIENTED_EDGE('',*,*,#2728,.F.);
#4166=ORIENTED_EDGE('',*,*,#2942,.F.);
#4167=ORIENTED_EDGE('',*,*,#2963,.F.);
#4168=ORIENTED_EDGE('',*,*,#2958,.T.);
#4169=ORIENTED_EDGE('',*,*,#2965,.T.);
#4170=ORIENTED_EDGE('',*,*,#2966,.F.);
#4171=ORIENTED_EDGE('',*,*,#2950,.T.);
#4172=ORIENTED_EDGE('',*,*,#2952,.F.);
#4173=ORIENTED_EDGE('',*,*,#2944,.T.);
#4174=ORIENTED_EDGE('',*,*,#2967,.F.);
#4175=ORIENTED_EDGE('',*,*,#2960,.F.);
#4176=ORIENTED_EDGE('',*,*,#2962,.F.);
#4177=ORIENTED_EDGE('',*,*,#2955,.T.);
#4178=ORIENTED_EDGE('',*,*,#2968,.F.);
#4179=ORIENTED_EDGE('',*,*,#2934,.F.);
#4180=ORIENTED_EDGE('',*,*,#2938,.F.);
#4181=ORIENTED_EDGE('',*,*,#2928,.T.);
#4182=ORIENTED_EDGE('',*,*,#2969,.F.);
#4183=ORIENTED_EDGE('',*,*,#2970,.F.);
#4184=ORIENTED_EDGE('',*,*,#2923,.F.);
#4185=ORIENTED_EDGE('',*,*,#2971,.T.);
#4186=ORIENTED_EDGE('',*,*,#2972,.F.);
#4187=ORIENTED_EDGE('',*,*,#2971,.F.);
#4188=ORIENTED_EDGE('',*,*,#2922,.F.);
#4189=ORIENTED_EDGE('',*,*,#2973,.T.);
#4190=ORIENTED_EDGE('',*,*,#2974,.F.);
#4191=ORIENTED_EDGE('',*,*,#2973,.F.);
#4192=ORIENTED_EDGE('',*,*,#2921,.F.);
#4193=ORIENTED_EDGE('',*,*,#2917,.T.);
#4194=ORIENTED_EDGE('',*,*,#2975,.F.);
#4195=ORIENTED_EDGE('',*,*,#2910,.F.);
#4196=ORIENTED_EDGE('',*,*,#2912,.F.);
#4197=ORIENTED_EDGE('',*,*,#2904,.T.);
#4198=ORIENTED_EDGE('',*,*,#2969,.T.);
#4199=ORIENTED_EDGE('',*,*,#2972,.T.);
#4200=ORIENTED_EDGE('',*,*,#2974,.T.);
#4201=ORIENTED_EDGE('',*,*,#2916,.F.);
#4202=ORIENTED_EDGE('',*,*,#2911,.F.);
#4203=ORIENTED_EDGE('',*,*,#2975,.T.);
#4204=ORIENTED_EDGE('',*,*,#2907,.F.);
#4205=ORIENTED_EDGE('',*,*,#2976,.F.);
#4206=ORIENTED_EDGE('',*,*,#2951,.F.);
#4207=ORIENTED_EDGE('',*,*,#2966,.T.);
#4208=ORIENTED_EDGE('',*,*,#2947,.F.);
#4209=ORIENTED_EDGE('',*,*,#2965,.F.);
#4210=ORIENTED_EDGE('',*,*,#2961,.F.);
#4211=ORIENTED_EDGE('',*,*,#2967,.T.);
#4212=ORIENTED_EDGE('',*,*,#2957,.F.);
#4213=ORIENTED_EDGE('',*,*,#2939,.F.);
#4214=ORIENTED_EDGE('',*,*,#2935,.F.);
#4215=ORIENTED_EDGE('',*,*,#2968,.T.);
#4216=ORIENTED_EDGE('',*,*,#2931,.F.);
#4217=ORIENTED_EDGE('',*,*,#2977,.F.);
#4218=ORIENTED_EDGE('',*,*,#2978,.F.);
#4219=ORIENTED_EDGE('',*,*,#2979,.F.);
#4220=ORIENTED_EDGE('',*,*,#2980,.T.);
#4221=ORIENTED_EDGE('',*,*,#2981,.T.);
#4222=ORIENTED_EDGE('',*,*,#2982,.F.);
#4223=ORIENTED_EDGE('',*,*,#2983,.T.);
#4224=ORIENTED_EDGE('',*,*,#2984,.T.);
#4225=ORIENTED_EDGE('',*,*,#2980,.F.);
#4226=ORIENTED_EDGE('',*,*,#2985,.F.);
#4227=ORIENTED_EDGE('',*,*,#2986,.T.);
#4228=ORIENTED_EDGE('',*,*,#2987,.T.);
#4229=ORIENTED_EDGE('',*,*,#2983,.F.);
#4230=ORIENTED_EDGE('',*,*,#2988,.F.);
#4231=ORIENTED_EDGE('',*,*,#2981,.F.);
#4232=ORIENTED_EDGE('',*,*,#2984,.F.);
#4233=ORIENTED_EDGE('',*,*,#2987,.F.);
#4234=ORIENTED_EDGE('',*,*,#2989,.F.);
#4235=ORIENTED_EDGE('',*,*,#2990,.T.);
#4236=ORIENTED_EDGE('',*,*,#2991,.T.);
#4237=ORIENTED_EDGE('',*,*,#2992,.T.);
#4238=ORIENTED_EDGE('',*,*,#2993,.F.);
#4239=ORIENTED_EDGE('',*,*,#2994,.T.);
#4240=ORIENTED_EDGE('',*,*,#2995,.T.);
#4241=ORIENTED_EDGE('',*,*,#2990,.F.);
#4242=ORIENTED_EDGE('',*,*,#2996,.F.);
#4243=ORIENTED_EDGE('',*,*,#2997,.T.);
#4244=ORIENTED_EDGE('',*,*,#2994,.F.);
#4245=ORIENTED_EDGE('',*,*,#2998,.F.);
#4246=ORIENTED_EDGE('',*,*,#2999,.F.);
#4247=ORIENTED_EDGE('',*,*,#2991,.F.);
#4248=ORIENTED_EDGE('',*,*,#2995,.F.);
#4249=ORIENTED_EDGE('',*,*,#2997,.F.);
#4250=ORIENTED_EDGE('',*,*,#2985,.T.);
#4251=ORIENTED_EDGE('',*,*,#2982,.T.);
#4252=ORIENTED_EDGE('',*,*,#2979,.T.);
#4253=ORIENTED_EDGE('',*,*,#3000,.T.);
#4254=ORIENTED_EDGE('',*,*,#3001,.F.);
#4255=ORIENTED_EDGE('',*,*,#2901,.T.);
#4256=ORIENTED_EDGE('',*,*,#3002,.T.);
#4257=ORIENTED_EDGE('',*,*,#2749,.F.);
#4258=ORIENTED_EDGE('',*,*,#3003,.F.);
#4259=ORIENTED_EDGE('',*,*,#2890,.F.);
#4260=ORIENTED_EDGE('',*,*,#3004,.F.);
#4261=ORIENTED_EDGE('',*,*,#3005,.F.);
#4262=ORIENTED_EDGE('',*,*,#2998,.T.);
#4263=ORIENTED_EDGE('',*,*,#2993,.T.);
#4264=ORIENTED_EDGE('',*,*,#2989,.T.);
#4265=ORIENTED_EDGE('',*,*,#3006,.F.);
#4266=ORIENTED_EDGE('',*,*,#2714,.F.);
#4267=ORIENTED_EDGE('',*,*,#3007,.F.);
#4268=ORIENTED_EDGE('',*,*,#3008,.T.);
#4269=ORIENTED_EDGE('',*,*,#3009,.T.);
#4270=ORIENTED_EDGE('',*,*,#3004,.T.);
#4271=ORIENTED_EDGE('',*,*,#2889,.T.);
#4272=ORIENTED_EDGE('',*,*,#2920,.T.);
#4273=ORIENTED_EDGE('',*,*,#3010,.T.);
#4274=ORIENTED_EDGE('',*,*,#2996,.T.);
#4275=ORIENTED_EDGE('',*,*,#3005,.T.);
#4276=ORIENTED_EDGE('',*,*,#3010,.F.);
#4277=ORIENTED_EDGE('',*,*,#2919,.F.);
#4278=ORIENTED_EDGE('',*,*,#2927,.F.);
#4279=ORIENTED_EDGE('',*,*,#3011,.T.);
#4280=ORIENTED_EDGE('',*,*,#3012,.T.);
#4281=ORIENTED_EDGE('',*,*,#2999,.T.);
#4282=ORIENTED_EDGE('',*,*,#3001,.T.);
#4283=ORIENTED_EDGE('',*,*,#3013,.T.);
#4284=ORIENTED_EDGE('',*,*,#3014,.T.);
#4285=ORIENTED_EDGE('',*,*,#2902,.T.);
#4286=ORIENTED_EDGE('',*,*,#2903,.T.);
#4287=ORIENTED_EDGE('',*,*,#3014,.F.);
#4288=ORIENTED_EDGE('',*,*,#3015,.T.);
#4289=ORIENTED_EDGE('',*,*,#2924,.F.);
#4290=ORIENTED_EDGE('',*,*,#2970,.T.);
#4291=ORIENTED_EDGE('',*,*,#2977,.T.);
#4292=ORIENTED_EDGE('',*,*,#2930,.T.);
#4293=ORIENTED_EDGE('',*,*,#2937,.F.);
#4294=ORIENTED_EDGE('',*,*,#2943,.T.);
#4295=ORIENTED_EDGE('',*,*,#2726,.F.);
#4296=ORIENTED_EDGE('',*,*,#2734,.T.);
#4297=ORIENTED_EDGE('',*,*,#2988,.T.);
#4298=ORIENTED_EDGE('',*,*,#3016,.T.);
#4299=ORIENTED_EDGE('',*,*,#3017,.T.);
#4300=ORIENTED_EDGE('',*,*,#2925,.F.);
#4301=ORIENTED_EDGE('',*,*,#3015,.F.);
#4302=ORIENTED_EDGE('',*,*,#3013,.F.);
#4303=ORIENTED_EDGE('',*,*,#3000,.F.);
#4304=ORIENTED_EDGE('',*,*,#2978,.T.);
#4305=ORIENTED_EDGE('',*,*,#3018,.F.);
#4306=ORIENTED_EDGE('',*,*,#2891,.F.);
#4307=ORIENTED_EDGE('',*,*,#3003,.T.);
#4308=ORIENTED_EDGE('',*,*,#2748,.T.);
#4309=ORIENTED_EDGE('',*,*,#3019,.F.);
#4310=ORIENTED_EDGE('',*,*,#2750,.F.);
#4311=ORIENTED_EDGE('',*,*,#3002,.F.);
#4312=ORIENTED_EDGE('',*,*,#2900,.T.);
#4313=ORIENTED_EDGE('',*,*,#3019,.T.);
#4314=ORIENTED_EDGE('',*,*,#2899,.T.);
#4315=ORIENTED_EDGE('',*,*,#3020,.T.);
#4316=ORIENTED_EDGE('',*,*,#2703,.T.);
#4317=ORIENTED_EDGE('',*,*,#2751,.T.);
#4318=ORIENTED_EDGE('',*,*,#2810,.T.);
#4319=ORIENTED_EDGE('',*,*,#3021,.T.);
#4320=ORIENTED_EDGE('',*,*,#3020,.F.);
#4321=ORIENTED_EDGE('',*,*,#2898,.F.);
#4322=ORIENTED_EDGE('',*,*,#3018,.T.);
#4323=ORIENTED_EDGE('',*,*,#2747,.T.);
#4324=ORIENTED_EDGE('',*,*,#2685,.F.);
#4325=ORIENTED_EDGE('',*,*,#2817,.F.);
#4326=ORIENTED_EDGE('',*,*,#2892,.T.);
#4327=ORIENTED_EDGE('',*,*,#2708,.T.);
#4328=ORIENTED_EDGE('',*,*,#3022,.F.);
#4329=ORIENTED_EDGE('',*,*,#3008,.F.);
#4330=ORIENTED_EDGE('',*,*,#3023,.F.);
#4331=ORIENTED_EDGE('',*,*,#2709,.T.);
#4332=ORIENTED_EDGE('',*,*,#3023,.T.);
#4333=ORIENTED_EDGE('',*,*,#3007,.T.);
#4334=ORIENTED_EDGE('',*,*,#2713,.T.);
#4335=ORIENTED_EDGE('',*,*,#2926,.F.);
#4336=ORIENTED_EDGE('',*,*,#3017,.F.);
#4337=ORIENTED_EDGE('',*,*,#3024,.F.);
#4338=ORIENTED_EDGE('',*,*,#3011,.F.);
#4339=ORIENTED_EDGE('',*,*,#3025,.F.);
#4340=ORIENTED_EDGE('',*,*,#3026,.F.);
#4341=ORIENTED_EDGE('',*,*,#3027,.F.);
#4342=ORIENTED_EDGE('',*,*,#3028,.F.);
#4343=ORIENTED_EDGE('',*,*,#3029,.F.);
#4344=ORIENTED_EDGE('',*,*,#2712,.T.);
#4345=ORIENTED_EDGE('',*,*,#3030,.F.);
#4346=ORIENTED_EDGE('',*,*,#3031,.T.);
#4347=ORIENTED_EDGE('',*,*,#3032,.F.);
#4348=ORIENTED_EDGE('',*,*,#3033,.T.);
#4349=ORIENTED_EDGE('',*,*,#3034,.F.);
#4350=ORIENTED_EDGE('',*,*,#2706,.T.);
#4351=ORIENTED_EDGE('',*,*,#3035,.F.);
#4352=ORIENTED_EDGE('',*,*,#3028,.T.);
#4353=ORIENTED_EDGE('',*,*,#3036,.F.);
#4354=ORIENTED_EDGE('',*,*,#3031,.F.);
#4355=ORIENTED_EDGE('',*,*,#3027,.T.);
#4356=ORIENTED_EDGE('',*,*,#3037,.T.);
#4357=ORIENTED_EDGE('',*,*,#3032,.T.);
#4358=ORIENTED_EDGE('',*,*,#3036,.T.);
#4359=ORIENTED_EDGE('',*,*,#3037,.F.);
#4360=ORIENTED_EDGE('',*,*,#3026,.T.);
#4361=ORIENTED_EDGE('',*,*,#3038,.F.);
#4362=ORIENTED_EDGE('',*,*,#3033,.F.);
#4363=ORIENTED_EDGE('',*,*,#3034,.T.);
#4364=ORIENTED_EDGE('',*,*,#3038,.T.);
#4365=ORIENTED_EDGE('',*,*,#3025,.T.);
#4366=ORIENTED_EDGE('',*,*,#2711,.T.);
#4367=ORIENTED_EDGE('',*,*,#2715,.T.);
#4368=ORIENTED_EDGE('',*,*,#3006,.T.);
#4369=ORIENTED_EDGE('',*,*,#2992,.F.);
#4370=ORIENTED_EDGE('',*,*,#3012,.F.);
#4371=ORIENTED_EDGE('',*,*,#3024,.T.);
#4372=ORIENTED_EDGE('',*,*,#3016,.F.);
#4373=ORIENTED_EDGE('',*,*,#2986,.F.);
#4374=ORIENTED_EDGE('',*,*,#3009,.F.);
#4375=ORIENTED_EDGE('',*,*,#3022,.T.);
#4376=ORIENTED_EDGE('',*,*,#2707,.T.);
#4377=ORIENTED_EDGE('',*,*,#2906,.T.);
#4378=ORIENTED_EDGE('',*,*,#2914,.F.);
#4379=ORIENTED_EDGE('',*,*,#2915,.T.);
#4380=ORIENTED_EDGE('',*,*,#2729,.F.);
#4381=ORIENTED_EDGE('',*,*,#2964,.F.);
#4382=ORIENTED_EDGE('',*,*,#2953,.F.);
#4383=ORIENTED_EDGE('',*,*,#2948,.T.);
#4384=ORIENTED_EDGE('',*,*,#2976,.T.);
#4385=ORIENTED_EDGE('',*,*,#3029,.T.);
#4386=ORIENTED_EDGE('',*,*,#3035,.T.);
#4387=ORIENTED_EDGE('',*,*,#3030,.T.);
#4388=ORIENTED_EDGE('',*,*,#2705,.T.);
#4389=ORIENTED_EDGE('',*,*,#2818,.F.);
#4390=ORIENTED_EDGE('',*,*,#2684,.T.);
#4391=ORIENTED_EDGE('',*,*,#2688,.T.);
#4392=ORIENTED_EDGE('',*,*,#2691,.F.);
#4393=ORIENTED_EDGE('',*,*,#2757,.F.);
#4394=ORIENTED_EDGE('',*,*,#3021,.F.);
#4395=ORIENTED_EDGE('',*,*,#2697,.T.);
#4396=ORIENTED_EDGE('',*,*,#2701,.T.);
#4397=ORIENTED_EDGE('',*,*,#2704,.F.);
#4398=ORIENTED_EDGE('',*,*,#2753,.F.);
#4399=PLANE('',#4887);
#4400=PLANE('',#4888);
#4401=PLANE('',#4889);
#4402=PLANE('',#4890);
#4403=PLANE('',#4891);
#4404=PLANE('',#4892);
#4405=PLANE('',#4893);
#4406=PLANE('',#4894);
#4407=PLANE('',#4895);
#4408=PLANE('',#4896);
#4409=PLANE('',#4897);
#4410=PLANE('',#4898);
#4411=PLANE('',#4899);
#4412=PLANE('',#4900);
#4413=PLANE('',#4901);
#4414=PLANE('',#4902);
#4415=PLANE('',#4903);
#4416=PLANE('',#4904);
#4417=PLANE('',#4905);
#4418=PLANE('',#4906);
#4419=PLANE('',#4907);
#4420=PLANE('',#4908);
#4421=PLANE('',#4909);
#4422=PLANE('',#4910);
#4423=PLANE('',#4911);
#4424=PLANE('',#4912);
#4425=PLANE('',#4913);
#4426=PLANE('',#4914);
#4427=PLANE('',#4915);
#4428=PLANE('',#4916);
#4429=PLANE('',#4919);
#4430=PLANE('',#4922);
#4431=PLANE('',#4923);
#4432=PLANE('',#4926);
#4433=PLANE('',#4927);
#4434=PLANE('',#4928);
#4435=PLANE('',#4929);
#4436=PLANE('',#4930);
#4437=PLANE('',#4931);
#4438=PLANE('',#4932);
#4439=PLANE('',#4933);
#4440=PLANE('',#4934);
#4441=PLANE('',#4935);
#4442=PLANE('',#4936);
#4443=PLANE('',#4940);
#4444=PLANE('',#4944);
#4445=PLANE('',#4945);
#4446=PLANE('',#4948);
#4447=PLANE('',#4959);
#4448=PLANE('',#4960);
#4449=PLANE('',#4961);
#4450=PLANE('',#4962);
#4451=PLANE('',#4965);
#4452=PLANE('',#4966);
#4453=PLANE('',#4969);
#4454=PLANE('',#4970);
#4455=PLANE('',#4973);
#4456=PLANE('',#4974);
#4457=PLANE('',#4975);
#4458=PLANE('',#4976);
#4459=PLANE('',#4977);
#4460=PLANE('',#4978);
#4461=PLANE('',#4979);
#4462=PLANE('',#4980);
#4463=PLANE('',#4981);
#4464=PLANE('',#4982);
#4465=PLANE('',#4983);
#4466=PLANE('',#4984);
#4467=PLANE('',#4985);
#4468=PLANE('',#4986);
#4469=PLANE('',#4987);
#4470=PLANE('',#4989);
#4471=PLANE('',#4990);
#4472=PLANE('',#4991);
#4473=PLANE('',#4994);
#4474=PLANE('',#4999);
#4475=PLANE('',#5000);
#4476=PLANE('',#5005);
#4477=PLANE('',#5009);
#4478=PLANE('',#5011);
#4479=PLANE('',#5012);
#4480=PLANE('',#5013);
#4481=PLANE('',#5014);
#4482=PLANE('',#5017);
#4483=PLANE('',#5020);
#4484=PLANE('',#5021);
#4485=PLANE('',#5025);
#4486=PLANE('',#5028);
#4487=PLANE('',#5031);
#4488=PLANE('',#5037);
#4489=PLANE('',#5041);
#4490=PLANE('',#5044);
#4491=PLANE('',#5045);
#4492=PLANE('',#5047);
#4493=PLANE('',#5049);
#4494=PLANE('',#5051);
#4495=PLANE('',#5052);
#4496=PLANE('',#5053);
#4497=PLANE('',#5059);
#4498=PLANE('',#5060);
#4499=PLANE('',#5061);
#4500=PLANE('',#5062);
#4501=PLANE('',#5063);
#4502=PLANE('',#5066);
#4503=PLANE('',#5067);
#4504=PLANE('',#5071);
#4505=PLANE('',#5072);
#4506=PLANE('',#5073);
#4507=PLANE('',#5077);
#4508=PLANE('',#5078);
#4509=PLANE('',#5079);
#4510=PLANE('',#5080);
#4511=PLANE('',#5081);
#4512=PLANE('',#5082);
#4513=PLANE('',#5083);
#4514=PLANE('',#5084);
#4515=PLANE('',#5085);
#4516=PLANE('',#5086);
#4517=PLANE('',#5087);
#4518=PLANE('',#5091);
#4519=PLANE('',#5099);
#4520=PLANE('',#5100);
#4521=PLANE('',#5104);
#4522=PLANE('',#5105);
#4523=PLANE('',#5109);
#4524=PLANE('',#5110);
#4525=PLANE('',#5114);
#4526=PLANE('',#5115);
#4527=PLANE('',#5119);
#4528=PLANE('',#5120);
#4529=PLANE('',#5125);
#4530=PLANE('',#5126);
#4531=PLANE('',#5133);
#4532=PLANE('',#5134);
#4533=PLANE('',#5139);
#4534=PLANE('',#5143);
#4535=PLANE('',#5144);
#4536=PLANE('',#5151);
#4537=PLANE('',#5152);
#4538=PLANE('',#5155);
#4539=PLANE('',#5156);
#4540=PLANE('',#5159);
#4541=PLANE('',#5160);
#4542=PLANE('',#5161);
#4543=PLANE('',#5164);
#4544=PLANE('',#5165);
#4545=PLANE('',#5168);
#4546=PLANE('',#5169);
#4547=PLANE('',#5172);
#4548=PLANE('',#5173);
#4549=PLANE('',#5176);
#4550=PLANE('',#5177);
#4551=PLANE('',#5178);
#4552=PLANE('',#5179);
#4553=PLANE('',#5180);
#4554=PLANE('',#5181);
#4555=PLANE('',#5192);
#4556=PLANE('',#5193);
#4557=PLANE('',#5194);
#4558=PLANE('',#5196);
#4559=PLANE('',#5197);
#4560=PLANE('',#5198);
#4561=PLANE('',#5199);
#4562=PLANE('',#5200);
#4563=PLANE('',#5202);
#4564=PLANE('',#5203);
#4565=PLANE('',#5204);
#4566=PLANE('',#5205);
#4567=PLANE('',#5207);
#4568=PLANE('',#5208);
#4569=PLANE('',#5209);
#4570=PLANE('',#5211);
#4571=PLANE('',#5218);
#4572=PLANE('',#5219);
#4573=PLANE('',#5220);
#4574=PLANE('',#5223);
#4575=PLANE('',#5224);
#4576=PLANE('',#5225);
#4577=PLANE('',#5226);
#4578=PLANE('',#5227);
#4579=PLANE('',#5228);
#4580=PLANE('',#5229);
#4581=PLANE('',#5230);
#4582=PLANE('',#5231);
#4583=PLANE('',#5232);
#4584=PLANE('',#5233);
#4585=PLANE('',#5234);
#4586=PLANE('',#5235);
#4587=PLANE('',#5236);
#4588=PLANE('',#5237);
#4589=PLANE('',#5238);
#4590=PLANE('',#5239);
#4591=PLANE('',#5240);
#4592=PLANE('',#5241);
#4593=PLANE('',#5242);
#4594=PLANE('',#5243);
#4595=PLANE('',#5244);
#4596=PLANE('',#5245);
#4597=PLANE('',#5246);
#4598=PLANE('',#5247);
#4599=PLANE('',#5248);
#4600=PLANE('',#5249);
#4601=PLANE('',#5250);
#4602=PLANE('',#5251);
#4603=PLANE('',#5252);
#4604=PLANE('',#5253);
#4605=PLANE('',#5254);
#4606=PLANE('',#5255);
#4607=ADVANCED_FACE('',(#208),#4399,.F.);
#4608=ADVANCED_FACE('',(#209),#4400,.F.);
#4609=ADVANCED_FACE('',(#210),#4401,.F.);
#4610=ADVANCED_FACE('',(#211),#4402,.F.);
#4611=ADVANCED_FACE('',(#212),#4403,.T.);
#4612=ADVANCED_FACE('',(#213),#4404,.T.);
#4613=ADVANCED_FACE('',(#214),#4405,.F.);
#4614=ADVANCED_FACE('',(#215),#4406,.T.);
#4615=ADVANCED_FACE('',(#216),#4407,.F.);
#4616=ADVANCED_FACE('',(#217),#4408,.F.);
#4617=ADVANCED_FACE('',(#218),#4409,.F.);
#4618=ADVANCED_FACE('',(#219),#4410,.F.);
#4619=ADVANCED_FACE('',(#220),#4411,.F.);
#4620=ADVANCED_FACE('',(#221),#4412,.F.);
#4621=ADVANCED_FACE('',(#222),#4413,.T.);
#4622=ADVANCED_FACE('',(#223),#4414,.T.);
#4623=ADVANCED_FACE('',(#224),#4415,.T.);
#4624=ADVANCED_FACE('',(#225),#4416,.T.);
#4625=ADVANCED_FACE('',(#226),#4417,.F.);
#4626=ADVANCED_FACE('',(#227),#4418,.F.);
#4627=ADVANCED_FACE('',(#228),#4419,.F.);
#4628=ADVANCED_FACE('',(#229),#4420,.F.);
#4629=ADVANCED_FACE('',(#230),#4421,.F.);
#4630=ADVANCED_FACE('',(#231),#4422,.F.);
#4631=ADVANCED_FACE('',(#232),#4423,.F.);
#4632=ADVANCED_FACE('',(#233),#4424,.F.);
#4633=ADVANCED_FACE('',(#234),#4425,.F.);
#4634=ADVANCED_FACE('',(#235),#4426,.F.);
#4635=ADVANCED_FACE('',(#236),#4427,.F.);
#4636=ADVANCED_FACE('',(#237,#74),#4428,.F.);
#4637=ADVANCED_FACE('',(#238,#75),#4429,.F.);
#4638=ADVANCED_FACE('',(#239),#4430,.F.);
#4639=ADVANCED_FACE('',(#240,#76),#4431,.F.);
#4640=ADVANCED_FACE('',(#241),#4432,.T.);
#4641=ADVANCED_FACE('',(#242),#4433,.T.);
#4642=ADVANCED_FACE('',(#243),#4434,.T.);
#4643=ADVANCED_FACE('',(#244),#4435,.T.);
#4644=ADVANCED_FACE('',(#245),#4436,.T.);
#4645=ADVANCED_FACE('',(#246),#4437,.T.);
#4646=ADVANCED_FACE('',(#247),#4438,.F.);
#4647=ADVANCED_FACE('',(#248),#4439,.F.);
#4648=ADVANCED_FACE('',(#249),#4440,.F.);
#4649=ADVANCED_FACE('',(#250),#4441,.F.);
#4650=ADVANCED_FACE('',(#251),#4442,.F.);
#4651=ADVANCED_FACE('',(#252),#46,.F.);
#4652=ADVANCED_FACE('',(#253),#4443,.T.);
#4653=ADVANCED_FACE('',(#254),#47,.F.);
#4654=ADVANCED_FACE('',(#255),#4444,.T.);
#4655=ADVANCED_FACE('',(#256),#4445,.T.);
#4656=ADVANCED_FACE('',(#257),#17,.F.);
#4657=ADVANCED_FACE('',(#258,#77,#78,#79),#4446,.T.);
#4658=ADVANCED_FACE('',(#259),#48,.F.);
#4659=ADVANCED_FACE('',(#260),#18,.F.);
#4660=ADVANCED_FACE('',(#261),#49,.F.);
#4661=ADVANCED_FACE('',(#262),#19,.F.);
#4662=ADVANCED_FACE('',(#263),#4447,.T.);
#4663=ADVANCED_FACE('',(#264),#4448,.T.);
#4664=ADVANCED_FACE('',(#265),#4449,.F.);
#4665=ADVANCED_FACE('',(#266,#80),#4450,.F.);
#4666=ADVANCED_FACE('',(#267),#4451,.T.);
#4667=ADVANCED_FACE('',(#268,#81),#4452,.F.);
#4668=ADVANCED_FACE('',(#269),#4453,.F.);
#4669=ADVANCED_FACE('',(#270,#82),#4454,.F.);
#4670=ADVANCED_FACE('',(#271),#4455,.T.);
#4671=ADVANCED_FACE('',(#272),#4456,.T.);
#4672=ADVANCED_FACE('',(#273),#4457,.T.);
#4673=ADVANCED_FACE('',(#274),#4458,.T.);
#4674=ADVANCED_FACE('',(#275),#4459,.T.);
#4675=ADVANCED_FACE('',(#276),#4460,.T.);
#4676=ADVANCED_FACE('',(#277),#4461,.T.);
#4677=ADVANCED_FACE('',(#278),#4462,.T.);
#4678=ADVANCED_FACE('',(#279),#4463,.T.);
#4679=ADVANCED_FACE('',(#280),#4464,.F.);
#4680=ADVANCED_FACE('',(#281),#4465,.T.);
#4681=ADVANCED_FACE('',(#282),#4466,.T.);
#4682=ADVANCED_FACE('',(#283),#4467,.F.);
#4683=ADVANCED_FACE('',(#284),#4468,.T.);
#4684=ADVANCED_FACE('',(#285),#4469,.T.);
#4685=ADVANCED_FACE('',(#286),#4470,.T.);
#4686=ADVANCED_FACE('',(#287),#4471,.T.);
#4687=ADVANCED_FACE('',(#288),#4472,.T.);
#4688=ADVANCED_FACE('',(#289),#50,.F.);
#4689=ADVANCED_FACE('',(#290),#4473,.T.);
#4690=ADVANCED_FACE('',(#291),#51,.F.);
#4691=ADVANCED_FACE('',(#292),#20,.F.);
#4692=ADVANCED_FACE('',(#293),#4474,.T.);
#4693=ADVANCED_FACE('',(#294,#83,#84,#85),#4475,.F.);
#4694=ADVANCED_FACE('',(#295),#52,.F.);
#4695=ADVANCED_FACE('',(#296,#86),#4476,.F.);
#4696=ADVANCED_FACE('',(#297),#53,.F.);
#4697=ADVANCED_FACE('',(#298,#87),#4477,.F.);
#4698=ADVANCED_FACE('',(#299),#4478,.F.);
#4699=ADVANCED_FACE('',(#300),#4479,.F.);
#4700=ADVANCED_FACE('',(#301),#4480,.F.);
#4701=ADVANCED_FACE('',(#302),#4481,.T.);
#4702=ADVANCED_FACE('',(#303),#54,.T.);
#4703=ADVANCED_FACE('',(#304),#4482,.T.);
#4704=ADVANCED_FACE('',(#305),#55,.T.);
#4705=ADVANCED_FACE('',(#306),#4483,.T.);
#4706=ADVANCED_FACE('',(#307),#4484,.T.);
#4707=ADVANCED_FACE('',(#308),#56,.T.);
#4708=ADVANCED_FACE('',(#309),#4485,.T.);
#4709=ADVANCED_FACE('',(#310),#57,.T.);
#4710=ADVANCED_FACE('',(#311),#4486,.T.);
#4711=ADVANCED_FACE('',(#312),#58,.T.);
#4712=ADVANCED_FACE('',(#313),#4487,.T.);
#4713=ADVANCED_FACE('',(#314),#59,.T.);
#4714=ADVANCED_FACE('',(#315),#60,.T.);
#4715=ADVANCED_FACE('',(#316),#4488,.T.);
#4716=ADVANCED_FACE('',(#317),#61,.T.);
#4717=ADVANCED_FACE('',(#318),#4489,.T.);
#4718=ADVANCED_FACE('',(#319),#62,.T.);
#4719=ADVANCED_FACE('',(#320),#4490,.T.);
#4720=ADVANCED_FACE('',(#321,#88),#4491,.F.);
#4721=ADVANCED_FACE('',(#322,#89),#4492,.F.);
#4722=ADVANCED_FACE('',(#323,#90),#4493,.F.);
#4723=ADVANCED_FACE('',(#324),#4494,.F.);
#4724=ADVANCED_FACE('',(#325),#4495,.T.);
#4725=ADVANCED_FACE('',(#326),#4496,.T.);
#4726=ADVANCED_FACE('',(#327),#21,.T.);
#4727=ADVANCED_FACE('',(#328),#22,.T.);
#4728=ADVANCED_FACE('',(#329),#23,.T.);
#4729=ADVANCED_FACE('',(#330),#24,.T.);
#4730=ADVANCED_FACE('',(#331),#25,.T.);
#4731=ADVANCED_FACE('',(#332),#4497,.T.);
#4732=ADVANCED_FACE('',(#333),#4498,.T.);
#4733=ADVANCED_FACE('',(#334),#4499,.T.);
#4734=ADVANCED_FACE('',(#335),#4500,.T.);
#4735=ADVANCED_FACE('',(#336),#4501,.T.);
#4736=ADVANCED_FACE('',(#337),#26,.T.);
#4737=ADVANCED_FACE('',(#338),#27,.T.);
#4738=ADVANCED_FACE('',(#339),#4502,.T.);
#4739=ADVANCED_FACE('',(#340),#4503,.T.);
#4740=ADVANCED_FACE('',(#341),#28,.T.);
#4741=ADVANCED_FACE('',(#342),#4504,.T.);
#4742=ADVANCED_FACE('',(#343),#4505,.T.);
#4743=ADVANCED_FACE('',(#344),#4506,.T.);
#4744=ADVANCED_FACE('',(#345),#29,.T.);
#4745=ADVANCED_FACE('',(#346),#4507,.T.);
#4746=ADVANCED_FACE('',(#347),#4508,.F.);
#4747=ADVANCED_FACE('',(#348),#4509,.T.);
#4748=ADVANCED_FACE('',(#349),#4510,.F.);
#4749=ADVANCED_FACE('',(#350),#4511,.T.);
#4750=ADVANCED_FACE('',(#351),#4512,.T.);
#4751=ADVANCED_FACE('',(#352),#4513,.F.);
#4752=ADVANCED_FACE('',(#353),#4514,.T.);
#4753=ADVANCED_FACE('',(#354),#4515,.T.);
#4754=ADVANCED_FACE('',(#355),#4516,.T.);
#4755=ADVANCED_FACE('',(#356),#4517,.T.);
#4756=ADVANCED_FACE('',(#357),#63,.F.);
#4757=ADVANCED_FACE('',(#358,#91,#92),#4518,.T.);
#4758=ADVANCED_FACE('',(#359),#30,.F.);
#4759=ADVANCED_FACE('',(#360),#64,.F.);
#4760=ADVANCED_FACE('',(#361),#31,.F.);
#4761=ADVANCED_FACE('',(#362),#4519,.T.);
#4762=ADVANCED_FACE('',(#363,#93),#4520,.F.);
#4763=ADVANCED_FACE('',(#364),#4521,.T.);
#4764=ADVANCED_FACE('',(#365,#94),#4522,.F.);
#4765=ADVANCED_FACE('',(#366),#4523,.F.);
#4766=ADVANCED_FACE('',(#367,#95),#4524,.F.);
#4767=ADVANCED_FACE('',(#368),#4525,.T.);
#4768=ADVANCED_FACE('',(#369,#96),#4526,.F.);
#4769=ADVANCED_FACE('',(#370),#4527,.F.);
#4770=ADVANCED_FACE('',(#371),#4528,.T.);
#4771=ADVANCED_FACE('',(#372),#65,.F.);
#4772=ADVANCED_FACE('',(#373),#4529,.F.);
#4773=ADVANCED_FACE('',(#374),#4530,.F.);
#4774=ADVANCED_FACE('',(#375),#66,.F.);
#4775=ADVANCED_FACE('',(#376),#67,.F.);
#4776=ADVANCED_FACE('',(#377),#4531,.F.);
#4777=ADVANCED_FACE('',(#378),#4532,.F.);
#4778=ADVANCED_FACE('',(#379),#68,.F.);
#4779=ADVANCED_FACE('',(#380),#69,.F.);
#4780=ADVANCED_FACE('',(#381),#4533,.F.);
#4781=ADVANCED_FACE('',(#382),#70,.F.);
#4782=ADVANCED_FACE('',(#383),#4534,.F.);
#4783=ADVANCED_FACE('',(#384),#4535,.F.);
#4784=ADVANCED_FACE('',(#385),#71,.F.);
#4785=ADVANCED_FACE('',(#386),#72,.F.);
#4786=ADVANCED_FACE('',(#387),#4536,.F.);
#4787=ADVANCED_FACE('',(#388),#4537,.F.);
#4788=ADVANCED_FACE('',(#389),#73,.F.);
#4789=ADVANCED_FACE('',(#390),#4538,.F.);
#4790=ADVANCED_FACE('',(#391,#97),#4539,.F.);
#4791=ADVANCED_FACE('',(#392),#4540,.F.);
#4792=ADVANCED_FACE('',(#393),#4541,.F.);
#4793=ADVANCED_FACE('',(#394,#98),#4542,.F.);
#4794=ADVANCED_FACE('',(#395),#4543,.F.);
#4795=ADVANCED_FACE('',(#396,#99),#4544,.F.);
#4796=ADVANCED_FACE('',(#397),#4545,.F.);
#4797=ADVANCED_FACE('',(#398,#100),#4546,.F.);
#4798=ADVANCED_FACE('',(#399),#4547,.F.);
#4799=ADVANCED_FACE('',(#400,#101),#4548,.F.);
#4800=ADVANCED_FACE('',(#401),#4549,.F.);
#4801=ADVANCED_FACE('',(#402),#4550,.F.);
#4802=ADVANCED_FACE('',(#403),#4551,.T.);
#4803=ADVANCED_FACE('',(#404),#4552,.T.);
#4804=ADVANCED_FACE('',(#405),#4553,.T.);
#4805=ADVANCED_FACE('',(#406),#4554,.F.);
#4806=ADVANCED_FACE('',(#407),#32,.T.);
#4807=ADVANCED_FACE('',(#408),#33,.T.);
#4808=ADVANCED_FACE('',(#409),#34,.T.);
#4809=ADVANCED_FACE('',(#410),#35,.T.);
#4810=ADVANCED_FACE('',(#411),#36,.T.);
#4811=ADVANCED_FACE('',(#412),#37,.T.);
#4812=ADVANCED_FACE('',(#413),#38,.T.);
#4813=ADVANCED_FACE('',(#414),#39,.T.);
#4814=ADVANCED_FACE('',(#415),#40,.T.);
#4815=ADVANCED_FACE('',(#416),#41,.T.);
#4816=ADVANCED_FACE('',(#417),#4555,.T.);
#4817=ADVANCED_FACE('',(#418),#4556,.T.);
#4818=ADVANCED_FACE('',(#419),#4557,.T.);
#4819=ADVANCED_FACE('',(#420),#4558,.T.);
#4820=ADVANCED_FACE('',(#421),#4559,.T.);
#4821=ADVANCED_FACE('',(#422),#4560,.T.);
#4822=ADVANCED_FACE('',(#423),#4561,.T.);
#4823=ADVANCED_FACE('',(#424),#4562,.T.);
#4824=ADVANCED_FACE('',(#425),#4563,.T.);
#4825=ADVANCED_FACE('',(#426),#4564,.T.);
#4826=ADVANCED_FACE('',(#427),#4565,.T.);
#4827=ADVANCED_FACE('',(#428),#4566,.T.);
#4828=ADVANCED_FACE('',(#429),#4567,.T.);
#4829=ADVANCED_FACE('',(#430),#4568,.T.);
#4830=ADVANCED_FACE('',(#431),#4569,.T.);
#4831=ADVANCED_FACE('',(#432),#4570,.T.);
#4832=ADVANCED_FACE('',(#433),#42,.T.);
#4833=ADVANCED_FACE('',(#434),#43,.T.);
#4834=ADVANCED_FACE('',(#435),#44,.T.);
#4835=ADVANCED_FACE('',(#436),#4571,.F.);
#4836=ADVANCED_FACE('',(#437),#4572,.F.);
#4837=ADVANCED_FACE('',(#438),#4573,.F.);
#4838=ADVANCED_FACE('',(#439),#45,.T.);
#4839=ADVANCED_FACE('',(#440),#4574,.F.);
#4840=ADVANCED_FACE('',(#441),#4575,.F.);
#4841=ADVANCED_FACE('',(#442),#4576,.F.);
#4842=ADVANCED_FACE('',(#443),#4577,.F.);
#4843=ADVANCED_FACE('',(#444),#4578,.F.);
#4844=ADVANCED_FACE('',(#445),#4579,.F.);
#4845=ADVANCED_FACE('',(#446),#4580,.F.);
#4846=ADVANCED_FACE('',(#447),#4581,.F.);
#4847=ADVANCED_FACE('',(#448),#4582,.F.);
#4848=ADVANCED_FACE('',(#449),#4583,.T.);
#4849=ADVANCED_FACE('',(#450),#4584,.T.);
#4850=ADVANCED_FACE('',(#451),#4585,.F.);
#4851=ADVANCED_FACE('',(#452),#4586,.T.);
#4852=ADVANCED_FACE('',(#453),#4587,.T.);
#4853=ADVANCED_FACE('',(#454),#4588,.F.);
#4854=ADVANCED_FACE('',(#455),#4589,.T.);
#4855=ADVANCED_FACE('',(#456),#4590,.T.);
#4856=ADVANCED_FACE('',(#457),#4591,.T.);
#4857=ADVANCED_FACE('',(#458),#4592,.T.);
#4858=ADVANCED_FACE('',(#459),#4593,.T.);
#4859=ADVANCED_FACE('',(#460),#4594,.T.);
#4860=ADVANCED_FACE('',(#461),#4595,.T.);
#4861=ADVANCED_FACE('',(#462),#4596,.T.);
#4862=ADVANCED_FACE('',(#463),#4597,.T.);
#4863=ADVANCED_FACE('',(#464),#4598,.T.);
#4864=ADVANCED_FACE('',(#465),#4599,.T.);
#4865=ADVANCED_FACE('',(#466),#4600,.T.);
#4866=ADVANCED_FACE('',(#467),#4601,.T.);
#4867=ADVANCED_FACE('',(#468),#4602,.T.);
#4868=ADVANCED_FACE('',(#469),#4603,.T.);
#4869=ADVANCED_FACE('',(#470),#4604,.F.);
#4870=ADVANCED_FACE('',(#471,#102),#4605,.T.);
#4871=ADVANCED_FACE('',(#472,#103),#4606,.T.);
#4872=CLOSED_SHELL('',(#4607,#4608,#4609,#4610,#4611,#4612,#4613,#4614,
#4615,#4616,#4617,#4618,#4619,#4620,#4621,#4622,#4623,#4624,#4625,#4626,
#4627,#4628,#4629,#4630,#4631,#4632,#4633,#4634,#4635,#4636,#4637,#4638,
#4639,#4640,#4641,#4642,#4643,#4644,#4645,#4646,#4647,#4648,#4649,#4650,
#4651,#4652,#4653,#4654,#4655,#4656,#4657,#4658,#4659,#4660,#4661,#4662,
#4663,#4664,#4665,#4666,#4667,#4668,#4669,#4670,#4671,#4672,#4673,#4674,
#4675,#4676,#4677,#4678,#4679,#4680,#4681,#4682,#4683,#4684,#4685,#4686,
#4687,#4688,#4689,#4690,#4691,#4692,#4693,#4694,#4695,#4696,#4697,#4698,
#4699,#4700,#4701,#4702,#4703,#4704,#4705,#4706,#4707,#4708,#4709,#4710,
#4711,#4712,#4713,#4714,#4715,#4716,#4717,#4718,#4719,#4720,#4721,#4722,
#4723,#4724,#4725,#4726,#4727,#4728,#4729,#4730,#4731,#4732,#4733,#4734,
#4735,#4736,#4737));
#4873=CLOSED_SHELL('',(#4738,#4739,#4740,#4741,#4742,#4743,#4744,#4745,
#4746,#4747,#4748,#4749,#4750,#4751,#4752,#4753,#4754,#4755,#4756,#4757,
#4758,#4759,#4760,#4761,#4762,#4763,#4764,#4765,#4766,#4767,#4768,#4769,
#4770,#4771,#4772,#4773,#4774,#4775,#4776,#4777,#4778,#4779,#4780,#4781,
#4782,#4783,#4784,#4785,#4786,#4787,#4788,#4789,#4790,#4791,#4792,#4793,
#4794,#4795,#4796,#4797,#4798,#4799,#4800,#4801,#4802,#4803,#4804,#4805,
#4806,#4807,#4808,#4809,#4810,#4811,#4812,#4813,#4814,#4815,#4816,#4817,
#4818,#4819,#4820,#4821,#4822,#4823,#4824,#4825,#4826,#4827,#4828,#4829,
#4830,#4831,#4832,#4833,#4834,#4835,#4836,#4837,#4838,#4839,#4840,#4841,
#4842,#4843,#4844,#4845,#4846,#4847,#4848,#4849,#4850,#4851,#4852,#4853,
#4854,#4855,#4856,#4857,#4858,#4859,#4860,#4861,#4862,#4863,#4864,#4865,
#4866,#4867,#4868,#4869,#4870,#4871));
#4874=DERIVED_UNIT_ELEMENT(#4876,1.);
#4875=DERIVED_UNIT_ELEMENT(#7962,-3.);
#4876=(
MASS_UNIT()
NAMED_UNIT(*)
SI_UNIT(.KILO.,.GRAM.)
);
#4877=DERIVED_UNIT((#4874,#4875));
#4878=MEASURE_REPRESENTATION_ITEM('density measure',
POSITIVE_RATIO_MEASURE(7850.),#4877);
#4879=PROPERTY_DEFINITION_REPRESENTATION(#4884,#4881);
#4880=PROPERTY_DEFINITION_REPRESENTATION(#4885,#4882);
#4881=REPRESENTATION('material name',(#4883),#7959);
#4882=REPRESENTATION('density',(#4878),#7959);
#4883=DESCRIPTIVE_REPRESENTATION_ITEM('Steel','Steel');
#4884=PROPERTY_DEFINITION('material property','material name',#7969);
#4885=PROPERTY_DEFINITION('material property','density of part',#7969);
#4886=AXIS2_PLACEMENT_3D('',#6572,#5256,#5257);
#4887=AXIS2_PLACEMENT_3D('',#6573,#5258,#5259);
#4888=AXIS2_PLACEMENT_3D('',#6582,#5264,#5265);
#4889=AXIS2_PLACEMENT_3D('',#6604,#5277,#5278);
#4890=AXIS2_PLACEMENT_3D('',#6618,#5286,#5287);
#4891=AXIS2_PLACEMENT_3D('',#6627,#5293,#5294);
#4892=AXIS2_PLACEMENT_3D('',#6628,#5295,#5296);
#4893=AXIS2_PLACEMENT_3D('',#6630,#5298,#5299);
#4894=AXIS2_PLACEMENT_3D('',#6638,#5304,#5305);
#4895=AXIS2_PLACEMENT_3D('',#6664,#5319,#5320);
#4896=AXIS2_PLACEMENT_3D('',#6670,#5324,#5325);
#4897=AXIS2_PLACEMENT_3D('',#6685,#5334,#5335);
#4898=AXIS2_PLACEMENT_3D('',#6689,#5338,#5339);
#4899=AXIS2_PLACEMENT_3D('',#6691,#5341,#5342);
#4900=AXIS2_PLACEMENT_3D('',#6700,#5347,#5348);
#4901=AXIS2_PLACEMENT_3D('',#6709,#5353,#5354);
#4902=AXIS2_PLACEMENT_3D('',#6712,#5357,#5358);
#4903=AXIS2_PLACEMENT_3D('',#6714,#5360,#5361);
#4904=AXIS2_PLACEMENT_3D('',#6719,#5365,#5366);
#4905=AXIS2_PLACEMENT_3D('',#6723,#5369,#5370);
#4906=AXIS2_PLACEMENT_3D('',#6732,#5375,#5376);
#4907=AXIS2_PLACEMENT_3D('',#6741,#5381,#5382);
#4908=AXIS2_PLACEMENT_3D('',#6750,#5387,#5388);
#4909=AXIS2_PLACEMENT_3D('',#6759,#5393,#5394);
#4910=AXIS2_PLACEMENT_3D('',#6768,#5399,#5400);
#4911=AXIS2_PLACEMENT_3D('',#6774,#5404,#5405);
#4912=AXIS2_PLACEMENT_3D('',#6780,#5409,#5410);
#4913=AXIS2_PLACEMENT_3D('',#6786,#5414,#5415);
#4914=AXIS2_PLACEMENT_3D('',#6792,#5419,#5420);
#4915=AXIS2_PLACEMENT_3D('',#6798,#5424,#5425);
#4916=AXIS2_PLACEMENT_3D('',#6831,#5445,#5446);
#4917=AXIS2_PLACEMENT_3D('',#6833,#5447,#5448);
#4918=AXIS2_PLACEMENT_3D('',#6840,#5452,#5453);
#4919=AXIS2_PLACEMENT_3D('',#6841,#5454,#5455);
#4920=AXIS2_PLACEMENT_3D('',#6850,#5460,#5461);
#4921=AXIS2_PLACEMENT_3D('',#6852,#5462,#5463);
#4922=AXIS2_PLACEMENT_3D('',#6853,#5464,#5465);
#4923=AXIS2_PLACEMENT_3D('',#6857,#5468,#5469);
#4924=AXIS2_PLACEMENT_3D('',#6859,#5470,#5471);
#4925=AXIS2_PLACEMENT_3D('',#6866,#5475,#5476);
#4926=AXIS2_PLACEMENT_3D('',#6867,#5477,#5478);
#4927=AXIS2_PLACEMENT_3D('',#6873,#5482,#5483);
#4928=AXIS2_PLACEMENT_3D('',#6879,#5487,#5488);
#4929=AXIS2_PLACEMENT_3D('',#6883,#5491,#5492);
#4930=AXIS2_PLACEMENT_3D('',#6887,#5495,#5496);
#4931=AXIS2_PLACEMENT_3D('',#6891,#5499,#5500);
#4932=AXIS2_PLACEMENT_3D('',#6893,#5502,#5503);
#4933=AXIS2_PLACEMENT_3D('',#6896,#5506,#5507);
#4934=AXIS2_PLACEMENT_3D('',#6898,#5509,#5510);
#4935=AXIS2_PLACEMENT_3D('',#6900,#5512,#5513);
#4936=AXIS2_PLACEMENT_3D('',#6902,#5515,#5516);
#4937=AXIS2_PLACEMENT_3D('',#6903,#5517,#5518);
#4938=AXIS2_PLACEMENT_3D('',#6908,#5520,#5521);
#4939=AXIS2_PLACEMENT_3D('',#6911,#5523,#5524);
#4940=AXIS2_PLACEMENT_3D('',#6912,#5525,#5526);
#4941=AXIS2_PLACEMENT_3D('',#6918,#5530,#5531);
#4942=AXIS2_PLACEMENT_3D('',#6922,#5533,#5534);
#4943=AXIS2_PLACEMENT_3D('',#6923,#5535,#5536);
#4944=AXIS2_PLACEMENT_3D('',#6924,#5537,#5538);
#4945=AXIS2_PLACEMENT_3D('',#6927,#5541,#5542);
#4946=AXIS2_PLACEMENT_3D('',#6933,#5546,#5547);
#4947=AXIS2_PLACEMENT_3D('',#6936,#5549,#5550);
#4948=AXIS2_PLACEMENT_3D('',#6937,#5551,#5552);
#4949=AXIS2_PLACEMENT_3D('',#6959,#5564,#5565);
#4950=AXIS2_PLACEMENT_3D('',#6961,#5566,#5567);
#4951=AXIS2_PLACEMENT_3D('',#6962,#5568,#5569);
#4952=AXIS2_PLACEMENT_3D('',#6964,#5570,#5571);
#4953=AXIS2_PLACEMENT_3D('',#6966,#5573,#5574);
#4954=AXIS2_PLACEMENT_3D('',#6968,#5575,#5576);
#4955=AXIS2_PLACEMENT_3D('',#6970,#5578,#5579);
#4956=AXIS2_PLACEMENT_3D('',#6972,#5580,#5581);
#4957=AXIS2_PLACEMENT_3D('',#6974,#5583,#5584);
#4958=AXIS2_PLACEMENT_3D('',#6976,#5585,#5586);
#4959=AXIS2_PLACEMENT_3D('',#6978,#5588,#5589);
#4960=AXIS2_PLACEMENT_3D('',#7003,#5603,#5604);
#4961=AXIS2_PLACEMENT_3D('',#7005,#5606,#5607);
#4962=AXIS2_PLACEMENT_3D('',#7007,#5609,#5610);
#4963=AXIS2_PLACEMENT_3D('',#7010,#5612,#5613);
#4964=AXIS2_PLACEMENT_3D('',#7012,#5614,#5615);
#4965=AXIS2_PLACEMENT_3D('',#7013,#5616,#5617);
#4966=AXIS2_PLACEMENT_3D('',#7017,#5620,#5621);
#4967=AXIS2_PLACEMENT_3D('',#7018,#5622,#5623);
#4968=AXIS2_PLACEMENT_3D('',#7021,#5625,#5626);
#4969=AXIS2_PLACEMENT_3D('',#7022,#5627,#5628);
#4970=AXIS2_PLACEMENT_3D('',#7024,#5630,#5631);
#4971=AXIS2_PLACEMENT_3D('',#7027,#5633,#5634);
#4972=AXIS2_PLACEMENT_3D('',#7029,#5635,#5636);
#4973=AXIS2_PLACEMENT_3D('',#7030,#5637,#5638);
#4974=AXIS2_PLACEMENT_3D('',#7035,#5642,#5643);
#4975=AXIS2_PLACEMENT_3D('',#7038,#5646,#5647);
#4976=AXIS2_PLACEMENT_3D('',#7044,#5651,#5652);
#4977=AXIS2_PLACEMENT_3D('',#7048,#5655,#5656);
#4978=AXIS2_PLACEMENT_3D('',#7051,#5659,#5660);
#4979=AXIS2_PLACEMENT_3D('',#7052,#5661,#5662);
#4980=AXIS2_PLACEMENT_3D('',#7054,#5664,#5665);
#4981=AXIS2_PLACEMENT_3D('',#7060,#5669,#5670);
#4982=AXIS2_PLACEMENT_3D('',#7062,#5672,#5673);
#4983=AXIS2_PLACEMENT_3D('',#7065,#5676,#5677);
#4984=AXIS2_PLACEMENT_3D('',#7067,#5679,#5680);
#4985=AXIS2_PLACEMENT_3D('',#7068,#5681,#5682);
#4986=AXIS2_PLACEMENT_3D('',#7072,#5685,#5686);
#4987=AXIS2_PLACEMENT_3D('',#7078,#5690,#5691);
#4988=AXIS2_PLACEMENT_3D('',#7081,#5693,#5694);
#4989=AXIS2_PLACEMENT_3D('',#7082,#5695,#5696);
#4990=AXIS2_PLACEMENT_3D('',#7084,#5698,#5699);
#4991=AXIS2_PLACEMENT_3D('',#7085,#5700,#5701);
#4992=AXIS2_PLACEMENT_3D('',#7093,#5706,#5707);
#4993=AXIS2_PLACEMENT_3D('',#7096,#5709,#5710);
#4994=AXIS2_PLACEMENT_3D('',#7097,#5711,#5712);
#4995=AXIS2_PLACEMENT_3D('',#7101,#5715,#5716);
#4996=AXIS2_PLACEMENT_3D('',#7102,#5717,#5718);
#4997=AXIS2_PLACEMENT_3D('',#7103,#5719,#5720);
#4998=AXIS2_PLACEMENT_3D('',#7104,#5721,#5722);
#4999=AXIS2_PLACEMENT_3D('',#7106,#5724,#5725);
#5000=AXIS2_PLACEMENT_3D('',#7107,#5726,#5727);
#5001=AXIS2_PLACEMENT_3D('',#7109,#5728,#5729);
#5002=AXIS2_PLACEMENT_3D('',#7111,#5730,#5731);
#5003=AXIS2_PLACEMENT_3D('',#7112,#5732,#5733);
#5004=AXIS2_PLACEMENT_3D('',#7115,#5735,#5736);
#5005=AXIS2_PLACEMENT_3D('',#7116,#5737,#5738);
#5006=AXIS2_PLACEMENT_3D('',#7118,#5739,#5740);
#5007=AXIS2_PLACEMENT_3D('',#7119,#5741,#5742);
#5008=AXIS2_PLACEMENT_3D('',#7122,#5744,#5745);
#5009=AXIS2_PLACEMENT_3D('',#7123,#5746,#5747);
#5010=AXIS2_PLACEMENT_3D('',#7125,#5748,#5749);
#5011=AXIS2_PLACEMENT_3D('',#7126,#5750,#5751);
#5012=AXIS2_PLACEMENT_3D('',#7129,#5754,#5755);
#5013=AXIS2_PLACEMENT_3D('',#7131,#5757,#5758);
#5014=AXIS2_PLACEMENT_3D('',#7132,#5759,#5760);
#5015=AXIS2_PLACEMENT_3D('',#7140,#5766,#5767);
#5016=AXIS2_PLACEMENT_3D('',#7143,#5769,#5770);
#5017=AXIS2_PLACEMENT_3D('',#7144,#5771,#5772);
#5018=AXIS2_PLACEMENT_3D('',#7145,#5773,#5774);
#5019=AXIS2_PLACEMENT_3D('',#7148,#5776,#5777);
#5020=AXIS2_PLACEMENT_3D('',#7149,#5778,#5779);
#5021=AXIS2_PLACEMENT_3D('',#7150,#5780,#5781);
#5022=AXIS2_PLACEMENT_3D('',#7152,#5782,#5783);
#5023=AXIS2_PLACEMENT_3D('',#7153,#5784,#5785);
#5024=AXIS2_PLACEMENT_3D('',#7155,#5786,#5787);
#5025=AXIS2_PLACEMENT_3D('',#7157,#5789,#5790);
#5026=AXIS2_PLACEMENT_3D('',#7159,#5791,#5792);
#5027=AXIS2_PLACEMENT_3D('',#7160,#5793,#5794);
#5028=AXIS2_PLACEMENT_3D('',#7162,#5796,#5797);
#5029=AXIS2_PLACEMENT_3D('',#7164,#5798,#5799);
#5030=AXIS2_PLACEMENT_3D('',#7165,#5800,#5801);
#5031=AXIS2_PLACEMENT_3D('',#7167,#5803,#5804);
#5032=AXIS2_PLACEMENT_3D('',#7169,#5805,#5806);
#5033=AXIS2_PLACEMENT_3D('',#7170,#5807,#5808);
#5034=AXIS2_PLACEMENT_3D('',#7172,#5810,#5811);
#5035=AXIS2_PLACEMENT_3D('',#7174,#5812,#5813);
#5036=AXIS2_PLACEMENT_3D('',#7177,#5815,#5816);
#5037=AXIS2_PLACEMENT_3D('',#7178,#5817,#5818);
#5038=AXIS2_PLACEMENT_3D('',#7179,#5819,#5820);
#5039=AXIS2_PLACEMENT_3D('',#7181,#5821,#5822);
#5040=AXIS2_PLACEMENT_3D('',#7184,#5824,#5825);
#5041=AXIS2_PLACEMENT_3D('',#7185,#5826,#5827);
#5042=AXIS2_PLACEMENT_3D('',#7186,#5828,#5829);
#5043=AXIS2_PLACEMENT_3D('',#7189,#5831,#5832);
#5044=AXIS2_PLACEMENT_3D('',#7190,#5833,#5834);
#5045=AXIS2_PLACEMENT_3D('',#7191,#5835,#5836);
#5046=AXIS2_PLACEMENT_3D('',#7193,#5837,#5838);
#5047=AXIS2_PLACEMENT_3D('',#7195,#5840,#5841);
#5048=AXIS2_PLACEMENT_3D('',#7197,#5842,#5843);
#5049=AXIS2_PLACEMENT_3D('',#7200,#5846,#5847);
#5050=AXIS2_PLACEMENT_3D('',#7204,#5850,#5851);
#5051=AXIS2_PLACEMENT_3D('',#7205,#5852,#5853);
#5052=AXIS2_PLACEMENT_3D('',#7206,#5854,#5855);
#5053=AXIS2_PLACEMENT_3D('',#7208,#5857,#5858);
#5054=AXIS2_PLACEMENT_3D('',#7210,#5860,#5861);
#5055=AXIS2_PLACEMENT_3D('',#7211,#5862,#5863);
#5056=AXIS2_PLACEMENT_3D('',#7212,#5864,#5865);
#5057=AXIS2_PLACEMENT_3D('',#7213,#5866,#5867);
#5058=AXIS2_PLACEMENT_3D('',#7214,#5868,#5869);
#5059=AXIS2_PLACEMENT_3D('',#7215,#5870,#5871);
#5060=AXIS2_PLACEMENT_3D('',#7216,#5872,#5873);
#5061=AXIS2_PLACEMENT_3D('',#7217,#5874,#5875);
#5062=AXIS2_PLACEMENT_3D('',#7220,#5878,#5879);
#5063=AXIS2_PLACEMENT_3D('',#7221,#5880,#5881);
#5064=AXIS2_PLACEMENT_3D('',#7222,#5882,#5883);
#5065=AXIS2_PLACEMENT_3D('',#7224,#5885,#5886);
#5066=AXIS2_PLACEMENT_3D('',#7226,#5888,#5889);
#5067=AXIS2_PLACEMENT_3D('',#7233,#5893,#5894);
#5068=AXIS2_PLACEMENT_3D('',#7242,#5899,#5900);
#5069=AXIS2_PLACEMENT_3D('',#7244,#5901,#5902);
#5070=AXIS2_PLACEMENT_3D('',#7247,#5904,#5905);
#5071=AXIS2_PLACEMENT_3D('',#7248,#5906,#5907);
#5072=AXIS2_PLACEMENT_3D('',#7253,#5911,#5912);
#5073=AXIS2_PLACEMENT_3D('',#7260,#5916,#5917);
#5074=AXIS2_PLACEMENT_3D('',#7268,#5922,#5923);
#5075=AXIS2_PLACEMENT_3D('',#7270,#5924,#5925);
#5076=AXIS2_PLACEMENT_3D('',#7273,#5927,#5928);
#5077=AXIS2_PLACEMENT_3D('',#7274,#5929,#5930);
#5078=AXIS2_PLACEMENT_3D('',#7280,#5934,#5935);
#5079=AXIS2_PLACEMENT_3D('',#7297,#5944,#5945);
#5080=AXIS2_PLACEMENT_3D('',#7303,#5949,#5950);
#5081=AXIS2_PLACEMENT_3D('',#7312,#5955,#5956);
#5082=AXIS2_PLACEMENT_3D('',#7334,#5968,#5969);
#5083=AXIS2_PLACEMENT_3D('',#7338,#5972,#5973);
#5084=AXIS2_PLACEMENT_3D('',#7344,#5977,#5978);
#5085=AXIS2_PLACEMENT_3D('',#7348,#5981,#5982);
#5086=AXIS2_PLACEMENT_3D('',#7352,#5985,#5986);
#5087=AXIS2_PLACEMENT_3D('',#7356,#5989,#5990);
#5088=AXIS2_PLACEMENT_3D('',#7358,#5992,#5993);
#5089=AXIS2_PLACEMENT_3D('',#7360,#5994,#5995);
#5090=AXIS2_PLACEMENT_3D('',#7363,#5997,#5998);
#5091=AXIS2_PLACEMENT_3D('',#7364,#5999,#6000);
#5092=AXIS2_PLACEMENT_3D('',#7376,#6007,#6008);
#5093=AXIS2_PLACEMENT_3D('',#7377,#6009,#6010);
#5094=AXIS2_PLACEMENT_3D('',#7379,#6011,#6012);
#5095=AXIS2_PLACEMENT_3D('',#7381,#6014,#6015);
#5096=AXIS2_PLACEMENT_3D('',#7383,#6016,#6017);
#5097=AXIS2_PLACEMENT_3D('',#7385,#6019,#6020);
#5098=AXIS2_PLACEMENT_3D('',#7387,#6021,#6022);
#5099=AXIS2_PLACEMENT_3D('',#7389,#6024,#6025);
#5100=AXIS2_PLACEMENT_3D('',#7429,#6046,#6047);
#5101=AXIS2_PLACEMENT_3D('',#7433,#6049,#6050);
#5102=AXIS2_PLACEMENT_3D('',#7437,#6052,#6053);
#5103=AXIS2_PLACEMENT_3D('',#7442,#6056,#6057);
#5104=AXIS2_PLACEMENT_3D('',#7443,#6058,#6059);
#5105=AXIS2_PLACEMENT_3D('',#7447,#6062,#6063);
#5106=AXIS2_PLACEMENT_3D('',#7453,#6066,#6067);
#5107=AXIS2_PLACEMENT_3D('',#7456,#6069,#6070);
#5108=AXIS2_PLACEMENT_3D('',#7458,#6071,#6072);
#5109=AXIS2_PLACEMENT_3D('',#7459,#6073,#6074);
#5110=AXIS2_PLACEMENT_3D('',#7463,#6077,#6078);
#5111=AXIS2_PLACEMENT_3D('',#7467,#6080,#6081);
#5112=AXIS2_PLACEMENT_3D('',#7471,#6083,#6084);
#5113=AXIS2_PLACEMENT_3D('',#7474,#6086,#6087);
#5114=AXIS2_PLACEMENT_3D('',#7475,#6088,#6089);
#5115=AXIS2_PLACEMENT_3D('',#7479,#6092,#6093);
#5116=AXIS2_PLACEMENT_3D('',#7485,#6096,#6097);
#5117=AXIS2_PLACEMENT_3D('',#7488,#6099,#6100);
#5118=AXIS2_PLACEMENT_3D('',#7490,#6101,#6102);
#5119=AXIS2_PLACEMENT_3D('',#7491,#6103,#6104);
#5120=AXIS2_PLACEMENT_3D('',#7495,#6107,#6108);
#5121=AXIS2_PLACEMENT_3D('',#7499,#6110,#6111);
#5122=AXIS2_PLACEMENT_3D('',#7503,#6113,#6114);
#5123=AXIS2_PLACEMENT_3D('',#7508,#6118,#6119);
#5124=AXIS2_PLACEMENT_3D('',#7510,#6120,#6121);
#5125=AXIS2_PLACEMENT_3D('',#7512,#6123,#6124);
#5126=AXIS2_PLACEMENT_3D('',#7513,#6125,#6126);
#5127=AXIS2_PLACEMENT_3D('',#7515,#6127,#6128);
#5128=AXIS2_PLACEMENT_3D('',#7516,#6129,#6130);
#5129=AXIS2_PLACEMENT_3D('',#7519,#6132,#6133);
#5130=AXIS2_PLACEMENT_3D('',#7520,#6134,#6135);
#5131=AXIS2_PLACEMENT_3D('',#7522,#6136,#6137);
#5132=AXIS2_PLACEMENT_3D('',#7525,#6139,#6140);
#5133=AXIS2_PLACEMENT_3D('',#7526,#6141,#6142);
#5134=AXIS2_PLACEMENT_3D('',#7527,#6143,#6144);
#5135=AXIS2_PLACEMENT_3D('',#7529,#6145,#6146);
#5136=AXIS2_PLACEMENT_3D('',#7530,#6147,#6148);
#5137=AXIS2_PLACEMENT_3D('',#7532,#6150,#6151);
#5138=AXIS2_PLACEMENT_3D('',#7534,#6152,#6153);
#5139=AXIS2_PLACEMENT_3D('',#7536,#6155,#6156);
#5140=AXIS2_PLACEMENT_3D('',#7537,#6157,#6158);
#5141=AXIS2_PLACEMENT_3D('',#7539,#6159,#6160);
#5142=AXIS2_PLACEMENT_3D('',#7542,#6162,#6163);
#5143=AXIS2_PLACEMENT_3D('',#7543,#6164,#6165);
#5144=AXIS2_PLACEMENT_3D('',#7544,#6166,#6167);
#5145=AXIS2_PLACEMENT_3D('',#7546,#6168,#6169);
#5146=AXIS2_PLACEMENT_3D('',#7547,#6170,#6171);
#5147=AXIS2_PLACEMENT_3D('',#7550,#6173,#6174);
#5148=AXIS2_PLACEMENT_3D('',#7551,#6175,#6176);
#5149=AXIS2_PLACEMENT_3D('',#7553,#6177,#6178);
#5150=AXIS2_PLACEMENT_3D('',#7556,#6180,#6181);
#5151=AXIS2_PLACEMENT_3D('',#7557,#6182,#6183);
#5152=AXIS2_PLACEMENT_3D('',#7558,#6184,#6185);
#5153=AXIS2_PLACEMENT_3D('',#7560,#6186,#6187);
#5154=AXIS2_PLACEMENT_3D('',#7561,#6188,#6189);
#5155=AXIS2_PLACEMENT_3D('',#7563,#6191,#6192);
#5156=AXIS2_PLACEMENT_3D('',#7569,#6196,#6197);
#5157=AXIS2_PLACEMENT_3D('',#7574,#6200,#6201);
#5158=AXIS2_PLACEMENT_3D('',#7576,#6202,#6203);
#5159=AXIS2_PLACEMENT_3D('',#7578,#6205,#6206);
#5160=AXIS2_PLACEMENT_3D('',#7581,#6209,#6210);
#5161=AXIS2_PLACEMENT_3D('',#7585,#6213,#6214);
#5162=AXIS2_PLACEMENT_3D('',#7589,#6216,#6217);
#5163=AXIS2_PLACEMENT_3D('',#7593,#6219,#6220);
#5164=AXIS2_PLACEMENT_3D('',#7595,#6222,#6223);
#5165=AXIS2_PLACEMENT_3D('',#7601,#6227,#6228);
#5166=AXIS2_PLACEMENT_3D('',#7604,#6230,#6231);
#5167=AXIS2_PLACEMENT_3D('',#7606,#6232,#6233);
#5168=AXIS2_PLACEMENT_3D('',#7610,#6236,#6237);
#5169=AXIS2_PLACEMENT_3D('',#7614,#6240,#6241);
#5170=AXIS2_PLACEMENT_3D('',#7618,#6243,#6244);
#5171=AXIS2_PLACEMENT_3D('',#7622,#6246,#6247);
#5172=AXIS2_PLACEMENT_3D('',#7624,#6249,#6250);
#5173=AXIS2_PLACEMENT_3D('',#7630,#6254,#6255);
#5174=AXIS2_PLACEMENT_3D('',#7633,#6257,#6258);
#5175=AXIS2_PLACEMENT_3D('',#7635,#6259,#6260);
#5176=AXIS2_PLACEMENT_3D('',#7639,#6263,#6264);
#5177=AXIS2_PLACEMENT_3D('',#7641,#6266,#6267);
#5178=AXIS2_PLACEMENT_3D('',#7644,#6270,#6271);
#5179=AXIS2_PLACEMENT_3D('',#7646,#6273,#6274);
#5180=AXIS2_PLACEMENT_3D('',#7648,#6276,#6277);
#5181=AXIS2_PLACEMENT_3D('',#7650,#6279,#6280);
#5182=AXIS2_PLACEMENT_3D('',#7676,#6297,#6298);
#5183=AXIS2_PLACEMENT_3D('',#7677,#6299,#6300);
#5184=AXIS2_PLACEMENT_3D('',#7678,#6301,#6302);
#5185=AXIS2_PLACEMENT_3D('',#7679,#6303,#6304);
#5186=AXIS2_PLACEMENT_3D('',#7680,#6305,#6306);
#5187=AXIS2_PLACEMENT_3D('',#7681,#6307,#6308);
#5188=AXIS2_PLACEMENT_3D('',#7682,#6309,#6310);
#5189=AXIS2_PLACEMENT_3D('',#7683,#6311,#6312);
#5190=AXIS2_PLACEMENT_3D('',#7684,#6313,#6314);
#5191=AXIS2_PLACEMENT_3D('',#7685,#6315,#6316);
#5192=AXIS2_PLACEMENT_3D('',#7686,#6317,#6318);
#5193=AXIS2_PLACEMENT_3D('',#7695,#6323,#6324);
#5194=AXIS2_PLACEMENT_3D('',#7704,#6329,#6330);
#5195=AXIS2_PLACEMENT_3D('',#7705,#6331,#6332);
#5196=AXIS2_PLACEMENT_3D('',#7709,#6335,#6336);
#5197=AXIS2_PLACEMENT_3D('',#7720,#6343,#6344);
#5198=AXIS2_PLACEMENT_3D('',#7734,#6352,#6353);
#5199=AXIS2_PLACEMENT_3D('',#7743,#6358,#6359);
#5200=AXIS2_PLACEMENT_3D('',#7752,#6364,#6365);
#5201=AXIS2_PLACEMENT_3D('',#7756,#6368,#6369);
#5202=AXIS2_PLACEMENT_3D('',#7757,#6370,#6371);
#5203=AXIS2_PLACEMENT_3D('',#7766,#6377,#6378);
#5204=AXIS2_PLACEMENT_3D('',#7775,#6383,#6384);
#5205=AXIS2_PLACEMENT_3D('',#7784,#6389,#6390);
#5206=AXIS2_PLACEMENT_3D('',#7785,#6391,#6392);
#5207=AXIS2_PLACEMENT_3D('',#7789,#6395,#6396);
#5208=AXIS2_PLACEMENT_3D('',#7795,#6400,#6401);
#5209=AXIS2_PLACEMENT_3D('',#7804,#6406,#6407);
#5210=AXIS2_PLACEMENT_3D('',#7805,#6408,#6409);
#5211=AXIS2_PLACEMENT_3D('',#7807,#6411,#6412);
#5212=AXIS2_PLACEMENT_3D('',#7810,#6415,#6416);
#5213=AXIS2_PLACEMENT_3D('',#7811,#6417,#6418);
#5214=AXIS2_PLACEMENT_3D('',#7812,#6419,#6420);
#5215=AXIS2_PLACEMENT_3D('',#7813,#6421,#6422);
#5216=AXIS2_PLACEMENT_3D('',#7814,#6423,#6424);
#5217=AXIS2_PLACEMENT_3D('',#7815,#6425,#6426);
#5218=AXIS2_PLACEMENT_3D('',#7816,#6427,#6428);
#5219=AXIS2_PLACEMENT_3D('',#7822,#6432,#6433);
#5220=AXIS2_PLACEMENT_3D('',#7826,#6436,#6437);
#5221=AXIS2_PLACEMENT_3D('',#7828,#6439,#6440);
#5222=AXIS2_PLACEMENT_3D('',#7829,#6441,#6442);
#5223=AXIS2_PLACEMENT_3D('',#7830,#6443,#6444);
#5224=AXIS2_PLACEMENT_3D('',#7833,#6447,#6448);
#5225=AXIS2_PLACEMENT_3D('',#7842,#6453,#6454);
#5226=AXIS2_PLACEMENT_3D('',#7848,#6458,#6459);
#5227=AXIS2_PLACEMENT_3D('',#7854,#6463,#6464);
#5228=AXIS2_PLACEMENT_3D('',#7856,#6466,#6467);
#5229=AXIS2_PLACEMENT_3D('',#7865,#6472,#6473);
#5230=AXIS2_PLACEMENT_3D('',#7871,#6477,#6478);
#5231=AXIS2_PLACEMENT_3D('',#7877,#6482,#6483);
#5232=AXIS2_PLACEMENT_3D('',#7879,#6485,#6486);
#5233=AXIS2_PLACEMENT_3D('',#7894,#6497,#6498);
#5234=AXIS2_PLACEMENT_3D('',#7896,#6500,#6501);
#5235=AXIS2_PLACEMENT_3D('',#7900,#6504,#6505);
#5236=AXIS2_PLACEMENT_3D('',#7904,#6508,#6509);
#5237=AXIS2_PLACEMENT_3D('',#7906,#6511,#6512);
#5238=AXIS2_PLACEMENT_3D('',#7910,#6515,#6516);
#5239=AXIS2_PLACEMENT_3D('',#7912,#6518,#6519);
#5240=AXIS2_PLACEMENT_3D('',#7914,#6521,#6522);
#5241=AXIS2_PLACEMENT_3D('',#7916,#6524,#6525);
#5242=AXIS2_PLACEMENT_3D('',#7918,#6527,#6528);
#5243=AXIS2_PLACEMENT_3D('',#7919,#6529,#6530);
#5244=AXIS2_PLACEMENT_3D('',#7922,#6533,#6534);
#5245=AXIS2_PLACEMENT_3D('',#7923,#6535,#6536);
#5246=AXIS2_PLACEMENT_3D('',#7925,#6538,#6539);
#5247=AXIS2_PLACEMENT_3D('',#7935,#6545,#6546);
#5248=AXIS2_PLACEMENT_3D('',#7945,#6552,#6553);
#5249=AXIS2_PLACEMENT_3D('',#7948,#6556,#6557);
#5250=AXIS2_PLACEMENT_3D('',#7950,#6559,#6560);
#5251=AXIS2_PLACEMENT_3D('',#7952,#6562,#6563);
#5252=AXIS2_PLACEMENT_3D('',#7953,#6564,#6565);
#5253=AXIS2_PLACEMENT_3D('',#7954,#6566,#6567);
#5254=AXIS2_PLACEMENT_3D('',#7955,#6568,#6569);
#5255=AXIS2_PLACEMENT_3D('',#7956,#6570,#6571);
#5256=DIRECTION('axis',(0.,0.,1.));
#5257=DIRECTION('refdir',(1.,0.,0.));
#5258=DIRECTION('center_axis',(7.40148683083437E-15,-2.77555756156289E-16,
-1.));
#5259=DIRECTION('ref_axis',(-1.,-9.86076131526265E-31,-7.40148683083437E-15));
#5260=DIRECTION('',(-1.,-1.18329135783152E-30,-7.40148683083437E-15));
#5261=DIRECTION('',(4.40186082029125E-15,-1.,-5.55111512312578E-17));
#5262=DIRECTION('',(1.,8.84275291878951E-15,4.40186082029125E-15));
#5263=DIRECTION('',(1.38050658413677E-30,1.,-2.77555756156289E-16));
#5264=DIRECTION('center_axis',(1.38050658413677E-30,1.,-2.77555756156289E-16));
#5265=DIRECTION('ref_axis',(-1.23259516440783E-30,2.77555756156289E-16,
1.));
#5266=DIRECTION('',(-4.40186082029126E-15,2.77555756156289E-16,1.));
#5267=DIRECTION('',(-7.40148683083437E-15,2.77555756156289E-16,1.));
#5268=DIRECTION('',(1.,-1.97215226305253E-31,4.40186082029125E-15));
#5269=DIRECTION('',(-4.40186082029125E-15,2.77555756156289E-16,1.));
#5270=DIRECTION('',(1.,-1.18329135783152E-30,1.38050658413677E-30));
#5271=DIRECTION('',(-4.40186082029125E-15,-5.55111512312578E-17,1.));
#5272=DIRECTION('',(-1.,-3.94430452610506E-31,-5.5511151231259E-15));
#5273=DIRECTION('',(4.40186082029125E-15,5.55111512312578E-17,-1.));
#5274=DIRECTION('',(1.,-1.18329135783152E-30,1.38050658413677E-30));
#5275=DIRECTION('',(4.40186082029125E-15,-2.77555756156289E-16,-1.));
#5276=DIRECTION('',(1.,-1.97215226305253E-31,4.40186082029125E-15));
#5277=DIRECTION('center_axis',(1.38050658413677E-30,1.,-2.77555756156289E-16));
#5278=DIRECTION('ref_axis',(-1.23259516440783E-30,2.77555756156289E-16,
1.));
#5279=DIRECTION('',(1.,-1.97215226305253E-31,4.40186082029125E-15));
#5280=DIRECTION('',(-4.40186082029125E-15,-5.55111512312578E-17,1.));
#5281=DIRECTION('',(7.40148683083437E-15,-2.77555756156289E-16,-1.));
#5282=DIRECTION('',(1.,-1.97215226305253E-31,4.40186082029125E-15));
#5283=DIRECTION('',(-4.40186082029125E-15,2.77555756156289E-16,1.));
#5284=DIRECTION('',(1.,-1.97215226305253E-31,4.40186082029125E-15));
#5285=DIRECTION('',(4.40186082029128E-15,-2.77555756156289E-16,-1.));
#5286=DIRECTION('center_axis',(4.40186082029125E-15,5.55111512312578E-17,
-1.));
#5287=DIRECTION('ref_axis',(-1.,-4.40186082029125E-15,-4.40186082029125E-15));
#5288=DIRECTION('',(-2.95822839457879E-31,1.,5.55111512312578E-17));
#5289=DIRECTION('',(9.36360364245517E-14,-1.,-5.55111512312578E-17));
#5290=DIRECTION('',(1.,4.40186082029125E-15,4.40186082029125E-15));
#5291=DIRECTION('',(-2.95822839457879E-31,1.,5.55111512312578E-17));
#5292=DIRECTION('',(-2.95822839457879E-31,1.,5.55111512312578E-17));
#5293=DIRECTION('center_axis',(1.,4.30565771044969E-14,4.40186082029126E-15));
#5294=DIRECTION('ref_axis',(4.30565771044969E-14,-1.,0.));
#5295=DIRECTION('center_axis',(-1.,-3.78439446108299E-14,-4.40186082029125E-15));
#5296=DIRECTION('ref_axis',(-3.78439446108299E-14,1.,0.));
#5297=DIRECTION('',(-4.40186082029125E-15,1.,5.55111512312578E-17));
#5298=DIRECTION('center_axis',(4.40186082029125E-15,5.55111512312578E-17,
-1.));
#5299=DIRECTION('ref_axis',(-1.,-4.40186082029125E-15,-4.40186082029125E-15));
#5300=DIRECTION('',(4.40186082029125E-15,-1.,-5.55111512312578E-17));
#5301=DIRECTION('',(4.40186082029125E-15,-1.,-5.55111512312578E-17));
#5302=DIRECTION('',(1.,4.40186082029125E-15,4.40186082029125E-15));
#5303=DIRECTION('',(-4.40186082029125E-15,1.,5.55111512312578E-17));
#5304=DIRECTION('center_axis',(1.,4.40186082029125E-15,4.40186082029125E-15));
#5305=DIRECTION('ref_axis',(4.40186082029125E-15,-1.,0.));
#5306=DIRECTION('',(-3.33066907387547E-15,1.,-2.77555756156289E-16));
#5307=DIRECTION('',(1.18329135783152E-30,-2.77555756156289E-16,-1.));
#5308=DIRECTION('',(-6.22517127173464E-15,0.707106781186559,0.707106781186536));
#5309=DIRECTION('',(1.18329135783152E-30,-2.77555756156289E-16,-1.));
#5310=DIRECTION('',(-4.40186082029125E-15,1.,5.55111512312578E-17));
#5311=DIRECTION('',(-4.40186082029125E-15,-5.55111512312578E-17,1.));
#5312=DIRECTION('',(4.40186082029125E-15,-1.,-5.55111512312578E-17));
#5313=DIRECTION('',(-4.40186082029125E-15,5.55111512312578E-17,1.));
#5314=DIRECTION('',(1.61119288415018E-15,-0.866025403784453,0.499999999999975));
#5315=DIRECTION('',(-4.40186082029125E-15,5.55111512312578E-17,1.));
#5316=DIRECTION('',(-6.01305370444127E-15,0.500000000000005,0.866025403784436));
#5317=DIRECTION('',(4.40186082029125E-15,-1.,-5.55111512312578E-17));
#5318=DIRECTION('',(-4.40186082029125E-15,-5.55111512312578E-17,1.));
#5319=DIRECTION('center_axis',(1.,3.94430452610506E-31,5.5511151231259E-15));
#5320=DIRECTION('ref_axis',(5.5511151231259E-15,-2.77555756156289E-16,-1.));
#5321=DIRECTION('',(-1.38050658413677E-30,-1.,2.77555756156289E-16));
#5322=DIRECTION('',(1.38050658413677E-30,1.,-2.77555756156289E-16));
#5323=DIRECTION('',(4.40186082029125E-15,5.55111512312578E-17,-1.));
#5324=DIRECTION('center_axis',(1.18329135783152E-30,-2.77555756156289E-16,
-1.));
#5325=DIRECTION('ref_axis',(-1.,1.35585468084861E-30,-1.72563323017096E-30));
#5326=DIRECTION('',(4.16333634234435E-15,-1.,2.77555756156289E-16));
#5327=DIRECTION('',(1.,4.82115197237849E-15,0.));
#5328=DIRECTION('',(-4.67462326157961E-15,1.,-2.77555756156289E-16));
#5329=DIRECTION('',(-1.,-4.50661354604715E-15,4.93038065763132E-32));
#5330=DIRECTION('',(4.28507132311464E-15,-1.,2.77555756156289E-16));
#5331=DIRECTION('',(1.,4.2779235811242E-15,4.93038065763132E-32));
#5332=DIRECTION('',(-1.,-2.95822839457879E-31,-1.38050658413677E-30));
#5333=DIRECTION('',(1.38050658413677E-30,1.,-2.77555756156289E-16));
#5334=DIRECTION('center_axis',(-1.,-5.91645678915759E-31,-5.55111512312578E-15));
#5335=DIRECTION('ref_axis',(-5.55111512312578E-15,2.77555756156289E-16,
1.));
#5336=DIRECTION('',(-4.40186082029125E-15,-5.55111512312578E-17,1.));
#5337=DIRECTION('',(4.40186082029125E-15,-1.,-5.55111512312578E-17));
#5338=DIRECTION('center_axis',(-1.38050658413677E-30,-1.,2.77555756156289E-16));
#5339=DIRECTION('ref_axis',(1.23259516440783E-30,-2.77555756156289E-16,
-1.));
#5340=DIRECTION('',(1.,3.94430452610506E-31,5.5511151231259E-15));
#5341=DIRECTION('center_axis',(-1.,-1.24344978758018E-14,1.18329135783152E-30));
#5342=DIRECTION('ref_axis',(1.23259516440783E-30,-2.77555756156289E-16,
-1.));
#5343=DIRECTION('',(-9.17050802319426E-29,7.60502771868232E-15,1.));
#5344=DIRECTION('',(1.24344978758018E-14,-1.,7.99360577730113E-15));
#5345=DIRECTION('',(-2.95822839457879E-30,5.55111512312578E-17,-1.));
#5346=DIRECTION('',(-1.24344978758018E-14,1.,8.10462807976364E-15));
#5347=DIRECTION('center_axis',(1.,1.24344978758018E-14,-1.18329135783152E-30));
#5348=DIRECTION('ref_axis',(-1.23259516440783E-30,2.77555756156289E-16,
1.));
#5349=DIRECTION('',(-9.76215370211002E-29,7.60502771868232E-15,-1.));
#5350=DIRECTION('',(1.24344978758018E-14,-1.,7.99360577730113E-15));
#5351=DIRECTION('',(2.95822839457879E-30,-5.55111512312578E-17,1.));
#5352=DIRECTION('',(-1.24344978758018E-14,1.,8.10462807976364E-15));
#5353=DIRECTION('center_axis',(0.866025403784441,-0.499999999999996,3.83026943495679E-15));
#5354=DIRECTION('ref_axis',(-0.499999999999996,-0.866025403784441,-2.28983498828939E-15));
#5355=DIRECTION('',(-0.447213595499963,-0.774596669241495,0.447213595499932));
#5356=DIRECTION('',(0.447213595499947,0.774596669241475,0.447213595499984));
#5357=DIRECTION('center_axis',(0.70710678118652,3.10862446895044E-15,0.707106781186575));
#5358=DIRECTION('ref_axis',(-0.707106781186575,-3.08780778723872E-15,0.70710678118652));
#5359=DIRECTION('',(0.707106781186575,3.21964677141295E-15,-0.70710678118652));
#5360=DIRECTION('center_axis',(-0.866025403784436,-0.500000000000004,-3.85802501057242E-15));
#5361=DIRECTION('ref_axis',(-0.500000000000004,0.866025403784436,-2.22044604925031E-15));
#5362=DIRECTION('',(0.447213595499963,-0.774596669241481,-0.447213595499957));
#5363=DIRECTION('',(4.40186082029125E-15,5.55111512312578E-17,-1.));
#5364=DIRECTION('',(-0.447213595499959,0.774596669241481,-0.44721359549996));
#5365=DIRECTION('center_axis',(-0.707106781186545,-3.10862446895044E-15,
-0.70710678118655));
#5366=DIRECTION('ref_axis',(0.70710678118655,3.15719672627779E-15,-0.707106781186545));
#5367=DIRECTION('',(0.70710678118655,3.1641356201817E-15,-0.707106781186545));
#5368=DIRECTION('',(1.952430740422E-29,1.,-4.32986979603811E-15));
#5369=DIRECTION('center_axis',(4.40186082029125E-15,-1.,2.77555756156289E-16));
#5370=DIRECTION('ref_axis',(-1.,-4.40186082029125E-15,-4.40186082029125E-15));
#5371=DIRECTION('',(-1.,-4.40186082029125E-15,-4.40186082029125E-15));
#5372=DIRECTION('',(-4.40186082029125E-15,2.77555756156289E-16,1.));
#5373=DIRECTION('',(-1.,-4.40186082029125E-15,-4.40186082029125E-15));
#5374=DIRECTION('',(4.40186082029125E-15,-2.77555756156289E-16,-1.));
#5375=DIRECTION('center_axis',(4.40186082029125E-15,-1.,2.77555756156289E-16));
#5376=DIRECTION('ref_axis',(-1.,-4.40186082029125E-15,-4.40186082029125E-15));
#5377=DIRECTION('',(-1.,-4.40186082029125E-15,-4.40186082029125E-15));
#5378=DIRECTION('',(-4.40186082029125E-15,2.77555756156289E-16,1.));
#5379=DIRECTION('',(-1.,-4.40186082029125E-15,-4.40186082029125E-15));
#5380=DIRECTION('',(4.40186082029125E-15,-2.77555756156289E-16,-1.));
#5381=DIRECTION('center_axis',(4.40186082029125E-15,-1.,2.77555756156289E-16));
#5382=DIRECTION('ref_axis',(-1.,-4.40186082029125E-15,-4.40186082029125E-15));
#5383=DIRECTION('',(-1.,-4.40186082029125E-15,-4.40186082029125E-15));
#5384=DIRECTION('',(-4.40186082029125E-15,2.77555756156289E-16,1.));
#5385=DIRECTION('',(-1.,-4.40186082029125E-15,-4.40186082029125E-15));
#5386=DIRECTION('',(4.40186082029125E-15,-2.77555756156289E-16,-1.));
#5387=DIRECTION('center_axis',(4.40186082029125E-15,-1.,2.77555756156289E-16));
#5388=DIRECTION('ref_axis',(-1.,-4.40186082029125E-15,-4.40186082029125E-15));
#5389=DIRECTION('',(-1.,-4.40186082029125E-15,-4.40186082029125E-15));
#5390=DIRECTION('',(-4.40186082029125E-15,2.77555756156289E-16,1.));
#5391=DIRECTION('',(-1.,-4.40186082029125E-15,-4.40186082029125E-15));
#5392=DIRECTION('',(4.40186082029125E-15,-2.77555756156289E-16,-1.));
#5393=DIRECTION('center_axis',(4.40186082029125E-15,-1.,2.77555756156289E-16));
#5394=DIRECTION('ref_axis',(-1.,-4.40186082029125E-15,-4.40186082029125E-15));
#5395=DIRECTION('',(-1.,-4.40186082029125E-15,-4.40186082029125E-15));
#5396=DIRECTION('',(-4.40186082029125E-15,2.77555756156289E-16,1.));
#5397=DIRECTION('',(-1.,-4.40186082029125E-15,-4.40186082029125E-15));
#5398=DIRECTION('',(4.40186082029125E-15,-2.77555756156289E-16,-1.));
#5399=DIRECTION('center_axis',(4.2779235811242E-15,-1.,2.77555756156289E-16));
#5400=DIRECTION('ref_axis',(-1.,-4.2779235811242E-15,-4.40186082029125E-15));
#5401=DIRECTION('',(-1.,-4.2779235811242E-15,-4.40186082029125E-15));
#5402=DIRECTION('',(1.18329135783152E-30,-2.77555756156289E-16,-1.));
#5403=DIRECTION('',(-1.,-4.2779235811242E-15,-4.40186082029125E-15));
#5404=DIRECTION('center_axis',(-1.,-4.28507132311464E-15,2.46519032881566E-31));
#5405=DIRECTION('ref_axis',(-4.28507132311464E-15,1.,0.));
#5406=DIRECTION('',(-4.28507132311464E-15,1.,5.55111512312578E-17));
#5407=DIRECTION('',(1.18329135783152E-30,-2.77555756156289E-16,-1.));
#5408=DIRECTION('',(-4.28507132311464E-15,1.,5.55111512312578E-17));
#5409=DIRECTION('center_axis',(-4.50661354604715E-15,1.,-2.77555756156289E-16));
#5410=DIRECTION('ref_axis',(1.,4.50661354604715E-15,4.40186082029125E-15));
#5411=DIRECTION('',(1.,4.50661354604715E-15,4.40186082029125E-15));
#5412=DIRECTION('',(1.18329135783152E-30,-2.77555756156289E-16,-1.));
#5413=DIRECTION('',(1.,4.50661354604715E-15,4.40186082029125E-15));
#5414=DIRECTION('center_axis',(1.,4.67462326157961E-15,-2.95822839457879E-31));
#5415=DIRECTION('ref_axis',(4.67462326157961E-15,-1.,0.));
#5416=DIRECTION('',(4.67462326157961E-15,-1.,-5.55111512312578E-17));
#5417=DIRECTION('',(1.18329135783152E-30,-2.77555756156289E-16,-1.));
#5418=DIRECTION('',(4.67462326157961E-15,-1.,-5.55111512312578E-17));
#5419=DIRECTION('center_axis',(4.82115197237849E-15,-1.,2.77555756156289E-16));
#5420=DIRECTION('ref_axis',(-1.,-4.82115197237849E-15,-4.40186082029125E-15));
#5421=DIRECTION('',(-1.,-4.82115197237849E-15,-4.40186082029125E-15));
#5422=DIRECTION('',(1.18329135783152E-30,-2.77555756156289E-16,-1.));
#5423=DIRECTION('',(-1.,-4.82115197237849E-15,-4.40186082029125E-15));
#5424=DIRECTION('center_axis',(1.18329135783152E-30,-2.77555756156289E-16,
-1.));
#5425=DIRECTION('ref_axis',(-1.,1.35585468084861E-30,-1.72563323017096E-30));
#5426=DIRECTION('',(4.40186082029125E-15,-1.,-5.55111512312578E-17));
#5427=DIRECTION('',(1.,4.40186082029125E-15,1.97215226305253E-31));
#5428=DIRECTION('',(-4.40186082029125E-15,1.,-2.77555756156289E-16));
#5429=DIRECTION('',(4.40186082029125E-15,-1.,2.77555756156289E-16));
#5430=DIRECTION('',(-1.,-4.40186082029125E-15,-1.97215226305253E-31));
#5431=DIRECTION('',(-4.40186082029125E-15,1.,-2.77555756156289E-16));
#5432=DIRECTION('',(4.40186082029125E-15,-1.,2.77555756156289E-16));
#5433=DIRECTION('',(-1.,-4.40186082029125E-15,-1.97215226305253E-31));
#5434=DIRECTION('',(-4.40186082029125E-15,1.,-2.77555756156289E-16));
#5435=DIRECTION('',(4.40186082029125E-15,-1.,2.77555756156289E-16));
#5436=DIRECTION('',(-1.,-4.40186082029125E-15,-1.97215226305253E-31));
#5437=DIRECTION('',(-4.40186082029125E-15,1.,-2.77555756156289E-16));
#5438=DIRECTION('',(4.40186082029125E-15,-1.,2.77555756156289E-16));
#5439=DIRECTION('',(-1.,-4.40186082029125E-15,-1.97215226305253E-31));
#5440=DIRECTION('',(-4.40186082029125E-15,1.,-2.77555756156289E-16));
#5441=DIRECTION('',(4.40186082029125E-15,-1.,2.77555756156289E-16));
#5442=DIRECTION('',(-1.,-4.40186082029125E-15,-1.97215226305253E-31));
#5443=DIRECTION('',(4.40186082029125E-15,-1.,2.77555756156289E-16));
#5444=DIRECTION('',(1.,4.40186082029125E-15,1.97215226305253E-31));
#5445=DIRECTION('center_axis',(-1.,-4.40186082029125E-15,-4.40186082029125E-15));
#5446=DIRECTION('ref_axis',(-4.40186082029125E-15,1.,-6.93889390390723E-17));
#5447=DIRECTION('center_axis',(-1.,-4.40186082029125E-15,-4.40186082029125E-15));
#5448=DIRECTION('ref_axis',(4.40186082029125E-15,-1.,5.55111512312578E-17));
#5449=DIRECTION('',(-1.92578568746146E-15,-0.453674115798293,0.891167659116194));
#5450=DIRECTION('',(1.45216274904976E-15,-0.85254739334488,0.52264992308509));
#5451=DIRECTION('',(-4.40186082029125E-15,3.33066907387547E-16,1.));
#5452=DIRECTION('center_axis',(-1.,-4.40186082029125E-15,-4.40186082029125E-15));
#5453=DIRECTION('ref_axis',(-4.40186082029125E-15,0.,1.));
#5454=DIRECTION('center_axis',(1.,4.40186082029125E-15,4.40186082029125E-15));
#5455=DIRECTION('ref_axis',(4.40186082029125E-15,-1.,2.77555756156289E-16));
#5456=DIRECTION('',(4.40186082029125E-15,-3.33066907387547E-16,-1.));
#5457=DIRECTION('',(-4.13165899109505E-29,0.707106781186552,-0.707106781186543));
#5458=DIRECTION('',(-1.45216274904976E-15,0.85254739334488,-0.52264992308509));
#5459=DIRECTION('',(1.92578568746146E-15,0.453674115798293,-0.891167659116194));
#5460=DIRECTION('center_axis',(1.,4.40186082029125E-15,4.40186082029125E-15));
#5461=DIRECTION('ref_axis',(4.40186082029125E-15,-1.,5.55111512312578E-17));
#5462=DIRECTION('center_axis',(1.,4.40186082029125E-15,4.40186082029125E-15));
#5463=DIRECTION('ref_axis',(-4.40186082029125E-15,7.30409884621811E-17,
1.));
#5464=DIRECTION('center_axis',(-4.40186082029125E-15,1.,-3.33066907387547E-16));
#5465=DIRECTION('ref_axis',(1.,4.40186082029125E-15,4.40186082029125E-15));
#5466=DIRECTION('',(-4.40186082029125E-15,3.33066907387547E-16,1.));
#5467=DIRECTION('',(-1.,-4.40186082029125E-15,-4.40186082029125E-15));
#5468=DIRECTION('center_axis',(-1.,-4.40186082029125E-15,-4.40186082029125E-15));
#5469=DIRECTION('ref_axis',(-4.40186082029125E-15,1.,-6.93889390390723E-17));
#5470=DIRECTION('center_axis',(-1.,-4.40186082029125E-15,-4.40186082029125E-15));
#5471=DIRECTION('ref_axis',(4.40186082029125E-15,-1.,5.55111512312578E-17));
#5472=DIRECTION('',(-1.92578568746146E-15,-0.453674115798293,0.891167659116194));
#5473=DIRECTION('',(1.45216274904976E-15,-0.85254739334488,0.52264992308509));
#5474=DIRECTION('',(4.13165899109505E-29,-0.707106781186552,0.707106781186543));
#5475=DIRECTION('center_axis',(-1.,-4.40186082029125E-15,-4.40186082029125E-15));
#5476=DIRECTION('ref_axis',(-4.40186082029125E-15,0.,1.));
#5477=DIRECTION('center_axis',(-4.40186082029125E-15,1.,5.55111512312578E-17));
#5478=DIRECTION('ref_axis',(-1.,-4.40186082029125E-15,-4.40186082029125E-15));
#5479=DIRECTION('',(4.40186082029125E-15,5.55111512312578E-17,-1.));
#5480=DIRECTION('',(1.,4.40186082029125E-15,4.40186082029125E-15));
#5481=DIRECTION('',(-4.40186082029125E-15,-5.55111512312578E-17,1.));
#5482=DIRECTION('center_axis',(2.96483616932458E-16,-0.707106781186553,
0.707106781186542));
#5483=DIRECTION('ref_axis',(1.,-1.10933564796705E-30,-4.19291152087316E-16));
#5484=DIRECTION('',(1.,4.82115197237849E-15,4.40186082029125E-15));
#5485=DIRECTION('',(3.11258563586735E-15,-0.707106781186542,-0.707106781186553));
#5486=DIRECTION('',(0.577350269189634,-0.577350269189628,-0.577350269189615));
#5487=DIRECTION('center_axis',(0.70710678118654,3.33066907387547E-15,0.707106781186555));
#5488=DIRECTION('ref_axis',(0.707106781186555,-1.73472347597681E-16,-0.70710678118654));
#5489=DIRECTION('',(-4.67462326157961E-15,1.,5.55111512312578E-17));
#5490=DIRECTION('',(0.577350269189634,0.577350269189641,-0.577350269189602));
#5491=DIRECTION('center_axis',(-6.29924263446441E-15,0.707106781186524,
0.707106781186571));
#5492=DIRECTION('ref_axis',(1.,-4.93038065763132E-31,8.9084743663381E-15));
#5493=DIRECTION('',(-1.,-4.50661354604715E-15,-4.40186082029125E-15));
#5494=DIRECTION('',(-0.577350269189656,0.57735026918963,-0.577350269189592));
#5495=DIRECTION('center_axis',(-0.707106781186524,-3.05311331771918E-15,
0.707106781186571));
#5496=DIRECTION('ref_axis',(0.707106781186571,2.42861286636753E-16,0.707106781186524));
#5497=DIRECTION('',(4.28507132311464E-15,-1.,-5.55111512312578E-17));
#5498=DIRECTION('',(-0.577350269189635,-0.577350269189632,-0.57735026918961));
#5499=DIRECTION('center_axis',(-8.76368622566676E-17,-0.707106781186536,
0.707106781186559));
#5500=DIRECTION('ref_axis',(1.,-9.86076131526265E-31,1.23937239167199E-16));
#5501=DIRECTION('',(1.,4.2779235811242E-15,4.40186082029125E-15));
#5502=DIRECTION('center_axis',(-4.82115197237849E-15,1.,-2.77555756156289E-16));
#5503=DIRECTION('ref_axis',(1.,4.82115197237849E-15,4.93038065763132E-31));
#5504=DIRECTION('',(1.18329135783152E-30,-2.77555756156289E-16,-1.));
#5505=DIRECTION('',(1.18329135783152E-30,-2.77555756156289E-16,-1.));
#5506=DIRECTION('center_axis',(-1.,-4.67462326157961E-15,2.95822839457879E-31));
#5507=DIRECTION('ref_axis',(-4.67462326157961E-15,1.,-2.77555756156289E-16));
#5508=DIRECTION('',(1.18329135783152E-30,-2.77555756156289E-16,-1.));
#5509=DIRECTION('center_axis',(4.50661354604715E-15,-1.,2.77555756156289E-16));
#5510=DIRECTION('ref_axis',(-1.,-4.50661354604715E-15,0.));
#5511=DIRECTION('',(1.18329135783152E-30,-2.77555756156289E-16,-1.));
#5512=DIRECTION('center_axis',(1.,4.28507132311464E-15,-2.46519032881566E-31));
#5513=DIRECTION('ref_axis',(4.28507132311464E-15,-1.,2.77555756156289E-16));
#5514=DIRECTION('',(1.18329135783152E-30,-2.77555756156289E-16,-1.));
#5515=DIRECTION('center_axis',(-4.2779235811242E-15,1.,-2.77555756156289E-16));
#5516=DIRECTION('ref_axis',(1.,4.2779235811242E-15,1.23259516440783E-31));
#5517=DIRECTION('center_axis',(4.40186082029125E-15,-5.55111512312578E-17,
-1.));
#5518=DIRECTION('ref_axis',(4.40186082029125E-15,-1.,0.));
#5519=DIRECTION('',(4.26255569837992E-15,-0.707106781186544,-0.707106781186551));
#5520=DIRECTION('center_axis',(4.40186082029125E-15,5.55111512312578E-17,
-1.));
#5521=DIRECTION('ref_axis',(4.40186082029125E-15,-1.,-6.30808536718839E-17));
#5522=DIRECTION('',(2.56379794196829E-30,-0.707106781186548,0.707106781186547));
#5523=DIRECTION('center_axis',(-4.40186082029125E-15,-5.55111512312578E-17,
1.));
#5524=DIRECTION('ref_axis',(4.40186082029125E-15,-1.,0.));
#5525=DIRECTION('center_axis',(2.16936748935778E-30,0.707106781186548,-0.707106781186547));
#5526=DIRECTION('ref_axis',(-1.,-4.40186082029125E-15,-4.40186082029125E-15));
#5527=DIRECTION('',(6.22517127173464E-15,-0.707106781186547,-0.707106781186548));
#5528=DIRECTION('',(-1.,-4.40186082029125E-15,-4.40186082029125E-15));
#5529=DIRECTION('',(1.,4.40186082029125E-15,4.40186082029125E-15));
#5530=DIRECTION('center_axis',(4.40186082029125E-15,-5.55111512312578E-17,
-1.));
#5531=DIRECTION('ref_axis',(-4.40186082029125E-15,1.,0.));
#5532=DIRECTION('',(-2.56379794196829E-30,0.707106781186548,-0.707106781186547));
#5533=DIRECTION('center_axis',(4.40186082029125E-15,5.55111512312578E-17,
-1.));
#5534=DIRECTION('ref_axis',(-4.40186082029125E-15,1.,6.30808536718839E-17));
#5535=DIRECTION('center_axis',(-4.40186082029125E-15,-5.55111512312578E-17,
1.));
#5536=DIRECTION('ref_axis',(-4.40186082029125E-15,1.,0.));
#5537=DIRECTION('center_axis',(6.22517127173464E-15,-0.707106781186546,
-0.707106781186549));
#5538=DIRECTION('ref_axis',(1.,4.40186082029125E-15,4.40186082029125E-15));
#5539=DIRECTION('',(1.,4.40186082029125E-15,4.40186082029125E-15));
#5540=DIRECTION('',(-1.,-4.40186082029125E-15,-4.40186082029125E-15));
#5541=DIRECTION('center_axis',(-4.40186082029125E-15,1.,5.55111512312578E-17));
#5542=DIRECTION('ref_axis',(1.,4.40186082029125E-15,4.40186082029125E-15));
#5543=DIRECTION('',(4.40186082029125E-15,5.55111512312578E-17,-1.));
#5544=DIRECTION('',(-1.,-4.40186082029125E-15,-4.40186082029125E-15));
#5545=DIRECTION('',(4.40186082029125E-15,5.55111512312578E-17,-1.));
#5546=DIRECTION('center_axis',(4.40186082029125E-15,5.55111512312578E-17,
-1.));
#5547=DIRECTION('ref_axis',(4.40186082029125E-15,-1.,0.));
#5548=DIRECTION('',(4.40186082029125E-15,5.55111512312578E-17,-1.));
#5549=DIRECTION('center_axis',(4.40186082029125E-15,5.55111512312578E-17,
-1.));
#5550=DIRECTION('ref_axis',(4.40186082029125E-15,-1.,0.));
#5551=DIRECTION('center_axis',(4.40186082029125E-15,5.55111512312578E-17,
-1.));
#5552=DIRECTION('ref_axis',(-1.,-4.40186082029125E-15,-4.40186082029125E-15));
#5553=DIRECTION('',(1.,4.40186082029125E-15,4.40186082029125E-15));
#5554=DIRECTION('',(1.,4.40186082029125E-15,4.40186082029125E-15));
#5555=DIRECTION('',(1.,4.40186082029125E-15,4.40186082029125E-15));
#5556=DIRECTION('',(4.40186082029125E-15,-1.,-5.55111512312578E-17));
#5557=DIRECTION('',(-1.,-4.40186082029125E-15,-4.40186082029125E-15));
#5558=DIRECTION('',(2.95822839457879E-31,-1.,-5.55111512312578E-17));
#5559=DIRECTION('',(-1.,-4.40186082029125E-15,-4.40186082029125E-15));
#5560=DIRECTION('',(-4.40186082029125E-15,1.,5.55111512312578E-17));
#5561=DIRECTION('',(-1.,-4.40186082029125E-15,-4.40186082029125E-15));
#5562=DIRECTION('',(-4.40186082029125E-15,1.,5.55111512312578E-17));
#5563=DIRECTION('',(1.,4.40186082029125E-15,4.40186082029125E-15));
#5564=DIRECTION('center_axis',(4.40186082029125E-15,5.55111512312578E-17,
-1.));
#5565=DIRECTION('ref_axis',(-1.,-4.40186082029125E-15,-4.40186082029125E-15));
#5566=DIRECTION('center_axis',(4.40186082029125E-15,5.55111512312578E-17,
-1.));
#5567=DIRECTION('ref_axis',(-1.,-4.40186082029125E-15,-4.40186082029125E-15));
#5568=DIRECTION('center_axis',(4.40186082029125E-15,-5.55111512312578E-17,
-1.));
#5569=DIRECTION('ref_axis',(-1.,-4.40186082029125E-15,-4.40186082029125E-15));
#5570=DIRECTION('center_axis',(-4.40186082029125E-15,-5.55111512312578E-17,
1.));
#5571=DIRECTION('ref_axis',(-1.,-4.40186082029125E-15,-4.40186082029125E-15));
#5572=DIRECTION('',(0.70710678118655,2.98673771877668E-15,-0.707106781186545));
#5573=DIRECTION('center_axis',(4.40186082029125E-15,5.55111512312578E-17,
-1.));
#5574=DIRECTION('ref_axis',(-1.,-4.40186082029125E-15,-4.40186082029125E-15));
#5575=DIRECTION('center_axis',(4.40186082029125E-15,5.55111512312578E-17,
-1.));
#5576=DIRECTION('ref_axis',(-1.,-4.40186082029125E-15,-4.40186082029125E-15));
#5577=DIRECTION('',(4.40186082029125E-15,5.55111512312578E-17,-1.));
#5578=DIRECTION('center_axis',(4.40186082029125E-15,-5.55111512312578E-17,
-1.));
#5579=DIRECTION('ref_axis',(-1.,-4.40186082029125E-15,-4.40186082029125E-15));
#5580=DIRECTION('center_axis',(-4.40186082029125E-15,-5.55111512312578E-17,
1.));
#5581=DIRECTION('ref_axis',(-1.,-4.40186082029125E-15,-4.40186082029125E-15));
#5582=DIRECTION('',(0.70710678118655,2.98673771877668E-15,-0.707106781186545));
#5583=DIRECTION('center_axis',(4.40186082029125E-15,5.55111512312578E-17,
-1.));
#5584=DIRECTION('ref_axis',(-1.,-4.40186082029125E-15,-4.40186082029125E-15));
#5585=DIRECTION('center_axis',(4.40186082029125E-15,5.55111512312578E-17,
-1.));
#5586=DIRECTION('ref_axis',(-1.,-4.40186082029125E-15,-4.40186082029125E-15));
#5587=DIRECTION('',(4.40186082029125E-15,5.55111512312578E-17,-1.));
#5588=DIRECTION('center_axis',(6.05342718736276E-15,-0.52264992308509,-0.85254739334488));
#5589=DIRECTION('ref_axis',(1.,4.40186082029125E-15,4.40186082029126E-15));
#5590=DIRECTION('',(1.45216274904976E-15,-0.85254739334488,0.52264992308509));
#5591=DIRECTION('',(-1.,-4.40186082029125E-15,-4.40186082029125E-15));
#5592=DIRECTION('',(-1.45216274904976E-15,0.85254739334488,-0.52264992308509));
#5593=DIRECTION('',(-1.,-4.40186082029125E-15,-4.40186082029125E-15));
#5594=DIRECTION('',(1.45216274904976E-15,-0.85254739334488,0.52264992308509));
#5595=DIRECTION('',(-1.,-4.40186082029125E-15,-4.40186082029125E-15));
#5596=DIRECTION('',(-1.45216274904976E-15,0.85254739334488,-0.52264992308509));
#5597=DIRECTION('',(-1.,-4.40186082029125E-15,-4.40186082029125E-15));
#5598=DIRECTION('',(1.45216274904976E-15,-0.85254739334488,0.52264992308509));
#5599=DIRECTION('',(-1.,-4.40186082029125E-15,-4.40186082029125E-15));
#5600=DIRECTION('',(-1.45216274904976E-15,0.85254739334488,-0.52264992308509));
#5601=DIRECTION('',(-1.,-4.40186082029125E-15,-4.40186082029125E-15));
#5602=DIRECTION('',(-1.,-4.40186082029125E-15,-4.40186082029125E-15));
#5603=DIRECTION('center_axis',(5.91980631848703E-15,-0.891167659116194,
-0.453674115798294));
#5604=DIRECTION('ref_axis',(-2.30392915027628E-15,-0.453674115798294,0.891167659116194));
#5605=DIRECTION('',(-1.,-4.40186082029125E-15,-4.40186082029125E-15));
#5606=DIRECTION('center_axis',(-4.40186082029125E-15,1.,-3.33066907387547E-16));
#5607=DIRECTION('ref_axis',(1.,4.40186082029125E-15,4.40186082029125E-15));
#5608=DIRECTION('',(4.40186082029125E-15,-3.33066907387547E-16,-1.));
#5609=DIRECTION('center_axis',(1.,4.40186082029125E-15,4.40186082029125E-15));
#5610=DIRECTION('ref_axis',(4.40186082029125E-15,-1.,2.77555756156289E-16));
#5611=DIRECTION('',(1.92578568746146E-15,0.453674115798293,-0.891167659116194));
#5612=DIRECTION('center_axis',(1.,4.40186082029125E-15,4.40186082029125E-15));
#5613=DIRECTION('ref_axis',(4.40186082029125E-15,-1.,5.55111512312578E-17));
#5614=DIRECTION('center_axis',(1.,4.40186082029125E-15,4.40186082029125E-15));
#5615=DIRECTION('ref_axis',(-4.40186082029125E-15,7.30409884621811E-17,
1.));
#5616=DIRECTION('center_axis',(5.91980631848703E-15,-0.891167659116194,
-0.453674115798294));
#5617=DIRECTION('ref_axis',(-2.30392915027628E-15,-0.453674115798294,0.891167659116194));
#5618=DIRECTION('',(-1.92578568746146E-15,-0.453674115798293,0.891167659116194));
#5619=DIRECTION('',(-1.,-4.40186082029125E-15,-4.40186082029125E-15));
#5620=DIRECTION('center_axis',(-1.,-4.40186082029125E-15,-4.40186082029125E-15));
#5621=DIRECTION('ref_axis',(-4.40186082029125E-15,1.,-6.93889390390723E-17));
#5622=DIRECTION('center_axis',(-1.,-4.40186082029125E-15,-4.40186082029125E-15));
#5623=DIRECTION('ref_axis',(4.40186082029125E-15,-1.,5.55111512312578E-17));
#5624=DIRECTION('',(-4.40186082029125E-15,3.33066907387547E-16,1.));
#5625=DIRECTION('center_axis',(-1.,-4.40186082029125E-15,-4.40186082029125E-15));
#5626=DIRECTION('ref_axis',(-4.40186082029125E-15,0.,1.));
#5627=DIRECTION('center_axis',(-4.40186082029125E-15,1.,-3.33066907387547E-16));
#5628=DIRECTION('ref_axis',(1.,4.40186082029125E-15,4.40186082029125E-15));
#5629=DIRECTION('',(4.40186082029125E-15,-3.33066907387547E-16,-1.));
#5630=DIRECTION('center_axis',(1.,4.40186082029125E-15,4.40186082029125E-15));
#5631=DIRECTION('ref_axis',(4.40186082029125E-15,-1.,2.77555756156289E-16));
#5632=DIRECTION('',(1.92578568746146E-15,0.453674115798293,-0.891167659116194));
#5633=DIRECTION('center_axis',(1.,4.40186082029125E-15,4.40186082029125E-15));
#5634=DIRECTION('ref_axis',(4.40186082029125E-15,-1.,5.55111512312578E-17));
#5635=DIRECTION('center_axis',(1.,4.40186082029125E-15,4.40186082029125E-15));
#5636=DIRECTION('ref_axis',(-4.40186082029125E-15,7.30409884621811E-17,
1.));
#5637=DIRECTION('center_axis',(-0.707106781186542,5.55111512312578E-17,
-0.707106781186553));
#5638=DIRECTION('ref_axis',(-1.22464679914735E-16,-1.,6.93889390390723E-17));
#5639=DIRECTION('',(-2.95822839457879E-31,1.,5.55111512312578E-17));
#5640=DIRECTION('',(0.577350269189634,-0.577350269189617,-0.577350269189626));
#5641=DIRECTION('',(-0.577350269189634,0.577350269189616,0.577350269189627));
#5642=DIRECTION('center_axis',(-2.00962315605053E-28,0.707106781186571,
-0.707106781186524));
#5643=DIRECTION('ref_axis',(-1.,-4.40186082029125E-15,-4.40186082029125E-15));
#5644=DIRECTION('',(1.,4.40186082029125E-15,4.40186082029125E-15));
#5645=DIRECTION('',(-0.577350269189625,-0.57735026918962,-0.577350269189632));
#5646=DIRECTION('center_axis',(0.707106781186558,3.21964677141295E-15,-0.707106781186537));
#5647=DIRECTION('ref_axis',(-4.52432550020598E-15,1.,-6.93889390390723E-17));
#5648=DIRECTION('',(4.40186082029125E-15,-1.,-5.55111512312578E-17));
#5649=DIRECTION('',(-0.577350269189616,0.577350269189633,-0.577350269189629));
#5650=DIRECTION('',(0.577350269189659,0.577350269189577,0.577350269189641));
#5651=DIRECTION('center_axis',(6.22517127173465E-15,-0.707106781186543,
-0.707106781186552));
#5652=DIRECTION('ref_axis',(1.,4.40186082029125E-15,4.40186082029125E-15));
#5653=DIRECTION('',(-1.,-4.40186082029125E-15,-4.40186082029125E-15));
#5654=DIRECTION('',(4.13165899109505E-29,-0.707106781186552,0.707106781186543));
#5655=DIRECTION('center_axis',(-6.69545693306334E-29,0.707106781186555,
-0.70710678118654));
#5656=DIRECTION('ref_axis',(-1.,-4.40186082029125E-15,-4.40186082029125E-15));
#5657=DIRECTION('',(1.,4.40186082029125E-15,4.40186082029125E-15));
#5658=DIRECTION('',(0.577350269189626,0.577350269189621,0.577350269189631));
#5659=DIRECTION('center_axis',(0.70710678118655,3.1641356201817E-15,-0.707106781186545));
#5660=DIRECTION('ref_axis',(-4.52432550020598E-15,1.,-6.93889390390723E-17));
#5661=DIRECTION('center_axis',(-6.69545693306334E-29,0.707106781186555,
-0.70710678118654));
#5662=DIRECTION('ref_axis',(-1.,-4.40186082029125E-15,-4.40186082029125E-15));
#5663=DIRECTION('',(-0.577350269189631,0.577350269189617,0.577350269189629));
#5664=DIRECTION('center_axis',(-0.707106781186547,-3.1641356201817E-15,
-0.707106781186548));
#5665=DIRECTION('ref_axis',(4.27939614037652E-15,-1.,6.93889390390723E-17));
#5666=DIRECTION('',(-4.40186082029125E-15,1.,5.55111512312578E-17));
#5667=DIRECTION('',(-0.463200368526897,-0.755573184538124,0.46320036852691));
#5668=DIRECTION('',(-0.665313653936627,-0.33869674307703,0.665313653936628));
#5669=DIRECTION('center_axis',(6.05342718736276E-15,-0.52264992308509,-0.85254739334488));
#5670=DIRECTION('ref_axis',(1.,4.40186082029125E-15,4.40186082029126E-15));
#5671=DIRECTION('',(-1.,-4.40186082029125E-15,-4.40186082029125E-15));
#5672=DIRECTION('center_axis',(-4.40186082029125E-15,1.,-3.33066907387547E-16));
#5673=DIRECTION('ref_axis',(1.,4.40186082029125E-15,4.40186082029125E-15));
#5674=DIRECTION('',(-4.40186082029125E-15,3.33066907387547E-16,1.));
#5675=DIRECTION('',(4.40186082029125E-15,-3.33066907387547E-16,-1.));
#5676=DIRECTION('center_axis',(1.,4.40186082029125E-15,4.40186082029125E-15));
#5677=DIRECTION('ref_axis',(4.40186082029125E-15,-1.,0.));
#5678=DIRECTION('',(-4.40186082029125E-15,-5.55111512312578E-17,1.));
#5679=DIRECTION('center_axis',(-4.40186082029125E-15,1.,5.55111512312578E-17));
#5680=DIRECTION('ref_axis',(-1.,-4.40186082029125E-15,-4.40186082029125E-15));
#5681=DIRECTION('center_axis',(4.40186082029125E-15,-1.,5.55111512312578E-17));
#5682=DIRECTION('ref_axis',(-4.40186082029125E-15,6.93889390390723E-17,
1.));
#5683=DIRECTION('',(4.40186082029125E-15,-5.55111512312578E-17,-1.));
#5684=DIRECTION('',(-1.,-4.40186082029125E-15,-4.40186082029125E-15));
#5685=DIRECTION('center_axis',(-1.,1.97215226305253E-31,-4.40186082029125E-15));
#5686=DIRECTION('ref_axis',(-1.23259516440783E-31,1.,0.));
#5687=DIRECTION('',(3.81212329429562E-15,-0.500000000000005,-0.866025403784436));
#5688=DIRECTION('',(4.40186082029125E-15,-5.55111512312578E-17,-1.));
#5689=DIRECTION('',(2.20093041014552E-15,0.866025403784453,-0.499999999999975));
#5690=DIRECTION('center_axis',(-1.,-4.40186082029125E-15,-4.40186082029125E-15));
#5691=DIRECTION('ref_axis',(-4.40186082029125E-15,1.,0.));
#5692=DIRECTION('',(-2.30392915027628E-15,-0.453674115798293,0.891167659116194));
#5693=DIRECTION('center_axis',(-1.,-4.40186082029125E-15,-4.40186082029125E-15));
#5694=DIRECTION('ref_axis',(4.40186082029125E-15,-1.,5.55111512312578E-17));
#5695=DIRECTION('center_axis',(5.91980631848703E-15,-0.891167659116194,
-0.453674115798294));
#5696=DIRECTION('ref_axis',(-2.30392915027628E-15,-0.453674115798294,0.891167659116194));
#5697=DIRECTION('',(-1.,-4.40186082029125E-15,-4.40186082029125E-15));
#5698=DIRECTION('center_axis',(6.22517127173465E-15,-0.707106781186543,
-0.707106781186552));
#5699=DIRECTION('ref_axis',(1.,4.40186082029125E-15,4.40186082029125E-15));
#5700=DIRECTION('center_axis',(-1.38050658413677E-30,-0.707106781186548,
0.707106781186547));
#5701=DIRECTION('ref_axis',(1.,4.40186082029125E-15,4.40186082029125E-15));
#5702=DIRECTION('',(6.22517127173464E-15,-0.707106781186547,-0.707106781186548));
#5703=DIRECTION('',(1.,4.40186082029125E-15,4.40186082029125E-15));
#5704=DIRECTION('',(-6.22517127173464E-15,0.707106781186547,0.707106781186548));
#5705=DIRECTION('',(-1.,-4.40186082029125E-15,-4.40186082029125E-15));
#5706=DIRECTION('center_axis',(-4.40186082029125E-15,5.55111512312578E-17,
1.));
#5707=DIRECTION('ref_axis',(4.40186082029125E-15,-1.,1.20676415720126E-16));
#5708=DIRECTION('',(6.54205191118252E-16,0.707106781186547,-0.707106781186548));
#5709=DIRECTION('center_axis',(-4.40186082029125E-15,-5.55111512312578E-17,
1.));
#5710=DIRECTION('ref_axis',(4.40186082029125E-15,-1.,-5.33761069531325E-17));
#5711=DIRECTION('center_axis',(-6.22517127173464E-15,0.707106781186548,
0.707106781186547));
#5712=DIRECTION('ref_axis',(-1.,-4.40186082029125E-15,-4.40186082029125E-15));
#5713=DIRECTION('',(9.17050802319426E-30,0.707106781186547,-0.707106781186548));
#5714=DIRECTION('',(1.,4.40186082029125E-15,4.40186082029125E-15));
#5715=DIRECTION('center_axis',(-4.40186082029125E-15,5.55111512312578E-17,
1.));
#5716=DIRECTION('ref_axis',(-4.40186082029125E-15,1.,-1.20676415720126E-16));
#5717=DIRECTION('center_axis',(4.40186082029125E-15,5.55111512312578E-17,
-1.));
#5718=DIRECTION('ref_axis',(-4.40186082029125E-15,1.,0.));
#5719=DIRECTION('center_axis',(-4.40186082029125E-15,-5.55111512312578E-17,
1.));
#5720=DIRECTION('ref_axis',(-4.40186082029125E-15,1.,5.33761069531325E-17));
#5721=DIRECTION('center_axis',(4.40186082029125E-15,5.55111512312578E-17,
-1.));
#5722=DIRECTION('ref_axis',(-4.40186082029125E-15,1.,0.));
#5723=DIRECTION('',(4.40186082029125E-15,5.55111512312578E-17,-1.));
#5724=DIRECTION('center_axis',(4.40186082029125E-15,-1.,-5.55111512312578E-17));
#5725=DIRECTION('ref_axis',(-1.,-4.40186082029125E-15,-4.40186082029125E-15));
#5726=DIRECTION('center_axis',(4.40186082029125E-15,5.55111512312578E-17,
-1.));
#5727=DIRECTION('ref_axis',(-1.,-4.40186082029125E-15,-4.40186082029125E-15));
#5728=DIRECTION('center_axis',(4.40186082029125E-15,5.55111512312578E-17,
-1.));
#5729=DIRECTION('ref_axis',(-1.,-4.40186082029125E-15,-4.40186082029125E-15));
#5730=DIRECTION('center_axis',(4.40186082029125E-15,5.55111512312578E-17,
-1.));
#5731=DIRECTION('ref_axis',(-1.,-4.40186082029125E-15,-4.40186082029125E-15));
#5732=DIRECTION('center_axis',(-4.40186082029125E-15,5.55111512312578E-17,
1.));
#5733=DIRECTION('ref_axis',(-1.,-4.40186082029125E-15,-4.40186082029125E-15));
#5734=DIRECTION('',(0.707106781186545,3.23843355295797E-15,0.70710678118655));
#5735=DIRECTION('center_axis',(-4.40186082029125E-15,-5.55111512312578E-17,
1.));
#5736=DIRECTION('ref_axis',(-1.,-4.40186082029125E-15,-4.40186082029125E-15));
#5737=DIRECTION('center_axis',(4.40186082029125E-15,5.55111512312578E-17,
-1.));
#5738=DIRECTION('ref_axis',(-1.,-4.40186082029125E-15,-4.40186082029125E-15));
#5739=DIRECTION('center_axis',(4.40186082029125E-15,5.55111512312578E-17,
-1.));
#5740=DIRECTION('ref_axis',(-1.,-4.40186082029125E-15,-4.40186082029125E-15));
#5741=DIRECTION('center_axis',(-4.40186082029125E-15,5.55111512312578E-17,
1.));
#5742=DIRECTION('ref_axis',(-1.,-4.40186082029125E-15,-4.40186082029125E-15));
#5743=DIRECTION('',(0.707106781186545,3.23843355295797E-15,0.70710678118655));
#5744=DIRECTION('center_axis',(-4.40186082029125E-15,-5.55111512312578E-17,
1.));
#5745=DIRECTION('ref_axis',(-1.,-4.40186082029125E-15,-4.40186082029125E-15));
#5746=DIRECTION('center_axis',(4.40186082029125E-15,5.55111512312578E-17,
-1.));
#5747=DIRECTION('ref_axis',(-1.,-4.40186082029125E-15,-4.40186082029125E-15));
#5748=DIRECTION('center_axis',(4.40186082029125E-15,5.55111512312578E-17,
-1.));
#5749=DIRECTION('ref_axis',(-1.,-4.40186082029125E-15,-4.40186082029125E-15));
#5750=DIRECTION('center_axis',(1.61119288414997E-15,-0.866025403784436,
0.500000000000005));
#5751=DIRECTION('ref_axis',(-6.01305370444127E-15,0.500000000000005,0.866025403784436));
#5752=DIRECTION('',(-1.,-4.40186082029125E-15,-4.40186082029125E-15));
#5753=DIRECTION('',(-1.,-4.40186082029125E-15,-4.40186082029125E-15));
#5754=DIRECTION('center_axis',(4.40186082029125E-15,-1.,5.55111512312578E-17));
#5755=DIRECTION('ref_axis',(-4.40186082029125E-15,6.93889390390723E-17,
1.));
#5756=DIRECTION('',(-1.,-4.40186082029125E-15,-4.40186082029125E-15));
#5757=DIRECTION('center_axis',(6.01305370444121E-15,-0.499999999999975,
-0.866025403784453));
#5758=DIRECTION('ref_axis',(1.61119288415018E-15,-0.866025403784453,0.499999999999975));
#5759=DIRECTION('center_axis',(-4.40186082029125E-15,1.,5.55111512312578E-17));
#5760=DIRECTION('ref_axis',(1.,4.40186082029125E-15,4.40186082029125E-15));
#5761=DIRECTION('',(-0.707106781186521,-3.10862446895044E-15,-0.707106781186574));
#5762=DIRECTION('',(-0.707106781186544,-3.10862446895044E-15,-0.707106781186551));
#5763=DIRECTION('',(4.40186082029125E-15,5.55111512312578E-17,-1.));
#5764=DIRECTION('',(-1.,-3.93926789336409E-15,-4.40186082029125E-15));
#5765=DIRECTION('',(4.40186082029125E-15,5.55111512312578E-17,-1.));
#5766=DIRECTION('center_axis',(-1.,-4.40186082029125E-15,-4.40186082029125E-15));
#5767=DIRECTION('ref_axis',(-4.40186082029125E-15,5.55111512312578E-17,
1.));
#5768=DIRECTION('',(0.838670567945426,3.78864369910174E-15,0.544639035015023));
#5769=DIRECTION('center_axis',(1.,4.40186082029125E-15,4.40186082029125E-15));
#5770=DIRECTION('ref_axis',(-4.40186082029125E-15,1.,-5.78241158658936E-17));
#5771=DIRECTION('center_axis',(1.,4.40186082029125E-15,4.40186082029125E-15));
#5772=DIRECTION('ref_axis',(-4.40186082029125E-15,1.,-6.93889390390723E-17));
#5773=DIRECTION('center_axis',(-1.,-4.40186082029125E-15,-4.40186082029125E-15));
#5774=DIRECTION('ref_axis',(-4.40186082029125E-15,5.55111512312578E-17,
1.));
#5775=DIRECTION('',(0.838670567945426,3.78864369910174E-15,0.544639035015023));
#5776=DIRECTION('center_axis',(1.,4.40186082029125E-15,4.40186082029125E-15));
#5777=DIRECTION('ref_axis',(-4.40186082029125E-15,1.,-5.78241158658936E-17));
#5778=DIRECTION('center_axis',(1.,4.40186082029125E-15,4.40186082029125E-15));
#5779=DIRECTION('ref_axis',(-4.40186082029125E-15,1.,-6.93889390390723E-17));
#5780=DIRECTION('center_axis',(1.,4.40186082029125E-15,4.40186082029125E-15));
#5781=DIRECTION('ref_axis',(-4.40186082029125E-15,1.,-6.93889390390723E-17));
#5782=DIRECTION('center_axis',(1.,4.40186082029125E-15,4.40186082029125E-15));
#5783=DIRECTION('ref_axis',(-4.40186082029125E-15,1.,-5.78241158658936E-17));
#5784=DIRECTION('center_axis',(-1.,-4.40186082029125E-15,-4.40186082029125E-15));
#5785=DIRECTION('ref_axis',(-4.40186082029125E-15,5.55111512312578E-17,
1.));
#5786=DIRECTION('center_axis',(-1.,-4.40186082029125E-15,-4.40186082029125E-15));
#5787=DIRECTION('ref_axis',(-4.40186082029125E-15,0.,1.));
#5788=DIRECTION('',(0.838670567945426,3.78864369910174E-15,0.544639035015023));
#5789=DIRECTION('center_axis',(-1.,-4.40186082029125E-15,-4.40186082029125E-15));
#5790=DIRECTION('ref_axis',(4.40186082029125E-15,-1.,6.93889390390723E-17));
#5791=DIRECTION('center_axis',(1.,4.40186082029125E-15,4.40186082029125E-15));
#5792=DIRECTION('ref_axis',(-4.40186082029125E-15,1.,-5.78241158658936E-17));
#5793=DIRECTION('center_axis',(1.,4.40186082029125E-15,4.40186082029125E-15));
#5794=DIRECTION('ref_axis',(-4.40186082029125E-15,5.55111512312578E-17,
1.));
#5795=DIRECTION('',(-0.838670567945431,-3.72817661942341E-15,0.544639035015016));
#5796=DIRECTION('center_axis',(-1.,-4.40186082029125E-15,-4.40186082029125E-15));
#5797=DIRECTION('ref_axis',(4.40186082029125E-15,-1.,6.93889390390723E-17));
#5798=DIRECTION('center_axis',(1.,4.40186082029125E-15,4.40186082029125E-15));
#5799=DIRECTION('ref_axis',(-4.40186082029125E-15,1.,-5.78241158658936E-17));
#5800=DIRECTION('center_axis',(1.,4.40186082029125E-15,4.40186082029125E-15));
#5801=DIRECTION('ref_axis',(-4.40186082029125E-15,5.55111512312578E-17,
1.));
#5802=DIRECTION('',(-0.838670567945431,-3.72817661942341E-15,0.544639035015016));
#5803=DIRECTION('center_axis',(-1.,-4.40186082029125E-15,-4.40186082029125E-15));
#5804=DIRECTION('ref_axis',(4.40186082029125E-15,-1.,6.93889390390723E-17));
#5805=DIRECTION('center_axis',(1.,4.40186082029125E-15,4.40186082029125E-15));
#5806=DIRECTION('ref_axis',(-4.40186082029125E-15,1.,-5.78241158658936E-17));
#5807=DIRECTION('center_axis',(1.,4.40186082029125E-15,4.40186082029125E-15));
#5808=DIRECTION('ref_axis',(-4.40186082029125E-15,5.55111512312578E-17,
1.));
#5809=DIRECTION('',(-0.838670567945431,-3.72817661942341E-15,0.544639035015016));
#5810=DIRECTION('center_axis',(1.,4.40186082029125E-15,4.40186082029125E-15));
#5811=DIRECTION('ref_axis',(-4.40186082029125E-15,5.55111512312578E-17,
1.));
#5812=DIRECTION('center_axis',(1.,4.40186082029125E-15,4.40186082029125E-15));
#5813=DIRECTION('ref_axis',(-4.40186082029125E-15,7.30409884621811E-17,
1.));
#5814=DIRECTION('',(-0.838670567945431,-3.72817661942341E-15,0.544639035015016));
#5815=DIRECTION('center_axis',(1.,4.40186082029125E-15,4.40186082029125E-15));
#5816=DIRECTION('ref_axis',(-4.40186082029125E-15,1.,-5.78241158658936E-17));
#5817=DIRECTION('center_axis',(-1.,-4.40186082029125E-15,-4.40186082029125E-15));
#5818=DIRECTION('ref_axis',(4.40186082029125E-15,-1.,6.93889390390723E-17));
#5819=DIRECTION('center_axis',(-1.,-4.40186082029125E-15,-4.40186082029125E-15));
#5820=DIRECTION('ref_axis',(-4.40186082029125E-15,5.55111512312578E-17,
1.));
#5821=DIRECTION('center_axis',(-1.,-4.40186082029125E-15,-4.40186082029125E-15));
#5822=DIRECTION('ref_axis',(-4.40186082029125E-15,0.,1.));
#5823=DIRECTION('',(0.838670567945426,3.78864369910174E-15,0.544639035015023));
#5824=DIRECTION('center_axis',(1.,4.40186082029125E-15,4.40186082029125E-15));
#5825=DIRECTION('ref_axis',(-4.40186082029125E-15,1.,-5.78241158658936E-17));
#5826=DIRECTION('center_axis',(1.,4.40186082029125E-15,4.40186082029125E-15));
#5827=DIRECTION('ref_axis',(-4.40186082029125E-15,1.,-6.93889390390723E-17));
#5828=DIRECTION('center_axis',(-1.,-4.40186082029125E-15,-4.40186082029125E-15));
#5829=DIRECTION('ref_axis',(-4.40186082029125E-15,5.55111512312578E-17,
1.));
#5830=DIRECTION('',(0.838670567945426,3.78864369910174E-15,0.544639035015023));
#5831=DIRECTION('center_axis',(1.,4.40186082029125E-15,4.40186082029125E-15));
#5832=DIRECTION('ref_axis',(-4.40186082029125E-15,1.,-5.78241158658936E-17));
#5833=DIRECTION('center_axis',(1.,4.40186082029125E-15,4.40186082029125E-15));
#5834=DIRECTION('ref_axis',(-4.40186082029125E-15,1.,-6.93889390390723E-17));
#5835=DIRECTION('center_axis',(-1.,-4.40186082029125E-15,-4.40186082029125E-15));
#5836=DIRECTION('ref_axis',(-4.40186082029125E-15,1.,-6.93889390390723E-17));
#5837=DIRECTION('center_axis',(-1.,-4.40186082029125E-15,-4.40186082029125E-15));
#5838=DIRECTION('ref_axis',(4.40186082029125E-15,-1.,5.55111512312578E-17));
#5839=DIRECTION('',(-1.92578568746146E-15,-0.453674115798293,0.891167659116194));
#5840=DIRECTION('center_axis',(-1.,-4.40186082029125E-15,-4.40186082029125E-15));
#5841=DIRECTION('ref_axis',(-4.40186082029125E-15,1.,-6.93889390390723E-17));
#5842=DIRECTION('center_axis',(-1.,-4.40186082029125E-15,-4.40186082029125E-15));
#5843=DIRECTION('ref_axis',(4.40186082029125E-15,-1.,5.55111512312578E-17));
#5844=DIRECTION('',(-1.92578568746146E-15,-0.453674115798293,0.891167659116194));
#5845=DIRECTION('',(-4.40186082029125E-15,3.33066907387547E-16,1.));
#5846=DIRECTION('center_axis',(1.,4.40186082029125E-15,4.40186082029125E-15));
#5847=DIRECTION('ref_axis',(4.40186082029125E-15,-1.,2.77555756156289E-16));
#5848=DIRECTION('',(4.40186082029125E-15,-3.33066907387547E-16,-1.));
#5849=DIRECTION('',(1.92578568746146E-15,0.453674115798293,-0.891167659116194));
#5850=DIRECTION('center_axis',(1.,4.40186082029125E-15,4.40186082029125E-15));
#5851=DIRECTION('ref_axis',(4.40186082029125E-15,-1.,5.55111512312578E-17));
#5852=DIRECTION('center_axis',(-4.40186082029125E-15,1.,-3.33066907387547E-16));
#5853=DIRECTION('ref_axis',(1.,4.40186082029125E-15,4.40186082029125E-15));
#5854=DIRECTION('center_axis',(5.91980631848703E-15,-0.891167659116194,
-0.453674115798294));
#5855=DIRECTION('ref_axis',(-2.30392915027628E-15,-0.453674115798294,0.891167659116194));
#5856=DIRECTION('',(-1.,-4.40186082029125E-15,-4.40186082029125E-15));
#5857=DIRECTION('center_axis',(5.91980631848703E-15,-0.891167659116194,
-0.453674115798294));
#5858=DIRECTION('ref_axis',(-2.30392915027628E-15,-0.453674115798294,0.891167659116194));
#5859=DIRECTION('',(-1.,-4.40186082029125E-15,-4.40186082029125E-15));
#5860=DIRECTION('center_axis',(-1.,-4.40186082029125E-15,-4.40186082029125E-15));
#5861=DIRECTION('ref_axis',(-3.35910055837961E-15,-0.213773941093374,0.976883156835764));
#5862=DIRECTION('center_axis',(-1.,-4.40186082029125E-15,-4.40186082029125E-15));
#5863=DIRECTION('ref_axis',(-3.35910055837961E-15,-0.213773941093374,0.976883156835764));
#5864=DIRECTION('center_axis',(-1.,-4.40186082029125E-15,-4.40186082029125E-15));
#5865=DIRECTION('ref_axis',(-3.35910055837961E-15,-0.213773941093374,0.976883156835764));
#5866=DIRECTION('center_axis',(-1.,-4.40186082029125E-15,-4.40186082029125E-15));
#5867=DIRECTION('ref_axis',(-3.35910055837961E-15,-0.213773941093374,0.976883156835764));
#5868=DIRECTION('center_axis',(-1.,-4.40186082029125E-15,-4.40186082029125E-15));
#5869=DIRECTION('ref_axis',(-3.35910055837961E-15,-0.213773941093374,0.976883156835764));
#5870=DIRECTION('center_axis',(0.707106781186574,3.21964677141295E-15,-0.707106781186521));
#5871=DIRECTION('ref_axis',(0.707106781186521,3.01841884819964E-15,0.707106781186574));
#5872=DIRECTION('center_axis',(-0.707106781186551,-3.21964677141295E-15,
0.707106781186544));
#5873=DIRECTION('ref_axis',(-0.707106781186544,-3.05311331771918E-15,-0.707106781186551));
#5874=DIRECTION('center_axis',(-4.40186082029125E-15,-5.55111512312578E-17,
1.));
#5875=DIRECTION('ref_axis',(4.40186082029125E-15,-1.,0.));
#5876=DIRECTION('',(4.40186082029125E-15,-1.,-5.55111512312578E-17));
#5877=DIRECTION('',(-9.36360364245517E-14,1.,5.55111512312578E-17));
#5878=DIRECTION('center_axis',(1.,9.36360364245517E-14,4.40186082029125E-15));
#5879=DIRECTION('ref_axis',(9.36360364245517E-14,-1.,0.));
#5880=DIRECTION('center_axis',(-1.,-4.40186082029125E-15,-4.40186082029125E-15));
#5881=DIRECTION('ref_axis',(-4.40186082029125E-15,1.,0.));
#5882=DIRECTION('center_axis',(4.40186082029125E-15,5.55111512312578E-17,
-1.));
#5883=DIRECTION('ref_axis',(-1.,-4.40186082029125E-15,-4.40186082029125E-15));
#5884=DIRECTION('',(-4.40186082029125E-15,-5.55111512312578E-17,1.));
#5885=DIRECTION('center_axis',(4.40186082029125E-15,5.55111512312578E-17,
-1.));
#5886=DIRECTION('ref_axis',(-1.,-4.40186082029125E-15,-4.40186082029125E-15));
#5887=DIRECTION('',(-4.40186082029125E-15,-5.55111512312578E-17,1.));
#5888=DIRECTION('center_axis',(-0.754345601280026,0.656477504435206,-6.56065338701527E-15));
#5889=DIRECTION('ref_axis',(-0.656477504435206,-0.754345601280026,-5.87182590495769E-15));
#5890=DIRECTION('',(0.595848583461821,0.684678081010655,0.419738479258347));
#5891=DIRECTION('',(-8.80372164058249E-15,-1.22464679914774E-16,1.));
#5892=DIRECTION('',(0.656477504435206,0.754345601280026,3.14960166979491E-15));
#5893=DIRECTION('center_axis',(0.707106781186545,0.70710678118655,6.31176687735819E-15));
#5894=DIRECTION('ref_axis',(-0.70710678118655,0.707106781186545,-6.13857566611109E-15));
#5895=DIRECTION('',(0.70710678118655,-0.707106781186545,2.8689807843754E-15));
#5896=DIRECTION('',(-8.80372164058249E-15,-1.22464679914774E-16,1.));
#5897=DIRECTION('',(0.70710678118655,-0.707106781186545,6.13857566611109E-15));
#5898=DIRECTION('',(-4.40186082029124E-15,-3.44509284839766E-16,1.));
#5899=DIRECTION('center_axis',(-8.80372164058249E-15,-1.22464679914774E-16,
1.));
#5900=DIRECTION('ref_axis',(1.,8.8037216405825E-15,8.8037216405825E-15));
#5901=DIRECTION('center_axis',(4.40186082029124E-15,3.44509284839766E-16,
-1.));
#5902=DIRECTION('ref_axis',(1.,8.8037216405825E-15,4.40186082029125E-15));
#5903=DIRECTION('',(-8.80372164058249E-15,-1.22464679914774E-16,1.));
#5904=DIRECTION('center_axis',(8.80372164058249E-15,1.22464679914774E-16,
-1.));
#5905=DIRECTION('ref_axis',(1.,8.8037216405825E-15,8.8037216405825E-15));
#5906=DIRECTION('center_axis',(0.707106781186548,-0.707106781186547,6.13857566611107E-15));
#5907=DIRECTION('ref_axis',(0.707106781186547,0.707106781186548,6.31176687735821E-15));
#5908=DIRECTION('',(-0.707106781186547,-0.707106781186548,-3.35619048735924E-15));
#5909=DIRECTION('',(-4.40186082029124E-15,-3.44509284839766E-16,1.));
#5910=DIRECTION('',(0.707106781186547,0.707106781186548,6.31176687735821E-15));
#5911=DIRECTION('center_axis',(0.754345601280021,0.656477504435212,6.72144400191905E-15));
#5912=DIRECTION('ref_axis',(-0.656477504435212,0.754345601280021,-5.68706451974599E-15));
#5913=DIRECTION('',(0.59584858346183,-0.68467808101065,-0.419738479258342));
#5914=DIRECTION('',(0.656477504435212,-0.754345601280021,2.62984354255693E-15));
#5915=DIRECTION('',(-8.80372164058249E-15,-1.22464679914774E-16,1.));
#5916=DIRECTION('center_axis',(-0.707106781186544,-0.707106781186551,-6.31176687735818E-15));
#5917=DIRECTION('ref_axis',(0.707106781186551,-0.707106781186544,6.1385756661111E-15));
#5918=DIRECTION('',(-0.707106781186551,0.707106781186544,-2.86898078437541E-15));
#5919=DIRECTION('',(-8.80372164058249E-15,-1.22464679914774E-16,1.));
#5920=DIRECTION('',(-0.707106781186551,0.707106781186544,-6.1385756661111E-15));
#5921=DIRECTION('',(-4.40186082029124E-15,-3.44509284839766E-16,1.));
#5922=DIRECTION('center_axis',(-8.80372164058249E-15,-1.22464679914774E-16,
1.));
#5923=DIRECTION('ref_axis',(-1.,-6.01672170156739E-15,-8.8037216405825E-15));
#5924=DIRECTION('center_axis',(4.40186082029124E-15,3.44509284839766E-16,
-1.));
#5925=DIRECTION('ref_axis',(1.,8.8037216405825E-15,4.40186082029125E-15));
#5926=DIRECTION('',(-8.80372164058249E-15,-1.22464679914774E-16,1.));
#5927=DIRECTION('center_axis',(8.80372164058249E-15,1.22464679914774E-16,
-1.));
#5928=DIRECTION('ref_axis',(1.,8.8037216405825E-15,8.8037216405825E-15));
#5929=DIRECTION('center_axis',(-0.70710678118655,0.707106781186545,-6.13857566611109E-15));
#5930=DIRECTION('ref_axis',(-0.707106781186545,-0.70710678118655,-6.31176687735819E-15));
#5931=DIRECTION('',(0.707106781186545,0.70710678118655,3.35619048735923E-15));
#5932=DIRECTION('',(-4.40186082029124E-15,-3.44509284839766E-16,1.));
#5933=DIRECTION('',(-0.707106781186545,-0.70710678118655,-6.31176687735819E-15));
#5934=DIRECTION('center_axis',(-8.8037216405825E-15,1.,1.22464679914697E-16));
#5935=DIRECTION('ref_axis',(-8.80372164058249E-15,-1.22464679914774E-16,
1.));
#5936=DIRECTION('',(1.,4.82081290505546E-15,4.40186082029125E-15));
#5937=DIRECTION('',(-4.40186082029124E-15,-3.44509284839766E-16,1.));
#5938=DIRECTION('',(-1.,-8.8037216405825E-15,-4.40186082029125E-15));
#5939=DIRECTION('',(4.40186082029126E-15,1.22464679914735E-16,-1.));
#5940=DIRECTION('',(-1.,-8.8037216405825E-15,-4.40186082029125E-15));
#5941=DIRECTION('',(-4.40186082029124E-15,-1.22464679914735E-16,1.));
#5942=DIRECTION('',(-1.,-8.8037216405825E-15,-4.40186082029125E-15));
#5943=DIRECTION('',(4.40186082029124E-15,3.44509284839766E-16,-1.));
#5944=DIRECTION('center_axis',(-1.,-4.40186082029125E-15,-4.40186082029125E-15));
#5945=DIRECTION('ref_axis',(-4.40186082029125E-15,1.,3.44509284839747E-16));
#5946=DIRECTION('',(4.40186082029125E-15,-1.,-3.44509284839747E-16));
#5947=DIRECTION('',(4.40186082029124E-15,3.44509284839766E-16,-1.));
#5948=DIRECTION('',(-4.40186082029125E-15,1.,3.44509284839747E-16));
#5949=DIRECTION('center_axis',(1.,8.8037216405825E-15,8.8037216405825E-15));
#5950=DIRECTION('ref_axis',(-8.80372164058249E-15,-1.22464679914774E-16,
1.));
#5951=DIRECTION('',(4.40186082029125E-15,-1.,-3.44509284839747E-16));
#5952=DIRECTION('',(-8.80372164058249E-15,-1.22464679914774E-16,1.));
#5953=DIRECTION('',(-8.8037216405825E-15,1.,1.22464679914696E-16));
#5954=DIRECTION('',(8.80372164058249E-15,3.44509284839786E-16,-1.));
#5955=DIRECTION('center_axis',(8.80372164058249E-15,1.22464679914774E-16,
-1.));
#5956=DIRECTION('ref_axis',(1.,8.8037216405825E-15,8.8037216405825E-15));
#5957=DIRECTION('',(1.,5.32066901430777E-15,8.8037216405825E-15));
#5958=DIRECTION('',(4.04562296361753E-15,-1.,-1.22464679914738E-16));
#5959=DIRECTION('',(-1.,-4.04562296361755E-15,-8.8037216405825E-15));
#5960=DIRECTION('',(-4.04562296361753E-15,1.,1.22464679914738E-16));
#5961=DIRECTION('',(1.,5.63165585593469E-15,8.8037216405825E-15));
#5962=DIRECTION('',(-7.80625564187512E-17,-1.,-1.22464679914775E-16));
#5963=DIRECTION('',(-1.,-4.62405848905365E-15,-8.8037216405825E-15));
#5964=DIRECTION('',(5.47305256670765E-15,-1.,-1.22464679914726E-16));
#5965=DIRECTION('',(1.,4.36282954208188E-15,8.8037216405825E-15));
#5966=DIRECTION('',(-2.14238349283154E-15,1.,1.22464679914755E-16));
#5967=DIRECTION('',(-1.,7.80625564187402E-17,-8.80372164058249E-15));
#5968=DIRECTION('center_axis',(-5.32066901430777E-15,1.,1.22464679914727E-16));
#5969=DIRECTION('ref_axis',(1.,5.32066901430777E-15,8.8037216405825E-15));
#5970=DIRECTION('',(-1.,-5.32066901430777E-15,-4.40186082029125E-15));
#5971=DIRECTION('',(8.80372164058249E-15,1.22464679914774E-16,-1.));
#5972=DIRECTION('center_axis',(-1.,7.80625564187512E-17,-8.80372164058249E-15));
#5973=DIRECTION('ref_axis',(8.80372164058249E-15,1.22464679914774E-16,-1.));
#5974=DIRECTION('',(-8.35628991487349E-18,1.,3.44509284839766E-16));
#5975=DIRECTION('',(-8.80372164058249E-15,-3.44509284839786E-16,1.));
#5976=DIRECTION('',(8.80372164058249E-15,1.22464679914774E-16,-1.));
#5977=DIRECTION('center_axis',(-5.63165585593469E-15,1.,1.22464679914724E-16));
#5978=DIRECTION('ref_axis',(1.,5.63165585593469E-15,8.8037216405825E-15));
#5979=DIRECTION('',(8.80372164058249E-15,1.22464679914774E-16,-1.));
#5980=DIRECTION('',(-1.,-5.63165585593469E-15,-4.40186082029125E-15));
#5981=DIRECTION('center_axis',(-1.,-4.04562296361753E-15,-8.8037216405825E-15));
#5982=DIRECTION('ref_axis',(-4.04562296361753E-15,1.,1.22464679914738E-16));
#5983=DIRECTION('',(4.04562296361753E-15,-1.,-3.44509284839748E-16));
#5984=DIRECTION('',(8.80372164058249E-15,1.22464679914774E-16,-1.));
#5985=DIRECTION('center_axis',(4.04562296361755E-15,-1.,-1.22464679914738E-16));
#5986=DIRECTION('ref_axis',(-1.,-4.04562296361755E-15,-8.8037216405825E-15));
#5987=DIRECTION('',(1.,4.04562296361755E-15,4.40186082029125E-15));
#5988=DIRECTION('',(8.80372164058249E-15,1.22464679914774E-16,-1.));
#5989=DIRECTION('center_axis',(1.,4.04562296361753E-15,8.8037216405825E-15));
#5990=DIRECTION('ref_axis',(4.04562296361753E-15,-1.,-1.22464679914738E-16));
#5991=DIRECTION('',(-4.04562296361753E-15,1.,3.44509284839748E-16));
#5992=DIRECTION('center_axis',(-4.40186082029124E-15,-3.44509284839766E-16,
1.));
#5993=DIRECTION('ref_axis',(1.,4.40186082029125E-15,4.40186082029125E-15));
#5994=DIRECTION('center_axis',(4.40186082029124E-15,3.44509284839766E-16,
-1.));
#5995=DIRECTION('ref_axis',(1.,4.40186082029125E-15,4.40186082029125E-15));
#5996=DIRECTION('',(-0.707106781186551,-3.4427860929828E-15,0.707106781186544));
#5997=DIRECTION('center_axis',(-4.40186082029124E-15,-3.44509284839766E-16,
1.));
#5998=DIRECTION('ref_axis',(1.,4.40186082029125E-15,4.40186082029125E-15));
#5999=DIRECTION('center_axis',(-4.40186082029124E-15,-3.44509284839766E-16,
1.));
#6000=DIRECTION('ref_axis',(1.,4.40186082029125E-15,4.40186082029125E-15));
#6001=DIRECTION('',(-1.,-4.40186082029125E-15,-4.40186082029125E-15));
#6002=DIRECTION('',(1.,4.40186082029125E-15,4.40186082029125E-15));
#6003=DIRECTION('',(4.40186082029125E-15,-1.,-3.44509284839747E-16));
#6004=DIRECTION('',(-1.,-4.40186082029131E-15,1.67682707996609E-13));
#6005=DIRECTION('',(-4.40186082029125E-15,1.,3.44509284839747E-16));
#6006=DIRECTION('',(1.,4.40186082029125E-15,4.40186082029125E-15));
#6007=DIRECTION('center_axis',(-4.40186082029124E-15,-3.44509284839766E-16,
1.));
#6008=DIRECTION('ref_axis',(1.,4.40186082029125E-15,4.40186082029125E-15));
#6009=DIRECTION('center_axis',(-4.40186082029124E-15,-3.44509284839766E-16,
1.));
#6010=DIRECTION('ref_axis',(1.,4.40186082029125E-15,4.40186082029125E-15));
#6011=DIRECTION('center_axis',(4.40186082029124E-15,3.44509284839766E-16,
-1.));
#6012=DIRECTION('ref_axis',(1.,4.40186082029125E-15,4.40186082029125E-15));
#6013=DIRECTION('',(-4.40186082029124E-15,-3.44509284839766E-16,1.));
#6014=DIRECTION('center_axis',(-4.40186082029124E-15,-3.44509284839766E-16,
1.));
#6015=DIRECTION('ref_axis',(1.,4.40186082029125E-15,4.40186082029125E-15));
#6016=DIRECTION('center_axis',(4.40186082029124E-15,3.44509284839766E-16,
-1.));
#6017=DIRECTION('ref_axis',(1.,4.40186082029125E-15,4.40186082029125E-15));
#6018=DIRECTION('',(-0.707106781186551,-3.4427860929828E-15,0.707106781186544));
#6019=DIRECTION('center_axis',(-4.40186082029124E-15,-3.44509284839766E-16,
1.));
#6020=DIRECTION('ref_axis',(1.,4.40186082029125E-15,4.40186082029125E-15));
#6021=DIRECTION('center_axis',(4.40186082029124E-15,3.44509284839766E-16,
-1.));
#6022=DIRECTION('ref_axis',(1.,4.40186082029125E-15,4.40186082029125E-15));
#6023=DIRECTION('',(-4.40186082029124E-15,-3.44509284839766E-16,1.));
#6024=DIRECTION('center_axis',(-1.45216274904991E-15,-0.522649923085069,
0.852547393344893));
#6025=DIRECTION('ref_axis',(-1.,-4.40186082029125E-15,-4.40186082029124E-15));
#6026=DIRECTION('',(1.,4.08785834868009E-15,4.20936317275026E-15));
#6027=DIRECTION('',(6.05342718736272E-15,-0.852547393344893,-0.522649923085069));
#6028=DIRECTION('',(1.,4.40186082029125E-15,4.40186082029125E-15));
#6029=DIRECTION('',(-6.05342718736272E-15,0.852547393344893,0.522649923085069));
#6030=DIRECTION('',(1.,4.08785834868009E-15,4.20936317275026E-15));
#6031=DIRECTION('',(6.05342718736272E-15,-0.852547393344893,-0.522649923085069));
#6032=DIRECTION('',(1.,4.40186082029125E-15,4.40186082029125E-15));
#6033=DIRECTION('',(-6.05342718736272E-15,0.852547393344893,0.522649923085069));
#6034=DIRECTION('',(1.,4.08785834868009E-15,4.20936317275026E-15));
#6035=DIRECTION('',(6.05342718736272E-15,-0.852547393344893,-0.522649923085069));
#6036=DIRECTION('',(1.,4.40186082029125E-15,4.40186082029125E-15));
#6037=DIRECTION('',(-6.05342718736272E-15,0.852547393344893,0.522649923085069));
#6038=DIRECTION('',(1.,4.08785834868009E-15,4.20936317275026E-15));
#6039=DIRECTION('',(6.05342718736272E-15,-0.852547393344893,-0.522649923085069));
#6040=DIRECTION('',(1.,4.40186082029125E-15,4.40186082029125E-15));
#6041=DIRECTION('',(-6.05342718736272E-15,0.852547393344893,0.522649923085069));
#6042=DIRECTION('',(1.,4.08785834868009E-15,4.20936317275026E-15));
#6043=DIRECTION('',(6.05342718736272E-15,-0.852547393344893,-0.522649923085069));
#6044=DIRECTION('',(1.,4.40186082029125E-15,4.40186082029125E-15));
#6045=DIRECTION('',(-6.05342718736272E-15,0.852547393344893,0.522649923085069));
#6046=DIRECTION('center_axis',(-1.,-4.40186082029125E-15,-4.40186082029125E-15));
#6047=DIRECTION('ref_axis',(4.40186082029125E-15,-1.,-3.44509284839747E-16));
#6048=DIRECTION('',(-5.91980631848701E-15,0.453674115798289,0.891167659116196));
#6049=DIRECTION('center_axis',(-1.,-4.40186082029125E-15,-4.40186082029125E-15));
#6050=DIRECTION('ref_axis',(4.40186082029125E-15,-1.,-3.44509284839747E-16));
#6051=DIRECTION('',(4.40186082029124E-15,3.44509284839766E-16,-1.));
#6052=DIRECTION('center_axis',(-1.,-4.40186082029125E-15,-4.40186082029125E-15));
#6053=DIRECTION('ref_axis',(4.40186082029125E-15,-1.,-3.44509284839747E-16));
#6054=DIRECTION('',(4.40186082029125E-15,-1.,-3.44509284839747E-16));
#6055=DIRECTION('',(4.40186082029124E-15,3.44509284839766E-16,-1.));
#6056=DIRECTION('center_axis',(-1.,-4.40186082029125E-15,-4.40186082029125E-15));
#6057=DIRECTION('ref_axis',(4.40186082029124E-15,3.44509284839766E-16,-1.));
#6058=DIRECTION('center_axis',(1.92578568746149E-15,-0.891167659116196,
0.453674115798289));
#6059=DIRECTION('ref_axis',(-5.91980631848701E-15,0.453674115798289,0.891167659116196));
#6060=DIRECTION('',(5.91980631848701E-15,-0.453674115798289,-0.891167659116196));
#6061=DIRECTION('',(-1.,-4.40186082029125E-15,-4.40186082029125E-15));
#6062=DIRECTION('center_axis',(1.,4.40186082029125E-15,4.40186082029125E-15));
#6063=DIRECTION('ref_axis',(-4.40186082029125E-15,1.,1.65441055061496E-16));
#6064=DIRECTION('',(4.40186082029124E-15,3.44509284839766E-16,-1.));
#6065=DIRECTION('',(-4.40186082029125E-15,1.,3.44509284839747E-16));
#6066=DIRECTION('center_axis',(1.,4.40186082029125E-15,4.40186082029125E-15));
#6067=DIRECTION('ref_axis',(4.40186082029125E-15,-1.,-3.44509284839747E-16));
#6068=DIRECTION('',(4.40186082029124E-15,3.44509284839766E-16,-1.));
#6069=DIRECTION('center_axis',(1.,4.40186082029125E-15,4.40186082029125E-15));
#6070=DIRECTION('ref_axis',(4.40186082029125E-15,-1.,-3.44509284839747E-16));
#6071=DIRECTION('center_axis',(1.,4.40186082029125E-15,4.40186082029125E-15));
#6072=DIRECTION('ref_axis',(4.40186082029124E-15,3.44509284839766E-16,-1.));
#6073=DIRECTION('center_axis',(-4.08785834868009E-15,1.,3.44509284839748E-16));
#6074=DIRECTION('ref_axis',(-1.,-4.08785834868009E-15,-4.40186082029125E-15));
#6075=DIRECTION('',(4.40186082029124E-15,3.44509284839766E-16,-1.));
#6076=DIRECTION('',(-1.,-4.08785834868009E-15,-4.40186082029125E-15));
#6077=DIRECTION('center_axis',(-1.,-4.40186082029125E-15,-4.40186082029125E-15));
#6078=DIRECTION('ref_axis',(4.40186082029125E-15,-1.,-3.44509284839747E-16));
#6079=DIRECTION('',(-5.91980631848701E-15,0.453674115798289,0.891167659116196));
#6080=DIRECTION('center_axis',(-1.,-4.40186082029125E-15,-4.40186082029125E-15));
#6081=DIRECTION('ref_axis',(4.40186082029125E-15,-1.,-3.44509284839747E-16));
#6082=DIRECTION('',(4.40186082029124E-15,3.44509284839766E-16,-1.));
#6083=DIRECTION('center_axis',(-1.,-4.40186082029125E-15,-4.40186082029125E-15));
#6084=DIRECTION('ref_axis',(4.40186082029125E-15,-1.,-3.44509284839747E-16));
#6085=DIRECTION('',(4.40186082029125E-15,-1.,-3.44509284839747E-16));
#6086=DIRECTION('center_axis',(-1.,-4.40186082029125E-15,-4.40186082029125E-15));
#6087=DIRECTION('ref_axis',(4.40186082029124E-15,3.44509284839766E-16,-1.));
#6088=DIRECTION('center_axis',(1.92578568746149E-15,-0.891167659116196,
0.453674115798289));
#6089=DIRECTION('ref_axis',(-5.91980631848701E-15,0.453674115798289,0.891167659116196));
#6090=DIRECTION('',(5.91980631848701E-15,-0.453674115798289,-0.891167659116196));
#6091=DIRECTION('',(-1.,-4.40186082029125E-15,-4.40186082029125E-15));
#6092=DIRECTION('center_axis',(1.,4.40186082029125E-15,4.40186082029125E-15));
#6093=DIRECTION('ref_axis',(-4.40186082029125E-15,1.,1.65441055061496E-16));
#6094=DIRECTION('',(4.40186082029124E-15,3.44509284839766E-16,-1.));
#6095=DIRECTION('',(-4.40186082029125E-15,1.,3.44509284839747E-16));
#6096=DIRECTION('center_axis',(1.,4.40186082029125E-15,4.40186082029125E-15));
#6097=DIRECTION('ref_axis',(4.40186082029125E-15,-1.,-3.44509284839747E-16));
#6098=DIRECTION('',(-4.40186082029124E-15,-3.44509284839766E-16,1.));
#6099=DIRECTION('center_axis',(1.,4.40186082029125E-15,4.40186082029125E-15));
#6100=DIRECTION('ref_axis',(4.40186082029125E-15,-1.,-3.44509284839747E-16));
#6101=DIRECTION('center_axis',(1.,4.40186082029125E-15,4.40186082029125E-15));
#6102=DIRECTION('ref_axis',(4.40186082029124E-15,3.44509284839766E-16,-1.));
#6103=DIRECTION('center_axis',(-4.08785834868009E-15,1.,3.44509284839748E-16));
#6104=DIRECTION('ref_axis',(-1.,-4.08785834868009E-15,-4.40186082029125E-15));
#6105=DIRECTION('',(-4.40186082029124E-15,-3.44509284839766E-16,1.));
#6106=DIRECTION('',(-1.,-4.08785834868009E-15,-4.40186082029125E-15));
#6107=DIRECTION('center_axis',(1.,4.40186082029125E-15,4.40186082029125E-15));
#6108=DIRECTION('ref_axis',(4.40186082029125E-15,-1.,-3.44509284839747E-16));
#6109=DIRECTION('',(5.91980631848701E-15,-0.453674115798289,-0.891167659116196));
#6110=DIRECTION('center_axis',(1.,4.40186082029125E-15,4.40186082029125E-15));
#6111=DIRECTION('ref_axis',(4.40186082029125E-15,-1.,-3.44509284839747E-16));
#6112=DIRECTION('',(4.40186082029124E-15,3.44509284839766E-16,-1.));
#6113=DIRECTION('center_axis',(1.,4.40186082029125E-15,4.40186082029125E-15));
#6114=DIRECTION('ref_axis',(4.40186082029125E-15,-1.,-3.44509284839747E-16));
#6115=DIRECTION('',(-4.40186082029125E-15,1.,3.44509284839747E-16));
#6116=DIRECTION('',(-4.40186082029124E-15,-3.44509284839766E-16,1.));
#6117=DIRECTION('',(4.40186082029125E-15,-1.,-3.44509284839747E-16));
#6118=DIRECTION('center_axis',(-1.,-4.40186082029125E-15,-4.40186082029125E-15));
#6119=DIRECTION('ref_axis',(4.40186082029124E-15,3.44509284839766E-16,-1.));
#6120=DIRECTION('center_axis',(1.,4.40186082029125E-15,4.40186082029125E-15));
#6121=DIRECTION('ref_axis',(4.40186082029125E-15,-1.,-3.44509284839747E-16));
#6122=DIRECTION('',(-0.838670567945429,-3.81264527352705E-15,0.54463903501502));
#6123=DIRECTION('center_axis',(1.,4.40186082029125E-15,4.40186082029125E-15));
#6124=DIRECTION('ref_axis',(4.40186082029125E-15,-1.,-3.44509284839747E-16));
#6125=DIRECTION('center_axis',(-1.,-4.40186082029125E-15,-4.40186082029125E-15));
#6126=DIRECTION('ref_axis',(-4.40186082029125E-15,1.,3.44509284839747E-16));
#6127=DIRECTION('center_axis',(1.,4.40186082029125E-15,4.40186082029125E-15));
#6128=DIRECTION('ref_axis',(4.40186082029125E-15,-1.,-3.44509284839747E-16));
#6129=DIRECTION('center_axis',(1.,4.40186082029125E-15,4.40186082029125E-15));
#6130=DIRECTION('ref_axis',(4.40186082029124E-15,3.44509284839766E-16,-1.));
#6131=DIRECTION('',(0.838670567945424,3.43737886462935E-15,0.544639035015027));
#6132=DIRECTION('center_axis',(-1.,-4.40186082029125E-15,-4.40186082029125E-15));
#6133=DIRECTION('ref_axis',(4.40186082029124E-15,3.44509284839766E-16,-1.));
#6134=DIRECTION('center_axis',(-1.,-4.40186082029125E-15,-4.40186082029125E-15));
#6135=DIRECTION('ref_axis',(4.40186082029124E-15,3.44509284839766E-16,-1.));
#6136=DIRECTION('center_axis',(1.,4.40186082029125E-15,4.40186082029125E-15));
#6137=DIRECTION('ref_axis',(4.40186082029125E-15,-1.,-3.44509284839747E-16));
#6138=DIRECTION('',(-0.838670567945429,-3.81264527352705E-15,0.54463903501502));
#6139=DIRECTION('center_axis',(1.,4.40186082029125E-15,4.40186082029125E-15));
#6140=DIRECTION('ref_axis',(4.40186082029124E-15,3.44509284839766E-16,-1.));
#6141=DIRECTION('center_axis',(1.,4.40186082029125E-15,4.40186082029125E-15));
#6142=DIRECTION('ref_axis',(4.40186082029125E-15,-1.,-3.44509284839747E-16));
#6143=DIRECTION('center_axis',(-1.,-4.40186082029125E-15,-4.40186082029125E-15));
#6144=DIRECTION('ref_axis',(-4.40186082029125E-15,1.,3.44509284839747E-16));
#6145=DIRECTION('center_axis',(1.,4.40186082029125E-15,4.40186082029125E-15));
#6146=DIRECTION('ref_axis',(4.40186082029125E-15,-1.,-3.44509284839747E-16));
#6147=DIRECTION('center_axis',(1.,4.40186082029125E-15,4.40186082029125E-15));
#6148=DIRECTION('ref_axis',(4.40186082029124E-15,3.44509284839766E-16,-1.));
#6149=DIRECTION('',(0.838670567945424,3.43737886462935E-15,0.544639035015027));
#6150=DIRECTION('center_axis',(-1.,-4.40186082029125E-15,-4.40186082029125E-15));
#6151=DIRECTION('ref_axis',(4.40186082029124E-15,3.44509284839766E-16,-1.));
#6152=DIRECTION('center_axis',(1.,4.40186082029125E-15,4.40186082029125E-15));
#6153=DIRECTION('ref_axis',(4.40186082029125E-15,-1.,-3.44509284839747E-16));
#6154=DIRECTION('',(-0.838670567945429,-3.81264527352705E-15,0.54463903501502));
#6155=DIRECTION('center_axis',(1.,4.40186082029125E-15,4.40186082029125E-15));
#6156=DIRECTION('ref_axis',(4.40186082029125E-15,-1.,-3.44509284839747E-16));
#6157=DIRECTION('center_axis',(-1.,-4.40186082029125E-15,-4.40186082029125E-15));
#6158=DIRECTION('ref_axis',(4.40186082029124E-15,3.44509284839766E-16,-1.));
#6159=DIRECTION('center_axis',(1.,4.40186082029125E-15,4.40186082029125E-15));
#6160=DIRECTION('ref_axis',(4.40186082029125E-15,-1.,-3.44509284839747E-16));
#6161=DIRECTION('',(-0.838670567945429,-3.81264527352705E-15,0.54463903501502));
#6162=DIRECTION('center_axis',(1.,4.40186082029125E-15,4.40186082029125E-15));
#6163=DIRECTION('ref_axis',(4.40186082029124E-15,3.44509284839766E-16,-1.));
#6164=DIRECTION('center_axis',(1.,4.40186082029125E-15,4.40186082029125E-15));
#6165=DIRECTION('ref_axis',(4.40186082029125E-15,-1.,-3.44509284839747E-16));
#6166=DIRECTION('center_axis',(-1.,-4.40186082029125E-15,-4.40186082029125E-15));
#6167=DIRECTION('ref_axis',(-4.40186082029125E-15,1.,3.44509284839747E-16));
#6168=DIRECTION('center_axis',(1.,4.40186082029125E-15,4.40186082029125E-15));
#6169=DIRECTION('ref_axis',(4.40186082029125E-15,-1.,-3.44509284839747E-16));
#6170=DIRECTION('center_axis',(1.,4.40186082029125E-15,4.40186082029125E-15));
#6171=DIRECTION('ref_axis',(4.40186082029124E-15,3.44509284839766E-16,-1.));
#6172=DIRECTION('',(0.838670567945424,3.43737886462935E-15,0.544639035015027));
#6173=DIRECTION('center_axis',(-1.,-4.40186082029125E-15,-4.40186082029125E-15));
#6174=DIRECTION('ref_axis',(4.40186082029124E-15,3.44509284839766E-16,-1.));
#6175=DIRECTION('center_axis',(-1.,-4.40186082029125E-15,-4.40186082029125E-15));
#6176=DIRECTION('ref_axis',(4.40186082029124E-15,3.44509284839766E-16,-1.));
#6177=DIRECTION('center_axis',(1.,4.40186082029125E-15,4.40186082029125E-15));
#6178=DIRECTION('ref_axis',(4.40186082029125E-15,-1.,-3.44509284839747E-16));
#6179=DIRECTION('',(-0.838670567945429,-3.81264527352705E-15,0.54463903501502));
#6180=DIRECTION('center_axis',(1.,4.40186082029125E-15,4.40186082029125E-15));
#6181=DIRECTION('ref_axis',(4.40186082029124E-15,3.44509284839766E-16,-1.));
#6182=DIRECTION('center_axis',(1.,4.40186082029125E-15,4.40186082029125E-15));
#6183=DIRECTION('ref_axis',(4.40186082029125E-15,-1.,-3.44509284839747E-16));
#6184=DIRECTION('center_axis',(-1.,-4.40186082029125E-15,-4.40186082029125E-15));
#6185=DIRECTION('ref_axis',(-4.40186082029125E-15,1.,3.44509284839747E-16));
#6186=DIRECTION('center_axis',(1.,4.40186082029125E-15,4.40186082029125E-15));
#6187=DIRECTION('ref_axis',(4.40186082029125E-15,-1.,-3.44509284839747E-16));
#6188=DIRECTION('center_axis',(1.,4.40186082029125E-15,4.40186082029125E-15));
#6189=DIRECTION('ref_axis',(4.40186082029124E-15,3.44509284839766E-16,-1.));
#6190=DIRECTION('',(0.838670567945424,3.43737886462935E-15,0.544639035015027));
#6191=DIRECTION('center_axis',(-4.40186082029125E-15,1.,3.44509284839747E-16));
#6192=DIRECTION('ref_axis',(-1.,-4.40186082029125E-15,-4.40186082029125E-15));
#6193=DIRECTION('',(1.,4.40186082029125E-15,4.40186082029125E-15));
#6194=DIRECTION('',(4.40186082029124E-15,3.44509284839766E-16,-1.));
#6195=DIRECTION('',(-1.,-4.40186082029125E-15,-4.40186082029125E-15));
#6196=DIRECTION('center_axis',(1.,4.40186082029125E-15,4.40186082029125E-15));
#6197=DIRECTION('ref_axis',(-4.40186082029125E-15,1.,1.65441055061496E-16));
#6198=DIRECTION('',(4.40186082029124E-15,3.44509284839766E-16,-1.));
#6199=DIRECTION('',(-4.40186082029125E-15,1.,3.44509284839747E-16));
#6200=DIRECTION('center_axis',(1.,4.40186082029125E-15,4.40186082029125E-15));
#6201=DIRECTION('ref_axis',(4.40186082029125E-15,-1.,-3.44509284839747E-16));
#6202=DIRECTION('center_axis',(1.,4.40186082029125E-15,4.40186082029125E-15));
#6203=DIRECTION('ref_axis',(4.40186082029125E-15,-1.,-3.44509284839747E-16));
#6204=DIRECTION('',(5.91980631848701E-15,-0.453674115798289,-0.891167659116196));
#6205=DIRECTION('center_axis',(-4.40186082029125E-15,1.,3.44509284839747E-16));
#6206=DIRECTION('ref_axis',(-1.,-4.40186082029125E-15,-4.40186082029125E-15));
#6207=DIRECTION('',(1.,4.40186082029125E-15,4.40186082029125E-15));
#6208=DIRECTION('',(-1.,-4.40186082029125E-15,-4.40186082029125E-15));
#6209=DIRECTION('center_axis',(-4.08785834868009E-15,1.,3.44509284839748E-16));
#6210=DIRECTION('ref_axis',(-1.,-4.08785834868009E-15,-4.40186082029125E-15));
#6211=DIRECTION('',(-1.,-4.08785834868009E-15,-4.40186082029125E-15));
#6212=DIRECTION('',(4.40186082029124E-15,3.44509284839766E-16,-1.));
#6213=DIRECTION('center_axis',(1.,4.40186082029125E-15,4.40186082029125E-15));
#6214=DIRECTION('ref_axis',(-4.40186082029125E-15,1.,1.65441055061496E-16));
#6215=DIRECTION('',(-4.40186082029125E-15,1.,3.44509284839747E-16));
#6216=DIRECTION('center_axis',(1.,4.40186082029125E-15,4.40186082029125E-15));
#6217=DIRECTION('ref_axis',(4.40186082029125E-15,-1.,-3.44509284839747E-16));
#6218=DIRECTION('',(4.40186082029124E-15,3.44509284839766E-16,-1.));
#6219=DIRECTION('center_axis',(1.,4.40186082029125E-15,4.40186082029125E-15));
#6220=DIRECTION('ref_axis',(4.40186082029125E-15,-1.,-3.44509284839747E-16));
#6221=DIRECTION('',(5.91980631848701E-15,-0.453674115798289,-0.891167659116196));
#6222=DIRECTION('center_axis',(-4.40186082029125E-15,1.,3.44509284839747E-16));
#6223=DIRECTION('ref_axis',(-1.,-4.40186082029125E-15,-4.40186082029125E-15));
#6224=DIRECTION('',(1.,4.40186082029125E-15,4.40186082029125E-15));
#6225=DIRECTION('',(-1.,-4.40186082029125E-15,-4.40186082029125E-15));
#6226=DIRECTION('',(4.40186082029124E-15,3.44509284839766E-16,-1.));
#6227=DIRECTION('center_axis',(-1.,-4.40186082029125E-15,-4.40186082029125E-15));
#6228=DIRECTION('ref_axis',(4.40186082029125E-15,-1.,-3.44509284839747E-16));
#6229=DIRECTION('',(-5.91980631848701E-15,0.453674115798289,0.891167659116196));
#6230=DIRECTION('center_axis',(-1.,-4.40186082029125E-15,-4.40186082029125E-15));
#6231=DIRECTION('ref_axis',(4.40186082029125E-15,-1.,-3.44509284839747E-16));
#6232=DIRECTION('center_axis',(-1.,-4.40186082029125E-15,-4.40186082029125E-15));
#6233=DIRECTION('ref_axis',(4.40186082029125E-15,-1.,-3.44509284839747E-16));
#6234=DIRECTION('',(4.40186082029125E-15,-1.,-3.44509284839747E-16));
#6235=DIRECTION('',(4.40186082029124E-15,3.44509284839766E-16,-1.));
#6236=DIRECTION('center_axis',(-4.08785834868009E-15,1.,3.44509284839748E-16));
#6237=DIRECTION('ref_axis',(-1.,-4.08785834868009E-15,-4.40186082029125E-15));
#6238=DIRECTION('',(-1.,-4.08785834868009E-15,-4.40186082029125E-15));
#6239=DIRECTION('',(4.40186082029124E-15,3.44509284839766E-16,-1.));
#6240=DIRECTION('center_axis',(1.,4.40186082029125E-15,4.40186082029125E-15));
#6241=DIRECTION('ref_axis',(-4.40186082029125E-15,1.,1.65441055061496E-16));
#6242=DIRECTION('',(-4.40186082029125E-15,1.,3.44509284839747E-16));
#6243=DIRECTION('center_axis',(1.,4.40186082029125E-15,4.40186082029125E-15));
#6244=DIRECTION('ref_axis',(4.40186082029125E-15,-1.,-3.44509284839747E-16));
#6245=DIRECTION('',(4.40186082029124E-15,3.44509284839766E-16,-1.));
#6246=DIRECTION('center_axis',(1.,4.40186082029125E-15,4.40186082029125E-15));
#6247=DIRECTION('ref_axis',(4.40186082029125E-15,-1.,-3.44509284839747E-16));
#6248=DIRECTION('',(5.91980631848701E-15,-0.453674115798289,-0.891167659116196));
#6249=DIRECTION('center_axis',(-4.40186082029125E-15,1.,3.44509284839747E-16));
#6250=DIRECTION('ref_axis',(-1.,-4.40186082029125E-15,-4.40186082029125E-15));
#6251=DIRECTION('',(1.,4.40186082029125E-15,4.40186082029125E-15));
#6252=DIRECTION('',(-1.,-4.40186082029125E-15,-4.40186082029125E-15));
#6253=DIRECTION('',(4.40186082029124E-15,3.44509284839766E-16,-1.));
#6254=DIRECTION('center_axis',(-1.,-4.40186082029125E-15,-4.40186082029125E-15));
#6255=DIRECTION('ref_axis',(4.40186082029125E-15,-1.,-3.44509284839747E-16));
#6256=DIRECTION('',(-5.91980631848701E-15,0.453674115798289,0.891167659116196));
#6257=DIRECTION('center_axis',(-1.,-4.40186082029125E-15,-4.40186082029125E-15));
#6258=DIRECTION('ref_axis',(4.40186082029125E-15,-1.,-3.44509284839747E-16));
#6259=DIRECTION('center_axis',(-1.,-4.40186082029125E-15,-4.40186082029125E-15));
#6260=DIRECTION('ref_axis',(4.40186082029125E-15,-1.,-3.44509284839747E-16));
#6261=DIRECTION('',(4.40186082029125E-15,-1.,-3.44509284839747E-16));
#6262=DIRECTION('',(4.40186082029124E-15,3.44509284839766E-16,-1.));
#6263=DIRECTION('center_axis',(-4.08785834868009E-15,1.,3.44509284839748E-16));
#6264=DIRECTION('ref_axis',(-1.,-4.08785834868009E-15,-4.40186082029125E-15));
#6265=DIRECTION('',(-1.,-4.08785834868009E-15,-4.40186082029125E-15));
#6266=DIRECTION('center_axis',(-4.40186082029125E-15,1.,3.44509284839747E-16));
#6267=DIRECTION('ref_axis',(-1.,-4.40186082029125E-15,-4.40186082029125E-15));
#6268=DIRECTION('',(1.,4.40186082029125E-15,4.40186082029125E-15));
#6269=DIRECTION('',(-1.,-4.40186082029125E-15,-4.40186082029125E-15));
#6270=DIRECTION('center_axis',(1.92578568746149E-15,-0.891167659116196,
0.453674115798289));
#6271=DIRECTION('ref_axis',(-5.91980631848701E-15,0.453674115798289,0.891167659116196));
#6272=DIRECTION('',(-1.,-4.40186082029125E-15,-4.40186082029125E-15));
#6273=DIRECTION('center_axis',(1.92578568746149E-15,-0.891167659116196,
0.453674115798289));
#6274=DIRECTION('ref_axis',(-5.91980631848701E-15,0.453674115798289,0.891167659116196));
#6275=DIRECTION('',(-1.,-4.40186082029125E-15,-4.40186082029125E-15));
#6276=DIRECTION('center_axis',(1.92578568746149E-15,-0.891167659116196,
0.453674115798289));
#6277=DIRECTION('ref_axis',(-5.91980631848701E-15,0.453674115798289,0.891167659116196));
#6278=DIRECTION('',(-1.,-4.40186082029125E-15,-4.40186082029125E-15));
#6279=DIRECTION('center_axis',(-4.40186082029124E-15,-3.44509284839766E-16,
1.));
#6280=DIRECTION('ref_axis',(4.40186082029125E-15,-1.,-3.44509284839747E-16));
#6281=DIRECTION('',(1.,4.45066183236268E-15,8.8037216405825E-15));
#6282=DIRECTION('',(4.40186082029125E-15,-1.,-3.44509284839747E-16));
#6283=DIRECTION('',(1.,4.40186082029131E-15,-1.67682707996608E-13));
#6284=DIRECTION('',(4.40186082029125E-15,-1.,-3.44509284839747E-16));
#6285=DIRECTION('',(-1.,-4.40186082029125E-15,-4.40186082029125E-15));
#6286=DIRECTION('',(-1.,-4.40186082029125E-15,-4.40186082029125E-15));
#6287=DIRECTION('',(-1.,-4.40186082029125E-15,-4.40186082029125E-15));
#6288=DIRECTION('',(-1.,-4.40186082029125E-15,-4.40186082029125E-15));
#6289=DIRECTION('',(-1.,-4.40186082029125E-15,-4.40186082029125E-15));
#6290=DIRECTION('',(-1.,-4.40186082029125E-15,-4.40186082029125E-15));
#6291=DIRECTION('',(-4.40186082029129E-15,1.,9.5656184880475E-15));
#6292=DIRECTION('',(-1.,-4.40186082029125E-15,-4.40186082029125E-15));
#6293=DIRECTION('',(4.40186082029125E-15,-1.,-3.44509284839747E-16));
#6294=DIRECTION('',(-1.,-4.40186082029125E-15,-4.40186082029125E-15));
#6295=DIRECTION('',(-8.35628991487349E-18,1.,3.44509284839766E-16));
#6296=DIRECTION('',(1.,4.45066183236268E-15,8.8037216405825E-15));
#6297=DIRECTION('center_axis',(-1.,-4.40186082029125E-15,-4.40186082029125E-15));
#6298=DIRECTION('ref_axis',(4.22226348909987E-15,0.0400000000000067,-0.999199679743743));
#6299=DIRECTION('center_axis',(-1.,-4.40186082029125E-15,-4.40186082029125E-15));
#6300=DIRECTION('ref_axis',(4.22226348909987E-15,0.0400000000000062,-0.999199679743743));
#6301=DIRECTION('center_axis',(-1.,-4.40186082029125E-15,-4.40186082029125E-15));
#6302=DIRECTION('ref_axis',(4.22226348909986E-15,0.040000000000007,-0.999199679743743));
#6303=DIRECTION('center_axis',(-1.,-4.40186082029125E-15,-4.40186082029125E-15));
#6304=DIRECTION('ref_axis',(4.22226348909986E-15,0.040000000000007,-0.999199679743743));
#6305=DIRECTION('center_axis',(-1.,-4.40186082029125E-15,-4.40186082029125E-15));
#6306=DIRECTION('ref_axis',(4.22226348909986E-15,0.040000000000007,-0.999199679743743));
#6307=DIRECTION('center_axis',(-1.,-4.40186082029125E-15,-4.40186082029125E-15));
#6308=DIRECTION('ref_axis',(4.40186082029125E-15,-1.,-3.44509284839747E-16));
#6309=DIRECTION('center_axis',(-1.,-4.40186082029125E-15,-4.40186082029125E-15));
#6310=DIRECTION('ref_axis',(4.40186082029125E-15,-1.,-3.44509284839747E-16));
#6311=DIRECTION('center_axis',(-1.,-4.40186082029125E-15,-4.40186082029125E-15));
#6312=DIRECTION('ref_axis',(4.40186082029125E-15,-1.,-3.44509284839747E-16));
#6313=DIRECTION('center_axis',(-1.,-4.40186082029125E-15,-4.40186082029125E-15));
#6314=DIRECTION('ref_axis',(4.40186082029125E-15,-1.,-3.44509284839747E-16));
#6315=DIRECTION('center_axis',(-1.,-4.40186082029125E-15,-4.40186082029125E-15));
#6316=DIRECTION('ref_axis',(4.40186082029125E-15,-1.,-3.44509284839747E-16));
#6317=DIRECTION('center_axis',(0.707106781186549,-0.707106781186546,2.8689807843754E-15));
#6318=DIRECTION('ref_axis',(-0.707106781186546,-0.707106781186549,-3.35619048735924E-15));
#6319=DIRECTION('',(-4.40186082029124E-15,-3.44509284839766E-16,1.));
#6320=DIRECTION('',(-0.707106781186546,-0.707106781186549,-3.35619048735924E-15));
#6321=DIRECTION('',(4.40186082029124E-15,3.44509284839766E-16,-1.));
#6322=DIRECTION('',(-0.707106781186546,-0.707106781186549,-3.35619048735924E-15));
#6323=DIRECTION('center_axis',(-0.707106781186552,0.707106781186543,-2.86898078437541E-15));
#6324=DIRECTION('ref_axis',(0.707106781186543,0.707106781186552,3.35619048735923E-15));
#6325=DIRECTION('',(-4.40186082029124E-15,-3.44509284839766E-16,1.));
#6326=DIRECTION('',(0.707106781186543,0.707106781186552,3.35619048735923E-15));
#6327=DIRECTION('',(-4.40186082029124E-15,-3.44509284839766E-16,1.));
#6328=DIRECTION('',(0.707106781186543,0.707106781186552,3.35619048735923E-15));
#6329=DIRECTION('center_axis',(4.40186082029124E-15,3.44509284839766E-16,
-1.));
#6330=DIRECTION('ref_axis',(-1.,-4.40186082029125E-15,-4.40186082029125E-15));
#6331=DIRECTION('center_axis',(4.40186082029124E-15,3.44509284839766E-16,
-1.));
#6332=DIRECTION('ref_axis',(4.40186082029125E-15,-1.,-3.44509284839747E-16));
#6333=DIRECTION('',(1.,4.47466233010273E-15,4.40186082029125E-15));
#6334=DIRECTION('',(4.40186082029125E-15,-1.,-3.44509284839747E-16));
#6335=DIRECTION('center_axis',(4.45066183236268E-15,-1.,-3.44509284839747E-16));
#6336=DIRECTION('ref_axis',(-1.,-4.45066183236268E-15,-4.40186082029125E-15));
#6337=DIRECTION('',(8.80372164058249E-15,1.22464679914774E-16,-1.));
#6338=DIRECTION('',(-1.,-4.9883937389611E-15,-4.40186082029125E-15));
#6339=DIRECTION('',(-4.40186082029124E-15,-3.44509284839766E-16,1.));
#6340=DIRECTION('',(1.,4.45066183236268E-15,4.40186082029125E-15));
#6341=DIRECTION('',(4.40186082029124E-15,3.44509284839766E-16,-1.));
#6342=DIRECTION('',(-0.707106781186552,-3.39069801392374E-15,0.707106781186543));
#6343=DIRECTION('center_axis',(4.40186082029124E-15,3.44509284839766E-16,
-1.));
#6344=DIRECTION('ref_axis',(1.,4.40186082029125E-15,4.40186082029125E-15));
#6345=DIRECTION('',(4.40186082029125E-15,-1.,-3.44509284839747E-16));
#6346=DIRECTION('',(-1.,-4.38725262259881E-15,-4.40186082029125E-15));
#6347=DIRECTION('',(-4.40186082029125E-15,1.,3.44509284839747E-16));
#6348=DIRECTION('',(1.,4.45066183236268E-15,4.40186082029125E-15));
#6349=DIRECTION('',(8.35628991487349E-18,-1.,-3.44509284839766E-16));
#6350=DIRECTION('',(1.,4.40186082029125E-15,4.40186082029125E-15));
#6351=DIRECTION('',(-4.40186082029125E-15,1.,3.44509284839747E-16));
#6352=DIRECTION('center_axis',(0.707106781185841,0.707106781187254,3.35619048735637E-15));
#6353=DIRECTION('ref_axis',(0.707106781187254,-0.707106781185841,2.86898078437874E-15));
#6354=DIRECTION('',(-4.40186082029124E-15,-3.44509284839766E-16,1.));
#6355=DIRECTION('',(0.707106781187254,-0.707106781185841,2.86898078437874E-15));
#6356=DIRECTION('',(4.40186082029124E-15,3.44509284839766E-16,-1.));
#6357=DIRECTION('',(0.707106781187254,-0.707106781185841,2.86898078437874E-15));
#6358=DIRECTION('center_axis',(-0.707106781186479,-0.707106781186616,-3.35619048735897E-15));
#6359=DIRECTION('ref_axis',(-0.707106781186616,0.707106781186479,-2.86898078437571E-15));
#6360=DIRECTION('',(-4.40186082029124E-15,-3.44509284839766E-16,1.));
#6361=DIRECTION('',(-0.707106781186616,0.707106781186479,-2.86898078437572E-15));
#6362=DIRECTION('',(-4.40186082029124E-15,-3.44509284839766E-16,1.));
#6363=DIRECTION('',(-0.707106781186616,0.707106781186479,-2.86898078437572E-15));
#6364=DIRECTION('center_axis',(4.40186082029124E-15,3.44509284839766E-16,
-1.));
#6365=DIRECTION('ref_axis',(-1.,-4.40186082029125E-15,-4.40186082029125E-15));
#6366=DIRECTION('',(-4.29612529413647E-15,1.,3.44509284839747E-16));
#6367=DIRECTION('',(1.,4.47466233010274E-15,4.40186082029125E-15));
#6368=DIRECTION('center_axis',(4.40186082029124E-15,3.44509284839766E-16,
-1.));
#6369=DIRECTION('ref_axis',(1.,4.40186082029125E-15,4.40186082029125E-15));
#6370=DIRECTION('center_axis',(1.,4.40186082029125E-15,4.40186082029125E-15));
#6371=DIRECTION('ref_axis',(4.40186082029125E-15,-1.,-3.44509284839747E-16));
#6372=DIRECTION('',(4.27124634680593E-15,-1.,-3.44509284839747E-16));
#6373=DIRECTION('',(4.40186082029124E-15,3.44509284839766E-16,-1.));
#6374=DIRECTION('',(-4.29612529413647E-15,1.,3.44509284839747E-16));
#6375=DIRECTION('',(8.80372164058249E-15,1.22464679914774E-16,-1.));
#6376=DIRECTION('',(8.80372164058249E-15,1.22464679914774E-16,-1.));
#6377=DIRECTION('center_axis',(-0.707106781186545,-0.70710678118655,-3.35619048735923E-15));
#6378=DIRECTION('ref_axis',(-0.70710678118655,0.707106781186545,-2.8689807843754E-15));
#6379=DIRECTION('',(-4.40186082029124E-15,-3.44509284839766E-16,1.));
#6380=DIRECTION('',(-0.70710678118655,0.707106781186545,-2.8689807843754E-15));
#6381=DIRECTION('',(4.40186082029124E-15,3.44509284839766E-16,-1.));
#6382=DIRECTION('',(-0.70710678118655,0.707106781186545,-2.8689807843754E-15));
#6383=DIRECTION('center_axis',(0.707106781186544,0.707106781186551,3.35619048735922E-15));
#6384=DIRECTION('ref_axis',(0.707106781186551,-0.707106781186544,2.86898078437541E-15));
#6385=DIRECTION('',(-4.40186082029124E-15,-3.44509284839766E-16,1.));
#6386=DIRECTION('',(0.707106781186551,-0.707106781186544,2.86898078437541E-15));
#6387=DIRECTION('',(4.40186082029124E-15,3.44509284839766E-16,-1.));
#6388=DIRECTION('',(0.707106781186551,-0.707106781186544,2.86898078437541E-15));
#6389=DIRECTION('center_axis',(4.40186082029124E-15,3.44509284839766E-16,
-1.));
#6390=DIRECTION('ref_axis',(-1.,-4.40186082029125E-15,-4.40186082029125E-15));
#6391=DIRECTION('center_axis',(4.40186082029124E-15,3.44509284839766E-16,
-1.));
#6392=DIRECTION('ref_axis',(-1.,-4.40186082029125E-15,-4.40186082029125E-15));
#6393=DIRECTION('',(4.40186082029125E-15,-1.,-3.44509284839747E-16));
#6394=DIRECTION('',(-1.,-4.35305980821981E-15,-4.40186082029125E-15));
#6395=DIRECTION('center_axis',(-0.707106781186549,0.707106781186546,-2.8689807843754E-15));
#6396=DIRECTION('ref_axis',(0.707106781186546,0.707106781186549,3.35619048735924E-15));
#6397=DIRECTION('',(-4.40186082029124E-15,-3.44509284839766E-16,1.));
#6398=DIRECTION('',(0.707106781186546,0.707106781186549,3.35619048735924E-15));
#6399=DIRECTION('',(0.707106781186546,0.707106781186549,3.35619048735924E-15));
#6400=DIRECTION('center_axis',(0.707106781186551,-0.707106781186544,2.86898078437541E-15));
#6401=DIRECTION('ref_axis',(-0.707106781186544,-0.707106781186551,-3.35619048735922E-15));
#6402=DIRECTION('',(-4.40186082029124E-15,-3.44509284839766E-16,1.));
#6403=DIRECTION('',(-0.707106781186544,-0.707106781186551,-3.35619048735922E-15));
#6404=DIRECTION('',(-4.40186082029124E-15,-3.44509284839766E-16,1.));
#6405=DIRECTION('',(-0.707106781186545,-0.70710678118655,-3.35619048735923E-15));
#6406=DIRECTION('center_axis',(4.40186082029124E-15,3.44509284839766E-16,
-1.));
#6407=DIRECTION('ref_axis',(-1.,-4.40186082029125E-15,-4.40186082029125E-15));
#6408=DIRECTION('center_axis',(4.40186082029124E-15,3.44509284839766E-16,
-1.));
#6409=DIRECTION('ref_axis',(-4.40186082029125E-15,1.,3.44509284839747E-16));
#6410=DIRECTION('',(-1.,-4.35305980821981E-15,-4.40186082029125E-15));
#6411=DIRECTION('center_axis',(-4.40186082029125E-15,1.,3.44509284839747E-16));
#6412=DIRECTION('ref_axis',(1.,4.40186082029125E-15,4.40186082029125E-15));
#6413=DIRECTION('',(8.80372164058249E-15,1.22464679914774E-16,-1.));
#6414=DIRECTION('',(1.,4.29485137213461E-15,4.40186082029125E-15));
#6415=DIRECTION('center_axis',(-4.40186082029124E-15,-3.44509284839766E-16,
1.));
#6416=DIRECTION('ref_axis',(-1.,-4.40186082029125E-15,-4.40186082029125E-15));
#6417=DIRECTION('center_axis',(4.40186082029124E-15,3.44509284839766E-16,
-1.));
#6418=DIRECTION('ref_axis',(-1.,-4.40186082029125E-15,-4.40186082029125E-15));
#6419=DIRECTION('center_axis',(-4.40186082029124E-15,-3.44509284839766E-16,
1.));
#6420=DIRECTION('ref_axis',(-1.,-4.40186082029125E-15,-4.40186082029125E-15));
#6421=DIRECTION('center_axis',(4.40186082029124E-15,3.44509284839766E-16,
-1.));
#6422=DIRECTION('ref_axis',(-1.,-4.40186082029125E-15,-4.40186082029125E-15));
#6423=DIRECTION('center_axis',(-4.40186082029124E-15,-3.44509284839766E-16,
1.));
#6424=DIRECTION('ref_axis',(-1.,-4.40186082029125E-15,-4.40186082029125E-15));
#6425=DIRECTION('center_axis',(4.40186082029124E-15,3.44509284839766E-16,
-1.));
#6426=DIRECTION('ref_axis',(-1.,-4.40186082029125E-15,-4.40186082029125E-15));
#6427=DIRECTION('center_axis',(1.,6.18980876656389E-17,4.40186082029125E-15));
#6428=DIRECTION('ref_axis',(-6.18980876656415E-17,1.,3.44509284839767E-16));
#6429=DIRECTION('',(-6.18980876656435E-17,1.,3.44509284839767E-16));
#6430=DIRECTION('',(-4.40186082029124E-15,-3.44509284839766E-16,1.));
#6431=DIRECTION('',(-4.40186082029124E-15,-3.44509284839766E-16,1.));
#6432=DIRECTION('center_axis',(-4.38725262259881E-15,1.,3.44509284839747E-16));
#6433=DIRECTION('ref_axis',(-1.,-4.38725262259881E-15,-4.40186082029125E-15));
#6434=DIRECTION('',(-1.,-4.38725262259881E-15,-4.40186082029125E-15));
#6435=DIRECTION('',(-4.40186082029124E-15,-3.44509284839766E-16,1.));
#6436=DIRECTION('center_axis',(-1.,-4.40186082029125E-15,-4.40186082029125E-15));
#6437=DIRECTION('ref_axis',(4.40186082029125E-15,-1.,-3.44509284839747E-16));
#6438=DIRECTION('',(4.40186082029125E-15,-1.,-3.44509284839747E-16));
#6439=DIRECTION('center_axis',(-4.40186082029124E-15,-3.44509284839766E-16,
1.));
#6440=DIRECTION('ref_axis',(-1.,-4.40186082029125E-15,-4.40186082029125E-15));
#6441=DIRECTION('center_axis',(4.40186082029124E-15,3.44509284839766E-16,
-1.));
#6442=DIRECTION('ref_axis',(-1.,-4.40186082029125E-15,-4.40186082029125E-15));
#6443=DIRECTION('center_axis',(-4.40186082029124E-15,-3.44509284839766E-16,
1.));
#6444=DIRECTION('ref_axis',(4.40186082029125E-15,-1.,-3.44509284839747E-16));
#6445=DIRECTION('',(-4.66308976726187E-15,1.,3.44509284839746E-16));
#6446=DIRECTION('',(-1.,-4.40186082029125E-15,-4.40186082029125E-15));
#6447=DIRECTION('center_axis',(-0.707106781186545,-2.8689807843754E-15,
-0.70710678118655));
#6448=DIRECTION('ref_axis',(0.70710678118655,3.35619048735925E-15,-0.707106781186545));
#6449=DIRECTION('',(8.35628991485532E-18,-1.,4.04899524553662E-15));
#6450=DIRECTION('',(0.70710678118655,3.14110932863543E-15,-0.707106781186545));
#6451=DIRECTION('',(4.40186082029125E-15,-1.,-3.44509284839747E-16));
#6452=DIRECTION('',(0.70710678118655,3.35619048735925E-15,-0.707106781186545));
#6453=DIRECTION('center_axis',(-1.,-4.40186082029125E-15,-4.40186082029125E-15));
#6454=DIRECTION('ref_axis',(4.40186082029124E-15,3.44509284839766E-16,-1.));
#6455=DIRECTION('',(4.40186082029124E-15,3.44509284839766E-16,-1.));
#6456=DIRECTION('',(4.40186082029125E-15,-1.,-3.44509284839747E-16));
#6457=DIRECTION('',(4.40186082029124E-15,3.44509284839766E-16,-1.));
#6458=DIRECTION('center_axis',(-0.70710678118655,-3.35619048735925E-15,
0.707106781186545));
#6459=DIRECTION('ref_axis',(-0.707106781186545,-2.8689807843754E-15,-0.70710678118655));
#6460=DIRECTION('',(-0.707106781186545,-2.65389962565159E-15,-0.70710678118655));
#6461=DIRECTION('',(4.40186082029125E-15,-1.,-3.44509284839747E-16));
#6462=DIRECTION('',(-0.707106781186545,-2.8689807843754E-15,-0.70710678118655));
#6463=DIRECTION('center_axis',(4.40186082029125E-15,-1.,-3.44509284839747E-16));
#6464=DIRECTION('ref_axis',(-1.,-4.40186082029125E-15,-4.40186082029125E-15));
#6465=DIRECTION('',(-4.40186082029124E-15,-3.44509284839766E-16,1.));
#6466=DIRECTION('center_axis',(0.707106781186521,2.86898078437528E-15,0.707106781186574));
#6467=DIRECTION('ref_axis',(-0.707106781186574,-3.35619048735935E-15,0.707106781186521));
#6468=DIRECTION('',(-0.707106781186574,-3.14110932863553E-15,0.707106781186521));
#6469=DIRECTION('',(4.40186082029125E-15,-1.,-3.44509284839747E-16));
#6470=DIRECTION('',(-0.707106781186574,-3.35619048735935E-15,0.707106781186521));
#6471=DIRECTION('',(4.40186082029125E-15,-1.,-3.44509284839747E-16));
#6472=DIRECTION('center_axis',(1.,4.40186082029124E-15,3.27051836782939E-14));
#6473=DIRECTION('ref_axis',(-3.27051836782939E-14,-3.44509284839892E-16,
1.));
#6474=DIRECTION('',(-3.27051836782939E-14,-3.44509284839883E-16,1.));
#6475=DIRECTION('',(4.40186082029125E-15,-1.,-3.44509284839747E-16));
#6476=DIRECTION('',(-3.27051836782939E-14,-3.44509284839891E-16,1.));
#6477=DIRECTION('center_axis',(0.707106781186574,3.35619048735935E-15,-0.707106781186521));
#6478=DIRECTION('ref_axis',(0.707106781186521,2.86898078437528E-15,0.707106781186574));
#6479=DIRECTION('',(-4.40186082029125E-15,1.,3.44509284839747E-16));
#6480=DIRECTION('',(0.707106781186521,2.86898078437528E-15,0.707106781186574));
#6481=DIRECTION('',(0.707106781186521,2.65389962565147E-15,0.707106781186574));
#6482=DIRECTION('center_axis',(4.40186082029125E-15,-1.,-3.44509284839747E-16));
#6483=DIRECTION('ref_axis',(-1.,-4.40186082029125E-15,-4.40186082029125E-15));
#6484=DIRECTION('',(4.40186082029124E-15,3.44509284839766E-16,-1.));
#6485=DIRECTION('center_axis',(-4.09769012861311E-15,1.,3.44509284839748E-16));
#6486=DIRECTION('ref_axis',(1.,4.09769012861311E-15,4.40186082029125E-15));
#6487=DIRECTION('',(4.81612314291257E-15,3.44509284839768E-16,-1.));
#6488=DIRECTION('',(0.707106781186545,2.65389962565159E-15,0.70710678118655));
#6489=DIRECTION('',(0.422618261740704,2.0439901268632E-15,-0.906307787036648));
#6490=DIRECTION('',(0.422618261740851,1.41952723175045E-15,0.906307787036579));
#6491=DIRECTION('',(0.707106781186552,3.14110932863544E-15,-0.707106781186543));
#6492=DIRECTION('',(-1.6793126539018E-13,3.44509284839008E-16,-1.));
#6493=DIRECTION('',(1.,4.09769012861311E-15,4.40186082029125E-15));
#6494=DIRECTION('',(1.,4.09769012861311E-15,4.40186082029125E-15));
#6495=DIRECTION('',(4.40186082029124E-15,3.44509284839766E-16,-1.));
#6496=DIRECTION('',(-1.,-4.40186082029125E-15,-4.74880551548661E-15));
#6497=DIRECTION('center_axis',(-0.707106781186543,-2.86898078437539E-15,
-0.707106781186552));
#6498=DIRECTION('ref_axis',(-4.40186082029125E-15,1.,3.44509284839746E-16));
#6499=DIRECTION('',(-4.40186082029125E-15,1.,3.44509284839747E-16));
#6500=DIRECTION('center_axis',(1.,4.40186082029125E-15,4.40186082029125E-15));
#6501=DIRECTION('ref_axis',(4.40186082029125E-15,-1.,-3.44509284839747E-16));
#6502=DIRECTION('',(4.40186082029124E-15,3.44509284839766E-16,-1.));
#6503=DIRECTION('',(4.40186082029125E-15,-1.,-3.44509284839747E-16));
#6504=DIRECTION('center_axis',(0.70710678118655,2.49513640756289E-16,-0.707106781186545));
#6505=DIRECTION('ref_axis',(8.35628991487014E-18,-1.,-3.44509284839763E-16));
#6506=DIRECTION('',(8.35628991487349E-18,-1.,-3.44509284839766E-16));
#6507=DIRECTION('',(-0.707106781186545,-2.90348831093988E-15,-0.70710678118655));
#6508=DIRECTION('center_axis',(4.45066183236268E-15,-1.,-3.44509284839747E-16));
#6509=DIRECTION('ref_axis',(-1.,-4.45066183236268E-15,-4.40186082029125E-15));
#6510=DIRECTION('',(-4.40186082029124E-15,-3.44509284839766E-16,1.));
#6511=DIRECTION('center_axis',(-1.,-8.35628991486892E-18,-4.40186082029125E-15));
#6512=DIRECTION('ref_axis',(-8.35628991487112E-18,1.,3.44509284839766E-16));
#6513=DIRECTION('',(4.40186082029125E-15,-1.,-3.44509284839747E-16));
#6514=DIRECTION('',(-4.40186082029124E-15,-3.44509284839766E-16,1.));
#6515=DIRECTION('center_axis',(0.906307787036579,4.13503665399374E-15,-0.422618261740852));
#6516=DIRECTION('ref_axis',(0.422618261740852,1.54807532073998E-15,0.906307787036579));
#6517=DIRECTION('',(0.422618261740851,1.54807532073998E-15,0.906307787036579));
#6518=DIRECTION('center_axis',(-0.906307787036648,-3.84384482376898E-15,
-0.422618261740704));
#6519=DIRECTION('ref_axis',(0.422618261740704,2.17253821585268E-15,-0.906307787036648));
#6520=DIRECTION('',(0.422618261740704,2.17253821585268E-15,-0.906307787036648));
#6521=DIRECTION('center_axis',(-4.40186082029125E-15,1.,3.44509284839747E-16));
#6522=DIRECTION('ref_axis',(-1.,-4.40186082029125E-15,-4.40186082029125E-15));
#6523=DIRECTION('',(-4.40186082029124E-15,-3.44509284839766E-16,1.));
#6524=DIRECTION('center_axis',(-1.,-4.40186082029125E-15,-4.40186082029125E-15));
#6525=DIRECTION('ref_axis',(-4.40186082029125E-15,1.,3.44509284839747E-16));
#6526=DIRECTION('',(-4.40186082029125E-15,1.,3.44509284839747E-16));
#6527=DIRECTION('center_axis',(-4.40186082029125E-15,1.,3.44509284839747E-16));
#6528=DIRECTION('ref_axis',(-1.,-4.40186082029125E-15,-4.40186082029125E-15));
#6529=DIRECTION('center_axis',(1.,9.36360364245517E-14,4.40186082029128E-15));
#6530=DIRECTION('ref_axis',(9.36360364245517E-14,-1.,-3.44509284839355E-16));
#6531=DIRECTION('',(9.36360364245517E-14,-1.,-3.44509284839355E-16));
#6532=DIRECTION('',(-9.36360364245517E-14,1.,3.44509284839355E-16));
#6533=DIRECTION('center_axis',(4.40186082029124E-15,3.44509284839766E-16,
-1.));
#6534=DIRECTION('ref_axis',(-4.40186082029125E-15,1.,3.44509284839747E-16));
#6535=DIRECTION('center_axis',(-4.40186082029125E-15,1.,3.44509284839747E-16));
#6536=DIRECTION('ref_axis',(-1.,-4.40186082029125E-15,-4.40186082029125E-15));
#6537=DIRECTION('',(-1.,-4.40186082029125E-15,-4.40186082029125E-15));
#6538=DIRECTION('center_axis',(-1.,-4.26428761129361E-14,-4.40186082029126E-15));
#6539=DIRECTION('ref_axis',(-4.26428761129361E-14,1.,3.44509284839579E-16));
#6540=DIRECTION('',(-4.26428761129361E-14,1.,3.44509284839579E-16));
#6541=DIRECTION('',(4.40186082029124E-15,3.44509284839766E-16,-1.));
#6542=DIRECTION('',(4.26428761129361E-14,-1.,-3.44509284839579E-16));
#6543=DIRECTION('',(4.40186082029124E-15,3.44509284839766E-16,-1.));
#6544=DIRECTION('',(4.26428761129361E-14,-1.,-3.44509284839579E-16));
#6545=DIRECTION('center_axis',(1.,4.2797073755244E-14,4.40186082029126E-15));
#6546=DIRECTION('ref_axis',(4.2797073755244E-14,-1.,-3.44509284839578E-16));
#6547=DIRECTION('',(-4.2797073755244E-14,1.,3.44509284839578E-16));
#6548=DIRECTION('',(4.40186082029124E-15,3.44509284839766E-16,-1.));
#6549=DIRECTION('',(-3.84674930797867E-15,1.,3.44509284839749E-16));
#6550=DIRECTION('',(4.40186082029124E-15,3.44509284839766E-16,-1.));
#6551=DIRECTION('',(8.8037216405825E-15,-1.,-3.44509284839728E-16));
#6552=DIRECTION('center_axis',(-4.29454526185986E-14,1.,3.44509284839577E-16));
#6553=DIRECTION('ref_axis',(1.,4.29454526185986E-14,4.40186082029126E-15));
#6554=DIRECTION('',(-1.,-4.29454526185986E-14,-4.40186082029126E-15));
#6555=DIRECTION('',(1.,4.29454526185986E-14,4.40186082029126E-15));
#6556=DIRECTION('center_axis',(4.40186082029124E-15,3.44509284839766E-16,
-1.));
#6557=DIRECTION('ref_axis',(-4.40186082029125E-15,1.,3.44509284839747E-16));
#6558=DIRECTION('',(-1.,-4.40186082029125E-15,-4.40186082029125E-15));
#6559=DIRECTION('center_axis',(-4.40186082029125E-15,1.,3.44509284839747E-16));
#6560=DIRECTION('ref_axis',(1.,4.40186082029125E-15,4.40186082029125E-15));
#6561=DIRECTION('',(1.,4.40186082029125E-15,4.40186082029125E-15));
#6562=DIRECTION('center_axis',(4.40186082029124E-15,3.44509284839766E-16,
-1.));
#6563=DIRECTION('ref_axis',(-4.40186082029125E-15,1.,3.44509284839747E-16));
#6564=DIRECTION('center_axis',(-1.,-4.40186082029125E-15,-4.40186082029125E-15));
#6565=DIRECTION('ref_axis',(-4.40186082029125E-15,1.,3.44509284839747E-16));
#6566=DIRECTION('center_axis',(-4.40186082029124E-15,-3.44509284839766E-16,
1.));
#6567=DIRECTION('ref_axis',(1.,4.40186082029125E-15,4.40186082029125E-15));
#6568=DIRECTION('center_axis',(4.40186082029124E-15,3.44509284839766E-16,
-1.));
#6569=DIRECTION('ref_axis',(1.,4.40186082029125E-15,4.40186082029125E-15));
#6570=DIRECTION('center_axis',(4.40186082029124E-15,3.44509284839766E-16,
-1.));
#6571=DIRECTION('ref_axis',(1.,4.40186082029125E-15,4.40186082029125E-15));
#6572=CARTESIAN_POINT('',(0.,0.,0.));
#6573=CARTESIAN_POINT('Origin',(35.135050336704,72.3000000000003,7.10037660411168));
#6574=CARTESIAN_POINT('',(40.4350503367044,64.0000000000005,7.1003766041117));
#6575=CARTESIAN_POINT('',(29.8350503367045,64.0000000000004,7.10037660411163));
#6576=CARTESIAN_POINT('',(31.8850503367044,64.0000000000004,7.10037660411166));
#6577=CARTESIAN_POINT('',(40.435050336704,76.9000000000005,7.1003766041117));
#6578=CARTESIAN_POINT('',(40.4350503367044,69.1000000000004,7.1003766041117));
#6579=CARTESIAN_POINT('',(29.835050336704,76.9000000000004,7.10037660411164));
#6580=CARTESIAN_POINT('',(40.435050336704,76.9000000000005,7.1003766041117));
#6581=CARTESIAN_POINT('',(29.835050336704,76.7000000000004,7.10037660411164));
#6582=CARTESIAN_POINT('Origin',(28.6350503367048,64.0000000000004,7.60037660411164));
#6583=CARTESIAN_POINT('',(40.4350503367044,64.0000000000005,9.10037660411168));
#6584=CARTESIAN_POINT('',(40.4350503367045,64.0000000000004,8.35037660411169));
#6585=CARTESIAN_POINT('',(29.8350503367045,64.0000000000004,9.10037660411164));
#6586=CARTESIAN_POINT('',(29.835050336704,64.0000000000004,7.65037660411164));
#6587=CARTESIAN_POINT('',(27.8350503367043,64.0000000000004,9.10037660411163));
#6588=CARTESIAN_POINT('',(28.8600503367045,64.0000000000004,9.10037660411163));
#6589=CARTESIAN_POINT('',(27.8350503367041,64.0000000000004,4.35037660411166));
#6590=CARTESIAN_POINT('',(27.8350503367043,64.0000000000004,8.35037660411163));
#6591=CARTESIAN_POINT('',(12.2850503367045,64.0000000000003,4.35037660411166));
#6592=CARTESIAN_POINT('',(31.8850503367047,64.0000000000004,4.35037660411166));
#6593=CARTESIAN_POINT('',(12.2850503367048,64.0000000000003,1.80037660411156));
#6594=CARTESIAN_POINT('',(12.2850503367048,64.0000000000003,7.60037660411156));
#6595=CARTESIAN_POINT('',(57.9850503367048,64.0000000000005,1.80037660411176));
#6596=CARTESIAN_POINT('',(57.8850503367048,64.0000000000005,1.80037660411176));
#6597=CARTESIAN_POINT('',(57.9850503367045,64.0000000000005,4.35037660411166));
#6598=CARTESIAN_POINT('',(57.9850503367048,64.0000000000005,7.60037660411176));
#6599=CARTESIAN_POINT('',(42.4350503367035,64.0000000000005,4.35037660411166));
#6600=CARTESIAN_POINT('',(31.8850503367047,64.0000000000004,4.35037660411166));
#6601=CARTESIAN_POINT('',(42.4350503367038,64.0000000000005,9.10037660411169));
#6602=CARTESIAN_POINT('',(42.4350503367038,64.0000000000004,8.35037660411169));
#6603=CARTESIAN_POINT('',(34.9100503367042,64.0000000000004,9.10037660411167));
#6604=CARTESIAN_POINT('Origin',(30.3350503367042,76.9000000000004,9.10037660411164));
#6605=CARTESIAN_POINT('',(29.835050336704,76.9000000000004,9.10037660411164));
#6606=CARTESIAN_POINT('',(30.3350503367042,76.9000000000004,9.10037660411164));
#6607=CARTESIAN_POINT('',(29.7100503367042,76.9000000000004,9.10037660411164));
#6608=CARTESIAN_POINT('',(29.835050336704,76.9000000000004,9.10037660411164));
#6609=CARTESIAN_POINT('',(40.435050336704,76.9000000000004,9.10037660411169));
#6610=CARTESIAN_POINT('',(40.435050336704,76.9000000000005,7.7003766041117));
#6611=CARTESIAN_POINT('',(39.9350503367037,76.9000000000004,9.10037660411169));
#6612=CARTESIAN_POINT('',(35.760050336704,76.9000000000004,9.10037660411167));
#6613=CARTESIAN_POINT('',(39.9350503367037,76.9000000000004,8.30037660411168));
#6614=CARTESIAN_POINT('',(39.9350503367037,76.9000000000004,9.10037660411169));
#6615=CARTESIAN_POINT('',(30.3350503367042,76.9000000000004,8.30037660411164));
#6616=CARTESIAN_POINT('',(32.735050336704,76.9000000000004,8.30037660411166));
#6617=CARTESIAN_POINT('',(30.3350503367042,76.9000000000004,9.10037660411164));
#6618=CARTESIAN_POINT('Origin',(29.0850503367042,72.3000000000003,9.10037660411165));
#6619=CARTESIAN_POINT('',(29.835050336704,74.5000000000003,9.10037660411164));
#6620=CARTESIAN_POINT('',(30.335050336704,78.7000000000001,9.10037660411164));
#6621=CARTESIAN_POINT('',(30.335050336704,78.7000000000001,9.10037660411164));
#6622=CARTESIAN_POINT('',(27.8350503367043,78.7000000000001,9.10037660411163));
#6623=CARTESIAN_POINT('',(27.8350503367043,78.7000000000001,9.10037660411163));
#6624=CARTESIAN_POINT('',(27.8350503367043,73.7000000000001,9.10037660411163));
#6625=CARTESIAN_POINT('',(27.8350503367043,65.9000000000004,9.10037660411163));
#6626=CARTESIAN_POINT('',(27.8350503367043,65.9000000000004,9.10037660411163));
#6627=CARTESIAN_POINT('Origin',(29.835050336704,76.7000000000004,9.10037660411163));
#6628=CARTESIAN_POINT('Origin',(40.4350503367044,65.9000000000004,9.10037660411169));
#6629=CARTESIAN_POINT('',(40.4350503367044,65.4000000000004,9.10037660411169));
#6630=CARTESIAN_POINT('Origin',(41.1850503367037,72.3000000000003,9.10037660411169));
#6631=CARTESIAN_POINT('',(42.4350503367034,73.7000000000002,9.10037660411194));
#6632=CARTESIAN_POINT('',(42.4350503367038,64.4000000000005,9.10037660411169));
#6633=CARTESIAN_POINT('',(42.4350503367037,78.7000000000002,9.10037660411169));
#6634=CARTESIAN_POINT('',(42.4350503367038,64.4000000000005,9.10037660411169));
#6635=CARTESIAN_POINT('',(39.9350503367037,78.7000000000001,9.10037660411168));
#6636=CARTESIAN_POINT('',(39.9350503367037,78.7000000000001,9.10037660411168));
#6637=CARTESIAN_POINT('',(39.9350503367037,76.7000000000005,9.10037660411168));
#6638=CARTESIAN_POINT('Origin',(42.4350503367037,78.7000000000002,9.10037660411169));
#6639=CARTESIAN_POINT('',(42.4350503367035,64.8000000000005,4.35037660411166));
#6640=CARTESIAN_POINT('',(42.4350503367035,65.9000000000004,4.35037660411166));
#6641=CARTESIAN_POINT('',(42.4350503367035,64.8000000000005,5.5503766041117));
#6642=CARTESIAN_POINT('',(42.4350503367035,64.8000000000005,5.75037660411166));
#6643=CARTESIAN_POINT('',(42.4350503367038,65.0000000000005,5.7503766041117));
#6644=CARTESIAN_POINT('',(42.4350503367037,69.2125000000005,9.96287660411159));
#6645=CARTESIAN_POINT('',(42.4350503367038,65.0000000000005,5.55037660411169));
#6646=CARTESIAN_POINT('',(42.4350503367038,65.0000000000005,5.7503766041117));
#6647=CARTESIAN_POINT('',(42.4350503367038,65.9000000000005,5.55037660411169));
#6648=CARTESIAN_POINT('',(42.4350503367038,61.8500000000004,5.5503766041117));
#6649=CARTESIAN_POINT('',(42.4350503367038,65.9000000000005,0.200376604111694));
#6650=CARTESIAN_POINT('',(42.4350503367038,65.9000000000005,6.65037660411169));
#6651=CARTESIAN_POINT('',(42.4350503367037,78.3535898384864,0.200376604111692));
#6652=CARTESIAN_POINT('',(42.4350503367038,66.0500000000003,0.200376604111694));
#6653=CARTESIAN_POINT('',(42.4350503367037,78.3535898384864,0.400376604111703));
#6654=CARTESIAN_POINT('',(42.4350503367037,78.3535898384864,4.5503766041117));
#6655=CARTESIAN_POINT('',(42.4350503367037,76.4483339501605,1.50037660411173));
#6656=CARTESIAN_POINT('',(42.4350503367037,76.599888395823,1.4128766041116));
#6657=CARTESIAN_POINT('',(42.4350503367037,76.4483339501605,3.50037660411173));
#6658=CARTESIAN_POINT('',(42.4350503367037,76.4483339501605,5.30037660411171));
#6659=CARTESIAN_POINT('',(42.4350503367035,78.7000000000002,7.40037660411194));
#6660=CARTESIAN_POINT('',(42.4350503367037,77.9422277716887,6.08787660411174));
#6661=CARTESIAN_POINT('',(42.4350503367035,73.7000000000002,7.40037660411193));
#6662=CARTESIAN_POINT('',(42.4350503367037,78.7000000000002,7.40037660411218));
#6663=CARTESIAN_POINT('',(42.4350503367037,73.7000000000002,8.67537660411181));
#6664=CARTESIAN_POINT('Origin',(57.9850503367046,42.9000000000005,7.60037660411176));
#6665=CARTESIAN_POINT('',(57.9850503367046,42.8000000000005,4.35037660411167));
#6666=CARTESIAN_POINT('',(57.9850503367048,58.6500000000005,4.35037660411167));
#6667=CARTESIAN_POINT('',(57.9850503367049,42.8000000000005,1.80037660411176));
#6668=CARTESIAN_POINT('',(57.9850503367048,63.9000000000005,1.80037660411176));
#6669=CARTESIAN_POINT('',(57.9850503367048,42.8000000000005,7.60037660411176));
#6670=CARTESIAN_POINT('Origin',(35.1350503367046,53.4000000000004,4.35037660411167));
#6671=CARTESIAN_POINT('',(27.8350503367041,64.8000000000004,4.35037660411166));
#6672=CARTESIAN_POINT('',(27.8350503367041,63.9000000000004,4.35037660411166));
#6673=CARTESIAN_POINT('',(11.4850503367045,64.8000000000003,4.35037660411166));
#6674=CARTESIAN_POINT('',(11.4850503367045,64.8000000000003,4.35037660411166));
#6675=CARTESIAN_POINT('',(11.4850503367046,42.0000000000003,4.35037660411167));
#6676=CARTESIAN_POINT('',(11.4850503367046,42.0000000000003,4.35037660411167));
#6677=CARTESIAN_POINT('',(58.7850503367046,42.0000000000005,4.35037660411167));
#6678=CARTESIAN_POINT('',(58.7850503367046,42.0000000000005,4.35037660411167));
#6679=CARTESIAN_POINT('',(58.7850503367045,64.8000000000005,4.35037660411166));
#6680=CARTESIAN_POINT('',(58.7850503367045,64.8000000000005,4.35037660411166));
#6681=CARTESIAN_POINT('',(42.4350503367035,64.8000000000005,4.35037660411166));
#6682=CARTESIAN_POINT('',(12.2850503367046,42.8000000000003,4.35037660411167));
#6683=CARTESIAN_POINT('',(46.5100503367047,42.8000000000005,4.35037660411167));
#6684=CARTESIAN_POINT('',(12.2850503367048,58.6500000000004,4.35037660411167));
#6685=CARTESIAN_POINT('Origin',(12.2850503367046,63.9000000000003,7.60037660411156));
#6686=CARTESIAN_POINT('',(12.2850503367049,42.8000000000003,1.80037660411156));
#6687=CARTESIAN_POINT('',(12.2850503367049,42.8000000000003,7.60037660411157));
#6688=CARTESIAN_POINT('',(12.2850503367048,63.9000000000003,1.80037660411156));
#6689=CARTESIAN_POINT('Origin',(12.3850503367049,42.8000000000003,7.60037660411157));
#6690=CARTESIAN_POINT('',(57.8850503367049,42.8000000000005,1.80037660411176));
#6691=CARTESIAN_POINT('Origin',(42.8850503367038,78.7000000000001,8.65037660411193));
#6692=CARTESIAN_POINT('',(42.8850503367038,74.4794228634064,7.85037660411233));
#6693=CARTESIAN_POINT('',(42.8850503367038,74.4794228634064,8.65037660411155));
#6694=CARTESIAN_POINT('',(42.8850503367038,74.4794228634064,8.45037660411194));
#6695=CARTESIAN_POINT('',(42.8850503367038,78.7000000000001,7.85037660411192));
#6696=CARTESIAN_POINT('',(42.8850503367038,78.7000000000002,7.85037660411231));
#6697=CARTESIAN_POINT('',(42.8850503367038,78.7000000000001,8.65037660411193));
#6698=CARTESIAN_POINT('',(42.8850503367038,78.7000000000002,8.87537660411178));
#6699=CARTESIAN_POINT('',(42.8850503367038,78.7000000000002,8.65037660411158));
#6700=CARTESIAN_POINT('Origin',(27.3850503367047,78.7000000000001,7.85037660411161));
#6701=CARTESIAN_POINT('',(27.3850503367047,74.4794228634054,8.65037660411201));
#6702=CARTESIAN_POINT('',(27.3850503367047,74.4794228634054,7.85037660411125));
#6703=CARTESIAN_POINT('',(27.3850503367047,74.4794228634054,8.05037660411161));
#6704=CARTESIAN_POINT('',(27.3850503367047,78.7000000000001,8.6503766041116));
#6705=CARTESIAN_POINT('',(27.3850503367047,78.7000000000001,8.65037660411197));
#6706=CARTESIAN_POINT('',(27.3850503367047,78.7000000000001,7.85037660411161));
#6707=CARTESIAN_POINT('',(27.3850503367047,78.7000000000001,8.47537660411162));
#6708=CARTESIAN_POINT('',(27.3850503367047,78.7000000000001,7.85037660411129));
#6709=CARTESIAN_POINT('Origin',(42.6100503367036,74.0031088913245,8.25037660411193));
#6710=CARTESIAN_POINT('',(43.596075740488,75.7109549882328,7.93935120032741));
#6711=CARTESIAN_POINT('',(43.456075740488,75.4684678751731,8.42140200789654));
#6712=CARTESIAN_POINT('Origin',(43.1350503367034,78.7000000000002,8.40037660411196));
#6713=CARTESIAN_POINT('',(42.4350503367034,78.7000000000002,9.10037660411194));
#6714=CARTESIAN_POINT('Origin',(27.6600503367043,74.0031088913246,8.25037660411164));
#6715=CARTESIAN_POINT('',(27.8350503367043,73.7000000000001,7.40037660411164));
#6716=CARTESIAN_POINT('',(26.6740249329199,75.7109549882329,8.56140200789608));
#6717=CARTESIAN_POINT('',(27.8350503367043,73.7000000000001,8.67537660411163));
#6718=CARTESIAN_POINT('',(26.8140249329199,75.4684678751733,8.07935120032718));
#6719=CARTESIAN_POINT('Origin',(27.1350503367043,78.7000000000001,8.10037660411163));
#6720=CARTESIAN_POINT('',(27.8350503367043,78.7000000000001,7.40037660411163));
#6721=CARTESIAN_POINT('',(27.1350503367043,78.7000000000001,8.10037660411163));
#6722=CARTESIAN_POINT('',(27.8350503367043,72.3000000000002,7.40037660411166));
#6723=CARTESIAN_POINT('Origin',(14.9850503367049,40.59899959968,5.75037660411157));
#6724=CARTESIAN_POINT('',(14.9850503367049,40.59899959968,5.75037660411157));
#6725=CARTESIAN_POINT('',(10.3850503367049,40.59899959968,5.75037660411155));
#6726=CARTESIAN_POINT('',(35.1350503367049,40.5989995996801,5.75037660411166));
#6727=CARTESIAN_POINT('',(14.9850503367049,40.59899959968,5.55037660411157));
#6728=CARTESIAN_POINT('',(14.9850503367049,40.59899959968,5.75037660411157));
#6729=CARTESIAN_POINT('',(10.3850503367049,40.59899959968,5.55037660411155));
#6730=CARTESIAN_POINT('',(35.1350503367049,40.5989995996801,5.55037660411166));
#6731=CARTESIAN_POINT('',(10.3850503367049,40.59899959968,6.67537660411155));
#6732=CARTESIAN_POINT('Origin',(24.9850503367049,40.5989995996801,5.75037660411161));
#6733=CARTESIAN_POINT('',(24.9850503367049,40.5989995996801,5.75037660411161));
#6734=CARTESIAN_POINT('',(20.2850503367049,40.59899959968,5.7503766041116));
#6735=CARTESIAN_POINT('',(35.1350503367049,40.5989995996801,5.75037660411166));
#6736=CARTESIAN_POINT('',(24.9850503367049,40.5989995996801,5.55037660411161));
#6737=CARTESIAN_POINT('',(24.9850503367049,40.5989995996801,5.75037660411161));
#6738=CARTESIAN_POINT('',(20.2850503367049,40.59899959968,5.5503766041116));
#6739=CARTESIAN_POINT('',(35.1350503367049,40.5989995996801,5.55037660411166));
#6740=CARTESIAN_POINT('',(20.2850503367049,40.59899959968,5.7503766041116));
#6741=CARTESIAN_POINT('Origin',(34.9850503367049,40.5989995996801,5.75037660411166));
#6742=CARTESIAN_POINT('',(34.9850503367049,40.5989995996801,5.75037660411166));
#6743=CARTESIAN_POINT('',(30.2850503367049,40.5989995996801,5.75037660411164));
#6744=CARTESIAN_POINT('',(35.1350503367049,40.5989995996801,5.75037660411166));
#6745=CARTESIAN_POINT('',(34.9850503367049,40.5989995996801,5.55037660411166));
#6746=CARTESIAN_POINT('',(34.9850503367049,40.5989995996801,5.75037660411166));
#6747=CARTESIAN_POINT('',(30.2850503367049,40.5989995996801,5.55037660411164));
#6748=CARTESIAN_POINT('',(35.1350503367049,40.5989995996801,5.55037660411166));
#6749=CARTESIAN_POINT('',(30.2850503367049,40.5989995996801,5.75037660411164));
#6750=CARTESIAN_POINT('Origin',(44.9850503367049,40.5989995996801,5.7503766041117));
#6751=CARTESIAN_POINT('',(44.9850503367049,40.5989995996801,5.7503766041117));
#6752=CARTESIAN_POINT('',(40.2850503367049,40.5989995996801,5.75037660411168));
#6753=CARTESIAN_POINT('',(35.1350503367049,40.5989995996801,5.75037660411166));
#6754=CARTESIAN_POINT('',(44.9850503367049,40.5989995996801,5.5503766041117));
#6755=CARTESIAN_POINT('',(44.9850503367049,40.5989995996801,5.7503766041117));
#6756=CARTESIAN_POINT('',(40.2850503367049,40.5989995996801,5.55037660411168));
#6757=CARTESIAN_POINT('',(35.1350503367049,40.5989995996801,5.55037660411166));
#6758=CARTESIAN_POINT('',(40.2850503367049,40.5989995996801,5.75037660411168));
#6759=CARTESIAN_POINT('Origin',(54.9850503367049,40.5989995996802,5.75037660411175));
#6760=CARTESIAN_POINT('',(54.9850503367049,40.5989995996802,5.75037660411175));
#6761=CARTESIAN_POINT('',(50.2850503367049,40.5989995996802,5.75037660411173));
#6762=CARTESIAN_POINT('',(35.1350503367049,40.5989995996801,5.75037660411166));
#6763=CARTESIAN_POINT('',(54.9850503367049,40.5989995996802,5.55037660411175));
#6764=CARTESIAN_POINT('',(54.9850503367049,40.5989995996802,5.75037660411175));
#6765=CARTESIAN_POINT('',(50.2850503367049,40.5989995996802,5.55037660411173));
#6766=CARTESIAN_POINT('',(35.1350503367049,40.5989995996801,5.55037660411166));
#6767=CARTESIAN_POINT('',(50.2850503367049,40.5989995996802,5.75037660411173));
#6768=CARTESIAN_POINT('Origin',(58.9850503367045,65.0000000000005,5.75037660411176));
#6769=CARTESIAN_POINT('',(58.9850503367045,65.0000000000005,5.75037660411176));
#6770=CARTESIAN_POINT('',(38.7850503367041,65.0000000000004,5.75037660411167));
#6771=CARTESIAN_POINT('',(58.9850503367045,65.0000000000005,5.55037660411177));
#6772=CARTESIAN_POINT('',(58.9850503367045,65.0000000000005,5.75037660411176));
#6773=CARTESIAN_POINT('',(38.7850503367041,65.0000000000004,5.55037660411167));
#6774=CARTESIAN_POINT('Origin',(58.9850503367046,41.8000000000005,5.75037660411177));
#6775=CARTESIAN_POINT('',(58.9850503367046,41.8000000000005,5.75037660411176));
#6776=CARTESIAN_POINT('',(58.9850503367045,62.3000000000005,5.75037660411176));
#6777=CARTESIAN_POINT('',(58.9850503367046,41.8000000000005,5.55037660411176));
#6778=CARTESIAN_POINT('',(58.9850503367046,41.8000000000005,5.75037660411176));
#6779=CARTESIAN_POINT('',(58.9850503367045,62.3000000000005,5.55037660411177));
#6780=CARTESIAN_POINT('Origin',(11.2850503367046,41.8000000000003,5.75037660411155));
#6781=CARTESIAN_POINT('',(11.2850503367046,41.8000000000003,5.75037660411155));
#6782=CARTESIAN_POINT('',(46.9600503367047,41.8000000000005,5.75037660411171));
#6783=CARTESIAN_POINT('',(11.2850503367046,41.8000000000003,5.55037660411155));
#6784=CARTESIAN_POINT('',(11.2850503367046,41.8000000000003,5.75037660411155));
#6785=CARTESIAN_POINT('',(46.9600503367047,41.8000000000005,5.55037660411171));
#6786=CARTESIAN_POINT('Origin',(11.2850503367045,65.0000000000003,5.75037660411155));
#6787=CARTESIAN_POINT('',(11.2850503367045,65.0000000000003,5.75037660411156));
#6788=CARTESIAN_POINT('',(11.2850503367046,50.9000000000002,5.75037660411156));
#6789=CARTESIAN_POINT('',(11.2850503367045,65.0000000000003,5.55037660411157));
#6790=CARTESIAN_POINT('',(11.2850503367045,65.0000000000003,5.75037660411156));
#6791=CARTESIAN_POINT('',(11.2850503367046,50.9000000000002,5.55037660411156));
#6792=CARTESIAN_POINT('Origin',(27.8350503367043,65.0000000000004,5.75037660411162));
#6793=CARTESIAN_POINT('',(27.8350503367043,65.0000000000004,5.75037660411163));
#6794=CARTESIAN_POINT('',(23.3100503367046,65.0000000000004,5.7503766041116));
#6795=CARTESIAN_POINT('',(27.8350503367043,65.0000000000004,5.55037660411163));
#6796=CARTESIAN_POINT('',(27.8350503367043,65.0000000000004,5.75037660411163));
#6797=CARTESIAN_POINT('',(23.3100503367046,65.0000000000004,5.5503766041116));
#6798=CARTESIAN_POINT('Origin',(35.1350503367048,59.8000000000003,5.55037660411164));
#6799=CARTESIAN_POINT('',(27.8350503367043,65.9000000000004,5.55037660411163));
#6800=CARTESIAN_POINT('',(27.8350503367043,62.8500000000003,5.55037660411163));
#6801=CARTESIAN_POINT('',(10.3850503367048,65.9000000000003,5.55037660411156));
#6802=CARTESIAN_POINT('',(31.8850503367048,65.9000000000004,5.55037660411163));
#6803=CARTESIAN_POINT('',(10.3850503367048,50.3500000000002,5.55037660411163));
#6804=CARTESIAN_POINT('',(14.9850503367049,40.9000000000004,5.55037660411157));
#6805=CARTESIAN_POINT('',(14.9850503367048,48.8000000000003,5.55037660411164));
#6806=CARTESIAN_POINT('',(20.2850503367049,40.9000000000004,5.5503766041116));
#6807=CARTESIAN_POINT('',(25.0600503367049,40.9000000000004,5.55037660411164));
#6808=CARTESIAN_POINT('',(20.2850503367048,50.3500000000003,5.55037660411164));
#6809=CARTESIAN_POINT('',(24.9850503367049,40.9000000000004,5.55037660411161));
#6810=CARTESIAN_POINT('',(24.9850503367048,48.8000000000003,5.55037660411164));
#6811=CARTESIAN_POINT('',(30.2850503367049,40.9000000000004,5.55037660411164));
#6812=CARTESIAN_POINT('',(30.0600503367049,40.9000000000004,5.55037660411164));
#6813=CARTESIAN_POINT('',(30.2850503367048,50.3500000000003,5.55037660411163));
#6814=CARTESIAN_POINT('',(34.9850503367049,40.9000000000004,5.55037660411166));
#6815=CARTESIAN_POINT('',(34.9850503367048,48.8000000000004,5.55037660411164));
#6816=CARTESIAN_POINT('',(40.2850503367049,40.9000000000005,5.55037660411168));
#6817=CARTESIAN_POINT('',(35.0600503367049,40.9000000000004,5.55037660411164));
#6818=CARTESIAN_POINT('',(40.2850503367048,50.3500000000004,5.55037660411164));
#6819=CARTESIAN_POINT('',(44.9850503367049,40.9000000000005,5.5503766041117));
#6820=CARTESIAN_POINT('',(44.9850503367048,48.8000000000004,5.55037660411164));
#6821=CARTESIAN_POINT('',(50.2850503367049,40.9000000000005,5.55037660411173));
#6822=CARTESIAN_POINT('',(40.0600503367049,40.9000000000005,5.55037660411164));
#6823=CARTESIAN_POINT('',(50.2850503367048,50.3500000000004,5.55037660411164));
#6824=CARTESIAN_POINT('',(54.9850503367049,40.9000000000005,5.55037660411175));
#6825=CARTESIAN_POINT('',(54.9850503367048,48.8000000000004,5.55037660411164));
#6826=CARTESIAN_POINT('',(59.8850503367049,40.9000000000005,5.55037660411177));
#6827=CARTESIAN_POINT('',(45.0600503367049,40.9000000000005,5.55037660411164));
#6828=CARTESIAN_POINT('',(59.8850503367048,65.9000000000005,5.55037660411177));
#6829=CARTESIAN_POINT('',(59.8850503367048,62.8500000000005,5.55037660411164));
#6830=CARTESIAN_POINT('',(31.8850503367048,65.9000000000004,5.55037660411163));
#6831=CARTESIAN_POINT('Origin',(24.9850503367049,37.8000000000004,5.75037660411161));
#6832=CARTESIAN_POINT('',(24.9850503367049,38.2360404261051,5.23328395936375));
#6833=CARTESIAN_POINT('Origin',(24.9850503367049,39.3500000000004,5.80037660411161));
#6834=CARTESIAN_POINT('',(24.9850503367049,40.8092651768407,0.178610135934858));
#6835=CARTESIAN_POINT('',(24.9850503367049,39.4186170479546,2.91030805414893));
#6836=CARTESIAN_POINT('',(24.9850503367049,40.9000000000004,0.122985605597046));
#6837=CARTESIAN_POINT('',(24.9850503367049,38.5469816386974,1.56549176437824));
#6838=CARTESIAN_POINT('',(24.9850503367049,40.9000000000004,5.75037660411161));
#6839=CARTESIAN_POINT('',(24.9850503367049,39.3500000000004,4.85037660411162));
#6840=CARTESIAN_POINT('Origin',(24.9850503367049,39.3500000000004,5.80037660411161));
#6841=CARTESIAN_POINT('Origin',(20.2850503367049,40.9000000000004,5.7503766041116));
#6842=CARTESIAN_POINT('',(20.2850503367049,40.9000000000004,0.200376604111601));
#6843=CARTESIAN_POINT('',(20.2850503367049,40.9000000000004,5.7503766041116));
#6844=CARTESIAN_POINT('',(20.2850503367049,41.1000000000004,0.000376604111600454));
#6845=CARTESIAN_POINT('',(20.2850503367049,39.5625000000004,1.53787660411157));
#6846=CARTESIAN_POINT('',(20.2850503367049,40.8092651768407,0.178610135934838));
#6847=CARTESIAN_POINT('',(20.2850503367049,39.673579078441,0.874836828563166));
#6848=CARTESIAN_POINT('',(20.2850503367049,38.2360404261051,5.23328395936374));
#6849=CARTESIAN_POINT('',(20.2850503367049,39.7376383631398,2.28364351949367));
#6850=CARTESIAN_POINT('Origin',(20.2850503367049,39.3500000000004,5.80037660411159));
#6851=CARTESIAN_POINT('',(20.2850503367049,39.3500000000004,4.8503766041116));
#6852=CARTESIAN_POINT('Origin',(20.2850503367049,39.3500000000004,5.80037660411159));
#6853=CARTESIAN_POINT('Origin',(14.9850503367049,40.9000000000003,5.75037660411156));
#6854=CARTESIAN_POINT('',(14.9850503367049,40.9000000000004,0.20037660411157));
#6855=CARTESIAN_POINT('',(14.9850503367049,40.9000000000004,5.75037660411157));
#6856=CARTESIAN_POINT('',(25.0600503367049,40.9000000000004,0.200376604111618));
#6857=CARTESIAN_POINT('Origin',(14.9850503367049,37.8000000000004,5.75037660411157));
#6858=CARTESIAN_POINT('',(14.9850503367049,38.2360404261051,5.2332839593637));
#6859=CARTESIAN_POINT('Origin',(14.9850503367049,39.3500000000003,5.80037660411157));
#6860=CARTESIAN_POINT('',(14.9850503367049,40.8092651768407,0.178610135934809));
#6861=CARTESIAN_POINT('',(14.9850503367049,39.4186170479545,2.91030805414889));
#6862=CARTESIAN_POINT('',(14.9850503367049,41.1000000000003,0.00037660411158047));
#6863=CARTESIAN_POINT('',(14.9850503367049,38.5469816386973,1.56549176437818));
#6864=CARTESIAN_POINT('',(14.9850503367049,38.7875000000003,2.31287660411155));
#6865=CARTESIAN_POINT('',(14.9850503367049,39.3500000000003,4.85037660411157));
#6866=CARTESIAN_POINT('Origin',(14.9850503367049,39.3500000000003,5.80037660411157));
#6867=CARTESIAN_POINT('Origin',(28.6350503367048,65.9000000000004,6.60037660411164));
#6868=CARTESIAN_POINT('',(27.8350503367043,65.9000000000004,0.200376604111627));
#6869=CARTESIAN_POINT('',(27.8350503367043,65.9000000000004,6.65037660411163));
#6870=CARTESIAN_POINT('',(10.3850503367048,65.9000000000003,0.200376604111554));
#6871=CARTESIAN_POINT('',(31.8850503367048,65.9000000000004,0.200376604111652));
#6872=CARTESIAN_POINT('',(10.3850503367048,65.9000000000003,6.60037660411155));
#6873=CARTESIAN_POINT('Origin',(23.3100503367046,64.9000000000004,5.6503766041116));
#6874=CARTESIAN_POINT('',(11.4850503367045,64.8000000000003,5.55037660411156));
#6875=CARTESIAN_POINT('',(27.8350503367041,64.8000000000004,5.55037660411162));
#6876=CARTESIAN_POINT('',(23.3100503367046,64.8000000000004,5.5503766041116));
#6877=CARTESIAN_POINT('',(27.8350503367043,66.0125000000004,6.76287660411163));
#6878=CARTESIAN_POINT('',(11.2850503367045,65.0000000000003,5.75037660411156));
#6879=CARTESIAN_POINT('Origin',(11.3850503367046,50.9000000000002,5.65037660411156));
#6880=CARTESIAN_POINT('',(11.4850503367046,42.0000000000003,5.55037660411156));
#6881=CARTESIAN_POINT('',(11.4850503367046,50.9000000000002,5.55037660411156));
#6882=CARTESIAN_POINT('',(11.2850503367046,41.8000000000003,5.75037660411155));
#6883=CARTESIAN_POINT('Origin',(46.9600503367047,41.9000000000005,5.65037660411171));
#6884=CARTESIAN_POINT('',(58.7850503367046,42.0000000000005,5.55037660411178));
#6885=CARTESIAN_POINT('',(46.9600503367047,42.0000000000005,5.55037660411172));
#6886=CARTESIAN_POINT('',(58.9850503367046,41.8000000000005,5.75037660411176));
#6887=CARTESIAN_POINT('Origin',(58.8850503367045,62.3000000000005,5.65037660411177));
#6888=CARTESIAN_POINT('',(58.7850503367045,64.8000000000005,5.55037660411177));
#6889=CARTESIAN_POINT('',(58.7850503367045,62.3000000000005,5.55037660411178));
#6890=CARTESIAN_POINT('',(58.9850503367045,65.0000000000005,5.75037660411176));
#6891=CARTESIAN_POINT('Origin',(38.7850503367041,64.9000000000004,5.65037660411168));
#6892=CARTESIAN_POINT('',(38.7850503367041,64.8000000000004,5.55037660411168));
#6893=CARTESIAN_POINT('Origin',(11.4850503367045,64.8000000000003,5.75037660411166));
#6894=CARTESIAN_POINT('',(11.4850503367045,64.8000000000003,5.75037660411166));
#6895=CARTESIAN_POINT('',(27.8350503367041,64.8000000000004,5.75037660411166));
#6896=CARTESIAN_POINT('Origin',(11.4850503367046,42.0000000000003,5.75037660411167));
#6897=CARTESIAN_POINT('',(11.4850503367046,42.0000000000003,5.75037660411167));
#6898=CARTESIAN_POINT('Origin',(58.7850503367046,42.0000000000005,5.75037660411167));
#6899=CARTESIAN_POINT('',(58.7850503367046,42.0000000000005,5.75037660411167));
#6900=CARTESIAN_POINT('Origin',(58.7850503367045,64.8000000000005,5.75037660411166));
#6901=CARTESIAN_POINT('',(58.7850503367045,64.8000000000005,5.75037660411166));
#6902=CARTESIAN_POINT('Origin',(42.4350503367035,64.8000000000005,5.75037660411166));
#6903=CARTESIAN_POINT('Origin',(31.9850503367049,46.2500000000004,0.100376604111654));
#6904=CARTESIAN_POINT('',(31.9850503367049,44.2500000000004,0.200376604111654));
#6905=CARTESIAN_POINT('',(31.9850503367049,44.0500000000004,0.000376604111651524));
#6906=CARTESIAN_POINT('',(31.9850503367049,44.2500000000004,0.200376604111654));
#6907=CARTESIAN_POINT('',(31.9850503367049,48.4500000000004,0.000376604111642642));
#6908=CARTESIAN_POINT('Origin',(31.9850503367049,46.2500000000004,0.000376604111647083));
#6909=CARTESIAN_POINT('',(31.9850503367049,48.2500000000004,0.200376604111654));
#6910=CARTESIAN_POINT('',(31.9850503367049,48.4500000000004,0.000376604111642642));
#6911=CARTESIAN_POINT('Origin',(31.9850503367049,46.2500000000004,0.200376604111647));
#6912=CARTESIAN_POINT('Origin',(33.5600503367049,44.1500000000004,0.100376604111656));
#6913=CARTESIAN_POINT('',(38.2850503367049,44.2500000000005,0.200376604111676));
#6914=CARTESIAN_POINT('',(38.2850503367049,44.0500000000004,0.000376604111671508));
#6915=CARTESIAN_POINT('',(38.2850503367049,44.2500000000005,0.200376604111676));
#6916=CARTESIAN_POINT('',(33.5600503367049,44.0500000000004,0.000376604111653744));
#6917=CARTESIAN_POINT('',(33.5600503367049,44.2500000000004,0.200376604111656));
#6918=CARTESIAN_POINT('Origin',(38.2850503367049,46.2500000000004,0.100376604111678));
#6919=CARTESIAN_POINT('',(38.2850503367049,48.2500000000004,0.200376604111678));
#6920=CARTESIAN_POINT('',(38.2850503367049,48.4500000000005,0.00037660411168261));
#6921=CARTESIAN_POINT('',(38.2850503367049,48.2500000000004,0.200376604111678));
#6922=CARTESIAN_POINT('Origin',(38.2850503367049,46.2500000000004,0.000376604111671508));
#6923=CARTESIAN_POINT('Origin',(38.2850503367049,46.2500000000004,0.200376604111676));
#6924=CARTESIAN_POINT('Origin',(36.7100503367049,48.3500000000004,0.100376604111674));
#6925=CARTESIAN_POINT('',(36.7100503367049,48.4500000000004,0.000376604111671508));
#6926=CARTESIAN_POINT('',(36.7100503367049,48.2500000000004,0.200376604111672));
#6927=CARTESIAN_POINT('Origin',(31.9850503367049,44.2500000000004,1.80037660411165));
#6928=CARTESIAN_POINT('',(31.9850503367049,44.2500000000004,1.20037660411165));
#6929=CARTESIAN_POINT('',(31.9850503367049,44.2500000000004,1.80037660411165));
#6930=CARTESIAN_POINT('',(38.2850503367049,44.2500000000005,1.20037660411167));
#6931=CARTESIAN_POINT('',(33.5600503367049,44.2500000000004,1.20037660411166));
#6932=CARTESIAN_POINT('',(38.2850503367049,44.2500000000005,1.80037660411168));
#6933=CARTESIAN_POINT('Origin',(31.9850503367049,46.2500000000004,1.80037660411165));
#6934=CARTESIAN_POINT('',(31.9850503367049,48.2500000000004,1.20037660411165));
#6935=CARTESIAN_POINT('',(31.9850503367049,48.2500000000004,1.80037660411165));
#6936=CARTESIAN_POINT('Origin',(31.9850503367049,46.2500000000004,1.20037660411165));
#6937=CARTESIAN_POINT('Origin',(35.1350503367048,53.4000000000004,0.000376604111662626));
#6938=CARTESIAN_POINT('',(54.9850503367049,41.1000000000005,0.000376604111753664));
#6939=CARTESIAN_POINT('',(35.1350503367049,41.1000000000004,0.000376604111662626));
#6940=CARTESIAN_POINT('',(25.0600503367049,41.1000000000004,0.000376604111622658));
#6941=CARTESIAN_POINT('',(10.5850503367049,41.1000000000003,0.000376604111560486));
#6942=CARTESIAN_POINT('',(35.1350503367049,41.1000000000004,0.000376604111662626));
#6943=CARTESIAN_POINT('',(10.5850503367048,65.7000000000003,0.000376604111553824));
#6944=CARTESIAN_POINT('',(10.5850503367049,47.1500000000003,0.000376604111553824));
#6945=CARTESIAN_POINT('',(28.0350503367043,65.7000000000004,0.00037660411163154));
#6946=CARTESIAN_POINT('',(31.8850503367048,65.7000000000004,0.000376604111651524));
#6947=CARTESIAN_POINT('',(28.0350503367043,78.1535898384863,0.00037660411163154));
#6948=CARTESIAN_POINT('',(28.0350503367043,59.6500000000004,0.00037660411162932));
#6949=CARTESIAN_POINT('',(42.2350503367037,78.1535898384864,0.000376604111700374));
#6950=CARTESIAN_POINT('',(38.7850503367042,78.1535898384864,0.000376604111678169));
#6951=CARTESIAN_POINT('',(42.2350503367038,65.7000000000005,0.000376604111689272));
#6952=CARTESIAN_POINT('',(42.2350503367038,66.0500000000003,0.000376604111691492));
#6953=CARTESIAN_POINT('',(59.6850503367048,65.7000000000005,0.000376604111773648));
#6954=CARTESIAN_POINT('',(31.8850503367048,65.7000000000004,0.000376604111651524));
#6955=CARTESIAN_POINT('',(59.6850503367049,41.1000000000005,0.000376604111771428));
#6956=CARTESIAN_POINT('',(59.6850503367048,59.6500000000005,0.000376604111775869));
#6957=CARTESIAN_POINT('',(45.0600503367049,41.1000000000005,0.000376604111709256));
#6958=CARTESIAN_POINT('',(30.5850503367048,53.4000000000004,0.000376604111642642));
#6959=CARTESIAN_POINT('Origin',(22.1350503367048,53.4000000000004,0.000376604111602674));
#6960=CARTESIAN_POINT('',(56.5850503367048,53.4000000000005,0.000376604111758105));
#6961=CARTESIAN_POINT('Origin',(48.1350503367048,53.4000000000005,0.000376604111727019));
#6962=CARTESIAN_POINT('Origin',(22.1350503367048,53.4000000000004,0.100376604111601));
#6963=CARTESIAN_POINT('',(30.3850503367048,53.4000000000004,0.200376604111638));
#6964=CARTESIAN_POINT('Origin',(22.1350503367048,53.4000000000004,0.200376604111603));
#6965=CARTESIAN_POINT('',(30.4850503367048,53.4000000000004,0.100376604111637));
#6966=CARTESIAN_POINT('Origin',(22.1350503367048,53.4000000000004,3.30037660411161));
#6967=CARTESIAN_POINT('',(30.3850503367048,53.4000000000004,3.00037660411165));
#6968=CARTESIAN_POINT('Origin',(22.1350503367048,53.4000000000004,3.0003766041116));
#6969=CARTESIAN_POINT('',(30.3850503367048,53.4000000000004,3.30037660411164));
#6970=CARTESIAN_POINT('Origin',(48.1350503367048,53.4000000000005,0.10037660411172));
#6971=CARTESIAN_POINT('',(56.3850503367048,53.4000000000005,0.200376604111754));
#6972=CARTESIAN_POINT('Origin',(48.1350503367048,53.4000000000005,0.200376604111716));
#6973=CARTESIAN_POINT('',(56.4850503367048,53.4000000000005,0.100376604111757));
#6974=CARTESIAN_POINT('Origin',(48.1350503367048,53.4000000000005,3.30037660411173));
#6975=CARTESIAN_POINT('',(56.3850503367048,53.4000000000005,3.00037660411176));
#6976=CARTESIAN_POINT('Origin',(48.1350503367048,53.4000000000005,3.00037660411173));
#6977=CARTESIAN_POINT('',(56.3850503367048,53.4000000000005,3.30037660411176));
#6978=CARTESIAN_POINT('Origin',(35.1350503367049,40.9546325884206,0.0894933700232814));
#6979=CARTESIAN_POINT('',(54.9850503367049,40.8092651768409,0.178610135934989));
#6980=CARTESIAN_POINT('',(54.9850503367049,38.5469816386975,1.56549176437836));
#6981=CARTESIAN_POINT('',(50.2850503367049,40.8092651768408,0.178610135934969));
#6982=CARTESIAN_POINT('',(35.1350503367049,40.8092651768408,0.178610135934898));
#6983=CARTESIAN_POINT('',(50.2850503367049,40.9000000000005,0.122985605597146));
#6984=CARTESIAN_POINT('',(50.2850503367049,39.6735790784412,0.874836828563295));
#6985=CARTESIAN_POINT('',(44.9850503367049,40.9000000000005,0.12298560559713));
#6986=CARTESIAN_POINT('',(40.0600503367049,40.9000000000005,0.12298560559711));
#6987=CARTESIAN_POINT('',(44.9850503367049,40.8092651768408,0.178610135934942));
#6988=CARTESIAN_POINT('',(44.9850503367049,38.5469816386974,1.56549176437833));
#6989=CARTESIAN_POINT('',(40.2850503367049,40.8092651768408,0.178610135934925));
#6990=CARTESIAN_POINT('',(35.1350503367049,40.8092651768408,0.178610135934898));
#6991=CARTESIAN_POINT('',(40.2850503367049,40.9000000000005,0.122985605597099));
#6992=CARTESIAN_POINT('',(40.2850503367049,39.6735790784411,0.874836828563248));
#6993=CARTESIAN_POINT('',(34.9850503367049,40.9000000000004,0.122985605597086));
#6994=CARTESIAN_POINT('',(35.0600503367049,40.9000000000004,0.122985605597086));
#6995=CARTESIAN_POINT('',(34.9850503367049,40.8092651768408,0.178610135934898));
#6996=CARTESIAN_POINT('',(34.9850503367049,38.5469816386974,1.56549176437828));
#6997=CARTESIAN_POINT('',(30.2850503367049,40.8092651768408,0.178610135934882));
#6998=CARTESIAN_POINT('',(35.1350503367049,40.8092651768408,0.178610135934898));
#6999=CARTESIAN_POINT('',(30.2850503367049,40.9000000000004,0.122985605597057));
#7000=CARTESIAN_POINT('',(30.2850503367049,39.6735790784411,0.874836828563206));
#7001=CARTESIAN_POINT('',(30.0600503367049,40.9000000000004,0.12298560559707));
#7002=CARTESIAN_POINT('',(35.1350503367049,40.8092651768408,0.178610135934898));
#7003=CARTESIAN_POINT('Origin',(35.1350503367049,40.9000000000004,0.000376604111664847));
#7004=CARTESIAN_POINT('',(35.1350503367049,38.2360404261052,5.23328395936379));
#7005=CARTESIAN_POINT('Origin',(24.9850503367049,40.9000000000004,5.75037660411161));
#7006=CARTESIAN_POINT('',(30.2850503367049,40.9000000000004,5.75037660411164));
#7007=CARTESIAN_POINT('Origin',(30.2850503367049,40.9000000000004,5.75037660411164));
#7008=CARTESIAN_POINT('',(30.2850503367049,38.2360404261052,5.23328395936377));
#7009=CARTESIAN_POINT('',(30.2850503367049,39.7376383631399,2.28364351949372));
#7010=CARTESIAN_POINT('Origin',(30.2850503367049,39.3500000000004,5.80037660411164));
#7011=CARTESIAN_POINT('',(30.2850503367049,39.3500000000004,4.85037660411164));
#7012=CARTESIAN_POINT('Origin',(30.2850503367049,39.3500000000004,5.80037660411164));
#7013=CARTESIAN_POINT('Origin',(35.1350503367049,40.9000000000004,0.000376604111664847));
#7014=CARTESIAN_POINT('',(34.9850503367049,38.2360404261052,5.23328395936379));
#7015=CARTESIAN_POINT('',(34.9850503367049,39.4186170479546,2.91030805414898));
#7016=CARTESIAN_POINT('',(35.1350503367049,38.2360404261052,5.23328395936379));
#7017=CARTESIAN_POINT('Origin',(34.9850503367049,37.8000000000004,5.75037660411166));
#7018=CARTESIAN_POINT('Origin',(34.9850503367049,39.3500000000004,5.80037660411166));
#7019=CARTESIAN_POINT('',(34.9850503367049,40.9000000000004,5.75037660411166));
#7020=CARTESIAN_POINT('',(34.9850503367049,39.3500000000004,4.85037660411166));
#7021=CARTESIAN_POINT('Origin',(34.9850503367049,39.3500000000004,5.80037660411166));
#7022=CARTESIAN_POINT('Origin',(34.9850503367049,40.9000000000004,5.75037660411166));
#7023=CARTESIAN_POINT('',(40.2850503367049,40.9000000000005,5.75037660411168));
#7024=CARTESIAN_POINT('Origin',(40.2850503367049,40.9000000000005,5.75037660411168));
#7025=CARTESIAN_POINT('',(40.2850503367049,38.2360404261052,5.23328395936382));
#7026=CARTESIAN_POINT('',(40.2850503367049,39.7376383631399,2.28364351949377));
#7027=CARTESIAN_POINT('Origin',(40.2850503367049,39.3500000000005,5.80037660411168));
#7028=CARTESIAN_POINT('',(40.2850503367049,39.3500000000005,4.85037660411168));
#7029=CARTESIAN_POINT('Origin',(40.2850503367049,39.3500000000005,5.80037660411168));
#7030=CARTESIAN_POINT('Origin',(27.9350503367043,59.6500000000004,0.100376604111632));
#7031=CARTESIAN_POINT('',(27.8350503367043,78.3535898384863,0.200376604111636));
#7032=CARTESIAN_POINT('',(27.8350503367043,59.6500000000004,0.200376604111627));
#7033=CARTESIAN_POINT('',(27.8350503367043,78.3535898384863,0.200376604111636));
#7034=CARTESIAN_POINT('',(28.0350503367043,65.7000000000004,0.00037660411163154));
#7035=CARTESIAN_POINT('Origin',(38.7850503367042,78.2535898384864,0.100376604111678));
#7036=CARTESIAN_POINT('',(38.7850503367042,78.3535898384864,0.200376604111678));
#7037=CARTESIAN_POINT('',(42.4350503367037,78.3535898384864,0.200376604111692));
#7038=CARTESIAN_POINT('Origin',(59.7850503367048,59.6500000000005,0.100376604111774));
#7039=CARTESIAN_POINT('',(59.8850503367048,65.9000000000005,0.200376604111772));
#7040=CARTESIAN_POINT('',(59.8850503367049,40.9000000000005,0.200376604111767));
#7041=CARTESIAN_POINT('',(59.8850503367048,59.6500000000005,0.200376604111772));
#7042=CARTESIAN_POINT('',(59.8850503367049,40.9000000000005,0.200376604111767));
#7043=CARTESIAN_POINT('',(59.6850503367048,65.7000000000005,0.000376604111773648));
#7044=CARTESIAN_POINT('Origin',(45.0600503367049,41.0000000000005,0.100376604111712));
#7045=CARTESIAN_POINT('',(54.9850503367049,40.9000000000005,0.200376604111747));
#7046=CARTESIAN_POINT('',(45.0600503367049,40.9000000000005,0.200376604111703));
#7047=CARTESIAN_POINT('',(54.9850503367049,38.7875000000005,2.31287660411173));
#7048=CARTESIAN_POINT('Origin',(31.8850503367048,65.8000000000004,0.100376604111652));
#7049=CARTESIAN_POINT('',(31.8850503367048,65.9000000000004,0.200376604111652));
#7050=CARTESIAN_POINT('',(42.2350503367038,65.7000000000005,0.000376604111689272));
#7051=CARTESIAN_POINT('Origin',(42.3350503367038,66.0500000000003,0.100376604111694));
#7052=CARTESIAN_POINT('Origin',(31.8850503367048,65.8000000000004,0.100376604111652));
#7053=CARTESIAN_POINT('',(10.5850503367048,65.7000000000003,0.000376604111553824));
#7054=CARTESIAN_POINT('Origin',(10.4850503367049,47.1500000000003,0.100376604111549));
#7055=CARTESIAN_POINT('',(10.3850503367049,40.7981843402516,0.200376604111554));
#7056=CARTESIAN_POINT('',(10.3850503367049,47.1500000000003,0.200376604111545));
#7057=CARTESIAN_POINT('',(10.4068168048817,40.8092651768407,0.178610135934794));
#7058=CARTESIAN_POINT('',(10.5850503367049,41.1000000000003,0.000376604111560486));
#7059=CARTESIAN_POINT('',(16.6784059783522,44.0019951236906,-6.09297903753571));
#7060=CARTESIAN_POINT('Origin',(35.1350503367049,40.9546325884206,0.0894933700232814));
#7061=CARTESIAN_POINT('',(35.1350503367049,40.8092651768408,0.178610135934898));
#7062=CARTESIAN_POINT('Origin',(54.9850503367049,40.9000000000005,5.75037660411175));
#7063=CARTESIAN_POINT('',(54.9850503367049,40.9000000000005,5.75037660411175));
#7064=CARTESIAN_POINT('',(59.8850503367049,40.9000000000005,6.67537660411178));
#7065=CARTESIAN_POINT('Origin',(59.8850503367048,65.9000000000005,7.60037660411177));
#7066=CARTESIAN_POINT('',(59.8850503367048,65.9000000000005,6.60037660411177));
#7067=CARTESIAN_POINT('Origin',(28.6350503367048,65.9000000000004,6.60037660411164));
#7068=CARTESIAN_POINT('Origin',(42.4350503367037,78.3535898384864,0.000376604111702594));
#7069=CARTESIAN_POINT('',(27.8350503367043,78.3535898384863,0.40037660411163));
#7070=CARTESIAN_POINT('',(27.8350503367043,78.3535898384863,4.55037660411163));
#7071=CARTESIAN_POINT('',(42.4350503367037,78.3535898384864,0.400376604111703));
#7072=CARTESIAN_POINT('Origin',(27.8350503367043,65.9000000000004,9.10037660411163));
#7073=CARTESIAN_POINT('',(27.8350503367043,76.4483339501604,3.50037660411167));
#7074=CARTESIAN_POINT('',(27.8350503367043,76.3422277716886,3.31659531200153));
#7075=CARTESIAN_POINT('',(27.8350503367043,76.4483339501604,1.50037660411167));
#7076=CARTESIAN_POINT('',(27.8350503367043,76.4483339501604,5.30037660411165));
#7077=CARTESIAN_POINT('',(27.8350503367043,71.7998883958229,4.18415789622156));
#7078=CARTESIAN_POINT('Origin',(10.3850503367049,40.9000000000003,7.60037660411156));
#7079=CARTESIAN_POINT('',(10.3850503367049,38.2360404261051,5.23328395936368));
#7080=CARTESIAN_POINT('',(10.3850503367049,40.9000000000003,0.000376604111551604));
#7081=CARTESIAN_POINT('Origin',(10.3850503367049,39.3500000000003,5.80037660411155));
#7082=CARTESIAN_POINT('Origin',(35.1350503367049,40.9000000000004,0.000376604111664847));
#7083=CARTESIAN_POINT('',(35.1350503367049,38.2360404261052,5.23328395936379));
#7084=CARTESIAN_POINT('Origin',(25.0600503367049,41.0000000000004,0.100376604111618));
#7085=CARTESIAN_POINT('Origin',(36.7100503367049,48.5500000000004,1.50037660411167));
#7086=CARTESIAN_POINT('',(31.9850503367049,48.8500000000004,1.80037660411165));
#7087=CARTESIAN_POINT('',(31.9850503367049,48.8500000000004,1.80037660411165));
#7088=CARTESIAN_POINT('',(38.2850503367049,48.2500000000004,1.20037660411167));
#7089=CARTESIAN_POINT('',(36.7100503367049,48.2500000000004,1.20037660411167));
#7090=CARTESIAN_POINT('',(38.2850503367049,48.8500000000004,1.80037660411168));
#7091=CARTESIAN_POINT('',(38.2850503367049,48.2500000000004,1.20037660411167));
#7092=CARTESIAN_POINT('',(36.7100503367049,48.8500000000004,1.80037660411167));
#7093=CARTESIAN_POINT('Origin',(31.9850503367049,46.2500000000004,1.50037660411165));
#7094=CARTESIAN_POINT('',(31.9850503367049,43.6500000000004,1.80037660411165));
#7095=CARTESIAN_POINT('',(31.9850503367049,43.6500000000004,1.80037660411165));
#7096=CARTESIAN_POINT('Origin',(31.9850503367049,46.2500000000004,1.80037660411165));
#7097=CARTESIAN_POINT('Origin',(33.5600503367049,43.9500000000004,1.50037660411166));
#7098=CARTESIAN_POINT('',(38.2850503367049,43.6500000000004,1.80037660411168));
#7099=CARTESIAN_POINT('',(38.2850503367049,43.6500000000004,1.80037660411168));
#7100=CARTESIAN_POINT('',(33.5600503367049,43.6500000000004,1.80037660411165));
#7101=CARTESIAN_POINT('Origin',(38.2850503367049,46.2500000000004,1.50037660411168));
#7102=CARTESIAN_POINT('Origin',(38.2850503367049,46.2500000000004,1.20037660411167));
#7103=CARTESIAN_POINT('Origin',(38.2850503367049,46.2500000000004,1.80037660411168));
#7104=CARTESIAN_POINT('Origin',(38.2850503367049,46.2500000000004,1.80037660411168));
#7105=CARTESIAN_POINT('',(38.2850503367049,48.2500000000004,1.80037660411168));
#7106=CARTESIAN_POINT('Origin',(38.2850503367049,48.2500000000004,1.80037660411168));
#7107=CARTESIAN_POINT('Origin',(35.1350503367048,53.4000000000004,1.80037660411167));
#7108=CARTESIAN_POINT('',(31.3850503367048,53.4000000000004,1.80037660411164));
#7109=CARTESIAN_POINT('Origin',(22.1350503367048,53.4000000000004,1.8003766041116));
#7110=CARTESIAN_POINT('',(57.3850503367048,53.4000000000005,1.80037660411176));
#7111=CARTESIAN_POINT('Origin',(48.1350503367048,53.4000000000005,1.80037660411171));
#7112=CARTESIAN_POINT('Origin',(48.1350503367048,53.4000000000005,3.15037660411171));
#7113=CARTESIAN_POINT('',(56.6850503367048,53.4000000000005,3.30037660411175));
#7114=CARTESIAN_POINT('',(56.5350503367048,53.4000000000005,3.15037660411175));
#7115=CARTESIAN_POINT('Origin',(48.1350503367048,53.4000000000005,3.30037660411173));
#7116=CARTESIAN_POINT('Origin',(48.1350503367048,53.4000000000005,3.30037660411173));
#7117=CARTESIAN_POINT('',(57.3850503367048,53.4000000000005,3.30037660411175));
#7118=CARTESIAN_POINT('Origin',(48.1350503367048,53.4000000000005,3.30037660411173));
#7119=CARTESIAN_POINT('Origin',(22.1350503367048,53.4000000000004,3.1503766041116));
#7120=CARTESIAN_POINT('',(30.6850503367048,53.4000000000004,3.30037660411165));
#7121=CARTESIAN_POINT('',(30.5350503367048,53.4000000000004,3.15037660411164));
#7122=CARTESIAN_POINT('Origin',(22.1350503367048,53.4000000000004,3.30037660411161));
#7123=CARTESIAN_POINT('Origin',(22.1350503367048,53.4000000000004,3.30037660411161));
#7124=CARTESIAN_POINT('',(31.3850503367048,53.4000000000004,3.30037660411165));
#7125=CARTESIAN_POINT('Origin',(22.1350503367048,53.4000000000004,3.30037660411161));
#7126=CARTESIAN_POINT('Origin',(42.4350503367037,76.4483339501605,3.50037660411173));
#7127=CARTESIAN_POINT('',(35.135050336704,78.7000000000001,7.40037660411191));
#7128=CARTESIAN_POINT('',(42.4350503367037,76.4483339501605,3.50037660411173));
#7129=CARTESIAN_POINT('Origin',(42.4350503367037,76.4483339501605,1.50037660411173));
#7130=CARTESIAN_POINT('',(42.4350503367037,76.4483339501605,1.50037660411173));
#7131=CARTESIAN_POINT('Origin',(42.4350503367037,78.3535898384864,0.400376604111703));
#7132=CARTESIAN_POINT('Origin',(27.8350503367043,78.7000000000001,9.10037660411163));
#7133=CARTESIAN_POINT('',(43.1350503367034,78.7000000000002,8.10037660411196));
#7134=CARTESIAN_POINT('',(27.8350503367043,78.7000000000001,9.10037660411163));
#7135=CARTESIAN_POINT('',(30.335050336704,78.7000000000001,8.30037660411164));
#7136=CARTESIAN_POINT('',(30.335050336704,78.7000000000001,9.10037660411164));
#7137=CARTESIAN_POINT('',(39.9350503367037,78.7000000000001,8.30037660411168));
#7138=CARTESIAN_POINT('',(30.335050336704,78.7000000000001,8.30037660411164));
#7139=CARTESIAN_POINT('',(39.9350503367037,78.7000000000001,9.10037660411168));
#7140=CARTESIAN_POINT('Origin',(15.4855064499446,39.3500000000003,5.80037660411158));
#7141=CARTESIAN_POINT('',(15.9859625631844,39.3500000000003,5.50037660411158));
#7142=CARTESIAN_POINT('',(15.4855064499446,39.3500000000003,5.17537660411158));
#7143=CARTESIAN_POINT('Origin',(15.9859625631844,39.3500000000003,5.80037660411158));
#7144=CARTESIAN_POINT('Origin',(15.9859625631844,39.3500000000003,5.80037660411158));
#7145=CARTESIAN_POINT('Origin',(35.4855064499446,39.3500000000004,5.80037660411167));
#7146=CARTESIAN_POINT('',(35.9859625631844,39.3500000000004,5.50037660411167));
#7147=CARTESIAN_POINT('',(35.4855064499446,39.3500000000004,5.17537660411167));
#7148=CARTESIAN_POINT('Origin',(35.9859625631844,39.3500000000004,5.80037660411167));
#7149=CARTESIAN_POINT('Origin',(35.9859625631844,39.3500000000004,5.80037660411167));
#7150=CARTESIAN_POINT('Origin',(55.9859625631844,39.3500000000005,5.80037660411175));
#7151=CARTESIAN_POINT('',(55.9859625631844,39.3500000000005,5.50037660411176));
#7152=CARTESIAN_POINT('Origin',(55.9859625631844,39.3500000000005,5.80037660411175));
#7153=CARTESIAN_POINT('Origin',(55.4855064499446,39.3500000000005,5.80037660411175));
#7154=CARTESIAN_POINT('',(54.9850503367049,39.3500000000005,4.85037660411175));
#7155=CARTESIAN_POINT('Origin',(54.9850503367049,39.3500000000005,5.80037660411175));
#7156=CARTESIAN_POINT('',(55.4855064499446,39.3500000000005,5.17537660411175));
#7157=CARTESIAN_POINT('Origin',(39.2841381102254,39.3500000000004,6.10037660411168));
#7158=CARTESIAN_POINT('',(39.2841381102254,39.3500000000004,5.50037660411168));
#7159=CARTESIAN_POINT('Origin',(39.2841381102254,39.3500000000004,5.80037660411168));
#7160=CARTESIAN_POINT('Origin',(39.7845942234651,39.3500000000005,5.80037660411169));
#7161=CARTESIAN_POINT('',(39.7845942234651,39.3500000000005,5.17537660411169));
#7162=CARTESIAN_POINT('Origin',(19.2841381102254,39.3500000000004,6.10037660411159));
#7163=CARTESIAN_POINT('',(19.2841381102254,39.3500000000004,5.50037660411159));
#7164=CARTESIAN_POINT('Origin',(19.2841381102254,39.3500000000004,5.80037660411159));
#7165=CARTESIAN_POINT('Origin',(19.7845942234651,39.3500000000004,5.80037660411159));
#7166=CARTESIAN_POINT('',(19.7845942234651,39.3500000000004,5.17537660411159));
#7167=CARTESIAN_POINT('Origin',(29.2841381102254,39.3500000000004,6.10037660411163));
#7168=CARTESIAN_POINT('',(29.2841381102254,39.3500000000004,5.50037660411164));
#7169=CARTESIAN_POINT('Origin',(29.2841381102254,39.3500000000004,5.80037660411163));
#7170=CARTESIAN_POINT('Origin',(29.7845942234651,39.3500000000004,5.80037660411164));
#7171=CARTESIAN_POINT('',(29.7845942234651,39.3500000000004,5.17537660411164));
#7172=CARTESIAN_POINT('Origin',(49.7845942234651,39.3500000000005,5.80037660411174));
#7173=CARTESIAN_POINT('',(50.2850503367049,39.3500000000005,4.85037660411172));
#7174=CARTESIAN_POINT('Origin',(50.2850503367049,39.3500000000005,5.80037660411173));
#7175=CARTESIAN_POINT('',(49.2841381102254,39.3500000000005,5.50037660411173));
#7176=CARTESIAN_POINT('',(49.7845942234651,39.3500000000005,5.17537660411174));
#7177=CARTESIAN_POINT('Origin',(49.2841381102254,39.3500000000005,5.80037660411172));
#7178=CARTESIAN_POINT('Origin',(49.2841381102254,39.3500000000005,6.10037660411172));
#7179=CARTESIAN_POINT('Origin',(45.4855064499446,39.3500000000005,5.80037660411171));
#7180=CARTESIAN_POINT('',(44.9850503367049,39.3500000000005,4.85037660411171));
#7181=CARTESIAN_POINT('Origin',(44.9850503367049,39.3500000000005,5.8003766041117));
#7182=CARTESIAN_POINT('',(45.9859625631844,39.3500000000005,5.50037660411171));
#7183=CARTESIAN_POINT('',(45.4855064499446,39.3500000000005,5.17537660411171));
#7184=CARTESIAN_POINT('Origin',(45.9859625631844,39.3500000000005,5.80037660411171));
#7185=CARTESIAN_POINT('Origin',(45.9859625631844,39.3500000000005,5.80037660411171));
#7186=CARTESIAN_POINT('Origin',(25.4855064499446,39.3500000000004,5.80037660411162));
#7187=CARTESIAN_POINT('',(25.9859625631844,39.3500000000004,5.50037660411163));
#7188=CARTESIAN_POINT('',(25.4855064499446,39.3500000000004,5.17537660411162));
#7189=CARTESIAN_POINT('Origin',(25.9859625631844,39.3500000000004,5.80037660411162));
#7190=CARTESIAN_POINT('Origin',(25.9859625631844,39.3500000000004,5.80037660411162));
#7191=CARTESIAN_POINT('Origin',(54.9850503367049,37.8000000000005,5.75037660411175));
#7192=CARTESIAN_POINT('',(54.9850503367049,38.2360404261053,5.23328395936388));
#7193=CARTESIAN_POINT('Origin',(54.9850503367049,39.3500000000005,5.80037660411175));
#7194=CARTESIAN_POINT('',(54.9850503367049,39.4186170479547,2.91030805414906));
#7195=CARTESIAN_POINT('Origin',(44.9850503367049,37.8000000000005,5.7503766041117));
#7196=CARTESIAN_POINT('',(44.9850503367049,38.2360404261052,5.23328395936383));
#7197=CARTESIAN_POINT('Origin',(44.9850503367049,39.3500000000005,5.8003766041117));
#7198=CARTESIAN_POINT('',(44.9850503367049,39.4186170479546,2.91030805414902));
#7199=CARTESIAN_POINT('',(44.9850503367049,40.9000000000005,5.7503766041117));
#7200=CARTESIAN_POINT('Origin',(50.2850503367049,40.9000000000005,5.75037660411173));
#7201=CARTESIAN_POINT('',(50.2850503367049,40.9000000000005,5.75037660411173));
#7202=CARTESIAN_POINT('',(50.2850503367049,38.2360404261053,5.23328395936386));
#7203=CARTESIAN_POINT('',(50.2850503367049,39.73763836314,2.28364351949381));
#7204=CARTESIAN_POINT('Origin',(50.2850503367049,39.3500000000005,5.80037660411173));
#7205=CARTESIAN_POINT('Origin',(44.9850503367049,40.9000000000005,5.7503766041117));
#7206=CARTESIAN_POINT('Origin',(35.1350503367049,40.9000000000004,0.000376604111664847));
#7207=CARTESIAN_POINT('',(35.1350503367049,38.2360404261052,5.23328395936379));
#7208=CARTESIAN_POINT('Origin',(35.1350503367049,40.9000000000004,0.000376604111664847));
#7209=CARTESIAN_POINT('',(35.1350503367049,38.2360404261052,5.23328395936379));
#7210=CARTESIAN_POINT('Origin',(35.1350503367049,39.3500000000004,5.80037660411166));
#7211=CARTESIAN_POINT('Origin',(35.1350503367049,39.3500000000004,5.80037660411166));
#7212=CARTESIAN_POINT('Origin',(35.1350503367049,39.3500000000004,5.80037660411166));
#7213=CARTESIAN_POINT('Origin',(35.1350503367049,39.3500000000004,5.80037660411166));
#7214=CARTESIAN_POINT('Origin',(35.1350503367049,39.3500000000004,5.80037660411166));
#7215=CARTESIAN_POINT('Origin',(42.4350503367035,78.7000000000002,7.40037660411194));
#7216=CARTESIAN_POINT('Origin',(27.8350503367043,78.7000000000001,9.10037660411163));
#7217=CARTESIAN_POINT('Origin',(35.1350503367039,77.7000000000003,8.30037660411167));
#7218=CARTESIAN_POINT('',(39.9350503367037,77.2000000000004,8.30037660411168));
#7219=CARTESIAN_POINT('',(30.335050336704,78.2,8.30037660411164));
#7220=CARTESIAN_POINT('Origin',(30.335050336704,78.7000000000001,9.10037660411164));
#7221=CARTESIAN_POINT('Origin',(39.9350503367037,76.7000000000005,9.10037660411168));
#7222=CARTESIAN_POINT('Origin',(22.1350503367048,53.4000000000004,3.30037660411161));
#7223=CARTESIAN_POINT('',(31.3850503367048,53.4000000000004,3.30037660411165));
#7224=CARTESIAN_POINT('Origin',(48.1350503367048,53.4000000000005,3.30037660411173));
#7225=CARTESIAN_POINT('',(57.3850503367048,53.4000000000005,3.30037660411177));
#7226=CARTESIAN_POINT('Origin',(67.906778343105,50.1176124778244,9.60037660411208));
#7227=CARTESIAN_POINT('',(59.8850503367048,40.9000000000004,11.4777676026263));
#7228=CARTESIAN_POINT('',(60.0591025226846,41.1000000000004,11.6003766041118));
#7229=CARTESIAN_POINT('',(57.0936811039704,37.692491611616,9.51142059884672));
#7230=CARTESIAN_POINT('',(59.8850503367048,40.9000000000004,11.6003766041118));
#7231=CARTESIAN_POINT('',(59.8850503367049,40.9000000000004,9.60037660411201));
#7232=CARTESIAN_POINT('',(61.6578189925775,42.9370541695796,11.6003766041118));
#7233=CARTESIAN_POINT('Origin',(68.2600503367048,57.5250000000005,9.60037660411209));
#7234=CARTESIAN_POINT('',(59.8850503367047,65.9000000000004,11.6003766041118));
#7235=CARTESIAN_POINT('',(68.2600503367048,57.5250000000005,11.6003766041118));
#7236=CARTESIAN_POINT('',(61.0100503367047,64.7750000000005,11.6003766041118));
#7237=CARTESIAN_POINT('',(68.2600503367048,57.5250000000005,9.60037660411209));
#7238=CARTESIAN_POINT('',(68.2600503367048,57.5250000000005,9.60037660411209));
#7239=CARTESIAN_POINT('',(59.8850503367047,65.9000000000004,9.60037660411178));
#7240=CARTESIAN_POINT('',(59.8850503367047,65.9000000000004,9.60037660411202));
#7241=CARTESIAN_POINT('',(59.8850503367048,65.9000000000004,6.60037660411177));
#7242=CARTESIAN_POINT('Origin',(64.1350503367049,53.4000000000005,9.60037660411205));
#7243=CARTESIAN_POINT('',(68.2600503367049,49.2750000000005,11.6003766041118));
#7244=CARTESIAN_POINT('Origin',(64.1350503367048,53.4000000000005,11.6003766041119));
#7245=CARTESIAN_POINT('',(68.2600503367049,49.2750000000005,9.60037660411209));
#7246=CARTESIAN_POINT('',(68.2600503367049,49.2750000000005,9.60037660411209));
#7247=CARTESIAN_POINT('Origin',(64.1350503367049,53.4000000000005,9.60037660411205));
#7248=CARTESIAN_POINT('Origin',(59.8850503367049,40.9000000000004,9.60037660411201));
#7249=CARTESIAN_POINT('',(56.8225503367048,37.8375000000004,11.6003766041118));
#7250=CARTESIAN_POINT('',(59.8850503367049,40.9000000000004,9.60037660411176));
#7251=CARTESIAN_POINT('',(59.8850503367049,40.9000000000004,6.60037660411176));
#7252=CARTESIAN_POINT('',(59.8850503367049,40.9000000000004,9.60037660411201));
#7253=CARTESIAN_POINT('Origin',(10.3850503367048,40.9000000000003,9.60037660411158));
#7254=CARTESIAN_POINT('',(10.210998150725,41.1000000000003,11.6003766041115));
#7255=CARTESIAN_POINT('',(10.3850503367048,40.9000000000003,11.4777676026261));
#7256=CARTESIAN_POINT('',(14.2657558928176,36.4407563148185,8.7440505245247));
#7257=CARTESIAN_POINT('',(10.3850503367048,40.9000000000003,11.6003766041115));
#7258=CARTESIAN_POINT('',(12.6231456840323,38.3282479306674,11.6003766041116));
#7259=CARTESIAN_POINT('',(10.3850503367048,40.9000000000003,9.60037660411158));
#7260=CARTESIAN_POINT('Origin',(2.01005033670481,49.2750000000002,9.60037660411151));
#7261=CARTESIAN_POINT('',(2.0100503367048,49.2750000000002,11.6003766041115));
#7262=CARTESIAN_POINT('',(9.26005033670484,42.0250000000003,11.6003766041115));
#7263=CARTESIAN_POINT('',(2.01005033670481,49.2750000000002,9.60037660411151));
#7264=CARTESIAN_POINT('',(2.01005033670481,49.2750000000002,9.60037660411151));
#7265=CARTESIAN_POINT('',(10.3850503367048,40.9000000000003,9.60037660411155));
#7266=CARTESIAN_POINT('',(10.3850503367048,40.9000000000003,9.60037660411158));
#7267=CARTESIAN_POINT('',(10.3850503367049,40.9000000000003,6.60037660411155));
#7268=CARTESIAN_POINT('Origin',(6.1350503367048,53.4000000000003,9.60037660411154));
#7269=CARTESIAN_POINT('',(2.01005033670476,57.5250000000002,11.6003766041115));
#7270=CARTESIAN_POINT('Origin',(6.13505033670478,53.4000000000003,11.6003766041114));
#7271=CARTESIAN_POINT('',(2.01005033670478,57.5250000000002,9.60037660411151));
#7272=CARTESIAN_POINT('',(2.01005033670478,57.5250000000002,9.60037660411151));
#7273=CARTESIAN_POINT('Origin',(6.1350503367048,53.4000000000003,9.60037660411154));
#7274=CARTESIAN_POINT('Origin',(10.3850503367047,65.9000000000003,9.60037660411158));
#7275=CARTESIAN_POINT('',(10.3850503367047,65.9000000000003,11.6003766041115));
#7276=CARTESIAN_POINT('',(13.4475503367047,68.9625000000003,11.6003766041116));
#7277=CARTESIAN_POINT('',(10.3850503367047,65.9000000000003,9.60037660411156));
#7278=CARTESIAN_POINT('',(10.3850503367048,65.9000000000003,6.60037660411155));
#7279=CARTESIAN_POINT('',(10.3850503367047,65.9000000000003,9.60037660411158));
#7280=CARTESIAN_POINT('Origin',(40.435050336704,76.9000000000005,10.6003766041117));
#7281=CARTESIAN_POINT('',(29.835050336704,76.9000000000004,10.6003766041116));
#7282=CARTESIAN_POINT('',(40.435050336704,76.9000000000004,10.6003766041117));
#7283=CARTESIAN_POINT('',(40.435050336704,76.9000000000004,10.6003766041117));
#7284=CARTESIAN_POINT('',(29.835050336704,76.9000000000004,9.20037660411164));
#7285=CARTESIAN_POINT('',(29.835050336704,76.9000000000004,10.6003766041116));
#7286=CARTESIAN_POINT('',(30.3350503367041,76.9000000000004,9.20037660411165));
#7287=CARTESIAN_POINT('',(37.7850503367039,76.9000000000004,9.20037660411167));
#7288=CARTESIAN_POINT('',(30.3350503367041,76.9000000000004,10.0003766041116));
#7289=CARTESIAN_POINT('',(30.3350503367041,76.9000000000004,10.6003766041116));
#7290=CARTESIAN_POINT('',(39.9350503367037,76.9000000000004,10.0003766041117));
#7291=CARTESIAN_POINT('',(37.7850503367039,76.9000000000004,10.0003766041117));
#7292=CARTESIAN_POINT('',(39.9350503367037,76.9000000000004,9.20037660411168));
#7293=CARTESIAN_POINT('',(39.9350503367037,76.9000000000004,10.6003766041117));
#7294=CARTESIAN_POINT('',(40.435050336704,76.9000000000004,9.20037660411169));
#7295=CARTESIAN_POINT('',(37.7850503367039,76.9000000000004,9.20037660411167));
#7296=CARTESIAN_POINT('',(40.435050336704,76.9000000000004,10.6003766041117));
#7297=CARTESIAN_POINT('Origin',(39.9350503367037,76.7000000000004,10.6003766041117));
#7298=CARTESIAN_POINT('',(39.9350503367037,78.7000000000001,10.0003766041117));
#7299=CARTESIAN_POINT('',(39.9350503367038,72.5750000000003,10.0003766041117));
#7300=CARTESIAN_POINT('',(39.9350503367037,78.7000000000001,9.20037660411168));
#7301=CARTESIAN_POINT('',(39.9350503367037,78.7000000000001,10.6003766041117));
#7302=CARTESIAN_POINT('',(39.9350503367037,76.7000000000004,9.20037660411168));
#7303=CARTESIAN_POINT('Origin',(44.1350503367036,63.9000000000004,5.85037660411171));
#7304=CARTESIAN_POINT('',(44.1350503367036,64.7000000000004,5.85037660411171));
#7305=CARTESIAN_POINT('',(44.1350503367038,63.9000000000004,5.85037660411171));
#7306=CARTESIAN_POINT('',(44.1350503367038,60.9750000000004,5.85037660411171));
#7307=CARTESIAN_POINT('',(44.1350503367036,64.7000000000004,4.45037660411171));
#7308=CARTESIAN_POINT('',(44.1350503367036,64.7000000000004,5.85037660411171));
#7309=CARTESIAN_POINT('',(44.1350503367035,63.9000000000004,4.45037660411171));
#7310=CARTESIAN_POINT('',(44.1350503367036,58.6500000000005,4.45037660411171));
#7311=CARTESIAN_POINT('',(44.1350503367036,63.9000000000004,6.72537660411167));
#7312=CARTESIAN_POINT('Origin',(35.1350503367046,53.4000000000004,4.45037660411163));
#7313=CARTESIAN_POINT('',(58.6850503367045,64.7000000000005,4.45037660411184));
#7314=CARTESIAN_POINT('',(55.8850503367045,64.7000000000005,4.45037660411181));
#7315=CARTESIAN_POINT('',(58.6850503367046,42.1000000000005,4.45037660411183));
#7316=CARTESIAN_POINT('',(58.6850503367045,61.9000000000005,4.45037660411184));
#7317=CARTESIAN_POINT('',(11.5850503367046,42.1000000000003,4.45037660411142));
#7318=CARTESIAN_POINT('',(55.8850503367046,42.1000000000005,4.45037660411181));
#7319=CARTESIAN_POINT('',(11.5850503367045,64.7000000000003,4.45037660411142));
#7320=CARTESIAN_POINT('',(11.5850503367046,44.9000000000003,4.45037660411142));
#7321=CARTESIAN_POINT('',(26.1350503367041,64.7000000000003,4.45037660411155));
#7322=CARTESIAN_POINT('',(14.3850503367006,64.7000000000003,4.45037660411145));
#7323=CARTESIAN_POINT('',(26.1350503367041,63.9000000000003,4.45037660411155));
#7324=CARTESIAN_POINT('',(26.1350503367043,59.0500000000003,4.45037660411155));
#7325=CARTESIAN_POINT('',(12.3850503367045,63.9000000000003,4.45037660411143));
#7326=CARTESIAN_POINT('',(27.1350503367041,63.9000000000003,4.45037660411156));
#7327=CARTESIAN_POINT('',(12.3850503367046,42.9000000000003,4.45037660411142));
#7328=CARTESIAN_POINT('',(12.3850503367045,63.9000000000003,4.45037660411143));
#7329=CARTESIAN_POINT('',(57.8850503367046,42.9000000000005,4.45037660411183));
#7330=CARTESIAN_POINT('',(12.3850503367046,42.9000000000003,4.45037660411142));
#7331=CARTESIAN_POINT('',(57.8850503367045,63.9000000000005,4.45037660411183));
#7332=CARTESIAN_POINT('',(57.8850503367046,42.9000000000005,4.45037660411183));
#7333=CARTESIAN_POINT('',(57.8850503367045,63.9000000000005,4.45037660411183));
#7334=CARTESIAN_POINT('Origin',(43.1350503367035,64.7000000000004,5.8503766041117));
#7335=CARTESIAN_POINT('',(58.6850503367045,64.7000000000005,5.85037660411184));
#7336=CARTESIAN_POINT('',(39.1350503367042,64.7000000000004,5.85037660411167));
#7337=CARTESIAN_POINT('',(58.6850503367045,64.7000000000005,5.85037660411184));
#7338=CARTESIAN_POINT('Origin',(26.1350503367043,64.7000000000003,5.85037660411155));
#7339=CARTESIAN_POINT('',(26.1350503367043,63.9000000000003,5.85037660411162));
#7340=CARTESIAN_POINT('',(26.1350503367041,64.7000000000003,5.85037660411155));
#7341=CARTESIAN_POINT('',(26.1350503367043,60.9750000000002,5.85037660411162));
#7342=CARTESIAN_POINT('',(26.1350503367043,63.9000000000003,6.72537660411159));
#7343=CARTESIAN_POINT('',(26.1350503367043,64.7000000000003,5.85037660411155));
#7344=CARTESIAN_POINT('Origin',(11.5850503367045,64.7000000000003,5.85037660411142));
#7345=CARTESIAN_POINT('',(11.5850503367045,64.7000000000003,5.85037660411142));
#7346=CARTESIAN_POINT('',(11.5850503367045,64.7000000000003,5.85037660411142));
#7347=CARTESIAN_POINT('',(23.3600503367047,64.7000000000003,5.85037660411162));
#7348=CARTESIAN_POINT('Origin',(11.5850503367046,42.1000000000003,5.85037660411142));
#7349=CARTESIAN_POINT('',(11.5850503367046,42.1000000000003,5.85037660411142));
#7350=CARTESIAN_POINT('',(11.5850503367046,50.9500000000002,5.85037660411155));
#7351=CARTESIAN_POINT('',(11.5850503367046,42.1000000000003,5.85037660411142));
#7352=CARTESIAN_POINT('Origin',(58.6850503367046,42.1000000000005,5.85037660411183));
#7353=CARTESIAN_POINT('',(58.6850503367046,42.1000000000005,5.85037660411183));
#7354=CARTESIAN_POINT('',(46.9100503367048,42.1000000000004,5.85037660411171));
#7355=CARTESIAN_POINT('',(58.6850503367046,42.1000000000005,5.85037660411183));
#7356=CARTESIAN_POINT('Origin',(58.6850503367045,64.7000000000005,5.85037660411184));
#7357=CARTESIAN_POINT('',(58.6850503367045,62.2500000000004,5.85037660411177));
#7358=CARTESIAN_POINT('Origin',(6.13505033670478,53.4000000000003,11.5003766041115));
#7359=CARTESIAN_POINT('',(4.13505033670478,53.4000000000002,11.4003766041115));
#7360=CARTESIAN_POINT('Origin',(6.13505033670478,53.4000000000003,11.4003766041115));
#7361=CARTESIAN_POINT('',(3.93505033670478,53.4000000000002,11.6003766041115));
#7362=CARTESIAN_POINT('',(4.03505033670478,53.4000000000003,11.5003766041115));
#7363=CARTESIAN_POINT('Origin',(6.13505033670478,53.4000000000003,11.6003766041115));
#7364=CARTESIAN_POINT('Origin',(35.1350503367048,59.8000000000002,11.6003766041117));
#7365=CARTESIAN_POINT('',(47.5100503367048,41.1000000000004,11.6003766041117));
#7366=CARTESIAN_POINT('',(46.3163193710952,65.9000000000004,11.6003766041117));
#7367=CARTESIAN_POINT('',(35.1350503367047,65.9000000000004,11.6003766041117));
#7368=CARTESIAN_POINT('',(46.3163193710952,78.7000000000001,11.6003766041117));
#7369=CARTESIAN_POINT('',(46.3163193710953,69.2500000000002,11.6003766041117));
#7370=CARTESIAN_POINT('',(23.953781302313,78.7,11.6003766041116));
#7371=CARTESIAN_POINT('',(43.6350503367037,78.7000000000001,11.6003766041102));
#7372=CARTESIAN_POINT('',(23.953781302313,65.9000000000003,11.6003766041116));
#7373=CARTESIAN_POINT('',(23.953781302313,69.2500000000001,11.6003766041116));
#7374=CARTESIAN_POINT('',(35.1350503367047,65.9000000000004,11.6003766041117));
#7375=CARTESIAN_POINT('',(61.9350503367048,53.4000000000005,11.6003766041118));
#7376=CARTESIAN_POINT('Origin',(64.1350503367048,53.4000000000005,11.6003766041118));
#7377=CARTESIAN_POINT('Origin',(6.1350503367048,53.4000000000003,6.60037660411153));
#7378=CARTESIAN_POINT('',(4.13505033670479,53.4000000000002,9.60037660411152));
#7379=CARTESIAN_POINT('Origin',(6.13505033670479,53.4000000000003,9.60037660411153));
#7380=CARTESIAN_POINT('',(4.1350503367048,53.4000000000003,6.60037660411152));
#7381=CARTESIAN_POINT('Origin',(64.1350503367048,53.4000000000005,11.5003766041118));
#7382=CARTESIAN_POINT('',(62.1350503367048,53.4000000000004,11.4003766041118));
#7383=CARTESIAN_POINT('Origin',(64.1350503367048,53.4000000000005,11.4003766041118));
#7384=CARTESIAN_POINT('',(62.0350503367048,53.4000000000005,11.5003766041118));
#7385=CARTESIAN_POINT('Origin',(64.1350503367048,53.4000000000005,6.60037660411178));
#7386=CARTESIAN_POINT('',(62.1350503367047,53.4000000000004,9.60037660411178));
#7387=CARTESIAN_POINT('Origin',(64.1350503367049,53.4000000000005,9.60037660411179));
#7388=CARTESIAN_POINT('',(62.1350503367048,53.4000000000005,6.60037660411177));
#7389=CARTESIAN_POINT('Origin',(47.5100503367048,40.9546325884206,11.5112598382001));
#7390=CARTESIAN_POINT('',(15.2850503367048,40.9000000000002,11.4777676026261));
#7391=CARTESIAN_POINT('',(31.3975503367048,40.9000000000004,11.4777676026262));
#7392=CARTESIAN_POINT('',(15.2850503367048,40.8092651768406,11.4221430722883));
#7393=CARTESIAN_POINT('',(15.2850503367049,38.6563707613948,10.1023218993817));
#7394=CARTESIAN_POINT('',(19.9850503367048,40.8092651768406,11.4221430722884));
#7395=CARTESIAN_POINT('',(53.6975503367048,40.8092651768408,11.4221430722885));
#7396=CARTESIAN_POINT('',(19.9850503367048,40.9000000000003,11.4777676026262));
#7397=CARTESIAN_POINT('',(19.9850503367048,39.673579078441,10.7259163796601));
#7398=CARTESIAN_POINT('',(25.2850503367048,40.9000000000003,11.4777676026262));
#7399=CARTESIAN_POINT('',(36.3975503367048,40.9000000000003,11.4777676026262));
#7400=CARTESIAN_POINT('',(25.2850503367048,40.8092651768406,11.4221430722884));
#7401=CARTESIAN_POINT('',(25.2850503367049,38.6563707613949,10.1023218993817));
#7402=CARTESIAN_POINT('',(29.9850503367048,40.8092651768407,11.4221430722884));
#7403=CARTESIAN_POINT('',(53.6975503367048,40.8092651768408,11.4221430722885));
#7404=CARTESIAN_POINT('',(29.9850503367048,40.9000000000004,11.4777676026262));
#7405=CARTESIAN_POINT('',(29.9850503367048,39.673579078441,10.7259163796601));
#7406=CARTESIAN_POINT('',(35.2850503367048,40.9000000000003,11.4777676026262));
#7407=CARTESIAN_POINT('',(41.3975503367048,40.9000000000004,11.4777676026263));
#7408=CARTESIAN_POINT('',(35.2850503367048,40.8092651768407,11.4221430722884));
#7409=CARTESIAN_POINT('',(35.2850503367049,38.656370761395,10.1023218993817));
#7410=CARTESIAN_POINT('',(39.9850503367048,40.8092651768408,11.4221430722884));
#7411=CARTESIAN_POINT('',(53.6975503367048,40.8092651768408,11.4221430722885));
#7412=CARTESIAN_POINT('',(39.9850503367048,40.9000000000004,11.4777676026263));
#7413=CARTESIAN_POINT('',(39.9850503367048,39.6735790784411,10.7259163796602));
#7414=CARTESIAN_POINT('',(45.2850503367048,40.9000000000004,11.4777676026263));
#7415=CARTESIAN_POINT('',(46.3975503367048,40.9000000000004,11.4777676026263));
#7416=CARTESIAN_POINT('',(45.2850503367048,40.8092651768407,11.4221430722885));
#7417=CARTESIAN_POINT('',(45.2850503367049,38.656370761395,10.1023218993818));
#7418=CARTESIAN_POINT('',(49.9850503367048,40.8092651768408,11.4221430722885));
#7419=CARTESIAN_POINT('',(53.6975503367048,40.8092651768408,11.4221430722885));
#7420=CARTESIAN_POINT('',(49.9850503367048,40.9000000000004,11.4777676026263));
#7421=CARTESIAN_POINT('',(49.9850503367049,39.6735790784412,10.7259163796602));
#7422=CARTESIAN_POINT('',(55.2850503367048,40.9000000000005,11.4777676026263));
#7423=CARTESIAN_POINT('',(51.3975503367048,40.9000000000005,11.4777676026263));
#7424=CARTESIAN_POINT('',(55.2850503367048,40.8092651768408,11.4221430722885));
#7425=CARTESIAN_POINT('',(55.2850503367049,38.6563707613951,10.1023218993818));
#7426=CARTESIAN_POINT('',(59.8850503367048,40.8092651768408,11.4221430722885));
#7427=CARTESIAN_POINT('',(47.5100503367048,40.8092651768407,11.4221430722885));
#7428=CARTESIAN_POINT('',(59.8850503367048,49.1489281530441,16.5347318234746));
#7429=CARTESIAN_POINT('Origin',(29.9850503367049,40.9000000000004,5.85037660411163));
#7430=CARTESIAN_POINT('',(29.9850503367049,38.2360404261051,6.3674692488595));
#7431=CARTESIAN_POINT('',(29.9850503367049,38.4056585761922,6.70065601110348));
#7432=CARTESIAN_POINT('',(29.9850503367049,38.1010004003207,5.85037660411166));
#7433=CARTESIAN_POINT('Origin',(29.9850503367049,39.3500000000004,5.80037660411163));
#7434=CARTESIAN_POINT('',(29.9850503367049,38.1010004003207,5.75037660411161));
#7435=CARTESIAN_POINT('',(29.9850503367049,38.1010004003207,5.85037660411163));
#7436=CARTESIAN_POINT('',(29.9850503367049,40.5989995996801,5.85037660411163));
#7437=CARTESIAN_POINT('Origin',(29.9850503367049,39.3500000000004,5.80037660411163));
#7438=CARTESIAN_POINT('',(29.9850503367049,40.9000000000004,5.85037660411163));
#7439=CARTESIAN_POINT('',(29.9850503367048,50.3500000000003,5.85037660411163));
#7440=CARTESIAN_POINT('',(29.9850503367049,40.9000000000004,5.85037660411163));
#7441=CARTESIAN_POINT('',(29.9850503367049,39.3500000000004,6.73440882007777));
#7442=CARTESIAN_POINT('Origin',(29.9850503367049,39.3500000000004,5.80037660411163));
#7443=CARTESIAN_POINT('Origin',(59.8850503367049,38.2360404261052,6.36746924885962));
#7444=CARTESIAN_POINT('',(25.2850503367049,38.2360404261051,6.36746924885948));
#7445=CARTESIAN_POINT('',(25.2850503367049,38.1176132428073,6.13483866218944));
#7446=CARTESIAN_POINT('',(59.8850503367049,38.2360404261052,6.36746924885962));
#7447=CARTESIAN_POINT('Origin',(25.2850503367049,38.1010004003206,5.85037660411161));
#7448=CARTESIAN_POINT('',(25.2850503367049,40.9000000000003,5.85037660411161));
#7449=CARTESIAN_POINT('',(25.2850503367049,40.9000000000003,5.85037660411161));
#7450=CARTESIAN_POINT('',(25.2850503367049,40.59899959968,5.85037660411161));
#7451=CARTESIAN_POINT('',(25.2850503367048,48.9505002001604,5.85037660411162));
#7452=CARTESIAN_POINT('',(25.2850503367049,38.1010004003206,5.75037660411159));
#7453=CARTESIAN_POINT('Origin',(25.2850503367049,39.3500000000003,5.80037660411161));
#7454=CARTESIAN_POINT('',(25.2850503367049,38.1010004003206,5.85037660411163));
#7455=CARTESIAN_POINT('',(25.2850503367049,38.1010004003206,5.85037660411161));
#7456=CARTESIAN_POINT('Origin',(25.2850503367049,39.3500000000003,5.80037660411161));
#7457=CARTESIAN_POINT('',(25.2850503367049,39.3500000000003,6.73440882007775));
#7458=CARTESIAN_POINT('Origin',(25.2850503367049,39.3500000000003,5.80037660411161));
#7459=CARTESIAN_POINT('Origin',(25.2850503367049,40.9000000000003,5.85037660411161));
#7460=CARTESIAN_POINT('',(19.9850503367049,40.9000000000003,5.85037660411158));
#7461=CARTESIAN_POINT('',(19.9850503367049,40.9000000000003,5.85037660411158));
#7462=CARTESIAN_POINT('',(30.2100503367049,40.9000000000004,5.85037660411163));
#7463=CARTESIAN_POINT('Origin',(19.9850503367049,40.9000000000003,5.85037660411158));
#7464=CARTESIAN_POINT('',(19.9850503367049,38.2360404261051,6.36746924885945));
#7465=CARTESIAN_POINT('',(19.9850503367049,38.4056585761922,6.70065601110343));
#7466=CARTESIAN_POINT('',(19.9850503367049,38.1010004003207,5.85037660411161));
#7467=CARTESIAN_POINT('Origin',(19.9850503367049,39.3500000000003,5.80037660411159));
#7468=CARTESIAN_POINT('',(19.9850503367049,38.1010004003207,5.75037660411156));
#7469=CARTESIAN_POINT('',(19.9850503367049,38.1010004003207,5.85037660411158));
#7470=CARTESIAN_POINT('',(19.9850503367049,40.59899959968,5.85037660411158));
#7471=CARTESIAN_POINT('Origin',(19.9850503367049,39.3500000000003,5.80037660411159));
#7472=CARTESIAN_POINT('',(19.9850503367048,50.3500000000002,5.85037660411158));
#7473=CARTESIAN_POINT('',(19.9850503367049,39.3500000000003,6.73440882007773));
#7474=CARTESIAN_POINT('Origin',(19.9850503367049,39.3500000000003,5.80037660411159));
#7475=CARTESIAN_POINT('Origin',(59.8850503367049,38.2360404261052,6.36746924885962));
#7476=CARTESIAN_POINT('',(15.2850503367049,38.236040426105,6.36746924885943));
#7477=CARTESIAN_POINT('',(15.2850503367049,38.1176132428073,6.13483866218939));
#7478=CARTESIAN_POINT('',(59.8850503367049,38.2360404261052,6.36746924885962));
#7479=CARTESIAN_POINT('Origin',(15.2850503367049,38.1010004003206,5.85037660411156));
#7480=CARTESIAN_POINT('',(15.2850503367049,40.9000000000002,5.85037660411156));
#7481=CARTESIAN_POINT('',(15.2850503367049,40.9000000000002,5.85037660411157));
#7482=CARTESIAN_POINT('',(15.2850503367049,40.5989995996799,5.85037660411156));
#7483=CARTESIAN_POINT('',(15.2850503367048,48.9505002001603,5.85037660411157));
#7484=CARTESIAN_POINT('',(15.2850503367049,38.1010004003206,5.75037660411155));
#7485=CARTESIAN_POINT('Origin',(15.2850503367049,39.3500000000003,5.80037660411156));
#7486=CARTESIAN_POINT('',(15.2850503367049,38.1010004003206,5.85037660411159));
#7487=CARTESIAN_POINT('',(15.2850503367049,38.1010004003206,5.85037660411156));
#7488=CARTESIAN_POINT('Origin',(15.2850503367049,39.3500000000003,5.80037660411156));
#7489=CARTESIAN_POINT('',(15.2850503367049,39.3500000000003,6.73440882007771));
#7490=CARTESIAN_POINT('Origin',(15.2850503367049,39.3500000000003,5.80037660411156));
#7491=CARTESIAN_POINT('Origin',(15.2850503367049,40.9000000000002,5.85037660411157));
#7492=CARTESIAN_POINT('',(10.3850503367049,40.9000000000003,5.85037660411155));
#7493=CARTESIAN_POINT('',(10.3850503367049,40.9000000000003,6.72537660411155));
#7494=CARTESIAN_POINT('',(25.2100503367049,40.9000000000003,5.85037660411161));
#7495=CARTESIAN_POINT('Origin',(59.8850503367048,65.9000000000005,7.60037660411177));
#7496=CARTESIAN_POINT('',(59.8850503367049,38.2360404261052,6.36746924885962));
#7497=CARTESIAN_POINT('',(59.8850503367048,40.9000000000004,11.6003766041118));
#7498=CARTESIAN_POINT('',(59.8850503367049,38.1010004003208,5.85037660411178));
#7499=CARTESIAN_POINT('Origin',(59.8850503367049,39.3500000000005,5.80037660411176));
#7500=CARTESIAN_POINT('',(59.8850503367049,38.1010004003208,5.75037660411174));
#7501=CARTESIAN_POINT('',(59.8850503367049,38.1010004003208,6.72537660411176));
#7502=CARTESIAN_POINT('',(59.8850503367049,40.5989995996801,5.85037660411176));
#7503=CARTESIAN_POINT('Origin',(59.8850503367049,39.3500000000005,5.80037660411176));
#7504=CARTESIAN_POINT('',(59.8850503367048,65.9000000000004,5.85037660411178));
#7505=CARTESIAN_POINT('',(59.8850503367048,62.8500000000004,5.85037660411178));
#7506=CARTESIAN_POINT('',(59.8850503367048,65.9000000000004,6.60037660411177));
#7507=CARTESIAN_POINT('',(59.8850503367048,59.6500000000004,9.60037660411178));
#7508=CARTESIAN_POINT('Origin',(25.5605064499446,39.3500000000003,5.80037660411161));
#7509=CARTESIAN_POINT('',(26.1359625631844,39.3500000000003,6.18181995905737));
#7510=CARTESIAN_POINT('Origin',(26.1359625631844,39.3500000000003,5.80037660411162));
#7511=CARTESIAN_POINT('',(25.5605064499446,39.3500000000003,6.55552552854719));
#7512=CARTESIAN_POINT('Origin',(26.1359625631844,39.3500000000003,5.80037660411162));
#7513=CARTESIAN_POINT('Origin',(39.1341381102254,39.3500000000005,5.41893324916591));
#7514=CARTESIAN_POINT('',(39.1341381102254,39.3500000000005,6.18181995905743));
#7515=CARTESIAN_POINT('Origin',(39.1341381102254,39.3500000000005,5.80037660411168));
#7516=CARTESIAN_POINT('Origin',(39.7095942234651,39.3500000000004,5.80037660411168));
#7517=CARTESIAN_POINT('',(39.9850503367049,39.3500000000004,6.73440882007783));
#7518=CARTESIAN_POINT('',(39.7095942234651,39.3500000000004,6.55552552854725));
#7519=CARTESIAN_POINT('Origin',(39.9850503367049,39.3500000000004,5.80037660411168));
#7520=CARTESIAN_POINT('Origin',(45.5605064499446,39.3500000000004,5.8003766041117));
#7521=CARTESIAN_POINT('',(46.1359625631844,39.3500000000004,6.18181995905746));
#7522=CARTESIAN_POINT('Origin',(46.1359625631844,39.3500000000004,5.8003766041117));
#7523=CARTESIAN_POINT('',(45.2850503367049,39.3500000000004,6.73440882007784));
#7524=CARTESIAN_POINT('',(45.5605064499446,39.3500000000004,6.55552552854727));
#7525=CARTESIAN_POINT('Origin',(45.2850503367049,39.3500000000004,5.80037660411171));
#7526=CARTESIAN_POINT('Origin',(46.1359625631844,39.3500000000004,5.8003766041117));
#7527=CARTESIAN_POINT('Origin',(29.1341381102254,39.3500000000004,5.41893324916586));
#7528=CARTESIAN_POINT('',(29.1341381102254,39.3500000000004,6.18181995905738));
#7529=CARTESIAN_POINT('Origin',(29.1341381102254,39.3500000000004,5.80037660411163));
#7530=CARTESIAN_POINT('Origin',(29.7095942234651,39.3500000000004,5.80037660411163));
#7531=CARTESIAN_POINT('',(29.7095942234651,39.3500000000004,6.5555255285472));
#7532=CARTESIAN_POINT('Origin',(15.5605064499446,39.3500000000003,5.80037660411156));
#7533=CARTESIAN_POINT('',(16.1359625631844,39.3500000000003,6.18181995905733));
#7534=CARTESIAN_POINT('Origin',(16.1359625631844,39.3500000000003,5.80037660411157));
#7535=CARTESIAN_POINT('',(15.5605064499446,39.3500000000003,6.55552552854714));
#7536=CARTESIAN_POINT('Origin',(16.1359625631844,39.3500000000003,5.80037660411157));
#7537=CARTESIAN_POINT('Origin',(35.5605064499446,39.3500000000004,5.80037660411165));
#7538=CARTESIAN_POINT('',(36.1359625631844,39.3500000000004,6.18181995905741));
#7539=CARTESIAN_POINT('Origin',(36.1359625631844,39.3500000000004,5.80037660411165));
#7540=CARTESIAN_POINT('',(35.2850503367049,39.3500000000004,6.73440882007781));
#7541=CARTESIAN_POINT('',(35.5605064499446,39.3500000000004,6.55552552854723));
#7542=CARTESIAN_POINT('Origin',(35.2850503367049,39.3500000000004,5.80037660411165));
#7543=CARTESIAN_POINT('Origin',(36.1359625631844,39.3500000000004,5.80037660411165));
#7544=CARTESIAN_POINT('Origin',(49.1341381102254,39.3500000000004,5.41893324916596));
#7545=CARTESIAN_POINT('',(49.1341381102254,39.3500000000004,6.18181995905747));
#7546=CARTESIAN_POINT('Origin',(49.1341381102254,39.3500000000004,5.80037660411172));
#7547=CARTESIAN_POINT('Origin',(49.7095942234651,39.3500000000004,5.80037660411171));
#7548=CARTESIAN_POINT('',(49.9850503367049,39.3500000000004,6.73440882007787));
#7549=CARTESIAN_POINT('',(49.7095942234651,39.3500000000004,6.55552552854729));
#7550=CARTESIAN_POINT('Origin',(49.9850503367049,39.3500000000004,5.80037660411171));
#7551=CARTESIAN_POINT('Origin',(55.5605064499446,39.3500000000005,5.80037660411174));
#7552=CARTESIAN_POINT('',(56.1359625631844,39.3500000000005,6.1818199590575));
#7553=CARTESIAN_POINT('Origin',(56.1359625631844,39.3500000000005,5.80037660411175));
#7554=CARTESIAN_POINT('',(55.2850503367049,39.3500000000005,6.73440882007788));
#7555=CARTESIAN_POINT('',(55.5605064499446,39.3500000000005,6.55552552854732));
#7556=CARTESIAN_POINT('Origin',(55.2850503367049,39.3500000000005,5.80037660411174));
#7557=CARTESIAN_POINT('Origin',(56.1359625631844,39.3500000000005,5.80037660411175));
#7558=CARTESIAN_POINT('Origin',(19.1341381102254,39.3500000000003,5.41893324916581));
#7559=CARTESIAN_POINT('',(19.1341381102254,39.3500000000003,6.18181995905734));
#7560=CARTESIAN_POINT('Origin',(19.1341381102254,39.3500000000003,5.80037660411158));
#7561=CARTESIAN_POINT('Origin',(19.7095942234651,39.3500000000003,5.80037660411159));
#7562=CARTESIAN_POINT('',(19.7095942234651,39.3500000000003,6.55552552854717));
#7563=CARTESIAN_POINT('Origin',(59.8850503367049,38.1010004003208,5.85037660411176));
#7564=CARTESIAN_POINT('',(55.2850503367049,38.1010004003208,5.85037660411176));
#7565=CARTESIAN_POINT('',(59.8850503367049,38.1010004003208,5.85037660411178));
#7566=CARTESIAN_POINT('',(55.2850503367049,38.1010004003208,5.75037660411172));
#7567=CARTESIAN_POINT('',(55.2850503367049,38.1010004003208,5.85037660411174));
#7568=CARTESIAN_POINT('',(59.8850503367049,38.1010004003208,5.75037660411174));
#7569=CARTESIAN_POINT('Origin',(55.2850503367049,38.1010004003208,5.85037660411174));
#7570=CARTESIAN_POINT('',(55.2850503367049,40.9000000000005,5.85037660411174));
#7571=CARTESIAN_POINT('',(55.2850503367049,40.9000000000005,5.85037660411174));
#7572=CARTESIAN_POINT('',(55.2850503367049,40.5989995996802,5.85037660411173));
#7573=CARTESIAN_POINT('',(55.2850503367048,48.9505002001606,5.85037660411174));
#7574=CARTESIAN_POINT('Origin',(55.2850503367049,39.3500000000005,5.80037660411174));
#7575=CARTESIAN_POINT('',(55.2850503367049,38.2360404261052,6.3674692488596));
#7576=CARTESIAN_POINT('Origin',(55.2850503367049,39.3500000000005,5.80037660411174));
#7577=CARTESIAN_POINT('',(55.2850503367049,38.1176132428075,6.13483866218957));
#7578=CARTESIAN_POINT('Origin',(29.9850503367049,38.1010004003207,5.85037660411163));
#7579=CARTESIAN_POINT('',(59.8850503367049,38.1010004003208,5.85037660411178));
#7580=CARTESIAN_POINT('',(59.8850503367049,38.1010004003208,5.75037660411174));
#7581=CARTESIAN_POINT('Origin',(35.2850503367049,40.9000000000004,5.85037660411166));
#7582=CARTESIAN_POINT('',(35.2850503367049,40.9000000000003,5.85037660411165));
#7583=CARTESIAN_POINT('',(35.2100503367049,40.9000000000004,5.85037660411165));
#7584=CARTESIAN_POINT('',(35.2850503367049,40.9000000000003,5.85037660411166));
#7585=CARTESIAN_POINT('Origin',(35.2850503367049,38.1010004003207,5.85037660411165));
#7586=CARTESIAN_POINT('',(35.2850503367049,40.5989995996801,5.85037660411165));
#7587=CARTESIAN_POINT('',(35.2850503367048,48.9505002001604,5.85037660411166));
#7588=CARTESIAN_POINT('',(35.2850503367049,38.1010004003207,5.75037660411164));
#7589=CARTESIAN_POINT('Origin',(35.2850503367049,39.3500000000004,5.80037660411165));
#7590=CARTESIAN_POINT('',(35.2850503367049,38.1010004003207,5.85037660411168));
#7591=CARTESIAN_POINT('',(35.2850503367049,38.1010004003207,5.85037660411165));
#7592=CARTESIAN_POINT('',(35.2850503367049,38.2360404261051,6.36746924885952));
#7593=CARTESIAN_POINT('Origin',(35.2850503367049,39.3500000000004,5.80037660411165));
#7594=CARTESIAN_POINT('',(35.2850503367049,38.1176132428074,6.13483866218948));
#7595=CARTESIAN_POINT('Origin',(39.9850503367049,38.1010004003208,5.85037660411168));
#7596=CARTESIAN_POINT('',(39.9850503367049,38.1010004003208,5.8503766041117));
#7597=CARTESIAN_POINT('',(59.8850503367049,38.1010004003208,5.85037660411178));
#7598=CARTESIAN_POINT('',(39.9850503367049,38.1010004003208,5.75037660411166));
#7599=CARTESIAN_POINT('',(59.8850503367049,38.1010004003208,5.75037660411174));
#7600=CARTESIAN_POINT('',(39.9850503367049,38.1010004003208,5.85037660411168));
#7601=CARTESIAN_POINT('Origin',(39.9850503367049,40.9000000000004,5.85037660411168));
#7602=CARTESIAN_POINT('',(39.9850503367049,38.2360404261052,6.36746924885954));
#7603=CARTESIAN_POINT('',(39.9850503367049,38.4056585761923,6.70065601110352));
#7604=CARTESIAN_POINT('Origin',(39.9850503367049,39.3500000000005,5.80037660411168));
#7605=CARTESIAN_POINT('',(39.9850503367049,40.5989995996801,5.85037660411168));
#7606=CARTESIAN_POINT('Origin',(39.9850503367049,39.3500000000005,5.80037660411168));
#7607=CARTESIAN_POINT('',(39.9850503367049,40.9000000000004,5.85037660411168));
#7608=CARTESIAN_POINT('',(39.9850503367048,50.3500000000004,5.85037660411168));
#7609=CARTESIAN_POINT('',(39.9850503367049,40.9000000000004,5.85037660411168));
#7610=CARTESIAN_POINT('Origin',(45.2850503367049,40.9000000000004,5.8503766041117));
#7611=CARTESIAN_POINT('',(45.2850503367049,40.9000000000004,5.85037660411169));
#7612=CARTESIAN_POINT('',(40.2100503367049,40.9000000000004,5.85037660411168));
#7613=CARTESIAN_POINT('',(45.2850503367049,40.9000000000004,5.8503766041117));
#7614=CARTESIAN_POINT('Origin',(45.2850503367049,38.1010004003207,5.8503766041117));
#7615=CARTESIAN_POINT('',(45.2850503367049,40.5989995996801,5.85037660411169));
#7616=CARTESIAN_POINT('',(45.2850503367048,48.9505002001605,5.85037660411171));
#7617=CARTESIAN_POINT('',(45.2850503367049,38.1010004003207,5.75037660411168));
#7618=CARTESIAN_POINT('Origin',(45.2850503367049,39.3500000000004,5.80037660411171));
#7619=CARTESIAN_POINT('',(45.2850503367049,38.1010004003207,5.85037660411173));
#7620=CARTESIAN_POINT('',(45.2850503367049,38.1010004003207,5.8503766041117));
#7621=CARTESIAN_POINT('',(45.2850503367049,38.2360404261052,6.36746924885957));
#7622=CARTESIAN_POINT('Origin',(45.2850503367049,39.3500000000004,5.80037660411171));
#7623=CARTESIAN_POINT('',(45.2850503367049,38.1176132428074,6.13483866218953));
#7624=CARTESIAN_POINT('Origin',(49.9850503367049,38.1010004003208,5.85037660411172));
#7625=CARTESIAN_POINT('',(49.9850503367049,38.1010004003208,5.85037660411174));
#7626=CARTESIAN_POINT('',(59.8850503367049,38.1010004003208,5.85037660411178));
#7627=CARTESIAN_POINT('',(49.9850503367049,38.1010004003208,5.75037660411171));
#7628=CARTESIAN_POINT('',(59.8850503367049,38.1010004003208,5.75037660411174));
#7629=CARTESIAN_POINT('',(49.9850503367049,38.1010004003208,5.85037660411172));
#7630=CARTESIAN_POINT('Origin',(49.9850503367049,40.9000000000004,5.85037660411172));
#7631=CARTESIAN_POINT('',(49.9850503367049,38.2360404261053,6.36746924885959));
#7632=CARTESIAN_POINT('',(49.9850503367049,38.4056585761924,6.70065601110356));
#7633=CARTESIAN_POINT('Origin',(49.9850503367049,39.3500000000004,5.80037660411171));
#7634=CARTESIAN_POINT('',(49.9850503367049,40.5989995996801,5.85037660411172));
#7635=CARTESIAN_POINT('Origin',(49.9850503367049,39.3500000000004,5.80037660411171));
#7636=CARTESIAN_POINT('',(49.9850503367049,40.9000000000004,5.85037660411172));
#7637=CARTESIAN_POINT('',(49.9850503367048,50.3500000000003,5.85037660411172));
#7638=CARTESIAN_POINT('',(49.9850503367049,40.9000000000004,5.85037660411172));
#7639=CARTESIAN_POINT('Origin',(55.2850503367049,40.9000000000005,5.85037660411174));
#7640=CARTESIAN_POINT('',(45.2100503367049,40.9000000000004,5.85037660411169));
#7641=CARTESIAN_POINT('Origin',(19.9850503367049,38.1010004003207,5.85037660411158));
#7642=CARTESIAN_POINT('',(59.8850503367049,38.1010004003208,5.85037660411178));
#7643=CARTESIAN_POINT('',(59.8850503367049,38.1010004003208,5.75037660411174));
#7644=CARTESIAN_POINT('Origin',(59.8850503367049,38.2360404261052,6.36746924885962));
#7645=CARTESIAN_POINT('',(59.8850503367049,38.2360404261052,6.36746924885962));
#7646=CARTESIAN_POINT('Origin',(59.8850503367049,38.2360404261052,6.36746924885962));
#7647=CARTESIAN_POINT('',(59.8850503367049,38.2360404261052,6.36746924885962));
#7648=CARTESIAN_POINT('Origin',(59.8850503367049,38.2360404261052,6.36746924885962));
#7649=CARTESIAN_POINT('',(59.8850503367049,38.2360404261052,6.36746924885962));
#7650=CARTESIAN_POINT('Origin',(35.1350503367048,59.8000000000002,5.85037660411166));
#7651=CARTESIAN_POINT('',(43.1350503367038,63.9000000000004,5.8503766041117));
#7652=CARTESIAN_POINT('',(50.5100503367043,63.9000000000004,5.85037660411176));
#7653=CARTESIAN_POINT('',(43.1350503367037,78.7000000000001,5.85037660411033));
#7654=CARTESIAN_POINT('',(43.1350503367038,60.9750000000004,5.8503766041117));
#7655=CARTESIAN_POINT('',(43.6350503367028,78.7000000000001,5.85037660411024));
#7656=CARTESIAN_POINT('',(42.6350503367028,78.7000000000001,5.85037660411041));
#7657=CARTESIAN_POINT('',(43.6350503367028,65.9000000000004,5.85037660411023));
#7658=CARTESIAN_POINT('',(43.6350503367028,78.7000000000001,5.85037660411024));
#7659=CARTESIAN_POINT('',(31.8850503367048,65.9000000000004,5.85037660411165));
#7660=CARTESIAN_POINT('',(59.8850503367049,40.5989995996801,5.85037660411176));
#7661=CARTESIAN_POINT('',(59.8850503367049,40.5989995996801,5.85037660411176));
#7662=CARTESIAN_POINT('',(59.8850503367049,40.5989995996801,5.85037660411176));
#7663=CARTESIAN_POINT('',(59.8850503367049,40.5989995996801,5.85037660411176));
#7664=CARTESIAN_POINT('',(59.8850503367049,40.5989995996801,5.85037660411176));
#7665=CARTESIAN_POINT('',(10.3850503367048,65.9000000000003,5.85037660411155));
#7666=CARTESIAN_POINT('',(10.3850503367049,40.2000000000003,5.85037660411154));
#7667=CARTESIAN_POINT('',(26.6350503367044,65.9000000000003,5.85037660411162));
#7668=CARTESIAN_POINT('',(31.8850503367048,65.9000000000004,5.85037660411165));
#7669=CARTESIAN_POINT('',(26.6350503367043,78.7,5.85037660411163));
#7670=CARTESIAN_POINT('',(26.6350503367043,78.7,5.85037660411163));
#7671=CARTESIAN_POINT('',(27.1350503367043,78.7,5.85037660411163));
#7672=CARTESIAN_POINT('',(27.6350503367043,78.7,5.85037660411163));
#7673=CARTESIAN_POINT('',(27.1350503367043,63.9000000000003,5.85037660411163));
#7674=CARTESIAN_POINT('',(27.1350503367043,60.9750000000003,5.85037660411163));
#7675=CARTESIAN_POINT('',(27.8850503367046,63.9000000000004,5.85037660411163));
#7676=CARTESIAN_POINT('Origin',(59.8850503367049,39.3500000000005,5.80037660411176));
#7677=CARTESIAN_POINT('Origin',(59.8850503367049,39.3500000000005,5.80037660411176));
#7678=CARTESIAN_POINT('Origin',(59.8850503367049,39.3500000000005,5.80037660411176));
#7679=CARTESIAN_POINT('Origin',(59.8850503367049,39.3500000000005,5.80037660411176));
#7680=CARTESIAN_POINT('Origin',(59.8850503367049,39.3500000000005,5.80037660411176));
#7681=CARTESIAN_POINT('Origin',(59.8850503367049,39.3500000000005,5.80037660411176));
#7682=CARTESIAN_POINT('Origin',(59.8850503367049,39.3500000000005,5.80037660411176));
#7683=CARTESIAN_POINT('Origin',(59.8850503367049,39.3500000000005,5.80037660411176));
#7684=CARTESIAN_POINT('Origin',(59.8850503367049,39.3500000000005,5.80037660411176));
#7685=CARTESIAN_POINT('Origin',(59.8850503367049,39.3500000000005,5.80037660411176));
#7686=CARTESIAN_POINT('Origin',(57.8850503367048,61.9000000000005,6.60037660411177));
#7687=CARTESIAN_POINT('',(55.8850503367048,59.9000000000005,5.10037660411175));
#7688=CARTESIAN_POINT('',(55.8850503367048,59.9000000000005,10.6003766041118));
#7689=CARTESIAN_POINT('',(55.8850503367048,59.9000000000005,6.60037660411176));
#7690=CARTESIAN_POINT('',(57.8850503367048,61.9000000000005,5.10037660411176));
#7691=CARTESIAN_POINT('',(55.8850503367048,59.9000000000005,5.10037660411175));
#7692=CARTESIAN_POINT('',(57.8850503367048,61.9000000000005,10.6003766041118));
#7693=CARTESIAN_POINT('',(57.8850503367048,61.9000000000005,6.60037660411177));
#7694=CARTESIAN_POINT('',(50.0725503367047,54.0875000000004,10.6003766041117));
#7695=CARTESIAN_POINT('Origin',(53.8850503367048,61.9000000000005,6.60037660411174));
#7696=CARTESIAN_POINT('',(55.8850503367048,63.9000000000005,5.10037660411175));
#7697=CARTESIAN_POINT('',(55.8850503367048,63.9000000000005,10.6003766041118));
#7698=CARTESIAN_POINT('',(55.8850503367048,63.9000000000005,7.10037660411175));
#7699=CARTESIAN_POINT('',(53.8850503367048,61.9000000000005,5.10037660411174));
#7700=CARTESIAN_POINT('',(53.8850503367048,61.9000000000005,5.10037660411174));
#7701=CARTESIAN_POINT('',(53.8850503367048,61.9000000000005,10.6003766041117));
#7702=CARTESIAN_POINT('',(53.8850503367048,61.9000000000005,6.60037660411174));
#7703=CARTESIAN_POINT('',(47.0725503367048,55.0875000000004,10.6003766041117));
#7704=CARTESIAN_POINT('Origin',(55.8850503367048,61.9000000000005,5.10037660411175));
#7705=CARTESIAN_POINT('Origin',(55.8850503367048,61.9000000000005,5.10037660411175));
#7706=CARTESIAN_POINT('',(57.8850503367048,63.9000000000005,5.10037660411176));
#7707=CARTESIAN_POINT('',(42.6350503367038,63.9000000000004,5.10037660411169));
#7708=CARTESIAN_POINT('',(57.8850503367048,63.9000000000005,5.10037660411176));
#7709=CARTESIAN_POINT('Origin',(57.8850503367048,63.9000000000005,7.60037660411176));
#7710=CARTESIAN_POINT('',(57.8850503367045,63.9000000000005,5.85037660411183));
#7711=CARTESIAN_POINT('',(44.6350503367037,63.9000000000004,10.6003766041117));
#7712=CARTESIAN_POINT('',(45.5100503367047,63.9000000000004,10.6003766041117));
#7713=CARTESIAN_POINT('',(44.6350503367038,63.9000000000004,6.6003766041117));
#7714=CARTESIAN_POINT('',(44.6350503367038,63.9000000000004,6.6003766041117));
#7715=CARTESIAN_POINT('',(42.6350503367038,63.9000000000004,6.60037660411169));
#7716=CARTESIAN_POINT('',(46.5100503367048,63.9000000000004,6.60037660411171));
#7717=CARTESIAN_POINT('',(42.6350503367038,63.9000000000004,6.35037660411169));
#7718=CARTESIAN_POINT('',(42.6350503367038,63.9000000000004,7.55037660411169));
#7719=CARTESIAN_POINT('',(46.260050336704,63.9000000000004,2.72537660411146));
#7720=CARTESIAN_POINT('Origin',(35.1350503367048,53.4000000000004,6.60037660411166));
#7721=CARTESIAN_POINT('',(44.6350503367038,56.4000000000004,6.6003766041117));
#7722=CARTESIAN_POINT('',(44.6350503367038,57.6500000000004,6.6003766041117));
#7723=CARTESIAN_POINT('',(25.6350503367043,56.4000000000003,6.60037660411162));
#7724=CARTESIAN_POINT('',(39.8850503367043,56.4000000000004,6.60037660411168));
#7725=CARTESIAN_POINT('',(25.6350503367043,63.9000000000003,6.60037660411163));
#7726=CARTESIAN_POINT('',(25.6350503367043,57.6500000000003,6.60037660411162));
#7727=CARTESIAN_POINT('',(27.6350503367043,63.9000000000004,6.60037660411163));
#7728=CARTESIAN_POINT('',(31.8850503367048,63.9000000000004,6.60037660411165));
#7729=CARTESIAN_POINT('',(27.6350503367043,58.4000000000004,6.60037660411163));
#7730=CARTESIAN_POINT('',(27.6350503367043,57.7750000000004,6.60037660411162));
#7731=CARTESIAN_POINT('',(42.6350503367038,58.4000000000004,6.60037660411169));
#7732=CARTESIAN_POINT('',(31.8850503367048,58.4000000000004,6.60037660411164));
#7733=CARTESIAN_POINT('',(42.6350503367038,57.7750000000004,6.60037660411169));
#7734=CARTESIAN_POINT('Origin',(14.3850503367008,63.9000000000003,6.60037660411156));
#7735=CARTESIAN_POINT('',(16.3850503367048,61.9000000000003,5.10037660411158));
#7736=CARTESIAN_POINT('',(16.3850503367048,61.9000000000003,10.6003766041116));
#7737=CARTESIAN_POINT('',(16.3850503367048,61.9000000000003,6.60037660411157));
#7738=CARTESIAN_POINT('',(14.3850503367008,63.9000000000003,5.10037660411157));
#7739=CARTESIAN_POINT('',(16.3850503367048,61.9000000000003,5.10037660411158));
#7740=CARTESIAN_POINT('',(14.3850503367007,63.9000000000003,10.6003766041116));
#7741=CARTESIAN_POINT('',(14.3850503367008,63.9000000000003,6.60037660411156));
#7742=CARTESIAN_POINT('',(22.1975503367121,56.0875000000046,10.6003766041116));
#7743=CARTESIAN_POINT('Origin',(14.3850503367048,59.9000000000003,6.60037660411156));
#7744=CARTESIAN_POINT('',(12.3850503367048,61.8999999999999,5.10037660411157));
#7745=CARTESIAN_POINT('',(12.3850503367048,61.8999999999999,10.6003766041116));
#7746=CARTESIAN_POINT('',(12.3850503367048,61.8999999999999,7.10037660411156));
#7747=CARTESIAN_POINT('',(14.3850503367048,59.9000000000003,5.10037660411157));
#7748=CARTESIAN_POINT('',(14.3850503367048,59.9000000000003,5.10037660411157));
#7749=CARTESIAN_POINT('',(14.3850503367048,59.9000000000003,10.6003766041116));
#7750=CARTESIAN_POINT('',(14.3850503367048,59.9000000000003,6.60037660411156));
#7751=CARTESIAN_POINT('',(21.1975503367057,53.0875000000006,10.6003766041116));
#7752=CARTESIAN_POINT('Origin',(14.3850503367048,61.9000000000003,5.10037660411157));
#7753=CARTESIAN_POINT('',(12.3850503367048,63.9000000000003,5.10037660411157));
#7754=CARTESIAN_POINT('',(12.3850503367049,42.9000000000003,5.10037660411155));
#7755=CARTESIAN_POINT('',(12.3850503367048,63.9000000000003,5.10037660411157));
#7756=CARTESIAN_POINT('Origin',(14.3850503367048,61.9000000000003,5.10037660411157));
#7757=CARTESIAN_POINT('Origin',(12.3850503367048,63.9000000000003,7.60037660411157));
#7758=CARTESIAN_POINT('',(12.3850503367048,44.9000000000003,10.6003766041116));
#7759=CARTESIAN_POINT('',(12.3850503367048,57.6500000000001,10.6003766041116));
#7760=CARTESIAN_POINT('',(12.3850503367049,44.9000000000003,5.10037660411155));
#7761=CARTESIAN_POINT('',(12.3850503367048,44.9000000000003,6.60037660411155));
#7762=CARTESIAN_POINT('',(12.3850503367049,42.9000000000003,5.10037660411155));
#7763=CARTESIAN_POINT('',(12.3850503367049,42.9000000000003,5.10037660411155));
#7764=CARTESIAN_POINT('',(12.3850503367046,42.9000000000003,5.85037660411142));
#7765=CARTESIAN_POINT('',(12.3850503367045,63.9000000000003,5.85037660411143));
#7766=CARTESIAN_POINT('Origin',(55.8850503367049,42.9000000000005,6.60037660411175));
#7767=CARTESIAN_POINT('',(53.8850503367049,44.9000000000005,5.10037660411174));
#7768=CARTESIAN_POINT('',(53.8850503367048,44.9000000000005,10.6003766041117));
#7769=CARTESIAN_POINT('',(53.8850503367049,44.9000000000005,6.60037660411174));
#7770=CARTESIAN_POINT('',(55.8850503367049,42.9000000000005,5.10037660411174));
#7771=CARTESIAN_POINT('',(53.8850503367049,44.9000000000005,5.10037660411174));
#7772=CARTESIAN_POINT('',(55.8850503367048,42.9000000000005,10.6003766041117));
#7773=CARTESIAN_POINT('',(55.8850503367049,42.9000000000005,6.60037660411175));
#7774=CARTESIAN_POINT('',(48.0725503367048,50.7125000000004,10.6003766041117));
#7775=CARTESIAN_POINT('Origin',(55.8850503367048,46.9000000000005,6.60037660411175));
#7776=CARTESIAN_POINT('',(57.8850503367049,44.9000000000005,5.10037660411176));
#7777=CARTESIAN_POINT('',(57.8850503367048,44.9000000000005,10.6003766041118));
#7778=CARTESIAN_POINT('',(57.8850503367048,44.9000000000005,7.10037660411176));
#7779=CARTESIAN_POINT('',(55.8850503367048,46.9000000000005,5.10037660411175));
#7780=CARTESIAN_POINT('',(55.8850503367048,46.9000000000005,5.10037660411175));
#7781=CARTESIAN_POINT('',(55.8850503367048,46.9000000000005,10.6003766041117));
#7782=CARTESIAN_POINT('',(55.8850503367048,46.9000000000005,6.60037660411175));
#7783=CARTESIAN_POINT('',(49.0725503367047,53.7125000000004,10.6003766041117));
#7784=CARTESIAN_POINT('Origin',(55.8850503367049,44.9000000000005,5.10037660411175));
#7785=CARTESIAN_POINT('Origin',(55.8850503367049,44.9000000000005,5.10037660411175));
#7786=CARTESIAN_POINT('',(57.8850503367049,42.9000000000005,5.10037660411176));
#7787=CARTESIAN_POINT('',(57.8850503367048,63.9000000000005,5.10037660411176));
#7788=CARTESIAN_POINT('',(57.8850503367049,42.9000000000005,5.10037660411176));
#7789=CARTESIAN_POINT('Origin',(12.3850503367048,44.9000000000003,6.60037660411155));
#7790=CARTESIAN_POINT('',(14.3850503367048,46.9000000000003,5.10037660411156));
#7791=CARTESIAN_POINT('',(14.3850503367048,46.9000000000003,10.6003766041116));
#7792=CARTESIAN_POINT('',(14.3850503367048,46.9000000000003,6.60037660411156));
#7793=CARTESIAN_POINT('',(14.3850503367048,46.9000000000003,5.10037660411156));
#7794=CARTESIAN_POINT('',(20.1975503367048,52.7125000000003,10.6003766041116));
#7795=CARTESIAN_POINT('Origin',(16.3850503367048,44.9000000000002,6.60037660411157));
#7796=CARTESIAN_POINT('',(14.3850503367049,42.9000000000003,5.10037660411156));
#7797=CARTESIAN_POINT('',(14.3850503367048,42.9000000000003,10.6003766041116));
#7798=CARTESIAN_POINT('',(14.3850503367049,42.9000000000003,7.10037660411156));
#7799=CARTESIAN_POINT('',(16.3850503367049,44.9000000000002,5.10037660411157));
#7800=CARTESIAN_POINT('',(16.3850503367049,44.9000000000002,5.10037660411157));
#7801=CARTESIAN_POINT('',(16.3850503367048,44.9000000000002,10.6003766041116));
#7802=CARTESIAN_POINT('',(16.3850503367048,44.9000000000002,6.60037660411157));
#7803=CARTESIAN_POINT('',(23.1975503367049,51.7125000000003,10.6003766041116));
#7804=CARTESIAN_POINT('Origin',(14.3850503367049,44.9000000000003,5.10037660411156));
#7805=CARTESIAN_POINT('Origin',(14.3850503367049,44.9000000000003,5.10037660411156));
#7806=CARTESIAN_POINT('',(57.8850503367049,42.9000000000005,5.10037660411176));
#7807=CARTESIAN_POINT('Origin',(12.3850503367048,42.9000000000003,7.60037660411156));
#7808=CARTESIAN_POINT('',(57.8850503367046,42.9000000000005,5.85037660411183));
#7809=CARTESIAN_POINT('',(24.7600503367048,42.9000000000003,10.6003766041116));
#7810=CARTESIAN_POINT('Origin',(55.8850503367049,44.9000000000005,6.60037660411175));
#7811=CARTESIAN_POINT('Origin',(55.8850503367048,44.9000000000005,10.6003766041117));
#7812=CARTESIAN_POINT('Origin',(14.3850503367048,44.9000000000003,6.60037660411156));
#7813=CARTESIAN_POINT('Origin',(14.3850503367048,44.9000000000003,10.6003766041116));
#7814=CARTESIAN_POINT('Origin',(14.3850503367048,61.9000000000003,6.60037660411156));
#7815=CARTESIAN_POINT('Origin',(14.3850503367048,61.9000000000003,10.6003766041116));
#7816=CARTESIAN_POINT('Origin',(25.6350503367043,56.4000000000003,6.60037660411162));
#7817=CARTESIAN_POINT('',(25.6350503367042,63.9000000000003,10.6003766041116));
#7818=CARTESIAN_POINT('',(25.6350503367043,56.4000000000003,10.6003766041116));
#7819=CARTESIAN_POINT('',(25.6350503367043,54.9000000000003,10.6003766041116));
#7820=CARTESIAN_POINT('',(25.6350503367043,63.9000000000003,6.60037660411163));
#7821=CARTESIAN_POINT('',(25.6350503367043,56.4000000000003,6.60037660411162));
#7822=CARTESIAN_POINT('Origin',(44.6350503367038,56.4000000000004,6.6003766041117));
#7823=CARTESIAN_POINT('',(44.6350503367038,56.4000000000004,10.6003766041117));
#7824=CARTESIAN_POINT('',(39.8850503367043,56.4000000000004,10.6003766041117));
#7825=CARTESIAN_POINT('',(44.6350503367038,56.4000000000004,6.6003766041117));
#7826=CARTESIAN_POINT('Origin',(44.6350503367038,61.9000000000004,6.6003766041117));
#7827=CARTESIAN_POINT('',(44.6350503367038,57.6500000000004,10.6003766041117));
#7828=CARTESIAN_POINT('Origin',(55.8850503367048,61.9000000000005,6.60037660411176));
#7829=CARTESIAN_POINT('Origin',(55.8850503367048,61.9000000000005,10.6003766041118));
#7830=CARTESIAN_POINT('Origin',(35.1350503367048,53.4000000000004,10.6003766041117));
#7831=CARTESIAN_POINT('',(57.8850503367048,49.1500000000005,10.6003766041118));
#7832=CARTESIAN_POINT('',(30.3850503367045,63.9000000000004,10.6003766041116));
#7833=CARTESIAN_POINT('Origin',(27.0350503367043,78.7,8.12966592599298));
#7834=CARTESIAN_POINT('',(27.6350503367043,78.7,7.52966592599298));
#7835=CARTESIAN_POINT('',(27.6350503367043,68.7000000000001,7.52966592599302));
#7836=CARTESIAN_POINT('',(27.6350503367043,70.4250000000002,7.52966592599301));
#7837=CARTESIAN_POINT('',(27.0350503367043,78.7,8.12966592599298));
#7838=CARTESIAN_POINT('',(26.6173726671746,78.7,8.54734359552263));
#7839=CARTESIAN_POINT('',(27.0350503367043,68.7,8.12966592599297));
#7840=CARTESIAN_POINT('',(27.0350503367043,78.7,8.12966592599298));
#7841=CARTESIAN_POINT('',(27.799694997645,68.7,7.36502126505231));
#7842=CARTESIAN_POINT('Origin',(27.0350503367043,78.7,8.60037660411164));
#7843=CARTESIAN_POINT('',(27.0350503367043,78.7,8.60037660411164));
#7844=CARTESIAN_POINT('',(27.0350503367043,78.7,9.60037660411164));
#7845=CARTESIAN_POINT('',(27.0350503367043,68.7,8.60037660411164));
#7846=CARTESIAN_POINT('',(27.0350503367043,78.7,8.60037660411164));
#7847=CARTESIAN_POINT('',(27.0350503367043,68.7,8.12966592599297));
#7848=CARTESIAN_POINT('Origin',(27.6350503367043,78.7,9.20037660411163));
#7849=CARTESIAN_POINT('',(27.6350503367043,78.7,9.20037660411163));
#7850=CARTESIAN_POINT('',(28.0350503367043,78.7000000000001,9.60037660411164));
#7851=CARTESIAN_POINT('',(27.6350503367043,68.7000000000001,9.20037660411163));
#7852=CARTESIAN_POINT('',(27.6350503367043,78.7,9.20037660411163));
#7853=CARTESIAN_POINT('',(27.0350503367043,68.7,8.60037660411164));
#7854=CARTESIAN_POINT('Origin',(35.1350503367039,68.7000000000001,4.60037660411179));
#7855=CARTESIAN_POINT('',(27.6350503367043,68.7000000000001,6.05037660411169));
#7856=CARTESIAN_POINT('Origin',(43.2350503367034,78.7000000000001,8.60037660411198));
#7857=CARTESIAN_POINT('',(43.2350503367034,78.7000000000001,8.60037660411198));
#7858=CARTESIAN_POINT('',(42.6350503367033,78.7000000000001,9.2003766041104));
#7859=CARTESIAN_POINT('',(38.8850503367034,78.7000000000001,12.9503766041116));
#7860=CARTESIAN_POINT('',(43.2350503367034,68.7000000000001,8.60037660411198));
#7861=CARTESIAN_POINT('',(43.2350503367034,78.7000000000001,8.60037660411198));
#7862=CARTESIAN_POINT('',(42.6350503367034,68.7000000000001,9.20037660411194));
#7863=CARTESIAN_POINT('',(43.2350503367034,68.7000000000001,8.60037660411198));
#7864=CARTESIAN_POINT('',(42.6350503367037,64.0250000000004,9.2003766041117));
#7865=CARTESIAN_POINT('Origin',(43.2350503367034,78.7000000000001,8.12966592599331));
#7866=CARTESIAN_POINT('',(43.2350503367034,78.7000000000001,8.12966592599331));
#7867=CARTESIAN_POINT('',(43.2350503367034,78.7000000000001,9.36502126505273));
#7868=CARTESIAN_POINT('',(43.2350503367035,68.7000000000001,8.12966592599331));
#7869=CARTESIAN_POINT('',(43.2350503367034,78.7000000000001,8.12966592599331));
#7870=CARTESIAN_POINT('',(43.2350503367035,68.7000000000001,8.12966592599331));
#7871=CARTESIAN_POINT('Origin',(42.4704056757627,78.7000000000001,7.36502126505262));
#7872=CARTESIAN_POINT('',(42.6350503367037,68.7000000000001,7.52966592599353));
#7873=CARTESIAN_POINT('',(42.635050336703,78.7000000000001,7.52966592599284));
#7874=CARTESIAN_POINT('',(42.6350503367037,70.4250000000003,7.52966592599354));
#7875=CARTESIAN_POINT('',(42.4704056757628,68.7000000000001,7.36502126505261));
#7876=CARTESIAN_POINT('',(39.6204056757632,78.7000000000001,4.51502126505281));
#7877=CARTESIAN_POINT('Origin',(42.7850503367034,68.7000000000001,8.25037660411193));
#7878=CARTESIAN_POINT('',(42.6350503367037,68.7000000000001,7.87537660411181));
#7879=CARTESIAN_POINT('Origin',(27.8350503367043,78.7000000000001,10.6003766041116));
#7880=CARTESIAN_POINT('',(27.6350503367043,78.7,6.35037660411163));
#7881=CARTESIAN_POINT('',(27.6350503367043,78.7,9.20037660411163));
#7882=CARTESIAN_POINT('',(28.6225503367043,78.7000000000001,7.33787660411162));
#7883=CARTESIAN_POINT('',(24.61750877509,78.7,10.177008445409));
#7884=CARTESIAN_POINT('',(43.1337391711675,78.7000000000001,4.77531134029294));
#7885=CARTESIAN_POINT('',(42.6350503367027,78.7000000000001,6.3503766041117));
#7886=CARTESIAN_POINT('',(37.9975503367038,78.7000000000001,10.9878766041115));
#7887=CARTESIAN_POINT('',(42.6350503367033,78.7000000000001,9.2003766041104));
#7888=CARTESIAN_POINT('',(27.8350503367043,78.7000000000001,9.20037660411164));
#7889=CARTESIAN_POINT('',(30.335050336704,78.7000000000001,10.0003766041116));
#7890=CARTESIAN_POINT('',(27.8350503367043,78.7000000000001,10.0003766041116));
#7891=CARTESIAN_POINT('',(30.335050336704,78.7000000000001,9.20037660411165));
#7892=CARTESIAN_POINT('',(30.335050336704,78.7000000000001,10.6003766041116));
#7893=CARTESIAN_POINT('',(27.8350503367043,78.7000000000001,9.20037660411164));
#7894=CARTESIAN_POINT('Origin',(42.8850503367038,60.9750000000004,6.1003766041117));
#7895=CARTESIAN_POINT('',(42.6350503367038,60.9750000000004,6.35037660411169));
#7896=CARTESIAN_POINT('Origin',(42.6350503367038,62.1500000000004,7.50037660411169));
#7897=CARTESIAN_POINT('',(42.6350503367038,58.4000000000004,9.20037660411169));
#7898=CARTESIAN_POINT('',(42.6350503367038,58.4000000000004,8.35037660411169));
#7899=CARTESIAN_POINT('',(42.6350503367037,64.0250000000004,9.2003766041117));
#7900=CARTESIAN_POINT('Origin',(27.3850503367043,60.9750000000003,6.10037660411163));
#7901=CARTESIAN_POINT('',(27.6350503367043,63.9000000000004,6.35037660411163));
#7902=CARTESIAN_POINT('',(27.6350503367043,60.9750000000003,6.35037660411163));
#7903=CARTESIAN_POINT('',(28.0725503367045,63.9000000000004,6.78787660411174));
#7904=CARTESIAN_POINT('Origin',(28.6350503367048,63.9000000000004,7.60037660411164));
#7905=CARTESIAN_POINT('',(27.6350503367043,63.9000000000004,7.55037660411163));
#7906=CARTESIAN_POINT('Origin',(27.6350503367043,62.1500000000004,7.50037660411163));
#7907=CARTESIAN_POINT('',(27.6350503367043,58.4000000000004,9.20037660411163));
#7908=CARTESIAN_POINT('',(27.6350503367043,78.7,9.20037660411163));
#7909=CARTESIAN_POINT('',(27.6350503367043,58.4000000000004,7.05037660411163));
#7910=CARTESIAN_POINT('Origin',(43.6350503367022,78.7000000000001,5.85037660411036));
#7911=CARTESIAN_POINT('',(42.4391372061111,65.9000000000004,3.28573261923057));
#7912=CARTESIAN_POINT('Origin',(24.2049953316952,78.7,11.0616463795723));
#7913=CARTESIAN_POINT('',(25.4549956962717,65.9000000000003,8.38101194709862));
#7914=CARTESIAN_POINT('Origin',(28.6350503367048,65.9000000000003,6.60037660411163));
#7915=CARTESIAN_POINT('',(10.3850503367048,65.9000000000003,6.60037660411155));
#7916=CARTESIAN_POINT('Origin',(10.3850503367049,40.9000000000003,7.60037660411155));
#7917=CARTESIAN_POINT('',(10.3850503367048,47.1500000000003,9.60037660411155));
#7918=CARTESIAN_POINT('Origin',(28.6350503367048,65.9000000000003,6.60037660411163));
#7919=CARTESIAN_POINT('Origin',(30.335050336704,78.7000000000001,10.6003766041116));
#7920=CARTESIAN_POINT('',(30.3350503367041,76.7000000000004,9.20037660411165));
#7921=CARTESIAN_POINT('',(30.3350503367045,73.5749999999998,10.0003766041116));
#7922=CARTESIAN_POINT('Origin',(35.135050336704,68.4500000000001,10.0003766041117));
#7923=CARTESIAN_POINT('Origin',(41.6350503367048,58.4000000000004,6.60037660411169));
#7924=CARTESIAN_POINT('',(28.6350503367048,58.4000000000004,9.20037660411163));
#7925=CARTESIAN_POINT('Origin',(40.4350503367046,62.3000000000007,10.6003766041117));
#7926=CARTESIAN_POINT('',(40.4350503367046,60.3000000000007,9.20037660411168));
#7927=CARTESIAN_POINT('',(40.4350503367046,62.3000000000007,9.20037660411168));
#7928=CARTESIAN_POINT('',(40.4350503367046,60.3000000000007,10.0003766041117));
#7929=CARTESIAN_POINT('',(40.4350503367046,60.3000000000007,10.6003766041117));
#7930=CARTESIAN_POINT('',(40.4350503367047,62.3000000000007,10.0003766041117));
#7931=CARTESIAN_POINT('',(40.4350503367045,64.3750000000005,10.0003766041117));
#7932=CARTESIAN_POINT('',(40.4350503367046,62.3000000000007,10.6003766041117));
#7933=CARTESIAN_POINT('',(40.4350503367046,62.3000000000007,10.6003766041117));
#7934=CARTESIAN_POINT('',(40.4350503367046,62.3000000000007,10.6003766041117));
#7935=CARTESIAN_POINT('Origin',(29.835050336704,76.7000000000004,10.6003766041116));
#7936=CARTESIAN_POINT('',(29.8350503367047,62.3000000000002,10.6003766041116));
#7937=CARTESIAN_POINT('',(29.835050336704,76.7000000000004,10.6003766041116));
#7938=CARTESIAN_POINT('',(29.8350503367047,62.3000000000002,10.0003766041116));
#7939=CARTESIAN_POINT('',(29.8350503367047,62.3000000000002,10.6003766041116));
#7940=CARTESIAN_POINT('',(29.8350503367047,60.3000000000006,10.0003766041116));
#7941=CARTESIAN_POINT('',(29.8350503367047,72.5750000000002,10.0003766041116));
#7942=CARTESIAN_POINT('',(29.8350503367047,60.3000000000006,9.20037660411164));
#7943=CARTESIAN_POINT('',(29.8350503367047,60.3000000000006,10.6003766041116));
#7944=CARTESIAN_POINT('',(29.8350503367041,72.5750000000002,9.20037660411164));
#7945=CARTESIAN_POINT('Origin',(29.8350503367047,62.3000000000002,10.6003766041116));
#7946=CARTESIAN_POINT('',(29.8350503367047,62.3000000000002,10.6003766041116));
#7947=CARTESIAN_POINT('',(29.8350503367047,62.3000000000002,10.0003766041116));
#7948=CARTESIAN_POINT('Origin',(35.135050336704,68.4500000000001,10.0003766041117));
#7949=CARTESIAN_POINT('',(32.4850503367044,60.3000000000006,10.0003766041116));
#7950=CARTESIAN_POINT('Origin',(29.8350503367047,60.3000000000006,10.6003766041116));
#7951=CARTESIAN_POINT('',(29.8350503367047,60.3000000000006,9.20037660411164));
#7952=CARTESIAN_POINT('Origin',(35.135050336704,68.4500000000001,9.20037660411166));
#7953=CARTESIAN_POINT('Origin',(57.8850503367049,42.9000000000005,7.60037660411176));
#7954=CARTESIAN_POINT('Origin',(35.1350503367048,59.8000000000002,10.6003766041117));
#7955=CARTESIAN_POINT('Origin',(35.1350503367047,53.4000000000004,9.60037660411166));
#7956=CARTESIAN_POINT('Origin',(35.1350503367047,53.4000000000004,9.60037660411166));
#7957=UNCERTAINTY_MEASURE_WITH_UNIT(LENGTH_MEASURE(0.01),#7961,
'DISTANCE_ACCURACY_VALUE',
'Maximum model space distance between geometric entities at asserted c
onnectivities');
#7958=UNCERTAINTY_MEASURE_WITH_UNIT(LENGTH_MEASURE(0.01),#7961,
'DISTANCE_ACCURACY_VALUE',
'Maximum model space distance between geometric entities at asserted c
onnectivities');
#7959=(
GEOMETRIC_REPRESENTATION_CONTEXT(3)
GLOBAL_UNCERTAINTY_ASSIGNED_CONTEXT((#7957))
GLOBAL_UNIT_ASSIGNED_CONTEXT((#7961,#7963,#7964))
REPRESENTATION_CONTEXT('','3D')
);
#7960=(
GEOMETRIC_REPRESENTATION_CONTEXT(3)
GLOBAL_UNCERTAINTY_ASSIGNED_CONTEXT((#7958))
GLOBAL_UNIT_ASSIGNED_CONTEXT((#7961,#7963,#7964))
REPRESENTATION_CONTEXT('','3D')
);
#7961=(
LENGTH_UNIT()
NAMED_UNIT(*)
SI_UNIT(.MILLI.,.METRE.)
);
#7962=(
LENGTH_UNIT()
NAMED_UNIT(*)
SI_UNIT($,.METRE.)
);
#7963=(
NAMED_UNIT(*)
PLANE_ANGLE_UNIT()
SI_UNIT($,.RADIAN.)
);
#7964=(
NAMED_UNIT(*)
SI_UNIT($,.STERADIAN.)
SOLID_ANGLE_UNIT()
);
#7965=SHAPE_DEFINITION_REPRESENTATION(#7966,#7967);
#7966=PRODUCT_DEFINITION_SHAPE('',$,#7969);
#7967=SHAPE_REPRESENTATION('',(#4886),#7959);
#7968=PRODUCT_DEFINITION_CONTEXT('part definition',#7973,'design');
#7969=PRODUCT_DEFINITION('2026-08-09-09-36-07-144',
'ultrasonic_sensor_bracket',#7970,#7968);
#7970=PRODUCT_DEFINITION_FORMATION('',$,#7975);
#7971=PRODUCT_RELATED_PRODUCT_CATEGORY('ultrasonic_sensor_bracket',
'ultrasonic_sensor_bracket',(#7975));
#7972=APPLICATION_PROTOCOL_DEFINITION('international standard',
'automotive_design',2009,#7973);
#7973=APPLICATION_CONTEXT(
'Core Data for Automotive Mechanical Design Process');
#7974=PRODUCT_CONTEXT('part definition',#7973,'mechanical');
#7975=PRODUCT('2026-08-09-09-36-07-144','ultrasonic_sensor_bracket',$,(#7974));
#7976=PRESENTATION_STYLE_ASSIGNMENT((#7978));
#7977=PRESENTATION_STYLE_ASSIGNMENT((#7979));
#7978=SURFACE_STYLE_USAGE(.BOTH.,#7980);
#7979=SURFACE_STYLE_USAGE(.BOTH.,#7981);
#7980=SURFACE_SIDE_STYLE('',(#7982));
#7981=SURFACE_SIDE_STYLE('',(#7983));
#7982=SURFACE_STYLE_FILL_AREA(#7984);
#7983=SURFACE_STYLE_FILL_AREA(#7985);
#7984=FILL_AREA_STYLE('Steel - Satin',(#7986));
#7985=FILL_AREA_STYLE('Opaque(160,160,160)',(#7987));
#7986=FILL_AREA_STYLE_COLOUR('Steel - Satin',#7988);
#7987=FILL_AREA_STYLE_COLOUR('Opaque(160,160,160)',#7989);
#7988=COLOUR_RGB('Steel - Satin',0.627450980392157,0.627450980392157,0.627450980392157);
#7989=COLOUR_RGB('Opaque(160,160,160)',0.627450980392157,0.627450980392157,
0.627450980392157);
ENDSEC;
END-ISO-10303-21;
